query_id,doc_id,rank_bge,bge_score
1,NCT00003537,1,0.5927734375
1,NCT01502241,2,0.431396484375
1,NCT04047303,3,-0.25244140625
1,NCT01466686,4,-0.353515625
1,NCT00004259,5,-0.5888671875
1,NCT03906448,6,-0.60546875
1,NCT00783393,7,-0.64794921875
1,NCT03603405,8,-0.6962890625
1,NCT03528642,9,-0.78955078125
1,NCT00626990,10,-0.81396484375
1,NCT01180816,11,-0.8876953125
1,NCT00360828,12,-1.0341796875
1,NCT00606008,13,-1.087890625
1,NCT01721577,14,-1.09765625
1,NCT00990652,15,-1.126953125
1,NCT00968240,16,-1.1552734375
1,NCT00100802,17,-1.166015625
1,NCT00841555,18,-1.16796875
1,NCT00003176,19,-1.1767578125
1,NCT03234595,20,-1.2333984375
1,NCT03633552,21,-1.3046875
1,NCT00761280,22,-1.3232421875
1,NCT00922974,23,-1.36328125
1,NCT00114140,24,-1.380859375
1,NCT00275067,25,-1.42578125
1,NCT01110876,26,-1.478515625
1,NCT00526812,27,-1.494140625
1,NCT00412542,28,-1.4970703125
1,NCT03224104,29,-1.603515625
1,NCT03022578,30,-1.6162109375
1,NCT00734682,31,-1.625
1,NCT00089427,32,-1.62890625
1,NCT03743740,33,-1.705078125
1,NCT04197934,34,-1.76171875
1,NCT02022644,35,-1.82421875
1,NCT00272870,36,-1.8662109375
1,NCT00504660,37,-1.9501953125
1,NCT00002944,38,-1.9970703125
1,NCT02942264,39,-2.0
1,NCT01281982,40,-2.02734375
1,NCT00028795,41,-2.05859375
1,NCT00389090,42,-2.087890625
1,NCT00272350,43,-2.09765625
1,NCT01392209,44,-2.125
1,NCT01597791,45,-2.1328125
1,NCT00704080,46,-2.138671875
1,NCT03020602,47,-2.1640625
1,NCT00268385,48,-2.22265625
1,NCT00052624,49,-2.232421875
1,NCT02879461,50,-2.259765625
1,NCT00516282,51,-2.267578125
1,NCT00360945,52,-2.30859375
1,NCT03581292,53,-2.416015625
1,NCT03784729,54,-2.455078125
1,NCT01256554,55,-2.46484375
1,NCT00859222,56,-2.470703125
1,NCT04623931,57,-2.4921875
1,NCT02453360,58,-2.505859375
1,NCT00047879,59,-2.517578125
1,NCT02005081,60,-2.529296875
1,NCT03193658,61,-2.53515625
1,NCT01119599,62,-2.564453125
1,NCT02343406,63,-2.626953125
1,NCT00458731,64,-2.64453125
1,NCT01514201,65,-2.669921875
1,NCT02761070,66,-2.712890625
1,NCT04771936,67,-2.728515625
1,NCT03514069,68,-2.751953125
1,NCT02015819,69,-2.791015625
1,NCT01189266,70,-2.86328125
1,NCT01577966,71,-2.8671875
1,NCT01475006,72,-2.896484375
1,NCT02174770,73,-2.8984375
1,NCT03152318,74,-2.9453125
1,NCT01011231,75,-2.984375
1,NCT02592642,76,-2.990234375
1,NCT00683761,77,-2.998046875
1,NCT04267978,78,-3.072265625
1,NCT03896568,79,-3.083984375
1,NCT01434602,80,-3.123046875
1,NCT00976313,81,-3.140625
1,NCT02055196,82,-3.1640625
1,NCT01781468,83,-3.197265625
1,NCT01051557,84,-3.212890625
1,NCT00869050,85,-3.330078125
1,NCT02607124,86,-3.353515625
1,NCT02700594,87,-3.357421875
1,NCT04611464,88,-3.361328125
1,NCT01517776,89,-3.431640625
1,NCT03043391,90,-3.482421875
1,NCT03605550,91,-3.505859375
1,NCT03919071,92,-3.5234375
1,NCT03696355,93,-3.66796875
1,NCT00281905,94,-3.716796875
1,NCT02991456,95,-3.994140625
1,NCT03355794,96,-3.998046875
1,NCT01837862,97,-4.05078125
1,NCT01922076,98,-4.1875
1,NCT03513679,99,-4.2578125
1,NCT03879512,100,-4.3828125
2,NCT03883490,1,-3.134765625
2,NCT03352089,2,-3.337890625
2,NCT02146755,3,-3.77734375
2,NCT00412386,4,-4.11328125
2,NCT02395107,5,-4.15625
2,NCT02624934,6,-4.2734375
2,NCT01275339,7,-4.29296875
2,NCT03628313,8,-4.49609375
2,NCT02792452,9,-4.52734375
2,NCT04514250,10,-4.55859375
2,NCT02838680,11,-4.7421875
2,NCT01272388,12,-4.75
2,NCT03474159,13,-4.82421875
2,NCT03585933,14,-4.8515625
2,NCT01932099,15,-4.90625
2,NCT02436655,16,-4.9609375
2,NCT01679431,17,-5.0
2,NCT02241109,18,-5.0625
2,NCT02806310,19,-5.12890625
2,NCT02687035,20,-5.2265625
2,NCT04068740,21,-5.25
2,NCT02799823,22,-5.25390625
2,NCT00710775,23,-5.3125
2,NCT03618095,24,-5.38671875
2,NCT02163850,25,-5.546875
2,NCT03863132,26,-5.57421875
2,NCT02986737,27,-5.6015625
2,NCT03788590,28,-5.65234375
2,NCT03633383,29,-5.6875
2,NCT04242225,30,-5.69921875
2,NCT01531374,31,-5.7265625
2,NCT02854319,32,-5.7265625
2,NCT03557242,33,-5.734375
2,NCT02907463,34,-5.7578125
2,NCT02679261,35,-5.76953125
2,NCT00294775,36,-5.78125
2,NCT03549052,37,-5.79296875
2,NCT03667365,38,-5.828125
2,NCT03315832,39,-5.83984375
2,NCT01202721,40,-5.875
2,NCT01383720,41,-5.890625
2,NCT02338154,42,-5.91796875
2,NCT01051518,43,-5.9375
2,NCT03635424,44,-5.9375
2,NCT01240902,45,-5.94921875
2,NCT02910349,46,-5.94921875
2,NCT02132026,47,-5.94921875
2,NCT04634240,48,-5.953125
2,NCT02675114,49,-5.95703125
2,NCT02673697,50,-5.9609375
2,NCT02071849,51,-5.96484375
2,NCT01575249,52,-5.98046875
2,NCT01437098,53,-5.98046875
2,NCT02214277,54,-5.99609375
2,NCT03025971,55,-6.0
2,NCT04663334,56,-6.00390625
2,NCT02661451,57,-6.00390625
2,NCT01052428,58,-6.015625
2,NCT02628899,59,-6.03515625
2,NCT01586910,60,-6.03515625
2,NCT01589380,61,-6.0390625
2,NCT03004599,62,-6.0703125
2,NCT01400841,63,-6.0859375
2,NCT01057173,64,-6.109375
2,NCT00590135,65,-6.125
2,NCT03604913,66,-6.1328125
2,NCT00005199,67,-6.171875
2,NCT02283970,68,-6.1796875
2,NCT04281771,69,-6.18359375
2,NCT04157920,70,-6.19140625
2,NCT04275726,71,-6.20703125
2,NCT03043404,72,-6.26171875
2,NCT04344353,73,-6.27734375
2,NCT02713932,74,-6.3125
2,NCT01675440,75,-6.35546875
2,NCT01837160,76,-6.359375
2,NCT02825134,77,-6.390625
2,NCT04160130,78,-6.4296875
2,NCT00535899,79,-6.48828125
2,NCT03575039,80,-6.56640625
2,NCT00252317,81,-6.58203125
2,NCT04517955,82,-6.59765625
2,NCT04310046,83,-6.6328125
2,NCT01635244,84,-6.65234375
2,NCT01634269,85,-6.71484375
2,NCT03972644,86,-6.7265625
2,NCT03112980,87,-6.734375
2,NCT04861805,88,-6.7421875
2,NCT01638156,89,-6.76171875
2,NCT04618718,90,-6.76953125
2,NCT02950428,91,-6.7734375
2,NCT02448927,92,-6.8984375
2,NCT01503671,93,-6.96484375
2,NCT04521452,94,-7.08984375
2,NCT04300686,95,-7.08984375
2,NCT03280433,96,-7.1484375
2,NCT00722748,97,-7.28125
2,NCT04299971,98,-7.29296875
2,NCT04331769,99,-7.484375
2,NCT04729933,100,-7.62109375
3,NCT03026101,1,-1.130859375
3,NCT01792817,2,-1.7998046875
3,NCT01804517,3,-2.314453125
3,NCT03142945,4,-2.35546875
3,NCT01856270,5,-2.931640625
3,NCT02897622,6,-3.435546875
3,NCT04352218,7,-3.546875
3,NCT00434564,8,-3.65625
3,NCT03995823,9,-3.7109375
3,NCT03410628,10,-3.734375
3,NCT00203190,11,-3.744140625
3,NCT02819479,12,-3.802734375
3,NCT02855294,13,-3.837890625
3,NCT01118988,14,-3.97265625
3,NCT03018288,15,-4.01953125
3,NCT02226731,16,-4.06640625
3,NCT04284501,17,-4.13671875
3,NCT00463450,18,-4.1640625
3,NCT04798248,19,-4.1640625
3,NCT03862729,20,-4.17578125
3,NCT03572998,21,-4.1796875
3,NCT00142090,22,-4.19140625
3,NCT02069366,23,-4.1953125
3,NCT02531906,24,-4.21484375
3,NCT02434536,25,-4.21484375
3,NCT03665142,26,-4.2265625
3,NCT00857051,27,-4.25
3,NCT04614142,28,-4.29296875
3,NCT00418275,29,-4.296875
3,NCT03754725,30,-4.34375
3,NCT03264612,31,-4.3515625
3,NCT03980717,32,-4.3671875
3,NCT02903680,33,-4.37109375
3,NCT00983749,34,-4.375
3,NCT03252028,35,-4.37890625
3,NCT03573778,36,-4.5078125
3,NCT01624155,37,-4.51171875
3,NCT00564096,38,-4.5546875
3,NCT02948491,39,-4.6015625
3,NCT02492347,40,-4.640625
3,NCT00953420,41,-4.65234375
3,NCT00881660,42,-4.6640625
3,NCT01599975,43,-4.671875
3,NCT01768546,44,-4.6796875
3,NCT01859507,45,-4.6953125
3,NCT01160536,46,-4.69921875
3,NCT03888495,47,-4.7109375
3,NCT03008005,48,-4.74609375
3,NCT04471285,49,-4.74609375
3,NCT00975546,50,-4.7890625
3,NCT03974217,51,-4.8125
3,NCT00667498,52,-4.82421875
3,NCT02084680,53,-4.87890625
3,NCT03529955,54,-4.890625
3,NCT02379728,55,-4.9140625
3,NCT03141359,56,-4.9296875
3,NCT04701034,57,-4.93359375
3,NCT00314431,58,-4.99609375
3,NCT02411734,59,-5.0234375
3,NCT02088866,60,-5.03125
3,NCT01602107,61,-5.03515625
3,NCT02753920,62,-5.0390625
3,NCT03704649,63,-5.04296875
3,NCT02293213,64,-5.11328125
3,NCT03751423,65,-5.16796875
3,NCT03025984,66,-5.2421875
3,NCT00291044,67,-5.26171875
3,NCT01775917,68,-5.265625
3,NCT01311102,69,-5.2890625
3,NCT04233632,70,-5.3203125
3,NCT03243305,71,-5.33984375
3,NCT03085212,72,-5.3515625
3,NCT02400034,73,-5.37109375
3,NCT04463524,74,-5.45703125
3,NCT01553318,75,-5.4609375
3,NCT00682994,76,-5.5
3,NCT02526459,77,-5.50390625
3,NCT00182078,78,-5.515625
3,NCT03461640,79,-5.5859375
3,NCT03491436,80,-5.6640625
3,NCT00093860,81,-5.6875
3,NCT02249624,82,-5.6953125
3,NCT00799214,83,-5.6953125
3,NCT00878826,84,-5.71484375
3,NCT03647631,85,-5.80078125
3,NCT02411916,86,-5.8203125
3,NCT00922233,87,-5.9296875
3,NCT02185456,88,-5.96875
3,NCT02109952,89,-5.97265625
3,NCT03280849,90,-6.05078125
3,NCT02099006,91,-6.0703125
3,NCT04559620,92,-6.16015625
3,NCT04661098,93,-6.3203125
3,NCT03940365,94,-6.328125
3,NCT02982213,95,-6.35546875
3,NCT03420339,96,-6.40234375
3,NCT02170064,97,-6.49609375
3,NCT02546193,98,-6.58984375
3,NCT03422809,99,-6.6953125
3,NCT01893047,100,-6.9609375
4,NCT00074607,1,-5.5859375
4,NCT03019055,2,-5.70703125
4,NCT03097770,3,-5.828125
4,NCT04215016,4,-5.84375
4,NCT04626908,5,-5.85546875
4,NCT04160195,6,-5.88671875
4,NCT04186520,7,-6.1171875
4,NCT02911142,8,-6.15234375
4,NCT02710643,9,-6.1875
4,NCT03081910,10,-6.19140625
4,NCT04112238,11,-6.25
4,NCT04794881,12,-6.28125
4,NCT04486872,13,-6.30859375
4,NCT04697940,14,-6.34375
4,NCT03984448,15,-6.390625
4,NCT00226304,16,-6.42578125
4,NCT02456350,17,-6.44921875
4,NCT03076437,18,-6.45703125
4,NCT03418441,19,-6.48046875
4,NCT01854372,20,-6.515625
4,NCT04007029,21,-6.54296875
4,NCT03233854,22,-6.54296875
4,NCT03049449,23,-6.546875
4,NCT01875588,24,-6.5546875
4,NCT04002947,25,-6.5546875
4,NCT03666000,26,-6.5703125
4,NCT03241940,27,-6.671875
4,NCT02498951,28,-6.73046875
4,NCT02659943,29,-6.73046875
4,NCT04553393,30,-6.7421875
4,NCT03559439,31,-6.75
4,NCT01092182,32,-6.75390625
4,NCT04283006,33,-6.75390625
4,NCT03252028,34,-6.75390625
4,NCT04656431,35,-6.76171875
4,NCT00052936,36,-6.79296875
4,NCT00924326,37,-6.80078125
4,NCT04545762,38,-6.82421875
4,NCT02436707,39,-6.83203125
4,NCT01555541,40,-6.83984375
4,NCT04546620,41,-6.92578125
4,NCT03293173,42,-6.9375
4,NCT01856192,43,-6.9453125
4,NCT04323956,44,-6.98828125
4,NCT04223765,45,-7.0234375
4,NCT03793140,46,-7.0546875
4,NCT03484702,47,-7.1015625
4,NCT03118180,48,-7.10546875
4,NCT04232826,49,-7.109375
4,NCT04608487,50,-7.1171875
4,NCT03391466,51,-7.15625
4,NCT02071056,52,-7.16015625
4,NCT03277729,53,-7.16015625
4,NCT00040690,54,-7.20703125
4,NCT01285765,55,-7.2109375
4,NCT03188198,56,-7.2265625
4,NCT02481310,57,-7.2421875
4,NCT04150913,58,-7.265625
4,NCT01046825,59,-7.2734375
4,NCT00022581,60,-7.2734375
4,NCT00290498,61,-7.27734375
4,NCT00392834,62,-7.28515625
4,NCT00669877,63,-7.296875
4,NCT02128061,64,-7.32421875
4,NCT01458366,65,-7.328125
4,NCT02390869,66,-7.328125
4,NCT01234766,67,-7.33203125
4,NCT00062868,68,-7.37890625
4,NCT03125642,69,-7.3828125
4,NCT03943901,70,-7.39453125
4,NCT04836195,71,-7.43359375
4,NCT00310037,72,-7.47265625
4,NCT00135200,73,-7.48046875
4,NCT03263026,74,-7.484375
4,NCT03132584,75,-7.5703125
4,NCT03593109,76,-7.578125
4,NCT01193842,77,-7.59375
4,NCT02763319,78,-7.61328125
4,NCT02750670,79,-7.625
4,NCT02625480,80,-7.6328125
4,NCT04855695,81,-7.64453125
4,NCT04432506,82,-7.66015625
4,NCT02228512,83,-7.6640625
4,NCT02213913,84,-7.6640625
4,NCT04088864,85,-7.70703125
4,NCT03036904,86,-7.82421875
4,NCT04074330,87,-7.84765625
4,NCT04668768,88,-7.85546875
4,NCT01626352,89,-7.859375
4,NCT04049383,90,-7.94140625
4,NCT02532192,91,-7.9609375
4,NCT03287817,92,-8.0703125
4,NCT01871675,93,-8.1015625
4,NCT03589469,94,-8.1015625
4,NCT01078922,95,-8.1328125
4,NCT04314843,96,-8.1796875
4,NCT03379493,97,-8.1953125
4,NCT00267865,98,-8.3046875
4,NCT00674674,99,-8.3203125
4,NCT00338520,100,-9.328125
5,NCT03646019,1,-0.471923828125
5,NCT02898896,2,-2.392578125
5,NCT04825080,3,-2.798828125
5,NCT02504762,4,-2.888671875
5,NCT03477890,5,-2.91796875
5,NCT04354740,6,-2.94140625
5,NCT03138603,7,-3.185546875
5,NCT03702244,8,-3.248046875
5,NCT01174550,9,-3.337890625
5,NCT01117506,10,-3.376953125
5,NCT02100722,11,-3.427734375
5,NCT04140019,12,-3.458984375
5,NCT02334826,13,-3.46484375
5,NCT01084239,14,-3.521484375
5,NCT03179774,15,-3.537109375
5,NCT03950947,16,-3.615234375
5,NCT00086450,17,-3.66015625
5,NCT02791087,18,-3.6796875
5,NCT00600327,19,-3.748046875
5,NCT00177346,20,-3.916015625
5,NCT00157716,21,-3.91796875
5,NCT00011258,22,-3.94140625
5,NCT01252875,23,-3.953125
5,NCT01458860,24,-4.05078125
5,NCT03921827,25,-4.05859375
5,NCT00217178,26,-4.140625
5,NCT01763320,27,-4.1796875
5,NCT03344276,28,-4.23046875
5,NCT02089217,29,-4.26953125
5,NCT01758614,30,-4.27734375
5,NCT04059679,31,-4.30078125
5,NCT03721523,32,-4.375
5,NCT02802072,33,-4.3828125
5,NCT00106938,34,-4.42578125
5,NCT00178672,35,-4.4921875
5,NCT03493035,36,-4.5078125
5,NCT00402506,37,-4.609375
5,NCT00402740,38,-4.62890625
5,NCT02118233,39,-4.64453125
5,NCT01056445,40,-4.65625
5,NCT00046410,41,-4.6640625
5,NCT00576693,42,-4.66796875
5,NCT02750644,43,-4.69921875
5,NCT03176420,44,-4.72265625
5,NCT03062319,45,-4.7265625
5,NCT00821821,46,-4.7265625
5,NCT04201132,47,-4.73046875
5,NCT03978988,48,-4.73828125
5,NCT01264419,49,-4.73828125
5,NCT03982420,50,-4.796875
5,NCT03521193,51,-4.8125
5,NCT03464851,52,-4.828125
5,NCT04087382,53,-4.85546875
5,NCT01050361,54,-4.88671875
5,NCT02968329,55,-4.89453125
5,NCT03729817,56,-4.921875
5,NCT02536378,57,-4.93359375
5,NCT04261478,58,-4.93359375
5,NCT02657707,59,-4.9453125
5,NCT02800174,60,-5.0
5,NCT00180518,61,-5.02734375
5,NCT03381534,62,-5.078125
5,NCT03785678,63,-5.125
5,NCT03192332,64,-5.171875
5,NCT01685567,65,-5.1796875
5,NCT02129413,66,-5.1875
5,NCT03985774,67,-5.21875
5,NCT02398734,68,-5.22265625
5,NCT01070771,69,-5.22265625
5,NCT03105141,70,-5.23828125
5,NCT00590434,71,-5.29296875
5,NCT01819597,72,-5.3359375
5,NCT01783639,73,-5.37109375
5,NCT00321295,74,-5.46875
5,NCT02355288,75,-5.484375
5,NCT00316108,76,-5.484375
5,NCT01414387,77,-5.515625
5,NCT01994161,78,-5.51953125
5,NCT01273337,79,-5.6171875
5,NCT01591005,80,-5.640625
5,NCT01257880,81,-5.6484375
5,NCT00125671,82,-5.671875
5,NCT03329365,83,-5.69921875
5,NCT04318171,84,-5.73828125
5,NCT00321022,85,-5.76171875
5,NCT03210623,86,-5.76953125
5,NCT01755520,87,-5.80078125
5,NCT02527044,88,-5.86328125
5,NCT01678144,89,-5.90625
5,NCT00126139,90,-5.9375
5,NCT00004728,91,-6.0078125
5,NCT03142867,92,-6.0390625
5,NCT04142541,93,-6.09765625
5,NCT04057755,94,-6.10546875
5,NCT00744523,95,-6.1796875
5,NCT00215696,96,-6.3359375
5,NCT02139189,97,-6.40234375
5,NCT03208166,98,-6.4375
5,NCT00385385,99,-6.6953125
5,NCT00544102,100,-7.0234375
6,NCT02134392,1,-1.2041015625
6,NCT03592082,2,-1.716796875
6,NCT00324285,3,-1.826171875
6,NCT02646436,4,-2.212890625
6,NCT02112630,5,-2.419921875
6,NCT02112279,6,-2.478515625
6,NCT01868373,7,-2.90625
6,NCT04014608,8,-2.94921875
6,NCT01346059,9,-3.138671875
6,NCT01309750,10,-3.330078125
6,NCT02707198,11,-3.703125
6,NCT00304889,12,-3.87109375
6,NCT02193685,13,-3.955078125
6,NCT03647995,14,-3.986328125
6,NCT02200328,15,-4.09765625
6,NCT01630096,16,-4.13671875
6,NCT01049776,17,-4.54296875
6,NCT01472978,18,-4.6640625
6,NCT04715971,19,-4.7421875
6,NCT02828553,20,-5.109375
6,NCT02237859,21,-5.24609375
6,NCT03014297,22,-5.24609375
6,NCT00425503,23,-5.3359375
6,NCT00177775,24,-5.359375
6,NCT00177970,25,-5.40625
6,NCT01344031,26,-5.46875
6,NCT03629977,27,-5.515625
6,NCT03747718,28,-5.64453125
6,NCT01415882,29,-5.6484375
6,NCT04614142,30,-5.66015625
6,NCT02996487,31,-5.66796875
6,NCT02684422,32,-5.67578125
6,NCT04752163,33,-5.69140625
6,NCT02287727,34,-5.70703125
6,NCT01218620,35,-5.7265625
6,NCT04358406,36,-5.734375
6,NCT03937947,37,-5.74609375
6,NCT04548752,38,-5.75390625
6,NCT01739894,39,-5.76953125
6,NCT02224781,40,-5.78125
6,NCT02208375,41,-5.78515625
6,NCT02434536,42,-5.7890625
6,NCT01670877,43,-5.8046875
6,NCT02776202,44,-5.83203125
6,NCT04064957,45,-5.84375
6,NCT00231855,46,-5.86328125
6,NCT03562741,47,-5.890625
6,NCT00792948,48,-5.89453125
6,NCT01275664,49,-5.8984375
6,NCT02101788,50,-5.921875
6,NCT00467272,51,-5.921875
6,NCT04347057,52,-6.00390625
6,NCT03031730,53,-6.0625
6,NCT02535338,54,-6.08984375
6,NCT03529955,55,-6.12109375
6,NCT04301076,56,-6.12890625
6,NCT01660711,57,-6.14453125
6,NCT01174290,58,-6.171875
6,NCT01567709,59,-6.1875
6,NCT04310397,60,-6.1953125
6,NCT01378481,61,-6.19921875
6,NCT01713972,62,-6.23046875
6,NCT00313560,63,-6.25
6,NCT02531906,64,-6.25390625
6,NCT01668719,65,-6.2578125
6,NCT03252028,66,-6.2578125
6,NCT00740805,67,-6.26171875
6,NCT04492891,68,-6.265625
6,NCT02394197,69,-6.27734375
6,NCT02778594,70,-6.3125
6,NCT00096395,71,-6.31640625
6,NCT01366144,72,-6.359375
6,NCT04530565,73,-6.3828125
6,NCT03724084,74,-6.42578125
6,NCT02772627,75,-6.4296875
6,NCT02691910,76,-6.4453125
6,NCT04558125,77,-6.4453125
6,NCT03900949,78,-6.44921875
6,NCT02530502,79,-6.44921875
6,NCT04220008,80,-6.45703125
6,NCT02097225,81,-6.4609375
6,NCT00514618,82,-6.47265625
6,NCT04546399,83,-6.4921875
6,NCT03091543,84,-6.53125
6,NCT00067808,85,-6.53125
6,NCT03094156,86,-6.55859375
6,NCT00131716,87,-6.5703125
6,NCT04244474,88,-6.671875
6,NCT03097211,89,-6.69140625
6,NCT00273676,90,-6.6953125
6,NCT04324112,91,-6.69921875
6,NCT04463524,92,-6.89453125
6,NCT03555474,93,-6.921875
6,NCT03145584,94,-6.9375
6,NCT03952741,95,-7.0546875
6,NCT03301584,96,-7.33203125
6,NCT02861456,97,-7.3359375
6,NCT02258763,98,-7.53125
6,NCT03338530,99,-7.80078125
6,NCT01678365,100,-8.1640625
7,NCT03910413,1,-0.4697265625
7,NCT03155282,2,-0.82568359375
7,NCT03520660,3,-1.275390625
7,NCT03791814,4,-1.431640625
7,NCT04155099,5,-1.486328125
7,NCT00001854,6,-1.4921875
7,NCT01185028,7,-1.78515625
7,NCT00001729,8,-2.025390625
7,NCT03837444,9,-2.09375
7,NCT00211848,10,-2.20703125
7,NCT03547895,11,-2.390625
7,NCT00179413,12,-2.40625
7,NCT01722578,13,-2.60546875
7,NCT02024347,14,-2.681640625
7,NCT02636647,15,-2.765625
7,NCT00039962,16,-2.771484375
7,NCT02717949,17,-2.865234375
7,NCT00211692,18,-2.900390625
7,NCT03114813,19,-2.91796875
7,NCT00493610,20,-2.921875
7,NCT03402334,21,-2.935546875
7,NCT02118012,22,-2.95703125
7,NCT04082780,23,-2.966796875
7,NCT03796598,24,-2.974609375
7,NCT00281502,25,-2.984375
7,NCT03152188,26,-3.0078125
7,NCT04675775,27,-3.0546875
7,NCT02215525,28,-3.056640625
7,NCT01441180,29,-3.09765625
7,NCT00290316,30,-3.2265625
7,NCT00164073,31,-3.25390625
7,NCT00188201,32,-3.296875
7,NCT00587197,33,-3.32421875
7,NCT00475176,34,-3.32421875
7,NCT01882855,35,-3.326171875
7,NCT02371408,36,-3.376953125
7,NCT03585257,37,-3.3828125
7,NCT00040027,38,-3.38671875
7,NCT00489385,39,-3.416015625
7,NCT02377141,40,-3.43359375
7,NCT02944643,41,-3.51171875
7,NCT01931826,42,-3.52734375
7,NCT02649335,43,-3.53515625
7,NCT00252642,44,-3.671875
7,NCT04044248,45,-3.85546875
7,NCT04055389,46,-3.857421875
7,NCT02446678,47,-3.857421875
7,NCT01288794,48,-3.9140625
7,NCT03776955,49,-3.931640625
7,NCT03748563,50,-3.9375
7,NCT03513887,51,-3.94140625
7,NCT02262728,52,-3.9609375
7,NCT00085917,53,-4.0546875
7,NCT00028093,54,-4.08203125
7,NCT03091738,55,-4.11328125
7,NCT03269877,56,-4.19140625
7,NCT00911131,57,-4.203125
7,NCT00586313,58,-4.23828125
7,NCT02349048,59,-4.34765625
7,NCT04273750,60,-4.41015625
7,NCT03420482,61,-4.421875
7,NCT01287702,62,-4.46875
7,NCT02821377,63,-4.4921875
7,NCT00312910,64,-4.51953125
7,NCT00023322,65,-4.5546875
7,NCT02107365,66,-4.58984375
7,NCT04365868,67,-4.59375
7,NCT02417740,68,-4.59765625
7,NCT03987893,69,-4.60546875
7,NCT02939807,70,-4.640625
7,NCT00965744,71,-4.640625
7,NCT02457637,72,-4.6484375
7,NCT01528878,73,-4.65625
7,NCT01495585,74,-4.76953125
7,NCT00326482,75,-4.80859375
7,NCT03778411,76,-4.8671875
7,NCT03142867,77,-4.8984375
7,NCT01701687,78,-4.92578125
7,NCT03641872,79,-4.93359375
7,NCT01846806,80,-4.98828125
7,NCT02086825,81,-5.01953125
7,NCT02066649,82,-5.0234375
7,NCT03513900,83,-5.0859375
7,NCT01827657,84,-5.09375
7,NCT04244877,85,-5.13671875
7,NCT02377947,86,-5.26953125
7,NCT01769040,87,-5.33984375
7,NCT01306058,88,-5.43359375
7,NCT02462967,89,-5.484375
7,NCT02470533,90,-5.5
7,NCT01002547,91,-5.515625
7,NCT04064957,92,-5.640625
7,NCT01409356,93,-5.6953125
7,NCT04436601,94,-5.75
7,NCT03306095,95,-5.84375
7,NCT02156232,96,-5.8515625
7,NCT00242502,97,-5.95703125
7,NCT01180959,98,-6.08203125
7,NCT02940496,99,-6.3671875
7,NCT01375569,100,-6.47265625
8,NCT02050347,1,-2.83984375
8,NCT01604031,2,-3.771484375
8,NCT00609869,3,-3.8125
8,NCT01853631,4,-3.88671875
8,NCT00751296,5,-4.21484375
8,NCT04008706,6,-4.5234375
8,NCT01722578,7,-4.68359375
8,NCT01760226,8,-4.6875
8,NCT01882855,9,-4.703125
8,NCT03742297,10,-4.8125
8,NCT01506050,11,-4.98046875
8,NCT01506037,12,-4.99609375
8,NCT03585257,13,-5.06640625
8,NCT01961843,14,-5.25
8,NCT00682994,15,-5.2734375
8,NCT00914056,16,-5.30859375
8,NCT00120978,17,-5.3671875
8,NCT00058812,18,-5.37109375
8,NCT01800604,19,-5.4140625
8,NCT02016248,20,-5.46875
8,NCT04155099,21,-5.51953125
8,NCT00953420,22,-5.58203125
8,NCT01945619,23,-5.65625
8,NCT03738254,24,-5.671875
8,NCT00478296,25,-5.7265625
8,NCT02474940,26,-5.7578125
8,NCT03796598,27,-5.8046875
8,NCT04568005,28,-5.828125
8,NCT02109952,29,-5.89453125
8,NCT01225679,30,-5.92578125
8,NCT01775501,31,-5.9453125
8,NCT01601262,32,-5.96875
8,NCT01952834,33,-5.98046875
8,NCT03264131,34,-6.0078125
8,NCT02666989,35,-6.01953125
8,NCT02146924,36,-6.05078125
8,NCT00290511,37,-6.15625
8,NCT02190695,38,-6.16015625
8,NCT03355404,39,-6.17578125
8,NCT01110447,40,-6.203125
8,NCT02069366,41,-6.2578125
8,NCT00467818,42,-6.28125
8,NCT00106691,43,-6.328125
8,NCT00042159,44,-6.33203125
8,NCT00686920,45,-6.4140625
8,NCT03573024,46,-6.41796875
8,NCT02653664,47,-6.4375
8,NCT01814527,48,-6.484375
8,NCT00244582,49,-6.5234375
8,NCT00863941,50,-6.52734375
8,NCT00593892,51,-6.546875
8,NCT02068118,52,-6.546875
8,NCT02411734,53,-6.5625
8,NCT00975546,54,-6.61328125
8,NCT03521583,55,-6.6171875
8,NCT00966498,56,-6.6171875
8,NCT01314352,57,-6.6328125
8,NCT00603447,58,-6.64453125
8,NCT00281502,59,-6.6484375
8,NCT03336203,60,-6.65625
8,NCT00215787,61,-6.66796875
8,NCT00775905,62,-6.67578125
8,NCT01370954,63,-6.6796875
8,NCT00775151,64,-6.6796875
8,NCT02088866,65,-6.6953125
8,NCT00723567,66,-6.6953125
8,NCT01314339,67,-6.69921875
8,NCT04851639,68,-6.7109375
8,NCT03008005,69,-6.7109375
8,NCT01553318,70,-6.72265625
8,NCT01369030,71,-6.734375
8,NCT01961219,72,-6.7734375
8,NCT01161979,73,-6.796875
8,NCT00006066,74,-6.80859375
8,NCT03876652,75,-6.8203125
8,NCT01161966,76,-6.83203125
8,NCT02156232,77,-6.84765625
8,NCT00306072,78,-6.85546875
8,NCT03152188,79,-6.859375
8,NCT01506791,80,-6.875
8,NCT00865462,81,-6.90625
8,NCT00865410,82,-6.9296875
8,NCT01700829,83,-6.94140625
8,NCT01223313,84,-6.94140625
8,NCT00865111,85,-7.01171875
8,NCT00473460,86,-7.01953125
8,NCT00865371,87,-7.03125
8,NCT01599975,88,-7.05859375
8,NCT00092937,89,-7.07421875
8,NCT02304302,90,-7.09375
8,NCT00373074,91,-7.16015625
8,NCT00492219,92,-7.22265625
8,NCT01937650,93,-7.234375
8,NCT04463524,94,-7.2578125
8,NCT02759731,95,-7.2734375
8,NCT02414529,96,-7.42578125
8,NCT00367627,97,-7.4765625
8,NCT01306331,98,-7.5390625
8,NCT01118988,99,-8.2578125
8,NCT02170064,100,-8.3671875
9,NCT01320670,1,-1.677734375
9,NCT02424123,2,-1.99609375
9,NCT04716673,3,-2.21484375
9,NCT01533649,4,-2.21484375
9,NCT00194870,5,-2.291015625
9,NCT01521754,6,-2.380859375
9,NCT03868293,7,-2.4140625
9,NCT03052998,8,-2.451171875
9,NCT00344877,9,-2.4765625
9,NCT01793532,10,-2.517578125
9,NCT00860145,11,-2.546875
9,NCT00079781,12,-2.595703125
9,NCT02804230,13,-2.60546875
9,NCT03941613,14,-2.60546875
9,NCT02495844,15,-2.6171875
9,NCT04218812,16,-2.67578125
9,NCT00524134,17,-2.7109375
9,NCT01663545,18,-2.740234375
9,NCT01745952,19,-2.79296875
9,NCT00048490,20,-2.810546875
9,NCT03900468,21,-2.822265625
9,NCT00439387,22,-2.9296875
9,NCT00264810,23,-2.962890625
9,NCT02497443,24,-2.9921875
9,NCT02089243,25,-3.01171875
9,NCT01273129,26,-3.025390625
9,NCT00007670,27,-3.046875
9,NCT03946618,28,-3.07421875
9,NCT01243177,29,-3.119140625
9,NCT02899611,30,-3.162109375
9,NCT04770337,31,-3.166015625
9,NCT03531008,32,-3.185546875
9,NCT03595072,33,-3.205078125
9,NCT02383407,34,-3.2578125
9,NCT00056576,35,-3.265625
9,NCT03657056,36,-3.283203125
9,NCT03474770,37,-3.296875
9,NCT01749046,38,-3.30078125
9,NCT02695537,39,-3.31640625
9,NCT00040326,40,-3.46484375
9,NCT02700412,41,-3.482421875
9,NCT01244724,42,-3.482421875
9,NCT02866240,43,-3.486328125
9,NCT02268578,44,-3.52734375
9,NCT04102254,45,-3.556640625
9,NCT04153175,46,-3.625
9,NCT00236704,47,-3.65234375
9,NCT00931619,48,-3.755859375
9,NCT00438451,49,-3.8125
9,NCT02098759,50,-3.82421875
9,NCT00236418,51,-3.826171875
9,NCT03636958,52,-3.892578125
9,NCT00085683,53,-3.89453125
9,NCT00866775,54,-3.896484375
9,NCT02224560,55,-3.91796875
9,NCT03590197,56,-3.93359375
9,NCT00266591,57,-3.939453125
9,NCT00165828,58,-3.955078125
9,NCT01190098,59,-3.955078125
9,NCT00236860,60,-3.95703125
9,NCT02126774,61,-3.95703125
9,NCT02261753,62,-3.962890625
9,NCT00236847,63,-3.966796875
9,NCT04542629,64,-3.97265625
9,NCT03179891,65,-3.9765625
9,NCT03478982,66,-3.9921875
9,NCT01963208,67,-4.046875
9,NCT00982787,68,-4.09375
9,NCT00208520,69,-4.109375
9,NCT00101933,70,-4.16015625
9,NCT00144690,71,-4.16796875
9,NCT00001932,72,-4.171875
9,NCT00236873,73,-4.171875
9,NCT00510783,74,-4.1953125
9,NCT02639325,75,-4.203125
9,NCT00564096,76,-4.203125
9,NCT04274179,77,-4.2265625
9,NCT01498822,78,-4.2265625
9,NCT01710657,79,-4.234375
9,NCT03517423,80,-4.33984375
9,NCT02332655,81,-4.34765625
9,NCT00465517,82,-4.37890625
9,NCT03374384,83,-4.42578125
9,NCT03790137,84,-4.4453125
9,NCT00236730,85,-4.484375
9,NCT01689649,86,-4.703125
9,NCT01969851,87,-4.9453125
9,NCT03054961,88,-5.0703125
9,NCT02201251,89,-5.35546875
9,NCT01730313,90,-5.3671875
9,NCT03803046,91,-5.375
9,NCT00236743,92,-5.42578125
9,NCT00566254,93,-5.43359375
9,NCT01118455,94,-5.48828125
9,NCT01891890,95,-5.57421875
9,NCT01521130,96,-5.63671875
9,NCT00044252,97,-5.68359375
9,NCT01431976,98,-5.7890625
9,NCT04054453,99,-6.02734375
9,NCT03108729,100,-6.48828125
10,NCT04701034,1,-6.26953125
10,NCT02294253,2,-6.828125
10,NCT00805493,3,-6.8671875
10,NCT00172172,4,-7.0
10,NCT00318097,5,-7.1875
10,NCT04816877,6,-7.375
10,NCT00263562,7,-7.51953125
10,NCT03336203,8,-7.68359375
10,NCT00514618,9,-7.7890625
10,NCT00296244,10,-7.80859375
10,NCT04166487,11,-7.87109375
10,NCT03192397,12,-7.91015625
10,NCT02379728,13,-7.9609375
10,NCT00399529,14,-7.97265625
10,NCT02129582,15,-7.984375
10,NCT01907334,16,-7.984375
10,NCT02492347,17,-8.0
10,NCT00402662,18,-8.03125
10,NCT04056442,19,-8.03125
10,NCT00113503,20,-8.046875
10,NCT00413309,21,-8.046875
10,NCT04323046,22,-8.0625
10,NCT03115853,23,-8.0625
10,NCT01935947,24,-8.0703125
10,NCT03237611,25,-8.078125
10,NCT00429533,26,-8.1171875
10,NCT04262869,27,-8.125
10,NCT01218620,28,-8.15625
10,NCT00005988,29,-8.1875
10,NCT00001475,30,-8.1875
10,NCT00953420,31,-8.1953125
10,NCT02769962,32,-8.1953125
10,NCT02591654,33,-8.2265625
10,NCT02535325,34,-8.234375
10,NCT02029950,35,-8.2578125
10,NCT00006180,36,-8.265625
10,NCT04301076,37,-8.28125
10,NCT03377101,38,-8.28125
10,NCT04428671,39,-8.3203125
10,NCT00740805,40,-8.3359375
10,NCT03141372,41,-8.3515625
10,NCT00794040,42,-8.359375
10,NCT04614142,43,-8.3671875
10,NCT02535312,44,-8.40625
10,NCT04464512,45,-8.4140625
10,NCT04232085,46,-8.421875
10,NCT02546193,47,-8.4453125
10,NCT02224781,48,-8.453125
10,NCT03418961,49,-8.4609375
10,NCT04633252,50,-8.4609375
10,NCT02220985,51,-8.484375
10,NCT01149083,52,-8.53125
10,NCT02340676,53,-8.5390625
10,NCT03422809,54,-8.5390625
10,NCT02159495,55,-8.5390625
10,NCT03520790,56,-8.5390625
10,NCT02474173,57,-8.5390625
10,NCT00172081,58,-8.5390625
10,NCT04776395,59,-8.5625
10,NCT03139916,60,-8.5625
10,NCT01118624,61,-8.5703125
10,NCT03948386,62,-8.578125
10,NCT02528877,63,-8.578125
10,NCT01553318,64,-8.5859375
10,NCT03605719,65,-8.5859375
10,NCT04277442,66,-8.5859375
10,NCT03798678,67,-8.59375
10,NCT04138368,68,-8.609375
10,NCT01896999,69,-8.6484375
10,NCT04850495,70,-8.65625
10,NCT02334124,71,-8.65625
10,NCT01937468,72,-8.671875
10,NCT04676087,73,-8.671875
10,NCT02318082,74,-8.6796875
10,NCT04329715,75,-8.703125
10,NCT03900949,76,-8.703125
10,NCT00182078,77,-8.7109375
10,NCT02890329,78,-8.71875
10,NCT03751423,79,-8.7265625
10,NCT02796352,80,-8.7265625
10,NCT02917096,81,-8.7578125
10,NCT01861106,82,-8.765625
10,NCT01789255,83,-8.7734375
10,NCT00342706,84,-8.7890625
10,NCT01624805,85,-8.8046875
10,NCT00579085,86,-8.8125
10,NCT04207190,87,-8.828125
10,NCT03403634,88,-8.84375
10,NCT02776202,89,-8.8515625
10,NCT04339777,90,-8.8671875
10,NCT01773616,91,-8.8671875
10,NCT04691960,92,-8.9375
10,NCT00878826,93,-8.953125
10,NCT01932788,94,-8.9765625
10,NCT01385826,95,-8.984375
10,NCT04139577,96,-9.0390625
10,NCT04652960,97,-9.109375
10,NCT01515176,98,-9.1328125
10,NCT03529955,99,-9.1953125
10,NCT02897622,100,-9.25
11,NCT03359668,1,-1.109375
11,NCT04666103,2,-1.404296875
11,NCT03454464,3,-1.466796875
11,NCT04290663,4,-1.564453125
11,NCT01307761,5,-1.578125
11,NCT03327636,6,-1.5927734375
11,NCT03271892,7,-1.7509765625
11,NCT04336696,8,-1.755859375
11,NCT04129411,9,-1.859375
11,NCT03470259,10,-1.8798828125
11,NCT01106443,11,-1.955078125
11,NCT04624477,12,-2.021484375
11,NCT03669432,13,-2.02734375
11,NCT00506103,14,-2.03515625
11,NCT04128631,15,-2.09765625
11,NCT01648569,16,-2.107421875
11,NCT03813706,17,-2.123046875
11,NCT00439127,18,-2.12890625
11,NCT02138214,19,-2.21484375
11,NCT03013257,20,-2.24609375
11,NCT02408887,21,-2.380859375
11,NCT01510002,22,-2.396484375
11,NCT01075269,23,-2.408203125
11,NCT03432299,24,-2.439453125
11,NCT03830242,25,-2.447265625
11,NCT01565486,26,-2.525390625
11,NCT02658552,27,-2.53125
11,NCT04842942,28,-2.53515625
11,NCT04354324,29,-2.6015625
11,NCT00196729,30,-2.615234375
11,NCT02347683,31,-2.625
11,NCT01837745,32,-2.6328125
11,NCT03570021,33,-2.638671875
11,NCT03500666,34,-2.658203125
11,NCT02952612,35,-2.669921875
11,NCT04522570,36,-2.716796875
11,NCT01398085,37,-2.763671875
11,NCT04379804,38,-2.802734375
11,NCT04647006,39,-2.806640625
11,NCT03367884,40,-2.833984375
11,NCT04444869,41,-2.84765625
11,NCT02645786,42,-2.8515625
11,NCT01974284,43,-2.908203125
11,NCT00615537,44,-2.927734375
11,NCT01778400,45,-2.95703125
11,NCT02689609,46,-2.982421875
11,NCT01730651,47,-2.99609375
11,NCT04502407,48,-2.998046875
11,NCT00573989,49,-3.01953125
11,NCT02609685,50,-3.01953125
11,NCT04842994,51,-3.064453125
11,NCT02207660,52,-3.07421875
11,NCT03297957,53,-3.0859375
11,NCT00103155,54,-3.09375
11,NCT01415674,55,-3.1015625
11,NCT02015169,56,-3.1171875
11,NCT02724176,57,-3.1328125
11,NCT02140476,58,-3.134765625
11,NCT01137097,59,-3.177734375
11,NCT02584985,60,-3.197265625
11,NCT00251316,61,-3.21484375
11,NCT02685514,62,-3.228515625
11,NCT00168181,63,-3.236328125
11,NCT00471692,64,-3.271484375
11,NCT04595149,65,-3.30078125
11,NCT03333226,66,-3.333984375
11,NCT02136459,67,-3.337890625
11,NCT02449837,68,-3.37109375
11,NCT00629265,69,-3.380859375
11,NCT02768753,70,-3.38671875
11,NCT00499681,71,-3.41796875
11,NCT00736944,72,-3.439453125
11,NCT04794257,73,-3.4609375
11,NCT03841617,74,-3.5
11,NCT02004639,75,-3.529296875
11,NCT04691804,76,-3.541015625
11,NCT04690842,77,-3.55078125
11,NCT02159508,78,-3.60546875
11,NCT01770275,79,-3.625
11,NCT01853670,80,-3.70703125
11,NCT00319839,81,-3.73046875
11,NCT03081897,82,-3.7890625
11,NCT02073032,83,-3.994140625
11,NCT00088907,84,-4.00390625
11,NCT04338412,85,-4.01171875
11,NCT03574103,86,-4.0390625
11,NCT00101114,87,-4.0546875
11,NCT04675528,88,-4.171875
11,NCT03976011,89,-4.3125
11,NCT00340314,90,-4.36328125
11,NCT04811027,91,-4.5390625
11,NCT00557115,92,-4.55078125
11,NCT00004109,93,-4.59765625
11,NCT04086355,94,-4.66015625
11,NCT01006083,95,-4.765625
11,NCT04034849,96,-5.0078125
11,NCT03269396,97,-5.16796875
11,NCT00506324,98,-5.18359375
11,NCT03011775,99,-5.48828125
11,NCT03230058,100,-5.5546875
12,NCT04299334,1,1.10546875
12,NCT01835054,2,0.482666015625
12,NCT02879825,3,-0.3818359375
12,NCT01646541,4,-0.5869140625
12,NCT04852731,5,-0.58837890625
12,NCT03129737,6,-0.66064453125
12,NCT03389542,7,-0.9208984375
12,NCT03842397,8,-0.92919921875
12,NCT03292497,9,-0.99853515625
12,NCT02829749,10,-1.005859375
12,NCT03521921,11,-1.0546875
12,NCT01694251,12,-1.0732421875
12,NCT03891823,13,-1.078125
12,NCT04382612,14,-1.37109375
12,NCT00800046,15,-1.423828125
12,NCT02552771,16,-1.4814453125
12,NCT03908983,17,-1.4990234375
12,NCT00120276,18,-1.53515625
12,NCT01811537,19,-1.537109375
12,NCT02961647,20,-1.572265625
12,NCT03470155,21,-1.5869140625
12,NCT04820764,22,-1.6572265625
12,NCT03012178,23,-1.7060546875
12,NCT03525041,24,-1.7138671875
12,NCT00806988,25,-1.7861328125
12,NCT04279678,26,-1.83203125
12,NCT00608140,27,-1.93359375
12,NCT03975998,28,-1.9462890625
12,NCT02981953,29,-2.05859375
12,NCT02768402,30,-2.1328125
12,NCT03962023,31,-2.220703125
12,NCT01931956,32,-2.232421875
12,NCT04080362,33,-2.248046875
12,NCT03661398,34,-2.26953125
12,NCT00807040,35,-2.361328125
12,NCT03155373,36,-2.44140625
12,NCT03511716,37,-2.462890625
12,NCT03705312,38,-2.490234375
12,NCT03958773,39,-2.494140625
12,NCT01678144,40,-2.533203125
12,NCT04822675,41,-2.541015625
12,NCT02925819,42,-2.560546875
12,NCT04156295,43,-2.572265625
12,NCT01246947,44,-2.595703125
12,NCT04051411,45,-2.611328125
12,NCT03560167,46,-2.681640625
12,NCT00613548,47,-2.71484375
12,NCT04098328,48,-2.720703125
12,NCT02675244,49,-2.74609375
12,NCT03366649,50,-2.75
12,NCT01708265,51,-2.791015625
12,NCT04775108,52,-2.8515625
12,NCT04414358,53,-2.85546875
12,NCT02996552,54,-2.859375
12,NCT00483236,55,-2.8984375
12,NCT01899573,56,-2.904296875
12,NCT02806570,57,-2.90625
12,NCT00209339,58,-2.91015625
12,NCT04528576,59,-2.9140625
12,NCT03968601,60,-2.93359375
12,NCT02985268,61,-2.962890625
12,NCT04375332,62,-3.021484375
12,NCT04464876,63,-3.03125
12,NCT03066050,64,-3.064453125
12,NCT04078867,65,-3.11328125
12,NCT04068740,66,-3.12890625
12,NCT04734756,67,-3.13671875
12,NCT04097145,68,-3.208984375
12,NCT03706833,69,-3.2109375
12,NCT02703311,70,-3.232421875
12,NCT00428103,71,-3.2421875
12,NCT04679662,72,-3.2578125
12,NCT03549052,73,-3.2734375
12,NCT00554151,74,-3.3125
12,NCT02803957,75,-3.318359375
12,NCT04646811,76,-3.345703125
12,NCT00209274,77,-3.353515625
12,NCT04198870,78,-3.357421875
12,NCT04679714,79,-3.375
12,NCT02432196,80,-3.396484375
12,NCT02771275,81,-3.396484375
12,NCT02371863,82,-3.423828125
12,NCT04666480,83,-3.59375
12,NCT04666467,84,-3.611328125
12,NCT01852149,85,-3.72265625
12,NCT04518709,86,-3.73046875
12,NCT03714412,87,-3.7578125
12,NCT02355418,88,-3.84765625
12,NCT04147884,89,-3.923828125
12,NCT00799565,90,-4.02734375
12,NCT02604745,91,-4.04296875
12,NCT03285724,92,-4.12109375
12,NCT02768870,93,-4.14453125
12,NCT04343313,94,-4.26953125
12,NCT01400841,95,-4.40234375
12,NCT04396379,96,-4.41796875
12,NCT03183895,97,-4.67578125
12,NCT01242397,98,-4.83984375
12,NCT02153892,99,-4.90234375
12,NCT02370511,100,-4.94140625
13,NCT02054013,1,-1.3193359375
13,NCT00309114,2,-2.126953125
13,NCT00458471,3,-2.173828125
13,NCT00037921,4,-2.275390625
13,NCT03447639,5,-2.54296875
13,NCT04561505,6,-2.58984375
13,NCT03955484,7,-2.59765625
13,NCT02930889,8,-2.607421875
13,NCT01931605,9,-2.640625
13,NCT02922647,10,-2.6640625
13,NCT00662350,11,-2.783203125
13,NCT03573726,12,-2.787109375
13,NCT03785262,13,-2.80078125
13,NCT03605745,14,-2.806640625
13,NCT03846700,15,-2.810546875
13,NCT03043222,16,-2.814453125
13,NCT03851952,17,-2.849609375
13,NCT01043588,18,-2.85546875
13,NCT04528784,19,-2.8671875
13,NCT02202044,20,-2.8671875
13,NCT02728427,21,-2.91015625
13,NCT04070898,22,-2.955078125
13,NCT02026908,23,-2.962890625
13,NCT04763382,24,-2.98046875
13,NCT00318591,25,-3.001953125
13,NCT03266770,26,-3.048828125
13,NCT02591901,27,-3.078125
13,NCT04575493,28,-3.08203125
13,NCT04807010,29,-3.08203125
13,NCT01275261,30,-3.095703125
13,NCT03987126,31,-3.125
13,NCT04268810,32,-3.130859375
13,NCT00252941,33,-3.154296875
13,NCT03258658,34,-3.16796875
13,NCT04495699,35,-3.171875
13,NCT03498794,36,-3.181640625
13,NCT00826527,37,-3.18359375
13,NCT01912339,38,-3.263671875
13,NCT03239951,39,-3.302734375
13,NCT01771159,40,-3.310546875
13,NCT03574610,41,-3.314453125
13,NCT03178292,42,-3.326171875
13,NCT01812772,43,-3.3671875
13,NCT03239652,44,-3.388671875
13,NCT01969773,45,-3.421875
13,NCT02246270,46,-3.431640625
13,NCT02044510,47,-3.53515625
13,NCT01367886,48,-3.560546875
13,NCT04340934,49,-3.5625
13,NCT02489656,50,-3.609375
13,NCT00662207,51,-3.6171875
13,NCT04726345,52,-3.6171875
13,NCT04359069,53,-3.62890625
13,NCT04789135,54,-3.642578125
13,NCT01696227,55,-3.650390625
13,NCT04588857,56,-3.693359375
13,NCT03066999,57,-3.72265625
13,NCT04791579,58,-3.724609375
13,NCT01263392,59,-3.759765625
13,NCT03499964,60,-3.76171875
13,NCT02727322,61,-3.76171875
13,NCT02434068,62,-3.775390625
13,NCT03287089,63,-3.7890625
13,NCT00676533,64,-3.818359375
13,NCT01747577,65,-3.82421875
13,NCT02021032,66,-3.826171875
13,NCT00767988,67,-3.837890625
13,NCT02157415,68,-3.849609375
13,NCT02384200,69,-3.8515625
13,NCT01808755,70,-3.89453125
13,NCT04529369,71,-3.900390625
13,NCT03619486,72,-3.91796875
13,NCT03367910,73,-3.9296875
13,NCT03163394,74,-3.9453125
13,NCT01137929,75,-3.982421875
13,NCT03187795,76,-3.998046875
13,NCT03032510,77,-4.0703125
13,NCT03818321,78,-4.09765625
13,NCT04709601,79,-4.1015625
13,NCT02135341,80,-4.12109375
13,NCT03996057,81,-4.1328125
13,NCT01595529,82,-4.14453125
13,NCT00598403,83,-4.203125
13,NCT00481689,84,-4.234375
13,NCT01534793,85,-4.2421875
13,NCT01537601,86,-4.25390625
13,NCT04557748,87,-4.32421875
13,NCT04147793,88,-4.3671875
13,NCT00293839,89,-4.3828125
13,NCT03142295,90,-4.44921875
13,NCT02944825,91,-4.49609375
13,NCT03568942,92,-4.62109375
13,NCT04187144,93,-4.65234375
13,NCT04096820,94,-4.859375
13,NCT00335660,95,-5.046875
13,NCT01966653,96,-5.08984375
13,NCT01733290,97,-5.1953125
13,NCT00669994,98,-5.2890625
13,NCT04020341,99,-5.359375
13,NCT00261248,100,-5.46484375
14,NCT00938977,1,-1.517578125
14,NCT01944020,2,-2.857421875
14,NCT03675022,3,-3.18359375
14,NCT00211614,4,-3.279296875
14,NCT04327336,5,-3.55078125
14,NCT01427673,6,-3.5859375
14,NCT01214200,7,-3.62890625
14,NCT01044628,8,-3.677734375
14,NCT01513655,9,-3.7265625
14,NCT03925610,10,-3.73828125
14,NCT01656005,11,-3.7734375
14,NCT03930875,12,-3.841796875
14,NCT01554488,13,-3.89453125
14,NCT03890224,14,-3.90625
14,NCT01164683,15,-3.990234375
14,NCT00371293,16,-4.0703125
14,NCT00244192,17,-4.22265625
14,NCT03810183,18,-4.30078125
14,NCT02693977,19,-4.3046875
14,NCT03959982,20,-4.38671875
14,NCT04370873,21,-4.46484375
14,NCT02796846,22,-4.921875
14,NCT04413643,23,-5.05078125
14,NCT04732572,24,-5.08203125
14,NCT03085641,25,-5.0859375
14,NCT03113461,26,-5.17578125
14,NCT04647656,27,-5.1796875
14,NCT01383564,28,-5.20703125
14,NCT02886156,29,-5.32421875
14,NCT02725632,30,-5.34765625
14,NCT01293006,31,-5.39453125
14,NCT04647383,32,-5.51953125
14,NCT02519608,33,-5.53125
14,NCT00404807,34,-5.5625
14,NCT00874913,35,-5.58203125
14,NCT02664441,36,-5.62890625
14,NCT02544373,37,-5.66796875
14,NCT01362777,38,-5.7890625
14,NCT00194259,39,-5.8203125
14,NCT04604223,40,-5.84765625
14,NCT03007745,41,-5.89453125
14,NCT04691687,42,-5.93359375
14,NCT04854759,43,-5.953125
14,NCT03328676,44,-6.03125
14,NCT02387476,45,-6.09375
14,NCT04699513,46,-6.09765625
14,NCT04504032,47,-6.109375
14,NCT04193995,48,-6.13671875
14,NCT03254212,49,-6.1484375
14,NCT02517346,50,-6.1640625
14,NCT03738774,51,-6.265625
14,NCT04388683,52,-6.2734375
14,NCT04615871,53,-6.33203125
14,NCT02798744,54,-6.34375
14,NCT02860975,55,-6.375
14,NCT00261898,56,-6.39453125
14,NCT03846284,57,-6.42578125
14,NCT03522207,58,-6.4375
14,NCT00705952,59,-6.4921875
14,NCT04091425,60,-6.5234375
14,NCT01940328,61,-6.52734375
14,NCT00672802,62,-6.68359375
14,NCT01892579,63,-6.69140625
14,NCT00312598,64,-6.71875
14,NCT03321734,65,-6.73828125
14,NCT02522442,66,-6.7421875
14,NCT03158805,67,-6.84375
14,NCT02474823,68,-6.90234375
14,NCT00488072,69,-6.92578125
14,NCT04695704,70,-6.9453125
14,NCT00852124,71,-6.9921875
14,NCT04575610,72,-7.0234375
14,NCT02525991,73,-7.0546875
14,NCT04136093,74,-7.05859375
14,NCT02275936,75,-7.06640625
14,NCT01300455,76,-7.14453125
14,NCT03601169,77,-7.1953125
14,NCT00635206,78,-7.21875
14,NCT01457014,79,-7.23046875
14,NCT02834819,80,-7.265625
14,NCT00672061,81,-7.2734375
14,NCT03531684,82,-7.27734375
14,NCT04024787,83,-7.29296875
14,NCT03110315,84,-7.3125
14,NCT03729973,85,-7.31640625
14,NCT04794491,86,-7.33984375
14,NCT04844970,87,-7.40234375
14,NCT03315403,88,-7.4375
14,NCT01199042,89,-7.4609375
14,NCT03580044,90,-7.53125
14,NCT04549168,91,-7.56640625
14,NCT02525861,92,-7.59765625
14,NCT04788953,93,-7.65234375
14,NCT04530149,94,-7.7578125
14,NCT03765294,95,-7.81640625
14,NCT00030238,96,-7.8515625
14,NCT03720223,97,-7.98046875
14,NCT04246619,98,-7.98046875
14,NCT03743051,99,-8.234375
14,NCT03743064,100,-8.234375
15,NCT03525041,1,-1.4775390625
15,NCT03583320,2,-1.666015625
15,NCT02502981,3,-2.056640625
15,NCT00487279,4,-2.134765625
15,NCT00117936,5,-2.8671875
15,NCT03323489,6,-3.10546875
15,NCT01784393,7,-3.462890625
15,NCT00765401,8,-3.7109375
15,NCT01710254,9,-3.98828125
15,NCT00052962,10,-4.171875
15,NCT00831493,11,-4.25
15,NCT02580422,12,-4.359375
15,NCT00587132,13,-4.46484375
15,NCT01660711,14,-4.4921875
15,NCT00426829,15,-4.49609375
15,NCT00149578,16,-4.578125
15,NCT01146054,17,-4.6015625
15,NCT00004547,18,-4.60546875
15,NCT00614653,19,-4.6328125
15,NCT02487277,20,-4.64453125
15,NCT02524106,21,-4.67578125
15,NCT00113230,22,-4.7421875
15,NCT00336648,23,-4.76953125
15,NCT04347330,24,-5.05859375
15,NCT04570943,25,-5.16015625
15,NCT04030000,26,-5.23828125
15,NCT03167112,27,-5.2890625
15,NCT02730546,28,-5.32421875
15,NCT02399800,29,-5.34765625
15,NCT02024009,30,-5.375
15,NCT03377491,31,-5.37890625
15,NCT03138720,32,-5.42578125
15,NCT04003246,33,-5.44921875
15,NCT00460174,34,-5.4609375
15,NCT01867892,35,-5.50390625
15,NCT00543842,36,-5.56640625
15,NCT00005926,37,-5.6796875
15,NCT02422147,38,-5.71875
15,NCT01971281,39,-5.7890625
15,NCT02933554,40,-5.80859375
15,NCT01868139,41,-5.81640625
15,NCT03610100,42,-5.82421875
15,NCT03392571,43,-5.84765625
15,NCT01526590,44,-5.86328125
15,NCT03402282,45,-5.8671875
15,NCT03142867,46,-5.875
15,NCT00338039,47,-5.8984375
15,NCT00591838,48,-5.9140625
15,NCT02458118,49,-5.953125
15,NCT04311385,50,-5.953125
15,NCT02710812,51,-6.00390625
15,NCT02426944,52,-6.04296875
15,NCT02716207,53,-6.05859375
15,NCT04713631,54,-6.0859375
15,NCT02086721,55,-6.16796875
15,NCT03528785,56,-6.171875
15,NCT00766636,57,-6.1875
15,NCT03529955,58,-6.1953125
15,NCT02562716,59,-6.21875
15,NCT00525915,60,-6.22265625
15,NCT00506155,61,-6.23828125
15,NCT03085004,62,-6.23828125
15,NCT03358576,63,-6.28125
15,NCT01755624,64,-6.3359375
15,NCT04753255,65,-6.37109375
15,NCT00888043,66,-6.37890625
15,NCT02620800,67,-6.41015625
15,NCT01362790,68,-6.48828125
15,NCT00290316,69,-6.50390625
15,NCT00701818,70,-6.578125
15,NCT01298011,71,-6.578125
15,NCT01630590,72,-6.67578125
15,NCT01015378,73,-6.8125
15,NCT03234296,74,-6.8984375
15,NCT00002561,75,-6.921875
15,NCT04113499,76,-6.96484375
15,NCT01149408,77,-7.07421875
15,NCT02459041,78,-7.078125
15,NCT01893775,79,-7.0859375
15,NCT00536978,80,-7.16015625
15,NCT00081731,81,-7.1796875
15,NCT00586313,82,-7.1875
15,NCT02810418,83,-7.25
15,NCT00997516,84,-7.4375
15,NCT03580044,85,-7.453125
15,NCT03147768,86,-7.4609375
15,NCT03665441,87,-7.6875
15,NCT04030741,88,-7.7109375
15,NCT04344353,89,-7.72265625
15,NCT04160130,90,-7.73046875
15,NCT02718092,91,-7.75390625
15,NCT01062230,92,-7.796875
15,NCT04128891,93,-7.80859375
15,NCT00729937,94,-7.87109375
15,NCT02800785,95,-8.1640625
15,NCT03093961,96,-8.3125
15,NCT02239900,97,-8.3515625
15,NCT02529852,98,-8.5546875
15,NCT02668770,99,-8.6484375
15,NCT01591096,100,-8.7734375
16,NCT01116063,1,-0.396728515625
16,NCT01628198,2,-1.2841796875
16,NCT02552485,3,-1.49609375
16,NCT01179334,4,-1.6591796875
16,NCT01862536,5,-1.73828125
16,NCT00352430,6,-1.783203125
16,NCT02648984,7,-1.8974609375
16,NCT00145938,8,-2.1640625
16,NCT03549052,9,-2.34375
16,NCT00840463,10,-2.38671875
16,NCT00461162,11,-2.427734375
16,NCT04231760,12,-2.54296875
16,NCT02632552,13,-2.701171875
16,NCT00023296,14,-2.7109375
16,NCT01354613,15,-2.810546875
16,NCT00586794,16,-2.830078125
16,NCT00561223,17,-2.876953125
16,NCT03135860,18,-2.8984375
16,NCT03662438,19,-2.91015625
16,NCT01044628,20,-2.919921875
16,NCT01726049,21,-2.9296875
16,NCT01332331,22,-2.947265625
16,NCT00848731,23,-2.986328125
16,NCT03867708,24,-3.0703125
16,NCT02126254,25,-3.0703125
16,NCT01642407,26,-3.162109375
16,NCT01824290,27,-3.1796875
16,NCT03437148,28,-3.185546875
16,NCT04370990,29,-3.248046875
16,NCT00557115,30,-3.34375
16,NCT00998114,31,-3.365234375
16,NCT02060487,32,-3.37109375
16,NCT03431103,33,-3.4140625
16,NCT00846404,34,-3.41796875
16,NCT04375917,35,-3.42578125
16,NCT03565471,36,-3.521484375
16,NCT01513655,37,-3.5234375
16,NCT00679549,38,-3.560546875
16,NCT00270374,39,-3.58203125
16,NCT02403908,40,-3.607421875
16,NCT00603213,41,-3.62109375
16,NCT01218607,42,-3.658203125
16,NCT02060799,43,-3.697265625
16,NCT02178566,44,-3.7421875
16,NCT02267655,45,-3.744140625
16,NCT00763867,46,-3.7734375
16,NCT04042168,47,-3.783203125
16,NCT00270387,48,-3.798828125
16,NCT01261377,49,-3.798828125
16,NCT02754232,50,-3.810546875
16,NCT04581863,51,-3.818359375
16,NCT02204774,52,-3.861328125
16,NCT01494896,53,-3.921875
16,NCT01812460,54,-4.046875
16,NCT01735916,55,-4.11328125
16,NCT04123730,56,-4.203125
16,NCT04572867,57,-4.2109375
16,NCT01940328,58,-4.21875
16,NCT03772626,59,-4.2265625
16,NCT01307722,60,-4.2265625
16,NCT03221387,61,-4.24609375
16,NCT04163861,62,-4.25390625
16,NCT00159913,63,-4.32421875
16,NCT04388683,64,-4.34765625
16,NCT04035460,65,-4.36328125
16,NCT04232371,66,-4.3671875
16,NCT02771561,67,-4.3671875
16,NCT02514798,68,-4.3984375
16,NCT03674541,69,-4.43359375
16,NCT03891823,70,-4.45703125
16,NCT00934128,71,-4.46875
16,NCT03775161,72,-4.4921875
16,NCT02965638,73,-4.60546875
16,NCT03093961,74,-4.640625
16,NCT03030235,75,-4.65234375
16,NCT02652559,76,-4.65234375
16,NCT01172184,77,-4.66796875
16,NCT02035566,78,-4.69140625
16,NCT02053493,79,-4.703125
16,NCT03353064,80,-4.7109375
16,NCT04729933,81,-4.71484375
16,NCT00121901,82,-4.78515625
16,NCT01743001,83,-4.8046875
16,NCT04647383,84,-4.84375
16,NCT00608140,85,-4.85546875
16,NCT04646811,86,-4.87890625
16,NCT04148625,87,-4.89453125
16,NCT03904290,88,-4.91015625
16,NCT03647462,89,-4.9375
16,NCT01168609,90,-4.9609375
16,NCT03146741,91,-4.97265625
16,NCT00052026,92,-5.01171875
16,NCT04488120,93,-5.01953125
16,NCT00133679,94,-5.07421875
16,NCT01678144,95,-5.125
16,NCT04801056,96,-5.12890625
16,NCT04413643,97,-5.3203125
16,NCT03359161,98,-5.609375
16,NCT04531280,99,-5.9296875
16,NCT04406961,100,-6.09765625
17,NCT00892346,1,0.529296875
17,NCT01849783,2,0.489013671875
17,NCT02308280,3,0.0273284912109375
17,NCT01008462,4,-0.058135986328125
17,NCT02504359,5,-0.134765625
17,NCT00804947,6,-0.13525390625
17,NCT00670631,7,-0.2236328125
17,NCT00003954,8,-0.312744140625
17,NCT00564200,9,-0.53271484375
17,NCT00843310,10,-0.60986328125
17,NCT00378755,11,-0.65185546875
17,NCT00002548,12,-0.65478515625
17,NCT00793572,13,-0.6806640625
17,NCT04466475,14,-0.701171875
17,NCT01548573,15,-0.72607421875
17,NCT00619684,16,-0.765625
17,NCT02204553,17,-0.80029296875
17,NCT01653418,18,-0.86083984375
17,NCT00499577,19,-0.91845703125
17,NCT03100877,20,-0.9248046875
17,NCT00003196,21,-0.97509765625
17,NCT01055301,22,-1.0673828125
17,NCT02353572,23,-1.1953125
17,NCT00004088,24,-1.232421875
17,NCT01264315,25,-1.287109375
17,NCT00441168,26,-1.3046875
17,NCT00028886,27,-1.310546875
17,NCT00948922,28,-1.328125
17,NCT01296503,29,-1.3330078125
17,NCT00083876,30,-1.3427734375
17,NCT00045136,31,-1.3505859375
17,NCT00586014,32,-1.3798828125
17,NCT00182663,33,-1.404296875
17,NCT00799539,34,-1.490234375
17,NCT02655458,35,-1.4921875
17,NCT03792620,36,-1.4921875
17,NCT00002630,37,-1.5341796875
17,NCT00008229,38,-1.56640625
17,NCT03143036,39,-1.59375
17,NCT02253316,40,-1.60546875
17,NCT01954784,41,-1.6796875
17,NCT01163357,42,-1.7021484375
17,NCT00083564,43,-1.7138671875
17,NCT01605032,44,-1.7158203125
17,NCT01134484,45,-1.7353515625
17,NCT00040937,46,-1.7421875
17,NCT02145715,47,-1.7421875
17,NCT01090921,48,-1.7861328125
17,NCT00064337,49,-1.796875
17,NCT01484626,50,-1.822265625
17,NCT02506959,51,-1.8515625
17,NCT03192397,52,-1.859375
17,NCT01936090,53,-1.978515625
17,NCT01554852,54,-1.9931640625
17,NCT03030261,55,-1.994140625
17,NCT00007995,56,-2.00390625
17,NCT00911859,57,-2.048828125
17,NCT00358020,58,-2.076171875
17,NCT02489500,59,-2.078125
17,NCT01527032,60,-2.091796875
17,NCT03896737,61,-2.09375
17,NCT02155634,62,-2.099609375
17,NCT02112175,63,-2.150390625
17,NCT01114282,64,-2.208984375
17,NCT00507416,65,-2.2265625
17,NCT01050790,66,-2.255859375
17,NCT01207765,67,-2.259765625
17,NCT00112827,68,-2.26953125
17,NCT00116961,69,-2.318359375
17,NCT04483206,70,-2.369140625
17,NCT00792142,71,-2.380859375
17,NCT00747877,72,-2.3828125
17,NCT00720603,73,-2.390625
17,NCT02045017,74,-2.435546875
17,NCT03417284,75,-2.44140625
17,NCT00536601,76,-2.447265625
17,NCT01142232,77,-2.455078125
17,NCT00981708,78,-2.46484375
17,NCT01063179,79,-2.470703125
17,NCT00570180,80,-2.48046875
17,NCT00334932,81,-2.5546875
17,NCT02728102,82,-2.58984375
17,NCT00706953,83,-2.619140625
17,NCT00406978,84,-2.646484375
17,NCT00504101,85,-2.7265625
17,NCT00135200,86,-2.7890625
17,NCT00602641,87,-2.814453125
17,NCT02135406,88,-2.81640625
17,NCT03430011,89,-2.89453125
17,NCT03695744,90,-2.958984375
17,NCT00306813,91,-3.0078125
17,NCT02342782,92,-3.052734375
17,NCT00006251,93,-3.060546875
17,NCT01842308,94,-3.109375
17,NCT00723658,95,-3.138671875
17,NCT00790647,96,-3.15625
17,NCT02545907,97,-3.27734375
17,NCT00014235,98,-3.279296875
17,NCT00882895,99,-3.353515625
17,NCT00477971,100,-3.5
18,NCT03955484,1,-3.421875
18,NCT02737241,2,-3.759765625
18,NCT00169767,3,-4.10546875
18,NCT01896973,4,-4.109375
18,NCT01931605,5,-4.16796875
18,NCT04339920,6,-4.17578125
18,NCT03991429,7,-4.2265625
18,NCT03428113,8,-4.27734375
18,NCT02687308,9,-4.3828125
18,NCT03043222,10,-4.39453125
18,NCT04726748,11,-4.4609375
18,NCT04595344,12,-4.55078125
18,NCT01771159,13,-4.6640625
18,NCT03713411,14,-4.734375
18,NCT00628615,15,-4.75
18,NCT04307537,16,-4.8828125
18,NCT00431626,17,-4.90625
18,NCT02193451,18,-4.93359375
18,NCT01494337,19,-4.97265625
18,NCT02806167,20,-5.01171875
18,NCT03061344,21,-5.0625
18,NCT03239951,22,-5.19140625
18,NCT04209192,23,-5.2265625
18,NCT02006303,24,-5.296875
18,NCT04715971,25,-5.3203125
18,NCT03108079,26,-5.34375
18,NCT00252941,27,-5.3515625
18,NCT03302936,28,-5.43359375
18,NCT02477241,29,-5.47265625
18,NCT03141372,30,-5.5
18,NCT02717975,31,-5.5078125
18,NCT00994825,32,-5.57421875
18,NCT01421719,33,-5.578125
18,NCT00422708,34,-5.5859375
18,NCT00804557,35,-5.61328125
18,NCT03498794,36,-5.65234375
18,NCT03066999,37,-5.70703125
18,NCT02591381,38,-5.70703125
18,NCT00564135,39,-5.71875
18,NCT01011777,40,-5.79296875
18,NCT01812772,41,-5.83203125
18,NCT02189291,42,-5.84375
18,NCT03339076,43,-5.859375
18,NCT00605319,44,-5.92578125
18,NCT03423979,45,-5.94921875
18,NCT02977832,46,-5.97265625
18,NCT00839969,47,-6.0234375
18,NCT02400034,48,-6.0234375
18,NCT02016248,49,-6.03125
18,NCT04763837,50,-6.03515625
18,NCT02326454,51,-6.05078125
18,NCT02244294,52,-6.078125
18,NCT01619735,53,-6.1484375
18,NCT00872495,54,-6.1484375
18,NCT02551783,55,-6.23828125
18,NCT02150083,56,-6.26953125
18,NCT01186237,57,-6.30078125
18,NCT00743184,58,-6.3515625
18,NCT04147793,59,-6.3515625
18,NCT02912624,60,-6.375
18,NCT04529369,61,-6.38671875
18,NCT04454970,62,-6.390625
18,NCT04359069,63,-6.39453125
18,NCT01777269,64,-6.39453125
18,NCT01597791,65,-6.41796875
18,NCT04846387,66,-6.421875
18,NCT03373773,67,-6.43359375
18,NCT00194636,68,-6.4375
18,NCT00924482,69,-6.44140625
18,NCT04555343,70,-6.44921875
18,NCT04688541,71,-6.4765625
18,NCT02713633,72,-6.48046875
18,NCT03335865,73,-6.484375
18,NCT02741531,74,-6.5
18,NCT03009968,75,-6.53125
18,NCT03314259,76,-6.5703125
18,NCT01800799,77,-6.578125
18,NCT03014726,78,-6.61328125
18,NCT04070898,79,-6.625
18,NCT03258658,80,-6.625
18,NCT03076762,81,-6.640625
18,NCT02823431,82,-6.65625
18,NCT01275261,83,-6.66015625
18,NCT03637582,84,-6.66796875
18,NCT03673202,85,-6.6796875
18,NCT02634619,86,-6.78515625
18,NCT00169754,87,-6.80859375
18,NCT02944825,88,-6.8359375
18,NCT01520441,89,-6.84375
18,NCT03499964,90,-6.86328125
18,NCT04731961,91,-7.0078125
18,NCT03163394,92,-7.046875
18,NCT03479931,93,-7.07421875
18,NCT01733290,94,-7.07421875
18,NCT01197248,95,-7.078125
18,NCT03702777,96,-7.09765625
18,NCT04087642,97,-7.1015625
18,NCT04516434,98,-7.140625
18,NCT03127280,99,-7.26171875
18,NCT03071211,100,-7.625
19,NCT01114269,1,-0.9091796875
19,NCT04162171,2,-1.4345703125
19,NCT00517023,3,-1.8525390625
19,NCT04595942,4,-2.05859375
19,NCT04533425,5,-2.119140625
19,NCT02301390,6,-2.173828125
19,NCT00925522,7,-2.244140625
19,NCT02886273,8,-2.33984375
19,NCT03779165,9,-2.62109375
19,NCT01084239,10,-2.927734375
19,NCT03583320,11,-2.939453125
19,NCT02848781,12,-3.001953125
19,NCT00005202,13,-3.125
19,NCT04540354,14,-3.12890625
19,NCT00721032,15,-3.1328125
19,NCT04747353,16,-3.25
19,NCT04632394,17,-3.28515625
19,NCT04757688,18,-3.333984375
19,NCT00919373,19,-3.404296875
19,NCT04694079,20,-3.484375
19,NCT03437408,21,-3.486328125
19,NCT00000518,22,-3.568359375
19,NCT03658759,23,-3.6015625
19,NCT03588286,24,-3.685546875
19,NCT00617578,25,-3.6875
19,NCT01170416,26,-3.72265625
19,NCT02830360,27,-3.759765625
19,NCT00825435,28,-3.767578125
19,NCT03528616,29,-3.806640625
19,NCT04124237,30,-3.86328125
19,NCT04246450,31,-3.966796875
19,NCT01767220,32,-4.171875
19,NCT04765943,33,-4.203125
19,NCT00487279,34,-4.2265625
19,NCT02686307,35,-4.265625
19,NCT03903744,36,-4.2734375
19,NCT04392193,37,-4.3203125
19,NCT04140019,38,-4.4140625
19,NCT03974412,39,-4.53125
19,NCT02216760,40,-4.53125
19,NCT02614235,41,-4.6171875
19,NCT02009982,42,-4.62890625
19,NCT00000531,43,-4.6328125
19,NCT00382928,44,-4.63671875
19,NCT01271816,45,-4.8359375
19,NCT00708786,46,-4.86328125
19,NCT04609436,47,-4.88671875
19,NCT01576042,48,-4.92578125
19,NCT02954666,49,-4.9765625
19,NCT00729703,50,-5.015625
19,NCT04691089,51,-5.0234375
19,NCT04798768,52,-5.03515625
19,NCT02498964,53,-5.06640625
19,NCT04159454,54,-5.171875
19,NCT00096902,55,-5.17578125
19,NCT02683174,56,-5.234375
19,NCT03833843,57,-5.2421875
19,NCT02786940,58,-5.2734375
19,NCT00733590,59,-5.296875
19,NCT00434564,60,-5.34375
19,NCT03388905,61,-5.35546875
19,NCT02344277,62,-5.37890625
19,NCT02373306,63,-5.41796875
19,NCT03720639,64,-5.49609375
19,NCT00295204,65,-5.609375
19,NCT03876652,66,-5.6328125
19,NCT03531502,67,-5.703125
19,NCT03992677,68,-5.70703125
19,NCT04575376,69,-5.73046875
19,NCT01137513,70,-5.80859375
19,NCT04856267,71,-5.83203125
19,NCT02167412,72,-5.84375
19,NCT00187291,73,-5.8671875
19,NCT02433379,74,-6.01953125
19,NCT02360397,75,-6.0390625
19,NCT02018497,76,-6.07421875
19,NCT04041778,77,-6.09375
19,NCT03421834,78,-6.171875
19,NCT04264182,79,-6.3203125
19,NCT01747837,80,-6.3828125
19,NCT02522364,81,-6.390625
19,NCT04755101,82,-6.43359375
19,NCT00187187,83,-6.44921875
19,NCT04529941,84,-6.578125
19,NCT03635996,85,-6.59765625
19,NCT04463524,86,-6.61328125
19,NCT02347111,87,-6.703125
19,NCT04449523,88,-6.703125
19,NCT00753233,89,-6.76171875
19,NCT02874937,90,-6.7734375
19,NCT03753139,91,-6.9765625
19,NCT03464019,92,-6.98828125
19,NCT04530149,93,-7.125
19,NCT03539302,94,-7.26953125
19,NCT00236158,95,-7.38671875
19,NCT00668759,96,-7.38671875
19,NCT00647257,97,-7.51171875
19,NCT02249195,98,-7.765625
19,NCT02462941,99,-7.7734375
19,NCT00093860,100,-8.0390625
20,NCT03819140,1,-2.4140625
20,NCT00494208,2,-3.064453125
20,NCT04701034,3,-3.2734375
20,NCT04803526,4,-3.40234375
20,NCT00463450,5,-3.60546875
20,NCT00117000,6,-3.71484375
20,NCT03395756,7,-4.07421875
20,NCT02052479,8,-4.28125
20,NCT00922233,9,-4.30078125
20,NCT00171886,10,-4.359375
20,NCT00915954,11,-4.42578125
20,NCT02855294,12,-4.48046875
20,NCT00627796,13,-4.53515625
20,NCT00461149,14,-4.5625
20,NCT01122342,15,-4.640625
20,NCT00175305,16,-4.671875
20,NCT03710499,17,-4.6796875
20,NCT02905994,18,-4.73046875
20,NCT04447872,19,-4.73046875
20,NCT00182091,20,-4.7421875
20,NCT04233632,21,-4.7734375
20,NCT00690898,22,-4.87890625
20,NCT03042026,23,-4.99609375
20,NCT03008824,24,-5.0078125
20,NCT01309919,25,-5.01953125
20,NCT00001860,26,-5.109375
20,NCT02897622,27,-5.1640625
20,NCT03986021,28,-5.1796875
20,NCT03041701,29,-5.22265625
20,NCT00799214,30,-5.296875
20,NCT03455764,31,-5.30859375
20,NCT00921609,32,-5.3671875
20,NCT01029275,33,-5.40625
20,NCT02379728,34,-5.41796875
20,NCT02769962,35,-5.42578125
20,NCT03860987,36,-5.5078125
20,NCT00447499,37,-5.53515625
20,NCT04339140,38,-5.57421875
20,NCT04428671,39,-5.60546875
20,NCT02141490,40,-5.609375
20,NCT01553071,41,-5.640625
20,NCT02047136,42,-5.67578125
20,NCT02185456,43,-5.6796875
20,NCT01775501,44,-5.703125
20,NCT00678132,45,-5.71875
20,NCT03141359,46,-5.734375
20,NCT01204476,47,-5.73828125
20,NCT03422809,48,-5.765625
20,NCT01311102,49,-5.7890625
20,NCT02696889,50,-5.8046875
20,NCT01051726,51,-5.84765625
20,NCT00376064,52,-5.8671875
20,NCT04556461,53,-5.87890625
20,NCT00111384,54,-5.88671875
20,NCT03459469,55,-5.890625
20,NCT00342706,56,-5.91796875
20,NCT02496663,57,-5.9296875
20,NCT03057509,58,-5.9375
20,NCT03252028,59,-5.9453125
20,NCT02503709,60,-5.95703125
20,NCT03529955,61,-5.96484375
20,NCT01599975,62,-6.0
20,NCT03092518,63,-6.01953125
20,NCT04750928,64,-6.02734375
20,NCT02400359,65,-6.02734375
20,NCT04134117,66,-6.0390625
20,NCT03018288,67,-6.0390625
20,NCT04487886,68,-6.078125
20,NCT02429375,69,-6.08984375
20,NCT02429349,70,-6.09765625
20,NCT02411734,71,-6.16015625
20,NCT01253317,72,-6.1796875
20,NCT03331250,73,-6.234375
20,NCT04559620,74,-6.25390625
20,NCT02649439,75,-6.2734375
20,NCT03719430,76,-6.29296875
20,NCT01553318,77,-6.29296875
20,NCT04407182,78,-6.296875
20,NCT03641326,79,-6.30859375
20,NCT00667498,80,-6.3125
20,NCT02693535,81,-6.33203125
20,NCT01893047,82,-6.33984375
20,NCT00878826,83,-6.38671875
20,NCT01540682,84,-6.390625
20,NCT03139916,85,-6.4375
20,NCT03877302,86,-6.4453125
20,NCT04329715,87,-6.51953125
20,NCT03336203,88,-6.53515625
20,NCT00498719,89,-6.6171875
20,NCT00182078,90,-6.80078125
20,NCT02546193,91,-6.82421875
20,NCT03882034,92,-6.82421875
20,NCT02201095,93,-6.87890625
20,NCT02316249,94,-6.8984375
20,NCT03015324,95,-6.94140625
20,NCT03380715,96,-6.95703125
20,NCT00044174,97,-6.984375
20,NCT02569437,98,-7.00390625
20,NCT02414529,99,-7.01171875
20,NCT04206319,100,-7.05078125
21,NCT00863642,1,-1.1396484375
21,NCT04750044,2,-1.3046875
21,NCT01758549,3,-1.3935546875
21,NCT04753255,4,-2.29296875
21,NCT04743323,5,-2.638671875
21,NCT00112333,6,-2.7265625
21,NCT02266199,7,-2.7265625
21,NCT01777893,8,-3.203125
21,NCT01768546,9,-3.365234375
21,NCT02396446,10,-3.40234375
21,NCT02463487,11,-3.57421875
21,NCT01118988,12,-3.69921875
21,NCT00298545,13,-3.779296875
21,NCT02159625,14,-3.8125
21,NCT03151863,15,-3.814453125
21,NCT02163044,16,-3.91796875
21,NCT04643873,17,-3.919921875
21,NCT01878019,18,-3.994140625
21,NCT03888235,19,-4.0390625
21,NCT00878605,20,-4.1015625
21,NCT01597232,21,-4.125
21,NCT04237181,22,-4.2578125
21,NCT03576430,23,-4.265625
21,NCT04236843,24,-4.28125
21,NCT01047800,25,-4.3359375
21,NCT01638611,26,-4.33984375
21,NCT04056000,27,-4.3671875
21,NCT02653664,28,-4.38671875
21,NCT01345643,29,-4.4140625
21,NCT02897622,30,-4.41796875
21,NCT03670719,31,-4.49609375
21,NCT01896609,32,-4.578125
21,NCT04129931,33,-4.64453125
21,NCT03278158,34,-4.6796875
21,NCT04613973,35,-4.7421875
21,NCT01979471,36,-4.75
21,NCT04342520,37,-4.79296875
21,NCT04444986,38,-4.80078125
21,NCT02781701,39,-4.8046875
21,NCT04601207,40,-4.83203125
21,NCT01952834,41,-4.84375
21,NCT00373074,42,-4.84765625
21,NCT01335763,43,-4.87109375
21,NCT01775501,44,-4.87890625
21,NCT02016248,45,-4.8828125
21,NCT04851639,46,-4.8984375
21,NCT04406194,47,-4.91015625
21,NCT02533999,48,-4.91796875
21,NCT04651959,49,-4.9453125
21,NCT04407000,50,-4.96484375
21,NCT00865111,51,-4.984375
21,NCT00953420,52,-5.00390625
21,NCT00863941,53,-5.01953125
21,NCT04400682,54,-5.0625
21,NCT00865410,55,-5.0625
21,NCT01109849,56,-5.0703125
21,NCT03213717,57,-5.07421875
21,NCT01314339,58,-5.0859375
21,NCT03232112,59,-5.0859375
21,NCT00682994,60,-5.1015625
21,NCT03948386,61,-5.11328125
21,NCT02284334,62,-5.11328125
21,NCT01687751,63,-5.1171875
21,NCT00865371,64,-5.125
21,NCT03336203,65,-5.125
21,NCT00865462,66,-5.12890625
21,NCT01553318,67,-5.140625
21,NCT01314352,68,-5.171875
21,NCT02132507,69,-5.1796875
21,NCT00339469,70,-5.19140625
21,NCT03961997,71,-5.2109375
21,NCT03018808,72,-5.21484375
21,NCT01431586,73,-5.2265625
21,NCT04230577,74,-5.33984375
21,NCT01599975,75,-5.34375
21,NCT02414529,76,-5.3828125
21,NCT03412708,77,-5.4140625
21,NCT02168205,78,-5.45703125
21,NCT04024553,79,-5.47265625
21,NCT03149692,80,-5.51171875
21,NCT02709837,81,-5.5390625
21,NCT00775151,82,-5.546875
21,NCT00367627,83,-5.55078125
21,NCT04253275,84,-5.5703125
21,NCT00653393,85,-5.640625
21,NCT04411927,86,-5.67578125
21,NCT03400488,87,-5.75390625
21,NCT00775905,88,-5.77734375
21,NCT01402011,89,-5.796875
21,NCT04473872,90,-5.859375
21,NCT02856113,91,-5.94921875
21,NCT03357042,92,-5.97265625
21,NCT03617926,93,-6.11328125
21,NCT01160536,94,-6.2890625
21,NCT04003701,95,-6.6484375
21,NCT00092937,96,-6.65234375
21,NCT01907334,97,-6.73046875
21,NCT03001050,98,-7.16015625
21,NCT00005669,99,-7.44921875
21,NCT01599546,100,-7.70703125
22,NCT02497183,1,-0.68798828125
22,NCT03591419,2,-0.9248046875
22,NCT04618666,3,-1.0908203125
22,NCT02156947,4,-1.1630859375
22,NCT03570398,5,-1.3076171875
22,NCT03521011,6,-1.318359375
22,NCT00413855,7,-1.5
22,NCT01203566,8,-1.59765625
22,NCT01726751,9,-1.7197265625
22,NCT03234296,10,-1.728515625
22,NCT03236961,11,-1.7470703125
22,NCT01096927,12,-1.8017578125
22,NCT02533869,13,-1.955078125
22,NCT00135603,14,-1.9560546875
22,NCT00997516,15,-2.216796875
22,NCT02800785,16,-2.23828125
22,NCT03791229,17,-2.26953125
22,NCT01356641,18,-2.59375
22,NCT02789865,19,-2.681640625
22,NCT02731924,20,-2.703125
22,NCT04693156,21,-2.783203125
22,NCT01825863,22,-2.791015625
22,NCT01308554,23,-2.802734375
22,NCT04271826,24,-2.822265625
22,NCT04849403,25,-2.82421875
22,NCT03159754,26,-2.837890625
22,NCT00677989,27,-2.896484375
22,NCT03577912,28,-2.8984375
22,NCT00485251,29,-2.921875
22,NCT03146091,30,-2.96875
22,NCT03017716,31,-3.01953125
22,NCT01260064,32,-3.052734375
22,NCT03045107,33,-3.083984375
22,NCT03792802,34,-3.0859375
22,NCT04688463,35,-3.095703125
22,NCT02594774,36,-3.154296875
22,NCT03939884,37,-3.18359375
22,NCT01652170,38,-3.20703125
22,NCT04281251,39,-3.275390625
22,NCT03954561,40,-3.3046875
22,NCT03323489,41,-3.3125
22,NCT04606485,42,-3.341796875
22,NCT04382209,43,-3.34375
22,NCT01921634,44,-3.373046875
22,NCT04030741,45,-3.375
22,NCT04730752,46,-3.38671875
22,NCT03522207,47,-3.4453125
22,NCT03338465,48,-3.451171875
22,NCT03087565,49,-3.5
22,NCT04249479,50,-3.6015625
22,NCT04373447,51,-3.603515625
22,NCT03826446,52,-3.63671875
22,NCT01067937,53,-3.6640625
22,NCT03754387,54,-3.681640625
22,NCT00654212,55,-3.685546875
22,NCT02297711,56,-3.7421875
22,NCT02566837,57,-3.787109375
22,NCT02667860,58,-3.79296875
22,NCT03947372,59,-3.81640625
22,NCT00133835,60,-3.818359375
22,NCT04368611,61,-3.8828125
22,NCT04308265,62,-3.908203125
22,NCT03106467,63,-3.9375
22,NCT04519086,64,-3.95703125
22,NCT02624089,65,-3.95703125
22,NCT04329143,66,-3.962890625
22,NCT02625272,67,-3.98828125
22,NCT00472134,68,-4.03125
22,NCT00863642,69,-4.12109375
22,NCT02848820,70,-4.13671875
22,NCT02941640,71,-4.16015625
22,NCT02149797,72,-4.1640625
22,NCT02712216,73,-4.29296875
22,NCT00625053,74,-4.3125
22,NCT03973983,75,-4.328125
22,NCT03580044,76,-4.35546875
22,NCT02511522,77,-4.36328125
22,NCT04571827,78,-4.44140625
22,NCT01715220,79,-4.44921875
22,NCT03732365,80,-4.5234375
22,NCT03366246,81,-4.546875
22,NCT04437043,82,-4.5546875
22,NCT00733603,83,-4.65625
22,NCT01482546,84,-4.6796875
22,NCT01678365,85,-4.68359375
22,NCT01631448,86,-4.69140625
22,NCT01492790,87,-4.73828125
22,NCT01190280,88,-4.796875
22,NCT03819309,89,-4.796875
22,NCT03519152,90,-4.84375
22,NCT02836860,91,-4.91015625
22,NCT04242576,92,-5.046875
22,NCT03980717,93,-5.06640625
22,NCT03902262,94,-5.21484375
22,NCT01069900,95,-5.29296875
22,NCT00467350,96,-5.4921875
22,NCT04559906,97,-5.79296875
22,NCT01864473,98,-6.22265625
22,NCT01474382,99,-6.34375
22,NCT03675152,100,-6.46484375
23,NCT00318708,1,0.94091796875
23,NCT04264377,2,-0.138916015625
23,NCT04322422,3,-0.466064453125
23,NCT00495157,4,-0.56298828125
23,NCT01961154,5,-0.671875
23,NCT00175565,6,-1.005859375
23,NCT02218762,7,-1.29296875
23,NCT03237221,8,-1.341796875
23,NCT01576718,9,-1.4091796875
23,NCT00565266,10,-1.4931640625
23,NCT00187499,11,-1.6240234375
23,NCT02135718,12,-1.708984375
23,NCT01397201,13,-1.7607421875
23,NCT01397162,14,-1.9794921875
23,NCT01396278,15,-2.025390625
23,NCT00497237,16,-2.041015625
23,NCT03705325,17,-2.04296875
23,NCT02294279,18,-2.048828125
23,NCT02031640,19,-2.060546875
23,NCT01772368,20,-2.134765625
23,NCT04129931,21,-2.1875
23,NCT03676413,22,-2.197265625
23,NCT03788057,23,-2.20703125
23,NCT00452348,24,-2.2109375
23,NCT02181335,25,-2.212890625
23,NCT02233803,26,-2.21484375
23,NCT02924688,27,-2.22265625
23,NCT03299322,28,-2.22265625
23,NCT00784758,29,-2.236328125
23,NCT01296087,30,-2.25390625
23,NCT01978119,31,-2.291015625
23,NCT00278083,32,-2.3046875
23,NCT03835871,33,-2.37890625
23,NCT00603278,34,-2.37890625
23,NCT02175771,35,-2.380859375
23,NCT02502890,36,-2.388671875
23,NCT03387241,37,-2.396484375
23,NCT00603746,38,-2.3984375
23,NCT00655616,39,-2.400390625
23,NCT00555607,40,-2.40625
23,NCT01224691,41,-2.40625
23,NCT03207243,42,-2.4453125
23,NCT00398645,43,-2.447265625
23,NCT02141854,44,-2.451171875
23,NCT01634113,45,-2.482421875
23,NCT02301975,46,-2.486328125
23,NCT01978145,47,-2.513671875
23,NCT00214552,48,-2.525390625
23,NCT00296491,49,-2.54296875
23,NCT02703467,50,-2.544921875
23,NCT02113436,51,-2.60546875
23,NCT02730351,52,-2.607421875
23,NCT02257372,53,-2.7109375
23,NCT02040779,54,-2.71484375
23,NCT00784485,55,-2.71875
23,NCT00819676,56,-2.728515625
23,NCT02833480,57,-2.80078125
23,NCT00452699,58,-2.830078125
23,NCT02139644,59,-2.84765625
23,NCT01498679,60,-2.857421875
23,NCT01270958,61,-2.8671875
23,NCT02040766,62,-2.92578125
23,NCT01498653,63,-2.95703125
23,NCT00442117,64,-2.9765625
23,NCT00379288,65,-2.986328125
23,NCT03834012,66,-3.009765625
23,NCT01686633,67,-3.033203125
23,NCT01822899,68,-3.03515625
23,NCT02889809,69,-3.0390625
23,NCT00801853,70,-3.041015625
23,NCT02094937,71,-3.041015625
23,NCT00448851,72,-3.08203125
23,NCT02649478,73,-3.103515625
23,NCT03363191,74,-3.123046875
23,NCT02767973,75,-3.1328125
23,NCT01687283,76,-3.14453125
23,NCT02257385,77,-3.236328125
23,NCT01500525,78,-3.326171875
23,NCT01879410,79,-3.46484375
23,NCT01817764,80,-3.482421875
23,NCT00383240,81,-3.494140625
23,NCT02236611,82,-3.49609375
23,NCT00473460,83,-3.498046875
23,NCT00471809,84,-3.51171875
23,NCT03299673,85,-3.54296875
23,NCT00519636,86,-3.587890625
23,NCT00395304,87,-3.607421875
23,NCT02340520,88,-3.638671875
23,NCT00394329,89,-3.669921875
23,NCT00539006,90,-3.671875
23,NCT00381485,91,-3.740234375
23,NCT01899144,92,-3.748046875
23,NCT00634517,93,-3.892578125
23,NCT03292588,94,-3.98828125
23,NCT01653483,95,-4.046875
23,NCT01553318,96,-4.40625
23,NCT00839189,97,-4.40625
23,NCT03046433,98,-4.47265625
23,NCT01907334,99,-4.52734375
23,NCT02066129,100,-4.91015625
24,NCT03955484,1,4.1015625
24,NCT02808013,2,0.86328125
24,NCT02505919,3,0.525390625
24,NCT04807569,4,0.489501953125
24,NCT00431626,5,0.485107421875
24,NCT00687388,6,0.359130859375
24,NCT01604811,7,0.345458984375
24,NCT01457573,8,0.278076171875
24,NCT01661621,9,0.2462158203125
24,NCT03055624,10,0.004367828369140625
24,NCT03758222,11,-0.01983642578125
24,NCT03448510,12,-0.050933837890625
24,NCT02167009,13,-0.12890625
24,NCT03305861,14,-0.13623046875
24,NCT03264482,15,-0.400146484375
24,NCT00947882,16,-0.402587890625
24,NCT00743184,17,-0.583984375
24,NCT01260129,18,-0.83544921875
24,NCT02167919,19,-0.95166015625
24,NCT01789840,20,-0.9755859375
24,NCT02431754,21,-0.9931640625
24,NCT00709488,22,-1.021484375
24,NCT02786290,23,-1.1455078125
24,NCT03179228,24,-1.1494140625
24,NCT00939120,25,-1.1650390625
24,NCT01966614,26,-1.1728515625
24,NCT01967251,27,-1.2431640625
24,NCT01018511,28,-1.2734375
24,NCT00889707,29,-1.4228515625
24,NCT04309695,30,-1.4697265625
24,NCT02326454,31,-1.48828125
24,NCT00696761,32,-1.501953125
24,NCT03372096,33,-1.5625
24,NCT04161183,34,-1.615234375
24,NCT02410135,35,-1.6240234375
24,NCT02757768,36,-1.6494140625
24,NCT00540891,37,-2.095703125
24,NCT00435448,38,-2.15625
24,NCT00918034,39,-2.1796875
24,NCT03270384,40,-2.212890625
24,NCT00481689,41,-2.3046875
24,NCT00827814,42,-2.380859375
24,NCT03395522,43,-2.7109375
24,NCT03788967,44,-3.14453125
24,NCT01912339,45,-3.158203125
24,NCT04131907,46,-3.251953125
24,NCT01534793,47,-3.37890625
24,NCT01716104,48,-3.3828125
24,NCT01657409,49,-3.427734375
24,NCT00918983,50,-3.5390625
24,NCT03605745,51,-3.572265625
24,NCT00694551,52,-3.634765625
24,NCT00972309,53,-3.66015625
24,NCT02943070,54,-3.68359375
24,NCT01775488,55,-3.6953125
24,NCT02524236,56,-3.740234375
24,NCT03994263,57,-3.7421875
24,NCT01896973,58,-3.751953125
24,NCT03503721,59,-3.810546875
24,NCT03840811,60,-3.853515625
24,NCT00237536,61,-3.927734375
24,NCT00527488,62,-3.97265625
24,NCT02506465,63,-4.0390625
24,NCT00962390,64,-4.125
24,NCT00701779,65,-4.14453125
24,NCT04032067,66,-4.2578125
24,NCT00090103,67,-4.37890625
24,NCT02283684,68,-4.44921875
24,NCT03297398,69,-4.44921875
24,NCT03912558,70,-4.48828125
24,NCT03373006,71,-4.50390625
24,NCT04758247,72,-4.6171875
24,NCT02855892,73,-4.67578125
24,NCT03902080,74,-4.67578125
24,NCT01673490,75,-4.6875
24,NCT00004054,76,-4.765625
24,NCT02940392,77,-4.78515625
24,NCT02820155,78,-4.84765625
24,NCT01249222,79,-4.87890625
24,NCT02006303,80,-4.89453125
24,NCT00005072,81,-4.921875
24,NCT03014726,82,-5.06640625
24,NCT01294592,83,-5.10546875
24,NCT00002602,84,-5.12890625
24,NCT01411319,85,-5.21484375
24,NCT03423979,86,-5.2265625
24,NCT01931046,87,-5.37109375
24,NCT00381108,88,-5.41796875
24,NCT02004964,89,-5.578125
24,NCT03577236,90,-5.59375
24,NCT03246802,91,-5.625
24,NCT02058368,92,-5.78515625
24,NCT03042312,93,-5.91015625
24,NCT00603304,94,-5.91015625
24,NCT03784794,95,-5.91796875
24,NCT02145208,96,-6.046875
24,NCT01410565,97,-6.078125
24,NCT01469221,98,-6.15234375
24,NCT03595735,99,-6.1875
24,NCT03057314,100,-6.484375
25,NCT02701244,1,-2.86328125
25,NCT03878342,2,-3.259765625
25,NCT00128362,3,-3.453125
25,NCT02907918,4,-3.544921875
25,NCT01757327,5,-3.626953125
25,NCT04852887,6,-3.75
25,NCT04301375,7,-3.76171875
25,NCT01352091,8,-3.796875
25,NCT00581529,9,-3.8125
25,NCT04578106,10,-3.87890625
25,NCT04595565,11,-3.97265625
25,NCT02489617,12,-4.05078125
25,NCT03616626,13,-4.16015625
25,NCT01349322,14,-4.171875
25,NCT04084730,15,-4.19140625
25,NCT01670877,16,-4.21484375
25,NCT00902954,17,-4.21875
25,NCT01982448,18,-4.27734375
25,NCT02685332,19,-4.33984375
25,NCT00493649,20,-4.375
25,NCT04722718,21,-4.375
25,NCT04266249,22,-4.39453125
25,NCT02750826,23,-4.43359375
25,NCT01203839,24,-4.52734375
25,NCT03437837,25,-4.56640625
25,NCT03460067,26,-4.56640625
25,NCT02564848,27,-4.57421875
25,NCT00789581,28,-4.57421875
25,NCT03391388,29,-4.58984375
25,NCT03581136,30,-4.58984375
25,NCT02926911,31,-4.60546875
25,NCT01766297,32,-4.640625
25,NCT02441933,33,-4.66015625
25,NCT02515110,34,-4.67578125
25,NCT01853748,35,-4.68359375
25,NCT00016432,36,-4.70703125
25,NCT01818999,37,-4.72265625
25,NCT00103181,38,-4.73046875
25,NCT01953588,39,-4.73828125
25,NCT02926196,40,-4.73828125
25,NCT00374322,41,-4.74609375
25,NCT04040569,42,-4.77734375
25,NCT03647631,43,-4.7890625
25,NCT03940248,44,-4.80078125
25,NCT01839838,45,-4.8046875
25,NCT01082211,46,-4.80859375
25,NCT02876640,47,-4.8125
25,NCT02453737,48,-4.8125
25,NCT03505372,49,-4.8125
25,NCT01008150,50,-4.84765625
25,NCT00003830,51,-4.85546875
25,NCT01872975,52,-4.85546875
25,NCT00093795,53,-4.87890625
25,NCT01646346,54,-4.890625
25,NCT03812393,55,-4.89453125
25,NCT01901094,56,-4.92578125
25,NCT04425018,57,-4.9296875
25,NCT00130533,58,-4.9296875
25,NCT02700386,59,-4.93359375
25,NCT01278212,60,-4.95703125
25,NCT00493870,61,-4.9609375
25,NCT01245712,62,-5.015625
25,NCT00265759,63,-5.015625
25,NCT03437395,64,-5.03515625
25,NCT00004067,65,-5.0390625
25,NCT02954874,66,-5.046875
25,NCT00324259,67,-5.046875
25,NCT03281954,68,-5.05859375
25,NCT00087178,69,-5.05859375
25,NCT00050167,70,-5.06640625
25,NCT01272037,71,-5.08203125
25,NCT00382070,72,-5.12109375
25,NCT00009945,73,-5.15234375
25,NCT00952731,74,-5.15234375
25,NCT00325598,75,-5.1875
25,NCT01368263,76,-5.1875
25,NCT01674140,77,-5.19921875
25,NCT03587740,78,-5.20703125
25,NCT04046159,79,-5.21875
25,NCT04457596,80,-5.2265625
25,NCT00038402,81,-5.2578125
25,NCT02957968,82,-5.26171875
25,NCT00005970,83,-5.30078125
25,NCT04569747,84,-5.3203125
25,NCT03285412,85,-5.35546875
25,NCT01509963,86,-5.3828125
25,NCT00041119,87,-5.39453125
25,NCT00119262,88,-5.40625
25,NCT01697293,89,-5.46484375
25,NCT00925652,90,-5.46875
25,NCT01642771,91,-5.5078125
25,NCT00394251,92,-5.5234375
25,NCT04185311,93,-5.609375
25,NCT02131064,94,-5.62890625
25,NCT04313075,95,-5.66015625
25,NCT00433511,96,-5.6796875
25,NCT00882089,97,-5.6953125
25,NCT02141490,98,-5.84375
25,NCT04443348,99,-5.984375
25,NCT01009437,100,-5.99609375
26,NCT02146521,1,1.78125
26,NCT02682368,2,-1.279296875
26,NCT01373372,3,-1.7255859375
26,NCT02731924,4,-1.728515625
26,NCT01602575,5,-1.8037109375
26,NCT00863642,6,-2.12890625
26,NCT02806297,7,-2.30078125
26,NCT03323489,8,-2.427734375
26,NCT02156947,9,-2.58203125
26,NCT00274170,10,-2.6171875
26,NCT03981315,11,-2.62109375
26,NCT00161083,12,-2.908203125
26,NCT03591419,13,-2.970703125
26,NCT01190280,14,-2.99609375
26,NCT00738621,15,-3.001953125
26,NCT00413855,16,-3.03125
26,NCT02833103,17,-3.189453125
26,NCT03999333,18,-3.19140625
26,NCT04329143,19,-3.212890625
26,NCT04693156,20,-3.224609375
26,NCT04033822,21,-3.357421875
26,NCT02067520,22,-3.373046875
26,NCT04368611,23,-3.384765625
26,NCT01492790,24,-3.5078125
26,NCT04350346,25,-3.583984375
26,NCT02347280,26,-3.62890625
26,NCT04308265,27,-3.6328125
26,NCT00586313,28,-3.8359375
26,NCT00553059,29,-3.8515625
26,NCT02472509,30,-3.8828125
26,NCT04373447,31,-3.900390625
26,NCT01887184,32,-4.046875
26,NCT04688463,33,-4.12109375
26,NCT02590978,34,-4.34375
26,NCT03883464,35,-4.47265625
26,NCT02897622,36,-4.5
26,NCT01203566,37,-4.5
26,NCT00557453,38,-4.60546875
26,NCT01119833,39,-4.6640625
26,NCT03240081,40,-4.75
26,NCT04368195,41,-4.796875
26,NCT04324515,42,-4.8046875
26,NCT01472978,43,-4.8828125
26,NCT02950480,44,-4.8984375
26,NCT00733603,45,-4.9140625
26,NCT01715220,46,-4.94921875
26,NCT04461327,47,-4.95703125
26,NCT02776202,48,-4.98046875
26,NCT03948594,49,-4.98046875
26,NCT01485926,50,-5.2890625
26,NCT03176459,51,-5.3203125
26,NCT04030741,52,-5.4296875
26,NCT00682565,53,-5.4453125
26,NCT03613649,54,-5.4765625
26,NCT02069366,55,-5.51953125
26,NCT02743364,56,-5.59765625
26,NCT01553318,57,-5.6015625
26,NCT01311102,58,-5.62890625
26,NCT04134117,59,-5.62890625
26,NCT03404167,60,-5.65625
26,NCT01719705,61,-5.68359375
26,NCT04731961,62,-5.6953125
26,NCT02511522,63,-5.69921875
26,NCT03527186,64,-5.75390625
26,NCT02099006,65,-5.7578125
26,NCT04609709,66,-5.7890625
26,NCT03529955,67,-5.81640625
26,NCT03869788,68,-5.8359375
26,NCT04530149,69,-5.8515625
26,NCT03141359,70,-5.8828125
26,NCT02836860,71,-5.91796875
26,NCT02498964,72,-5.95703125
26,NCT04437043,73,-5.99609375
26,NCT02769962,74,-6.0078125
26,NCT03877302,75,-6.0546875
26,NCT03922490,76,-6.11328125
26,NCT03533322,77,-6.1484375
26,NCT04555499,78,-6.15625
26,NCT00468858,79,-6.234375
26,NCT00684242,80,-6.24609375
26,NCT04592549,81,-6.26171875
26,NCT02533999,82,-6.33203125
26,NCT02838394,83,-6.3359375
26,NCT00182078,84,-6.35546875
26,NCT03336203,85,-6.4140625
26,NCT03751423,86,-6.44921875
26,NCT03473639,87,-6.5390625
26,NCT01893047,88,-6.5859375
26,NCT00504010,89,-6.58984375
26,NCT00326443,90,-6.65234375
26,NCT00342706,91,-6.78515625
26,NCT01599975,92,-6.7890625
26,NCT00666380,93,-6.79296875
26,NCT04003701,94,-6.8125
26,NCT02569437,95,-6.953125
26,NCT04316793,96,-7.078125
26,NCT00443131,97,-7.1171875
26,NCT03665142,98,-7.125
26,NCT04133480,99,-7.34375
26,NCT03380715,100,-7.55859375
27,NCT02874066,1,2.43359375
27,NCT03420300,2,2.330078125
27,NCT01197157,3,1.4541015625
27,NCT03520660,4,1.2529296875
27,NCT02124044,5,1.0390625
27,NCT01185028,6,0.9677734375
27,NCT01805882,7,0.77197265625
27,NCT00980161,8,0.7333984375
27,NCT03341988,9,0.65478515625
27,NCT00179413,10,0.62939453125
27,NCT01732796,11,0.44775390625
27,NCT00275938,12,0.4306640625
27,NCT01648140,13,0.297607421875
27,NCT01195181,14,0.1544189453125
27,NCT01608737,15,0.12017822265625
27,NCT03296930,16,0.09088134765625
27,NCT00001729,17,-0.0025691986083984375
27,NCT01858961,18,-0.047027587890625
27,NCT00502970,19,-0.10589599609375
27,NCT02825212,20,-0.2039794921875
27,NCT00310336,21,-0.260986328125
27,NCT01336010,22,-0.35107421875
27,NCT00143000,23,-0.426025390625
27,NCT00973219,24,-0.431884765625
27,NCT00735969,25,-0.4326171875
27,NCT02483156,26,-0.453369140625
27,NCT01297270,27,-0.474609375
27,NCT02734173,28,-0.51171875
27,NCT01343888,29,-0.61865234375
27,NCT01995266,30,-0.7314453125
27,NCT03458481,31,-0.76416015625
27,NCT01455090,32,-0.78662109375
27,NCT00300807,33,-0.78759765625
27,NCT00028275,34,-0.802734375
27,NCT01441180,35,-0.83740234375
27,NCT02397395,36,-0.84521484375
27,NCT01949168,37,-1.0146484375
27,NCT03593447,38,-1.0234375
27,NCT00382798,39,-1.0380859375
27,NCT02634008,40,-1.08984375
27,NCT00039962,41,-1.1416015625
27,NCT01391117,42,-1.146484375
27,NCT00630084,43,-1.1513671875
27,NCT02646163,44,-1.1552734375
27,NCT00489385,45,-1.21875
27,NCT00446134,46,-1.2587890625
27,NCT01890200,47,-1.26171875
27,NCT02340962,48,-1.2900390625
27,NCT01878799,49,-1.306640625
27,NCT00040027,50,-1.3154296875
27,NCT01500616,51,-1.328125
27,NCT04070235,52,-1.369140625
27,NCT01605513,53,-1.3759765625
27,NCT01896609,54,-1.404296875
27,NCT00834860,55,-1.419921875
27,NCT01937728,56,-1.4404296875
27,NCT00629824,57,-1.486328125
27,NCT01443923,58,-1.5
27,NCT01899092,59,-1.505859375
27,NCT02060058,60,-1.5908203125
27,NCT01636778,61,-1.595703125
27,NCT00803309,62,-1.6279296875
27,NCT04155515,63,-1.634765625
27,NCT01750515,64,-1.634765625
27,NCT00629967,65,-1.640625
27,NCT01465516,66,-1.69140625
27,NCT00540345,67,-1.7392578125
27,NCT00686777,68,-1.7919921875
27,NCT00225537,69,-1.8154296875
27,NCT02888106,70,-1.8193359375
27,NCT02349048,71,-1.833984375
27,NCT02262728,72,-1.8349609375
27,NCT02371408,73,-1.9560546875
27,NCT00188240,74,-1.9970703125
27,NCT01579474,75,-2.07421875
27,NCT00207311,76,-2.078125
27,NCT00085917,77,-2.08984375
27,NCT01273948,78,-2.177734375
27,NCT02973503,79,-2.3046875
27,NCT00854802,80,-2.3671875
27,NCT00226382,81,-2.396484375
27,NCT03496233,82,-2.439453125
27,NCT01353911,83,-2.484375
27,NCT01623336,84,-2.509765625
27,NCT00117533,85,-2.513671875
27,NCT02118012,86,-2.529296875
27,NCT02641379,87,-2.642578125
27,NCT01498068,88,-2.82421875
27,NCT02099604,89,-2.830078125
27,NCT03852433,90,-2.869140625
27,NCT00221286,91,-2.904296875
27,NCT01833845,92,-2.947265625
27,NCT00441584,93,-2.974609375
27,NCT00154869,94,-3.0703125
27,NCT00882193,95,-3.251953125
27,NCT02940496,96,-4.96484375
27,NCT01368497,97,-5.3125
27,NCT03482102,98,-5.5625
27,NCT04365868,99,-5.62890625
27,NCT00958724,100,-6.18359375
28,NCT00461162,1,-1.564453125
28,NCT00883584,2,-1.7392578125
28,NCT04186286,3,-2.400390625
28,NCT00117182,4,-3.0703125
28,NCT03781895,5,-3.556640625
28,NCT01160536,6,-3.603515625
28,NCT03135860,7,-4.07421875
28,NCT03024723,8,-4.1328125
28,NCT04142957,9,-4.18359375
28,NCT01627925,10,-4.24609375
28,NCT02014480,11,-4.3515625
28,NCT00394329,12,-4.44921875
28,NCT03317262,13,-4.4609375
28,NCT01782326,14,-4.546875
28,NCT02490358,15,-4.578125
28,NCT01907334,16,-4.6640625
28,NCT02498964,17,-4.72265625
28,NCT03645434,18,-4.7734375
28,NCT02975843,19,-4.8046875
28,NCT00478738,20,-4.83984375
28,NCT01419158,21,-4.8515625
28,NCT03788057,22,-4.87109375
28,NCT02207452,23,-4.90234375
28,NCT01521390,24,-4.96875
28,NCT02864342,25,-4.9765625
28,NCT04264377,26,-5.04296875
28,NCT00819676,27,-5.0546875
28,NCT01013948,28,-5.0703125
28,NCT02203474,29,-5.0859375
28,NCT01772147,30,-5.109375
28,NCT00555607,31,-5.21875
28,NCT04342520,32,-5.2265625
28,NCT01110200,33,-5.23046875
28,NCT00674817,34,-5.26953125
28,NCT01978145,35,-5.29296875
28,NCT00848406,36,-5.296875
28,NCT01345643,37,-5.30078125
28,NCT03498053,38,-5.3046875
28,NCT03368365,39,-5.3515625
28,NCT01772134,40,-5.35546875
28,NCT01636713,41,-5.3671875
28,NCT02411734,42,-5.4375
28,NCT04129931,43,-5.453125
28,NCT00441701,44,-5.46484375
28,NCT03243760,45,-5.46484375
28,NCT02786927,46,-5.515625
28,NCT00382447,47,-5.546875
28,NCT01811069,48,-5.56640625
28,NCT04056000,49,-5.59375
28,NCT02257372,50,-5.625
28,NCT02730351,51,-5.640625
28,NCT04236843,52,-5.69921875
28,NCT02814656,53,-5.70703125
28,NCT01896609,54,-5.7265625
28,NCT01899742,55,-5.7265625
28,NCT02887911,56,-5.734375
28,NCT01500525,57,-5.75390625
28,NCT02573870,58,-5.8515625
28,NCT01921894,59,-5.87109375
28,NCT00682994,60,-5.87890625
28,NCT01879410,61,-5.91015625
28,NCT02340520,62,-5.93359375
28,NCT03336203,63,-5.99609375
28,NCT00731822,64,-6.0078125
28,NCT02299375,65,-6.01171875
28,NCT02266199,66,-6.015625
28,NCT01822899,67,-6.0234375
28,NCT01817764,68,-6.05859375
28,NCT03643874,69,-6.08203125
28,NCT00863941,70,-6.11328125
28,NCT01952834,71,-6.125
28,NCT00473460,72,-6.12890625
28,NCT04529499,73,-6.140625
28,NCT03012061,74,-6.15625
28,NCT02094937,75,-6.16796875
28,NCT01314339,76,-6.18359375
28,NCT00865462,77,-6.2265625
28,NCT00865410,78,-6.27734375
28,NCT00865371,79,-6.3046875
28,NCT00865111,80,-6.30859375
28,NCT00775151,81,-6.30859375
28,NCT02275052,82,-6.33203125
28,NCT01314352,83,-6.421875
28,NCT02543905,84,-6.49609375
28,NCT00653393,85,-6.50390625
28,NCT03670719,86,-6.51171875
28,NCT02897622,87,-6.53125
28,NCT03357042,88,-6.54296875
28,NCT02414529,89,-6.58203125
28,NCT02534064,90,-6.58984375
28,NCT00975546,91,-6.609375
28,NCT04786990,92,-6.6328125
28,NCT01599975,93,-6.70703125
28,NCT00723567,94,-6.78515625
28,NCT02653664,95,-6.8125
28,NCT00775905,96,-6.86328125
28,NCT00367627,97,-6.9921875
28,NCT03149692,98,-7.08203125
28,NCT00092937,99,-7.43359375
28,NCT01599546,100,-7.6484375
29,NCT03040414,1,2.412109375
29,NCT02092051,2,2.212890625
29,NCT00663624,3,1.5693359375
29,NCT01845831,4,1.2119140625
29,NCT00590226,5,1.1533203125
29,NCT01798238,6,0.7900390625
29,NCT01269008,7,0.7001953125
29,NCT01178476,8,0.6962890625
29,NCT00582309,9,0.611328125
29,NCT00789945,10,0.44189453125
29,NCT01919489,11,0.411865234375
29,NCT01705899,12,0.27490234375
29,NCT00596687,13,0.244140625
29,NCT00979628,14,0.20849609375
29,NCT01939834,15,0.1553955078125
29,NCT01469715,16,0.0850830078125
29,NCT01714505,17,0.0802001953125
29,NCT04190277,18,-0.028533935546875
29,NCT01805830,19,-0.08087158203125
29,NCT01578980,20,-0.1619873046875
29,NCT01582139,21,-0.1878662109375
29,NCT03526536,22,-0.2255859375
29,NCT01645696,23,-0.23486328125
29,NCT01468987,24,-0.2469482421875
29,NCT01697150,25,-0.247802734375
29,NCT00590044,26,-0.265380859375
29,NCT01742741,27,-0.27294921875
29,NCT01839370,28,-0.275634765625
29,NCT01335763,29,-0.30126953125
29,NCT01727817,30,-0.33837890625
29,NCT01203111,31,-0.36328125
29,NCT03899402,32,-0.387451171875
29,NCT00069784,33,-0.3896484375
29,NCT01792830,34,-0.407958984375
29,NCT03700801,35,-0.427734375
29,NCT02836704,36,-0.45263671875
29,NCT01481779,37,-0.460693359375
29,NCT00394407,38,-0.495361328125
29,NCT00975286,39,-0.5224609375
29,NCT02438189,40,-0.5478515625
29,NCT01890954,41,-0.55908203125
29,NCT01823341,42,-0.58154296875
29,NCT03107208,43,-0.587890625
29,NCT01249677,44,-0.59765625
29,NCT02987738,45,-0.68896484375
29,NCT04061746,46,-0.69921875
29,NCT02746432,47,-0.703125
29,NCT03279263,48,-0.7314453125
29,NCT02500979,49,-0.74853515625
29,NCT02520050,50,-0.75634765625
29,NCT00607087,51,-0.80712890625
29,NCT03881995,52,-0.80908203125
29,NCT03001323,53,-0.87646484375
29,NCT02558491,54,-0.92578125
29,NCT02714972,55,-0.94775390625
29,NCT01378117,56,-0.97607421875
29,NCT01591681,57,-1.013671875
29,NCT02302963,58,-1.013671875
29,NCT01591902,59,-1.111328125
29,NCT01014832,60,-1.2177734375
29,NCT02455076,61,-1.224609375
29,NCT04834362,62,-1.23828125
29,NCT03043131,63,-1.28125
29,NCT03798080,64,-1.345703125
29,NCT00797069,65,-1.373046875
29,NCT03336528,66,-1.44921875
29,NCT01270191,67,-1.466796875
29,NCT02004366,68,-1.46875
29,NCT00760344,69,-1.52734375
29,NCT04460326,70,-1.5615234375
29,NCT03686657,71,-1.580078125
29,NCT02222623,72,-1.6259765625
29,NCT03344341,73,-1.6435546875
29,NCT02597309,74,-1.650390625
29,NCT02250794,75,-1.7041015625
29,NCT03798054,76,-1.763671875
29,NCT03349840,77,-1.826171875
29,NCT00287456,78,-1.8310546875
29,NCT03565666,79,-1.8330078125
29,NCT04315350,80,-1.888671875
29,NCT02752412,81,-1.8994140625
29,NCT02856113,82,-1.9345703125
29,NCT00976391,83,-1.9697265625
29,NCT01722578,84,-1.998046875
29,NCT00115570,85,-2.08203125
29,NCT01353391,86,-2.115234375
29,NCT04604223,87,-2.115234375
29,NCT01952834,88,-2.341796875
29,NCT04112069,89,-2.353515625
29,NCT01535612,90,-2.365234375
29,NCT00306072,91,-2.376953125
29,NCT01002547,92,-2.48046875
29,NCT00667498,93,-2.4921875
29,NCT00287430,94,-2.5078125
29,NCT02414529,95,-2.58203125
29,NCT03336203,96,-2.8515625
29,NCT01371747,97,-2.99609375
29,NCT01553318,98,-3.1796875
29,NCT00603447,99,-3.56640625
29,NCT01208649,100,-3.5703125
30,NCT03548103,1,-2.98046875
30,NCT04795947,2,-3.060546875
30,NCT00565864,3,-3.17578125
30,NCT04803474,4,-3.67578125
30,NCT01276782,5,-3.830078125
30,NCT04613323,6,-3.853515625
30,NCT01760421,7,-3.85546875
30,NCT04249271,8,-3.943359375
30,NCT02567877,9,-4.05078125
30,NCT01335802,10,-4.09375
30,NCT00439127,11,-4.12109375
30,NCT02725879,12,-4.140625
30,NCT00818896,13,-4.26171875
30,NCT01465867,14,-4.265625
30,NCT04701034,15,-4.38671875
30,NCT01379170,16,-4.39453125
30,NCT04119206,17,-4.40234375
30,NCT00106119,18,-4.41015625
30,NCT02411253,19,-4.41796875
30,NCT03106935,20,-4.41796875
30,NCT03754621,21,-4.43359375
30,NCT00497575,22,-4.484375
30,NCT04860622,23,-4.52734375
30,NCT04470440,24,-4.55078125
30,NCT02126683,25,-4.58984375
30,NCT01486667,26,-4.609375
30,NCT03281083,27,-4.61328125
30,NCT00328926,28,-4.69921875
30,NCT02399475,29,-4.71484375
30,NCT04236232,30,-4.71875
30,NCT03986021,31,-4.765625
30,NCT03905603,32,-4.80859375
30,NCT02644707,33,-4.82421875
30,NCT04565873,34,-4.8359375
30,NCT02645786,35,-4.87109375
30,NCT02548715,36,-4.90625
30,NCT00924287,37,-4.96484375
30,NCT02013479,38,-4.96875
30,NCT03283813,39,-4.9921875
30,NCT01832753,40,-4.99609375
30,NCT02393183,41,-5.0
30,NCT04573907,42,-5.0
30,NCT00111735,43,-5.0078125
30,NCT04178928,44,-5.04296875
30,NCT01428089,45,-5.08203125
30,NCT00606957,46,-5.1484375
30,NCT00604825,47,-5.15625
30,NCT03905941,48,-5.19921875
30,NCT02168660,49,-5.21875
30,NCT04364087,50,-5.25390625
30,NCT04447872,51,-5.2578125
30,NCT02750826,52,-5.296875
30,NCT00172107,53,-5.3203125
30,NCT03699098,54,-5.35546875
30,NCT01097083,55,-5.421875
30,NCT02467244,56,-5.43359375
30,NCT01998763,57,-5.4453125
30,NCT03377218,58,-5.4453125
30,NCT00497458,59,-5.45703125
30,NCT01925820,60,-5.46484375
30,NCT01773772,61,-5.5234375
30,NCT03860987,62,-5.52734375
30,NCT00388297,63,-5.5625
30,NCT03641638,64,-5.59375
30,NCT00567554,65,-5.6015625
30,NCT02696889,66,-5.62890625
30,NCT00150111,67,-5.640625
30,NCT01485926,68,-5.671875
30,NCT03987854,69,-5.70703125
30,NCT01916018,70,-5.71875
30,NCT01592721,71,-5.73046875
30,NCT03158805,72,-5.76171875
30,NCT03038113,73,-5.7734375
30,NCT04428671,74,-5.79296875
30,NCT03365882,75,-5.80078125
30,NCT01354262,76,-5.8125
30,NCT03336203,77,-5.83203125
30,NCT01553071,78,-5.8671875
30,NCT00903461,79,-5.8671875
30,NCT00719186,80,-5.8984375
30,NCT04541251,81,-5.93359375
30,NCT04723862,82,-5.96484375
30,NCT03418961,83,-5.9765625
30,NCT02633475,84,-6.03125
30,NCT00630760,85,-6.08203125
30,NCT04646759,86,-6.125
30,NCT02491320,87,-6.19140625
30,NCT02301520,88,-6.1953125
30,NCT01562678,89,-6.22265625
30,NCT04841213,90,-6.22265625
30,NCT02977780,91,-6.26953125
30,NCT03463408,92,-6.2890625
30,NCT02769962,93,-6.31640625
30,NCT00498238,94,-6.3359375
30,NCT04633252,95,-6.37890625
30,NCT03130790,96,-6.42578125
30,NCT00878826,97,-6.46484375
30,NCT02014467,98,-6.4765625
30,NCT01084265,99,-6.58203125
30,NCT03473639,100,-6.6796875
31,NCT03837028,1,3.77734375
31,NCT03763565,2,0.80517578125
31,NCT04411134,3,0.272705078125
31,NCT00443313,4,-0.21142578125
31,NCT00933140,5,-0.8798828125
31,NCT04476251,6,-1.0009765625
31,NCT01299714,7,-1.220703125
31,NCT02477254,8,-1.455078125
31,NCT04591977,9,-1.458984375
31,NCT00342511,10,-1.4970703125
31,NCT00423046,11,-1.6181640625
31,NCT00263744,12,-1.76953125
31,NCT00122681,13,-1.84375
31,NCT04312178,14,-1.873046875
31,NCT02328872,15,-1.8740234375
31,NCT01843478,16,-1.8779296875
31,NCT00478621,17,-2.044921875
31,NCT02749110,18,-2.08203125
31,NCT03118258,19,-2.083984375
31,NCT03675256,20,-2.1171875
31,NCT02363244,21,-2.119140625
31,NCT03324009,22,-2.189453125
31,NCT00652938,23,-2.19921875
31,NCT04746872,24,-2.361328125
31,NCT01588301,25,-2.462890625
31,NCT04155294,26,-2.5234375
31,NCT00006444,27,-2.529296875
31,NCT03856684,28,-2.552734375
31,NCT03345875,29,-2.5625
31,NCT02714439,30,-2.572265625
31,NCT03036930,31,-2.68359375
31,NCT00689741,32,-2.791015625
31,NCT01029990,33,-2.822265625
31,NCT03813576,34,-3.01171875
31,NCT00534638,35,-3.037109375
31,NCT00294047,36,-3.060546875
31,NCT01014026,37,-3.166015625
31,NCT03546842,38,-3.34375
31,NCT04015336,39,-3.46875
31,NCT03548285,40,-3.51171875
31,NCT04679623,41,-3.576171875
31,NCT03252769,42,-3.607421875
31,NCT03553654,43,-3.638671875
31,NCT03937791,44,-3.84375
31,NCT04044950,45,-3.9609375
31,NCT02481414,46,-3.984375
31,NCT03903562,47,-4.0078125
31,NCT03998254,48,-4.17578125
31,NCT01852565,49,-4.2265625
31,NCT03197025,50,-4.3125
31,NCT00001560,51,-4.359375
31,NCT00693966,52,-4.375
31,NCT03525210,53,-4.39453125
31,NCT02884960,54,-4.4296875
31,NCT03493542,55,-4.44921875
31,NCT01853748,56,-4.578125
31,NCT03477240,57,-4.6796875
31,NCT02625636,58,-4.80078125
31,NCT04258449,59,-4.82421875
31,NCT02957747,60,-4.90234375
31,NCT04363957,61,-5.00390625
31,NCT03196180,62,-5.06640625
31,NCT00799214,63,-5.37890625
31,NCT01624155,64,-5.890625
31,NCT00539994,65,-5.90625
31,NCT02569697,66,-5.92578125
31,NCT03243305,67,-5.97265625
31,NCT02629133,68,-6.0390625
31,NCT02546193,69,-6.12109375
31,NCT00148200,70,-6.1328125
31,NCT04798248,71,-6.2109375
31,NCT02293213,72,-6.21875
31,NCT01347632,73,-6.2734375
31,NCT00439179,74,-6.45703125
31,NCT03560882,75,-6.46875
31,NCT01166412,76,-6.51171875
31,NCT00441701,77,-6.5546875
31,NCT01984502,78,-6.58984375
31,NCT01194791,79,-6.73046875
31,NCT04805112,80,-6.8828125
31,NCT03663959,81,-6.8984375
31,NCT01088373,82,-6.94921875
31,NCT00715910,83,-7.0
31,NCT02543398,84,-7.0625
31,NCT01645384,85,-7.0703125
31,NCT03022916,86,-7.140625
31,NCT02185456,87,-7.140625
31,NCT01311102,88,-7.23046875
31,NCT01309919,89,-7.27734375
31,NCT03398200,90,-7.328125
31,NCT00793611,91,-7.359375
31,NCT01245764,92,-7.42578125
31,NCT02520050,93,-7.4296875
31,NCT02173808,94,-7.453125
31,NCT01205178,95,-7.4765625
31,NCT02025179,96,-7.77734375
31,NCT02594098,97,-7.91015625
31,NCT01599975,98,-7.91796875
31,NCT02569437,99,-9.0
31,NCT01728753,100,-9.0078125
32,NCT02336516,1,-2.439453125
32,NCT02870751,2,-2.546875
32,NCT01868373,3,-2.71875
32,NCT01085591,4,-2.880859375
32,NCT01252199,5,-3.1875
32,NCT00362869,6,-3.4296875
32,NCT04132375,7,-3.5703125
32,NCT03275792,8,-4.1171875
32,NCT00138476,9,-4.2734375
32,NCT02205541,10,-4.28125
32,NCT04182490,11,-4.859375
32,NCT00863642,12,-5.015625
32,NCT03883607,13,-5.109375
32,NCT03420482,14,-5.34765625
32,NCT03902262,15,-5.421875
32,NCT03788967,16,-5.46875
32,NCT00025805,17,-5.5703125
32,NCT01881971,18,-5.609375
32,NCT01561248,19,-5.6484375
32,NCT02601976,20,-5.78125
32,NCT02856113,21,-5.84765625
32,NCT00455325,22,-5.87890625
32,NCT00720083,23,-6.0078125
32,NCT02473341,24,-6.0390625
32,NCT03246542,25,-6.08984375
32,NCT02746432,26,-6.1328125
32,NCT01896609,27,-6.1953125
32,NCT00739986,28,-6.2578125
32,NCT01434693,29,-6.265625
32,NCT00936585,30,-6.2890625
32,NCT01757431,31,-6.296875
32,NCT00906334,32,-6.3515625
32,NCT00085098,33,-6.375
32,NCT01129453,34,-6.4296875
32,NCT00262210,35,-6.44921875
32,NCT00003138,36,-6.47265625
32,NCT01937806,37,-6.484375
32,NCT04689594,38,-6.4921875
32,NCT02026232,39,-6.5
32,NCT01227967,40,-6.50390625
32,NCT00953667,41,-6.515625
32,NCT01189266,42,-6.52734375
32,NCT02601937,43,-6.53125
32,NCT00866242,44,-6.53515625
32,NCT04116775,45,-6.5390625
32,NCT01088763,46,-6.55078125
32,NCT00933985,47,-6.56640625
32,NCT00866476,48,-6.5703125
32,NCT01956669,49,-6.59375
32,NCT03821792,50,-6.62890625
32,NCT03342417,51,-6.64453125
32,NCT01048892,52,-6.68359375
32,NCT00474929,53,-6.70703125
32,NCT01368029,54,-6.75
32,NCT00392834,55,-6.75
32,NCT03110822,56,-6.796875
32,NCT03737448,57,-6.8203125
32,NCT02364336,58,-6.8203125
32,NCT03111446,59,-6.8671875
32,NCT03627091,60,-6.875
32,NCT00755911,61,-6.90625
32,NCT00332085,62,-6.95703125
32,NCT01324947,63,-6.9609375
32,NCT03850899,64,-6.9609375
32,NCT03922308,65,-6.96875
32,NCT04519476,66,-6.97265625
32,NCT03900377,67,-6.98046875
32,NCT02059135,68,-7.01953125
32,NCT00489528,69,-7.02734375
32,NCT04072822,70,-7.03515625
32,NCT01226498,71,-7.0625
32,NCT00606008,72,-7.07421875
32,NCT01822275,73,-7.10546875
32,NCT02685826,74,-7.125
32,NCT01529502,75,-7.23046875
32,NCT02780583,76,-7.28515625
32,NCT02394665,77,-7.30859375
32,NCT03329742,78,-7.34765625
32,NCT00924326,79,-7.34765625
32,NCT01062230,80,-7.35546875
32,NCT00439660,81,-7.35546875
32,NCT00603447,82,-7.359375
32,NCT03939364,83,-7.43359375
32,NCT00117936,84,-7.47265625
32,NCT02988999,85,-7.47265625
32,NCT00784394,86,-7.53515625
32,NCT00698828,87,-7.55078125
32,NCT01858532,88,-7.578125
32,NCT02771730,89,-7.61328125
32,NCT02111291,90,-7.6484375
32,NCT01056198,91,-7.734375
32,NCT01627067,92,-7.74609375
32,NCT04782687,93,-7.75
32,NCT02736968,94,-7.796875
32,NCT00527761,95,-7.80859375
32,NCT02505893,96,-7.83984375
32,NCT01616953,97,-7.9765625
32,NCT02581488,98,-8.25
32,NCT00666965,99,-8.375
32,NCT00362414,100,-8.40625
33,NCT04298606,1,-4.39453125
33,NCT01624155,2,-4.7265625
33,NCT00922233,3,-5.19921875
33,NCT03469583,4,-6.00390625
33,NCT03018288,5,-6.03125
33,NCT03286335,6,-6.0546875
33,NCT03986021,7,-6.1484375
33,NCT01223313,8,-6.15234375
33,NCT04701034,9,-6.15234375
33,NCT00957307,10,-6.265625
33,NCT04233632,11,-6.33203125
33,NCT04290897,12,-6.34765625
33,NCT01688466,13,-6.3828125
33,NCT04717050,14,-6.453125
33,NCT04278118,15,-6.45703125
33,NCT04548752,16,-6.4609375
33,NCT03273465,17,-6.515625
33,NCT02069366,18,-6.6171875
33,NCT01436370,19,-6.66015625
33,NCT03057002,20,-6.6640625
33,NCT03720392,21,-6.66796875
33,NCT01813825,22,-6.68359375
33,NCT03223662,23,-6.70703125
33,NCT02569320,24,-6.75
33,NCT04216251,25,-6.796875
33,NCT02999477,26,-6.80078125
33,NCT02700776,27,-6.8359375
33,NCT02123966,28,-6.84765625
33,NCT01645384,29,-6.84765625
33,NCT01088373,30,-6.8515625
33,NCT00653393,31,-6.87109375
33,NCT02693990,32,-6.88671875
33,NCT03582969,33,-6.89453125
33,NCT03594045,34,-6.91015625
33,NCT04318717,35,-6.9296875
33,NCT00983424,36,-6.9375
33,NCT04139577,37,-6.94140625
33,NCT02569697,38,-6.94921875
33,NCT03422809,39,-6.9609375
33,NCT03139916,40,-6.97265625
33,NCT00903461,41,-6.9765625
33,NCT04428671,42,-6.98828125
33,NCT04329715,43,-6.99609375
33,NCT04221893,44,-7.00390625
33,NCT04676360,45,-7.03125
33,NCT01853748,46,-7.05078125
33,NCT02919670,47,-7.0546875
33,NCT02201095,48,-7.0625
33,NCT03698019,49,-7.078125
33,NCT04134117,50,-7.08203125
33,NCT00682994,51,-7.08984375
33,NCT01599975,52,-7.1328125
33,NCT04172714,53,-7.1328125
33,NCT02867384,54,-7.1328125
33,NCT00799214,55,-7.140625
33,NCT03316573,56,-7.1484375
33,NCT03974217,57,-7.15234375
33,NCT04691960,58,-7.16015625
33,NCT03661047,59,-7.19140625
33,NCT04430699,60,-7.19140625
33,NCT00330993,61,-7.2109375
33,NCT04081259,62,-7.21484375
33,NCT02769962,63,-7.2265625
33,NCT01941264,64,-7.23046875
33,NCT04386057,65,-7.23046875
33,NCT04339140,66,-7.23828125
33,NCT02569437,67,-7.2578125
33,NCT03728426,68,-7.27734375
33,NCT02844816,69,-7.28515625
33,NCT00000862,70,-7.2890625
33,NCT04497142,71,-7.3125
33,NCT03405155,72,-7.35546875
33,NCT03144804,73,-7.39453125
33,NCT02190695,74,-7.39453125
33,NCT01160536,75,-7.3984375
33,NCT04043845,76,-7.40625
33,NCT04474626,77,-7.40625
33,NCT00793611,78,-7.41796875
33,NCT03057509,79,-7.42578125
33,NCT01109849,80,-7.43359375
33,NCT01775501,81,-7.4375
33,NCT02185456,82,-7.4453125
33,NCT00878826,83,-7.48828125
33,NCT02546193,84,-7.5078125
33,NCT04135807,85,-7.54296875
33,NCT00941681,86,-7.546875
33,NCT01893047,87,-7.5546875
33,NCT02088866,88,-7.578125
33,NCT02775851,89,-7.62890625
33,NCT02142530,90,-7.6328125
33,NCT02099006,91,-7.671875
33,NCT00342706,92,-7.70703125
33,NCT04071756,93,-7.75390625
33,NCT01553318,94,-7.78125
33,NCT04703426,95,-7.7890625
33,NCT00498719,96,-7.84765625
33,NCT00182078,97,-7.87890625
33,NCT02414529,98,-7.890625
33,NCT03034330,99,-8.1484375
33,NCT00093860,100,-8.640625
34,NCT02691845,1,-3.58984375
34,NCT00463450,2,-4.05078125
34,NCT01853748,3,-5.125
34,NCT00467818,4,-5.15234375
34,NCT00682994,5,-5.2578125
34,NCT04701034,6,-5.4453125
34,NCT03286335,7,-5.58203125
34,NCT01109849,8,-5.84765625
34,NCT02069366,9,-5.93359375
34,NCT01775501,10,-5.94921875
34,NCT00555477,11,-5.953125
34,NCT02414529,12,-5.96484375
34,NCT04278118,13,-5.9921875
34,NCT02411734,14,-6.0078125
34,NCT00498719,15,-6.0078125
34,NCT03661047,16,-6.0703125
34,NCT01813825,17,-6.07421875
34,NCT00953420,18,-6.08984375
34,NCT02520050,19,-6.125
34,NCT02400359,20,-6.203125
34,NCT00682565,21,-6.2109375
34,NCT01688466,22,-6.21484375
34,NCT04216251,23,-6.23046875
34,NCT03008824,24,-6.234375
34,NCT00160849,25,-6.2421875
34,NCT02769962,26,-6.265625
34,NCT02047136,27,-6.27734375
34,NCT00793611,28,-6.32421875
34,NCT04614142,29,-6.33203125
34,NCT01506037,30,-6.375
34,NCT01314339,31,-6.390625
34,NCT01218217,32,-6.39453125
34,NCT02492347,33,-6.3984375
34,NCT03212079,34,-6.40625
34,NCT04559620,35,-6.4453125
34,NCT03008005,36,-6.45703125
34,NCT03018288,37,-6.46875
34,NCT03336203,38,-6.47265625
34,NCT01506050,39,-6.48046875
34,NCT04134117,40,-6.4921875
34,NCT00530907,41,-6.4921875
34,NCT03379961,42,-6.50390625
34,NCT00495170,43,-6.5078125
34,NCT00571051,44,-6.51171875
34,NCT00000862,45,-6.5234375
34,NCT01645384,46,-6.546875
34,NCT00775905,47,-6.57421875
34,NCT02700776,48,-6.578125
34,NCT00775151,49,-6.6015625
34,NCT03663933,50,-6.61328125
34,NCT02693990,51,-6.62109375
34,NCT00351208,52,-6.63671875
34,NCT01314352,53,-6.64453125
34,NCT01624155,54,-6.66015625
34,NCT00706238,55,-6.66796875
34,NCT01599975,56,-6.68359375
34,NCT01569061,57,-6.6875
34,NCT00182078,58,-6.6875
34,NCT01506791,59,-6.6953125
34,NCT02190695,60,-6.69921875
34,NCT03389568,61,-6.71484375
34,NCT04329715,62,-6.72265625
34,NCT03717051,63,-6.734375
34,NCT04463524,64,-6.74609375
34,NCT02099006,65,-6.796875
34,NCT00653393,66,-6.8046875
34,NCT02526459,67,-6.80859375
34,NCT00922233,68,-6.83984375
34,NCT01509950,69,-6.8515625
34,NCT01553318,70,-6.859375
34,NCT02185456,71,-6.88671875
34,NCT03034330,72,-6.89453125
34,NCT00966498,73,-6.90234375
34,NCT00951379,74,-6.91015625
34,NCT02109952,75,-6.91796875
34,NCT02379728,76,-6.92578125
34,NCT00799214,77,-6.94140625
34,NCT04230577,78,-6.98828125
34,NCT03529955,79,-6.99609375
34,NCT00367627,80,-7.00390625
34,NCT04246398,81,-7.03125
34,NCT02088866,82,-7.06640625
34,NCT03422809,83,-7.15625
34,NCT01311102,84,-7.17578125
34,NCT00044174,85,-7.18359375
34,NCT03945266,86,-7.19140625
34,NCT00342706,87,-7.2109375
34,NCT00857051,88,-7.234375
34,NCT00433680,89,-7.26171875
34,NCT01160536,90,-7.3125
34,NCT00878826,91,-7.38671875
34,NCT00093860,92,-7.43359375
34,NCT00330993,93,-7.44921875
34,NCT00879190,94,-7.46875
34,NCT02982213,95,-7.5703125
34,NCT01907334,96,-7.59375
34,NCT02546193,97,-7.69921875
34,NCT01728753,98,-7.7578125
34,NCT03357042,99,-7.8046875
34,NCT01893047,100,-8.234375
35,NCT00837044,1,-2.365234375
35,NCT04578782,2,-2.70703125
35,NCT03361423,3,-2.8125
35,NCT01151631,4,-2.90234375
35,NCT01804517,5,-2.98828125
35,NCT00274170,6,-3.189453125
35,NCT02686034,7,-3.26953125
35,NCT02582996,8,-3.337890625
35,NCT04284501,9,-3.361328125
35,NCT04114630,10,-3.474609375
35,NCT02021474,11,-3.513671875
35,NCT02514148,12,-3.521484375
35,NCT03410628,13,-3.673828125
35,NCT01596166,14,-3.734375
35,NCT01653340,15,-3.7421875
35,NCT00483704,16,-3.8203125
35,NCT03902496,17,-3.84765625
35,NCT03762902,18,-3.900390625
35,NCT02447991,19,-4.08203125
35,NCT03217968,20,-4.15234375
35,NCT00293657,21,-4.21484375
35,NCT04287140,22,-4.28515625
35,NCT03066544,23,-4.3359375
35,NCT01770080,24,-4.34765625
35,NCT02310828,25,-4.41796875
35,NCT01109849,26,-4.51953125
35,NCT04660864,27,-4.53515625
35,NCT04059185,28,-4.640625
35,NCT04698525,29,-4.6484375
35,NCT00126035,30,-4.6875
35,NCT00210535,31,-4.70703125
35,NCT04701034,32,-4.72265625
35,NCT04537390,33,-4.75390625
35,NCT02315833,34,-4.78125
35,NCT00342706,35,-4.8046875
35,NCT00203268,36,-4.86328125
35,NCT02069366,37,-4.875
35,NCT04341298,38,-4.91796875
35,NCT03076515,39,-5.0
35,NCT00494260,40,-5.0078125
35,NCT00488514,41,-5.1171875
35,NCT03986021,42,-5.171875
35,NCT00498719,43,-5.1796875
35,NCT04724499,44,-5.203125
35,NCT00502177,45,-5.20703125
35,NCT02706015,46,-5.2265625
35,NCT03008824,47,-5.25
35,NCT03704649,48,-5.2734375
35,NCT01160536,49,-5.2734375
35,NCT01122381,50,-5.29296875
35,NCT00203190,51,-5.29296875
35,NCT01152853,52,-5.3203125
35,NCT04442724,53,-5.359375
35,NCT00433680,54,-5.3671875
35,NCT02693990,55,-5.375
35,NCT03357042,56,-5.375
35,NCT02411734,57,-5.38671875
35,NCT01624155,58,-5.40625
35,NCT00463450,59,-5.40625
35,NCT02047136,60,-5.4453125
35,NCT02897622,61,-5.4609375
35,NCT00433732,62,-5.4609375
35,NCT03015753,63,-5.4765625
35,NCT01775501,64,-5.4921875
35,NCT00953420,65,-5.55859375
35,NCT03974217,66,-5.55859375
35,NCT03572998,67,-5.6015625
35,NCT00682994,68,-5.6328125
35,NCT03529955,69,-5.640625
35,NCT00793611,70,-5.671875
35,NCT02379728,71,-5.6796875
35,NCT03336203,72,-5.69140625
35,NCT00367627,73,-5.703125
35,NCT01599975,74,-5.76171875
35,NCT00957307,75,-5.7734375
35,NCT02653664,76,-5.8203125
35,NCT00857051,77,-5.83203125
35,NCT00182078,78,-5.84765625
35,NCT03034330,79,-5.87890625
35,NCT04329715,80,-5.90625
35,NCT01893047,81,-5.90625
35,NCT03212079,82,-5.93359375
35,NCT01553318,83,-5.9921875
35,NCT00571051,84,-6.015625
35,NCT00093860,85,-6.02734375
35,NCT02588885,86,-6.03515625
35,NCT01907334,87,-6.0546875
35,NCT01766856,88,-6.0859375
35,NCT00799214,89,-6.09375
35,NCT03323489,90,-6.15625
35,NCT01051726,91,-6.16796875
35,NCT00879190,92,-6.2109375
35,NCT03851042,93,-6.234375
35,NCT02411916,94,-6.3359375
35,NCT04559620,95,-6.359375
35,NCT02546193,96,-6.40625
35,NCT03422809,97,-6.484375
35,NCT02099006,98,-6.53125
35,NCT00878826,99,-6.625
35,NCT04586283,100,-7.0390625
36,NCT01566929,1,-3.111328125
36,NCT01768546,2,-4.3359375
36,NCT02620670,3,-4.71484375
36,NCT02786238,4,-4.72265625
36,NCT00957307,5,-5.16015625
36,NCT00433680,6,-5.45703125
36,NCT04701034,7,-5.578125
36,NCT04116905,8,-5.6796875
36,NCT00463450,9,-5.78515625
36,NCT03537768,10,-5.80078125
36,NCT03945266,11,-6.0078125
36,NCT03158805,12,-6.015625
36,NCT02159495,13,-6.02734375
36,NCT01854684,14,-6.05078125
36,NCT00748579,15,-6.0625
36,NCT02256982,16,-6.09765625
36,NCT02068157,17,-6.109375
36,NCT04822363,18,-6.171875
36,NCT03720392,19,-6.18359375
36,NCT01624155,20,-6.18359375
36,NCT00682565,21,-6.18359375
36,NCT01562678,22,-6.1953125
36,NCT04575844,23,-6.1953125
36,NCT04442724,24,-6.19921875
36,NCT03092518,25,-6.203125
36,NCT03678350,26,-6.2109375
36,NCT03365882,27,-6.23828125
36,NCT00680979,28,-6.25
36,NCT00941681,29,-6.25390625
36,NCT04172714,30,-6.2734375
36,NCT01506050,31,-6.3046875
36,NCT04034251,32,-6.3046875
36,NCT02119728,33,-6.3046875
36,NCT01687673,34,-6.31640625
36,NCT00319176,35,-6.33203125
36,NCT01506037,36,-6.33984375
36,NCT02400359,37,-6.3671875
36,NCT04836429,38,-6.4453125
36,NCT04767984,39,-6.47265625
36,NCT01553071,40,-6.5
36,NCT01715168,41,-6.51171875
36,NCT02999477,42,-6.51953125
36,NCT01054196,43,-6.5390625
36,NCT02149459,44,-6.56640625
36,NCT01109849,45,-6.57421875
36,NCT01688466,46,-6.59765625
36,NCT01314339,47,-6.6015625
36,NCT03732664,48,-6.60546875
36,NCT04134117,49,-6.60546875
36,NCT02259621,50,-6.6171875
36,NCT03532139,51,-6.625
36,NCT01861106,52,-6.62890625
36,NCT03405155,53,-6.65234375
36,NCT03918252,54,-6.65625
36,NCT03929029,55,-6.6796875
36,NCT03571321,56,-6.6953125
36,NCT00667498,57,-6.70703125
36,NCT03336203,58,-6.70703125
36,NCT02978625,59,-6.71484375
36,NCT00799214,60,-6.71875
36,NCT03672851,61,-6.73828125
36,NCT02047136,62,-6.75390625
36,NCT01314352,63,-6.7734375
36,NCT02769962,64,-6.7890625
36,NCT03805932,65,-6.796875
36,NCT02379728,66,-6.80859375
36,NCT00653393,67,-6.81640625
36,NCT02193191,68,-6.83203125
36,NCT00775151,69,-6.84765625
36,NCT01791088,70,-6.8515625
36,NCT01645384,71,-6.8515625
36,NCT00922233,72,-6.859375
36,NCT01218217,73,-6.87109375
36,NCT03268993,74,-6.87890625
36,NCT01599975,75,-6.87890625
36,NCT01684397,76,-6.87890625
36,NCT01311102,77,-6.9296875
36,NCT02733744,78,-6.9453125
36,NCT03529955,79,-6.94921875
36,NCT03015324,80,-6.94921875
36,NCT02658396,81,-6.9609375
36,NCT02417701,82,-6.99609375
36,NCT00000862,83,-7.00390625
36,NCT02109627,84,-7.0234375
36,NCT04691960,85,-7.12890625
36,NCT02223819,86,-7.171875
36,NCT00342706,87,-7.1796875
36,NCT03986021,88,-7.2265625
36,NCT01553318,89,-7.25
36,NCT00878826,90,-7.265625
36,NCT02274987,91,-7.30078125
36,NCT00367627,92,-7.3359375
36,NCT03422809,93,-7.390625
36,NCT01828554,94,-7.421875
36,NCT02546193,95,-7.5625
36,NCT00182078,96,-7.6328125
36,NCT01728753,97,-7.69140625
36,NCT03704649,98,-7.76171875
36,NCT03034330,99,-7.84765625
36,NCT01893047,100,-8.0546875
37,NCT01141751,1,-3.931640625
37,NCT02687919,2,-4.6171875
37,NCT01457924,3,-4.63671875
37,NCT04410978,4,-4.7265625
37,NCT04178980,5,-4.73046875
37,NCT02957747,6,-4.7734375
37,NCT00360906,7,-4.80078125
37,NCT01428505,8,-4.984375
37,NCT00738621,9,-5.125
37,NCT03008824,10,-5.1484375
37,NCT02645487,11,-5.1796875
37,NCT02649985,12,-5.18359375
37,NCT04024046,13,-5.20703125
37,NCT01853748,14,-5.2109375
37,NCT00391352,15,-5.36328125
37,NCT01772199,16,-5.45703125
37,NCT00498719,17,-5.4765625
37,NCT00463450,18,-5.52734375
37,NCT01112657,19,-5.625
37,NCT03581318,20,-5.62890625
37,NCT04230577,21,-5.65625
37,NCT02329626,22,-5.65625
37,NCT04406272,23,-5.671875
37,NCT03508752,24,-5.72265625
37,NCT04614142,25,-5.73046875
37,NCT04172714,26,-5.7734375
37,NCT04129515,27,-5.8203125
37,NCT04030507,28,-5.8203125
37,NCT02411734,29,-5.82421875
37,NCT02085070,30,-5.87109375
37,NCT00242268,31,-5.89453125
37,NCT03572998,32,-5.92578125
37,NCT02520050,33,-5.96875
37,NCT02884960,34,-5.97265625
37,NCT00213135,35,-5.98046875
37,NCT03252028,36,-6.0
37,NCT01721603,37,-6.03125
37,NCT03597360,38,-6.046875
37,NCT03018288,39,-6.05078125
37,NCT03529955,40,-6.12109375
37,NCT02776202,41,-6.12890625
37,NCT03034330,42,-6.12890625
37,NCT04595045,43,-6.13671875
37,NCT00752258,44,-6.1484375
37,NCT03212079,45,-6.20703125
37,NCT01775501,46,-6.2109375
37,NCT04135807,47,-6.21875
37,NCT00682994,48,-6.23828125
37,NCT02713269,49,-6.29296875
37,NCT02769962,50,-6.30078125
37,NCT00000862,51,-6.3046875
37,NCT01624155,52,-6.3359375
37,NCT00182078,53,-6.3671875
37,NCT00803933,54,-6.3828125
37,NCT03647631,55,-6.38671875
37,NCT02386800,56,-6.38671875
37,NCT02069366,57,-6.421875
37,NCT04329715,58,-6.453125
37,NCT03109808,59,-6.4765625
37,NCT00882869,60,-6.484375
37,NCT02591654,61,-6.4921875
37,NCT03735446,62,-6.5
37,NCT04750928,63,-6.5078125
37,NCT01599975,64,-6.51171875
37,NCT00799214,65,-6.515625
37,NCT03495323,66,-6.55078125
37,NCT02109952,67,-6.5703125
37,NCT04216329,68,-6.57421875
37,NCT04059185,69,-6.58984375
37,NCT03477240,70,-6.58984375
37,NCT01645384,71,-6.6015625
37,NCT02388737,72,-6.609375
37,NCT03008005,73,-6.6171875
37,NCT02075320,74,-6.6328125
37,NCT02088866,75,-6.63671875
37,NCT02681549,76,-6.671875
37,NCT03420339,77,-6.68359375
37,NCT02293213,78,-6.68359375
37,NCT01553318,79,-6.72265625
37,NCT02526459,80,-6.7265625
37,NCT00367627,81,-6.73046875
37,NCT03615183,82,-6.7578125
37,NCT03335670,83,-6.765625
37,NCT02141490,84,-6.76953125
37,NCT00802594,85,-6.7734375
37,NCT02837380,86,-6.78125
37,NCT02693535,87,-6.79296875
37,NCT00094068,88,-6.80078125
37,NCT00067821,89,-6.81640625
37,NCT02099006,90,-6.875
37,NCT00922233,91,-6.88671875
37,NCT00879190,92,-6.91796875
37,NCT03213717,93,-7.015625
37,NCT00342706,94,-7.0390625
37,NCT00433680,95,-7.05078125
37,NCT02185456,96,-7.1015625
37,NCT01893047,97,-7.32421875
37,NCT03980717,98,-7.35546875
37,NCT02546193,99,-7.52734375
37,NCT02411916,100,-7.5546875
38,NCT02950155,1,-2.63671875
38,NCT04182984,2,-3.109375
38,NCT04701034,3,-3.59375
38,NCT01688466,4,-5.13671875
38,NCT03336203,5,-5.75
38,NCT00941681,6,-5.828125
38,NCT00748579,7,-5.984375
38,NCT01419483,8,-5.98828125
38,NCT00000862,9,-6.015625
38,NCT01506037,10,-6.08203125
38,NCT02146924,11,-6.08984375
38,NCT01506050,12,-6.1171875
38,NCT01821105,13,-6.171875
38,NCT03732664,14,-6.1953125
38,NCT04246398,15,-6.265625
38,NCT02400359,16,-6.28125
38,NCT01218217,17,-6.29296875
38,NCT04172714,18,-6.33203125
38,NCT01160536,19,-6.3984375
38,NCT03459469,20,-6.43359375
38,NCT01624155,21,-6.4375
38,NCT04134117,22,-6.46875
38,NCT02159495,23,-6.5234375
38,NCT04836429,24,-6.5390625
38,NCT03018288,25,-6.55078125
38,NCT00682565,26,-6.55078125
38,NCT02623972,27,-6.55859375
38,NCT04855695,28,-6.578125
38,NCT01562678,29,-6.59765625
38,NCT03451773,30,-6.62109375
38,NCT03782064,31,-6.640625
38,NCT04034251,32,-6.65234375
38,NCT04592354,33,-6.69921875
38,NCT01553071,34,-6.70703125
38,NCT02259621,35,-6.71875
38,NCT02999477,36,-6.7265625
38,NCT03158805,37,-6.734375
38,NCT02256982,38,-6.74609375
38,NCT02573493,39,-6.75
38,NCT02546193,40,-6.75
38,NCT01775501,41,-6.76953125
38,NCT03027388,42,-6.76953125
38,NCT01964924,43,-6.7734375
38,NCT04290897,44,-6.796875
38,NCT04290546,45,-6.8046875
38,NCT03384836,46,-6.828125
38,NCT01572480,47,-6.8515625
38,NCT01470794,48,-6.85546875
38,NCT03422809,49,-6.8984375
38,NCT00903461,50,-6.90625
38,NCT03678350,51,-6.92578125
38,NCT03918252,52,-6.92578125
38,NCT04428671,53,-6.94921875
38,NCT03197025,54,-6.96484375
38,NCT01553318,55,-6.97265625
38,NCT03331250,56,-7.00390625
38,NCT03679650,57,-7.00390625
38,NCT03405155,58,-7.0078125
38,NCT00321893,59,-7.015625
38,NCT02769962,60,-7.015625
38,NCT02658396,61,-7.03515625
38,NCT04329715,62,-7.03515625
38,NCT01097083,63,-7.05078125
38,NCT04676360,64,-7.0625
38,NCT04633252,65,-7.06640625
38,NCT03672851,66,-7.07421875
38,NCT01599975,67,-7.07421875
38,NCT02978625,68,-7.09765625
38,NCT02068157,69,-7.1015625
38,NCT00574964,70,-7.125
38,NCT03211416,71,-7.125
38,NCT01861106,72,-7.1328125
38,NCT03070002,73,-7.1328125
38,NCT00799214,74,-7.15234375
38,NCT03316573,75,-7.15625
38,NCT02369458,76,-7.1953125
38,NCT02270814,77,-7.23046875
38,NCT03529955,78,-7.23828125
38,NCT00182078,79,-7.2578125
38,NCT00387894,80,-7.265625
38,NCT00922233,81,-7.265625
38,NCT03805932,82,-7.26953125
38,NCT02211027,83,-7.2734375
38,NCT01623869,84,-7.29296875
38,NCT01787500,85,-7.296875
38,NCT00874861,86,-7.3046875
38,NCT03377179,87,-7.3046875
38,NCT03086616,88,-7.32421875
38,NCT02960230,89,-7.3359375
38,NCT03986021,90,-7.37890625
38,NCT01985256,91,-7.4140625
38,NCT00367627,92,-7.4140625
38,NCT04691960,93,-7.421875
38,NCT01722162,94,-7.4609375
38,NCT01774253,95,-7.53125
38,NCT00879190,96,-7.54296875
38,NCT01728753,97,-7.5859375
38,NCT00539994,98,-7.7734375
38,NCT01893047,99,-7.890625
38,NCT02170064,100,-7.9296875
39,NCT02361788,1,-0.5029296875
39,NCT01887327,2,-1.9111328125
39,NCT02594904,3,-2.845703125
39,NCT01225029,4,-3.12109375
39,NCT00201318,5,-3.564453125
39,NCT00769262,6,-4.41015625
39,NCT00158743,7,-5.0
39,NCT02625688,8,-5.171875
39,NCT01756755,9,-5.17578125
39,NCT03092011,10,-5.19921875
39,NCT03824379,11,-5.42578125
39,NCT03436420,12,-5.88671875
39,NCT00906334,13,-5.921875
39,NCT00854945,14,-6.203125
39,NCT02492347,15,-6.2421875
39,NCT01855295,16,-6.33984375
39,NCT02157259,17,-6.44140625
39,NCT02624765,18,-6.46875
39,NCT02471573,19,-6.4765625
39,NCT03038828,20,-6.6875
39,NCT00262210,21,-6.6953125
39,NCT02948569,22,-6.77734375
39,NCT02960230,23,-6.80078125
39,NCT03631420,24,-6.8125
39,NCT03929029,25,-6.828125
39,NCT00295308,26,-6.890625
39,NCT01881971,27,-6.890625
39,NCT01434693,28,-6.94140625
39,NCT01277016,29,-6.9453125
39,NCT01218217,30,-7.0546875
39,NCT03945825,31,-7.0703125
39,NCT02117661,32,-7.0859375
39,NCT03891901,33,-7.109375
39,NCT03217851,34,-7.12109375
39,NCT03679650,35,-7.1328125
39,NCT03867487,36,-7.15625
39,NCT00720083,37,-7.15625
39,NCT00373594,38,-7.16796875
39,NCT03917407,39,-7.19921875
39,NCT02363309,40,-7.20703125
39,NCT02820155,41,-7.2109375
39,NCT04339777,42,-7.22265625
39,NCT04653246,43,-7.27734375
39,NCT01834898,44,-7.32421875
39,NCT04855695,45,-7.328125
39,NCT04095689,46,-7.328125
39,NCT00317720,47,-7.33984375
39,NCT01415986,48,-7.34375
39,NCT01096043,49,-7.34375
39,NCT02285101,50,-7.34765625
39,NCT01659658,51,-7.359375
39,NCT02569827,52,-7.375
39,NCT02561988,53,-7.3984375
39,NCT01874561,54,-7.42578125
39,NCT02520609,55,-7.43359375
39,NCT00316186,56,-7.45703125
39,NCT01813227,57,-7.45703125
39,NCT02954159,58,-7.47265625
39,NCT01453283,59,-7.47265625
39,NCT04500548,60,-7.484375
39,NCT03286530,61,-7.50390625
39,NCT01042041,62,-7.5078125
39,NCT03866187,63,-7.51171875
39,NCT01189266,64,-7.546875
39,NCT01810913,65,-7.57421875
39,NCT02211027,66,-7.62109375
39,NCT03336203,67,-7.625
39,NCT00099996,68,-7.62890625
39,NCT02274987,69,-7.6328125
39,NCT00793208,70,-7.640625
39,NCT02775812,71,-7.65234375
39,NCT03227432,72,-7.66015625
39,NCT01609582,73,-7.71484375
39,NCT02507765,74,-7.72265625
39,NCT00362414,75,-7.73046875
39,NCT02716207,76,-7.74609375
39,NCT01158885,77,-7.76171875
39,NCT00784394,78,-7.81640625
39,NCT00828971,79,-7.8359375
39,NCT04216329,80,-7.85546875
39,NCT04660201,81,-7.8671875
39,NCT01637376,82,-7.88671875
39,NCT00472550,83,-7.890625
39,NCT01922076,84,-7.89453125
39,NCT02250885,85,-7.90625
39,NCT00241839,86,-7.9375
39,NCT02718833,87,-7.95703125
39,NCT04235205,88,-7.9609375
39,NCT01688492,89,-7.97265625
39,NCT04289558,90,-7.99609375
39,NCT04398745,91,-7.99609375
39,NCT04094519,92,-8.0078125
39,NCT03099564,93,-8.0546875
39,NCT02658396,94,-8.0859375
39,NCT02780583,95,-8.1015625
39,NCT00997958,96,-8.1484375
39,NCT00107783,97,-8.3203125
39,NCT00346879,98,-8.34375
39,NCT02187172,99,-8.4140625
39,NCT00765102,100,-8.4296875
40,NCT02802384,1,-2.24609375
40,NCT00747994,2,-2.275390625
40,NCT02592850,3,-2.638671875
40,NCT03142945,4,-3.046875
40,NCT03994172,5,-3.78515625
40,NCT03887936,6,-3.8125
40,NCT00306046,7,-3.921875
40,NCT04169698,8,-4.10546875
40,NCT01418040,9,-4.26171875
40,NCT01469351,10,-4.3828125
40,NCT01342627,11,-4.41015625
40,NCT01932931,12,-4.5703125
40,NCT02220699,13,-4.6328125
40,NCT02069990,14,-4.92578125
40,NCT02439112,15,-5.015625
40,NCT01176344,16,-5.05078125
40,NCT03576430,17,-5.1484375
40,NCT00755911,18,-5.2265625
40,NCT04303026,19,-5.3046875
40,NCT04342520,20,-5.3359375
40,NCT01192828,21,-5.35546875
40,NCT01153568,22,-5.35546875
40,NCT01288794,23,-5.37109375
40,NCT02011620,24,-5.40625
40,NCT00781261,25,-5.41796875
40,NCT04055220,26,-5.4921875
40,NCT04859127,27,-5.52734375
40,NCT02404727,28,-5.54296875
40,NCT04297904,29,-5.5546875
40,NCT01900860,30,-5.57421875
40,NCT02435329,31,-5.59375
40,NCT04284501,32,-5.62890625
40,NCT02232685,33,-5.66796875
40,NCT02632916,34,-5.6953125
40,NCT00760682,35,-5.71484375
40,NCT01286077,36,-5.734375
40,NCT01852799,37,-5.734375
40,NCT03287011,38,-5.7421875
40,NCT03356522,39,-5.765625
40,NCT04462276,40,-5.78125
40,NCT04295174,41,-5.78125
40,NCT01189786,42,-5.859375
40,NCT04816396,43,-5.89453125
40,NCT02543905,44,-5.92578125
40,NCT00685971,45,-5.96484375
40,NCT02232724,46,-5.99609375
40,NCT04713774,47,-6.00390625
40,NCT03438526,48,-6.078125
40,NCT03585751,49,-6.0859375
40,NCT00997958,50,-6.125
40,NCT02040441,51,-6.12890625
40,NCT02679963,52,-6.171875
40,NCT00068146,53,-6.1875
40,NCT01360099,54,-6.23828125
40,NCT03070002,55,-6.24609375
40,NCT04129931,56,-6.25390625
40,NCT00140738,57,-6.26953125
40,NCT01225679,58,-6.26953125
40,NCT00886938,59,-6.2890625
40,NCT00753532,60,-6.3203125
40,NCT01304199,61,-6.390625
40,NCT03839459,62,-6.40625
40,NCT02390934,63,-6.4140625
40,NCT04850547,64,-6.43359375
40,NCT02603042,65,-6.4453125
40,NCT04533984,66,-6.484375
40,NCT01402011,67,-6.50390625
40,NCT02916771,68,-6.53125
40,NCT03183570,69,-6.53515625
40,NCT03336203,70,-6.53515625
40,NCT03516773,71,-6.578125
40,NCT01430793,72,-6.5859375
40,NCT03525392,73,-6.60546875
40,NCT01335763,74,-6.6640625
40,NCT00324259,75,-6.6953125
40,NCT02783274,76,-6.71484375
40,NCT03901209,77,-6.72265625
40,NCT04003467,78,-6.74609375
40,NCT00593580,79,-6.78125
40,NCT02238418,80,-6.80859375
40,NCT00302146,81,-6.84375
40,NCT01627717,82,-6.953125
40,NCT04772430,83,-6.98046875
40,NCT00242125,84,-6.98046875
40,NCT04473872,85,-7.01953125
40,NCT00239629,86,-7.03125
40,NCT03675152,87,-7.0390625
40,NCT02387892,88,-7.09375
40,NCT00150969,89,-7.12890625
40,NCT03710889,90,-7.14453125
40,NCT00785824,91,-7.3046875
40,NCT00092937,92,-7.4609375
40,NCT04237376,93,-7.48828125
40,NCT03440827,94,-7.55859375
40,NCT02301520,95,-7.56640625
40,NCT00006180,96,-7.578125
40,NCT02014467,97,-7.6796875
40,NCT00672360,98,-7.796875
40,NCT00381914,99,-7.796875
40,NCT01800799,100,-7.9921875
41,NCT02358876,1,-2.560546875
41,NCT00291265,2,-2.83984375
41,NCT04054856,3,-2.896484375
41,NCT03189459,4,-3.115234375
41,NCT00040196,5,-3.333984375
41,NCT04858074,6,-3.484375
41,NCT01722578,7,-4.81640625
41,NCT04342520,8,-4.91015625
41,NCT03732118,9,-5.0546875
41,NCT03023059,10,-5.19921875
41,NCT03279991,11,-5.29296875
41,NCT02411734,12,-5.37109375
41,NCT00654563,13,-5.43359375
41,NCT03585257,14,-5.94140625
41,NCT02266199,15,-6.15625
41,NCT04155099,16,-6.1640625
41,NCT02068118,17,-6.19140625
41,NCT03034330,18,-6.21875
41,NCT04236843,19,-6.296875
41,NCT00914056,20,-6.3671875
41,NCT04402034,21,-6.4140625
41,NCT03080168,22,-6.44140625
41,NCT01303081,23,-6.4453125
41,NCT04807803,24,-6.46875
41,NCT02069366,25,-6.49609375
41,NCT01160536,26,-6.51171875
41,NCT00112333,27,-6.51953125
41,NCT01506037,28,-6.52734375
41,NCT01506050,29,-6.546875
41,NCT01345643,30,-6.609375
41,NCT04411927,31,-6.62109375
41,NCT03987269,32,-6.62890625
41,NCT01109849,33,-6.65234375
41,NCT04082780,34,-6.77734375
41,NCT00682994,35,-6.79296875
41,NCT03152188,36,-6.796875
41,NCT02156232,37,-6.84765625
41,NCT01506791,38,-6.8828125
41,NCT03355404,39,-6.88671875
41,NCT04056000,40,-6.890625
41,NCT02284334,41,-6.921875
41,NCT01800604,42,-6.9453125
41,NCT00244582,43,-6.96484375
41,NCT03336203,44,-6.96875
41,NCT02543905,45,-6.9765625
41,NCT00498719,46,-6.9765625
41,NCT01314352,47,-6.98828125
41,NCT01112657,48,-7.0390625
41,NCT01882855,49,-7.04296875
41,NCT00865462,50,-7.05078125
41,NCT01314339,51,-7.0703125
41,NCT00865371,52,-7.07421875
41,NCT02666989,53,-7.11328125
41,NCT01110447,54,-7.125
41,NCT00571051,55,-7.12890625
41,NCT00723567,56,-7.1328125
41,NCT00281502,57,-7.13671875
41,NCT00467818,58,-7.14453125
41,NCT01161979,59,-7.1484375
41,NCT01161966,60,-7.1484375
41,NCT00863941,61,-7.15234375
41,NCT01599975,62,-7.15625
41,NCT03670719,63,-7.2109375
41,NCT01604031,64,-7.21484375
41,NCT01846806,65,-7.2265625
41,NCT03876652,66,-7.23046875
41,NCT04436601,67,-7.2578125
41,NCT00865410,68,-7.26171875
41,NCT01952834,69,-7.265625
41,NCT04396314,70,-7.26953125
41,NCT01370954,71,-7.30078125
41,NCT02897622,72,-7.30078125
41,NCT02304302,73,-7.3359375
41,NCT00865111,74,-7.34765625
41,NCT01645384,75,-7.35546875
41,NCT03008005,76,-7.37109375
41,NCT02563262,77,-7.40625
41,NCT00653393,78,-7.421875
41,NCT01760226,79,-7.46875
41,NCT01553318,80,-7.4765625
41,NCT00975546,81,-7.5234375
41,NCT00775151,82,-7.53515625
41,NCT00301405,83,-7.54296875
41,NCT02190695,84,-7.609375
41,NCT00603447,85,-7.625
41,NCT01961219,86,-7.66015625
41,NCT04851639,87,-7.74609375
41,NCT02414529,88,-7.8515625
41,NCT00775905,89,-7.8671875
41,NCT03796598,90,-7.890625
41,NCT01907334,91,-7.89453125
41,NCT03987893,92,-7.89453125
41,NCT02653664,93,-7.92578125
41,NCT00092937,94,-7.953125
41,NCT00367627,95,-8.0078125
41,NCT01775501,96,-8.0234375
41,NCT02088866,97,-8.1015625
41,NCT00215787,98,-8.3046875
41,NCT02109952,99,-8.4609375
41,NCT01599546,100,-8.703125
42,NCT00826605,1,-3.716796875
42,NCT03116009,2,-4.3125
42,NCT00682994,3,-4.3359375
42,NCT00463450,4,-4.51171875
42,NCT01768546,5,-5.16796875
42,NCT01053507,6,-5.171875
42,NCT03481829,7,-5.55859375
42,NCT03008824,8,-5.5625
42,NCT01160536,9,-5.7890625
42,NCT00342706,10,-5.91796875
42,NCT04701034,11,-5.96484375
42,NCT01893047,12,-6.06640625
42,NCT02546193,13,-6.171875
42,NCT00433732,14,-6.18359375
42,NCT02379728,15,-6.30859375
42,NCT04632381,16,-6.3359375
42,NCT02293213,17,-6.359375
42,NCT03986021,18,-6.421875
42,NCT00878826,19,-6.421875
42,NCT01309919,20,-6.453125
42,NCT01118988,21,-6.5390625
42,NCT02411916,22,-6.5390625
42,NCT04172714,23,-6.5859375
42,NCT02305017,24,-6.58984375
42,NCT02477644,25,-6.63671875
42,NCT04015739,26,-6.66796875
42,NCT01915212,27,-6.67578125
42,NCT00330993,28,-6.69921875
42,NCT03027388,29,-6.70703125
42,NCT04857684,30,-6.71484375
42,NCT01329562,31,-6.7265625
42,NCT00578877,32,-6.76171875
42,NCT04731961,33,-6.78125
42,NCT04676360,34,-6.796875
42,NCT02414529,35,-6.80078125
42,NCT02954874,36,-6.8125
42,NCT02960230,37,-6.84765625
42,NCT00455156,38,-6.87109375
42,NCT04128371,39,-6.8828125
42,NCT04233632,40,-6.9140625
42,NCT03243305,41,-6.93359375
42,NCT03649321,42,-6.9375
42,NCT00607113,43,-6.9765625
42,NCT02067520,44,-7.0078125
42,NCT01418235,45,-7.0078125
42,NCT02069366,46,-7.01171875
42,NCT00682565,47,-7.01171875
42,NCT03422809,48,-7.01171875
42,NCT04143659,49,-7.0390625
42,NCT01218217,50,-7.0546875
42,NCT02173808,51,-7.0625
42,NCT03252028,52,-7.07421875
42,NCT03070002,53,-7.08203125
42,NCT03331250,54,-7.109375
42,NCT04575038,55,-7.12890625
42,NCT04034251,56,-7.140625
42,NCT01688466,57,-7.15234375
42,NCT03336203,58,-7.1640625
42,NCT03644550,59,-7.18359375
42,NCT02094937,60,-7.18359375
42,NCT03697993,61,-7.18359375
42,NCT03158805,62,-7.19140625
42,NCT01223313,63,-7.21875
42,NCT00160849,64,-7.22265625
42,NCT00799214,65,-7.23828125
42,NCT04786990,66,-7.2578125
42,NCT04134117,67,-7.26171875
42,NCT02088866,68,-7.2890625
42,NCT00182078,69,-7.29296875
42,NCT00922233,70,-7.296875
42,NCT03529955,71,-7.3125
42,NCT03034330,72,-7.3203125
42,NCT01713972,73,-7.33984375
42,NCT03092518,74,-7.35546875
42,NCT02769962,75,-7.359375
42,NCT01553318,76,-7.3671875
42,NCT00822172,77,-7.3671875
42,NCT03974217,78,-7.37109375
42,NCT01509950,79,-7.38671875
42,NCT02730351,80,-7.4375
42,NCT04487886,81,-7.44140625
42,NCT04404881,82,-7.48046875
42,NCT03506048,83,-7.4921875
42,NCT04407182,84,-7.51953125
42,NCT01599975,85,-7.54296875
42,NCT00539994,86,-7.63671875
42,NCT02899728,87,-7.640625
42,NCT00402779,88,-7.66796875
42,NCT00488514,89,-7.71484375
42,NCT04246398,90,-7.734375
42,NCT03384836,91,-7.7578125
42,NCT00414336,92,-7.78515625
42,NCT02759731,93,-7.81640625
42,NCT02974621,94,-7.81640625
42,NCT01035658,95,-7.86328125
42,NCT01684397,96,-7.90625
42,NCT00667498,97,-7.9375
42,NCT03473639,98,-8.1171875
42,NCT02170064,99,-8.53125
42,NCT01728753,100,-8.7578125
43,NCT03595566,1,2.9453125
43,NCT04802837,2,2.376953125
43,NCT03795233,3,1.6259765625
43,NCT02218372,4,1.560546875
43,NCT02112279,5,1.375
43,NCT03595553,6,1.14453125
43,NCT01598311,7,0.396484375
43,NCT03617172,8,0.393310546875
43,NCT03778606,9,0.3095703125
43,NCT02127814,10,0.30322265625
43,NCT03388268,11,0.237060546875
43,NCT02134392,12,0.1859130859375
43,NCT04121169,13,-0.08831787109375
43,NCT04003818,14,-0.221923828125
43,NCT04491799,15,-0.5751953125
43,NCT01472978,16,-0.61767578125
43,NCT02403622,17,-0.67919921875
43,NCT01987895,18,-0.74755859375
43,NCT02570477,19,-0.75390625
43,NCT01983683,20,-0.98388671875
43,NCT00057486,21,-1.0888671875
43,NCT02318992,22,-1.1572265625
43,NCT03427229,23,-1.173828125
43,NCT01868373,24,-1.2490234375
43,NCT02589847,25,-1.296875
43,NCT02573571,26,-1.302734375
43,NCT02127398,27,-1.4423828125
43,NCT01085591,28,-1.67578125
43,NCT00269399,29,-1.685546875
43,NCT04090346,30,-1.8115234375
43,NCT03763175,31,-1.8544921875
43,NCT02707198,32,-1.8779296875
43,NCT00377078,33,-2.087890625
43,NCT04139577,34,-2.134765625
43,NCT02667418,35,-2.189453125
43,NCT03030248,36,-2.205078125
43,NCT01905709,37,-2.234375
43,NCT04552418,38,-2.265625
43,NCT01226992,39,-2.359375
43,NCT01630096,40,-2.431640625
43,NCT01597505,41,-2.48828125
43,NCT03925636,42,-2.55859375
43,NCT01813500,43,-2.767578125
43,NCT03053505,44,-2.76953125
43,NCT02423967,45,-2.810546875
43,NCT03834038,46,-2.818359375
43,NCT03647995,47,-2.982421875
43,NCT04237181,48,-3.03125
43,NCT02981316,49,-3.080078125
43,NCT02437500,50,-3.08203125
43,NCT01559545,51,-3.13671875
43,NCT02575742,52,-3.16015625
43,NCT03117582,53,-3.2109375
43,NCT03988855,54,-3.265625
43,NCT02355938,55,-3.2734375
43,NCT01973465,56,-3.345703125
43,NCT03788434,57,-3.34765625
43,NCT04138706,58,-3.421875
43,NCT04247542,59,-3.455078125
43,NCT02097797,60,-3.525390625
43,NCT04138186,61,-3.548828125
43,NCT00384527,62,-3.560546875
43,NCT04189874,63,-3.69140625
43,NCT00417872,64,-3.740234375
43,NCT02179658,65,-3.74609375
43,NCT03005379,66,-3.751953125
43,NCT02865616,67,-3.7734375
43,NCT02391012,68,-3.921875
43,NCT03880539,69,-3.98828125
43,NCT00350298,70,-4.05078125
43,NCT02788071,71,-4.0546875
43,NCT02968511,72,-4.06640625
43,NCT02395848,73,-4.1875
43,NCT04557215,74,-4.328125
43,NCT01398969,75,-4.41796875
43,NCT03722511,76,-4.46875
43,NCT00177775,77,-4.52734375
43,NCT01959048,78,-4.55078125
43,NCT03796650,79,-4.60546875
43,NCT02760745,80,-4.60546875
43,NCT02686645,81,-4.6796875
43,NCT00263237,82,-4.8515625
43,NCT00326443,83,-4.8671875
43,NCT02340481,84,-4.88671875
43,NCT04698148,85,-5.04296875
43,NCT04573504,86,-5.06640625
43,NCT01100684,87,-5.0859375
43,NCT03562741,88,-5.13671875
43,NCT02301000,89,-5.14453125
43,NCT00861887,90,-5.2421875
43,NCT02107196,91,-5.484375
43,NCT02120027,92,-5.5
43,NCT03557788,93,-5.5625
43,NCT03538366,94,-5.56640625
43,NCT02320318,95,-5.66015625
43,NCT04594954,96,-5.80078125
43,NCT02919670,97,-5.8515625
43,NCT04820413,98,-5.9765625
43,NCT00106314,99,-6.1484375
43,NCT02573844,100,-6.27734375
44,NCT02761265,1,2.265625
44,NCT03572855,2,1.7529296875
44,NCT03071445,3,1.578125
44,NCT03071471,4,1.578125
44,NCT03022656,5,1.1826171875
44,NCT02200302,6,1.1552734375
44,NCT04761549,7,1.07421875
44,NCT00155545,8,0.8623046875
44,NCT02609009,9,0.51611328125
44,NCT01661959,10,0.246337890625
44,NCT04421157,11,0.11907958984375
44,NCT01118988,12,0.0092010498046875
44,NCT04382638,13,0.000988006591796875
44,NCT03915106,14,-0.030487060546875
44,NCT03305185,15,-0.170166015625
44,NCT03413839,16,-0.349853515625
44,NCT04226209,17,-0.6025390625
44,NCT02266199,18,-0.80419921875
44,NCT04619134,19,-0.8544921875
44,NCT03862417,20,-1.01171875
44,NCT03929042,21,-1.1123046875
44,NCT00835302,22,-1.1708984375
44,NCT03559244,23,-1.55859375
44,NCT04465331,24,-1.576171875
44,NCT03303001,25,-1.5810546875
44,NCT01801553,26,-1.60546875
44,NCT04019990,27,-1.6591796875
44,NCT04049253,28,-1.666015625
44,NCT01959893,29,-1.701171875
44,NCT02201966,30,-1.73046875
44,NCT00351208,31,-1.791015625
44,NCT03711409,32,-1.8232421875
44,NCT02415088,33,-1.896484375
44,NCT03798002,34,-1.9384765625
44,NCT03670719,35,-2.03515625
44,NCT02631486,36,-2.076171875
44,NCT01884077,37,-2.150390625
44,NCT03041506,38,-2.16796875
44,NCT04170166,39,-2.25390625
44,NCT04853056,40,-2.26171875
44,NCT03948386,41,-2.36328125
44,NCT01961219,42,-2.369140625
44,NCT01140386,43,-2.373046875
44,NCT03456531,44,-2.390625
44,NCT03791892,45,-2.453125
44,NCT02838394,46,-2.46875
44,NCT02164305,47,-2.46875
44,NCT03728387,48,-2.4765625
44,NCT00176696,49,-2.498046875
44,NCT04859127,50,-2.578125
44,NCT00112333,51,-2.5859375
44,NCT02940119,52,-2.640625
44,NCT01402011,53,-2.650390625
44,NCT02314221,54,-2.708984375
44,NCT04101019,55,-2.734375
44,NCT01345643,56,-2.76171875
44,NCT04571268,57,-2.771484375
44,NCT04567797,58,-2.798828125
44,NCT01738113,59,-2.888671875
44,NCT02510625,60,-2.9296875
44,NCT03108612,61,-2.95703125
44,NCT02411734,62,-3.015625
44,NCT03619200,63,-3.017578125
44,NCT01746966,64,-3.0625
44,NCT04316793,65,-3.087890625
44,NCT01597232,66,-3.140625
44,NCT01722578,67,-3.431640625
44,NCT03455790,68,-3.4453125
44,NCT00194636,69,-3.49609375
44,NCT01570985,70,-3.51953125
44,NCT03317262,71,-3.611328125
44,NCT00761943,72,-3.654296875
44,NCT03677349,73,-3.7109375
44,NCT01038219,74,-3.83203125
44,NCT00495781,75,-3.93359375
44,NCT03336203,76,-4.046875
44,NCT03232515,77,-4.06640625
44,NCT00492219,78,-4.0859375
44,NCT04479397,79,-4.09375
44,NCT00498719,80,-4.11328125
44,NCT03195127,81,-4.18359375
44,NCT03066544,82,-4.19921875
44,NCT03008005,83,-4.34375
44,NCT01599546,84,-4.3828125
44,NCT04851639,85,-4.4453125
44,NCT04396314,86,-4.484375
44,NCT02616653,87,-4.4921875
44,NCT04342520,88,-4.49609375
44,NCT03412708,89,-4.546875
44,NCT00682994,90,-4.66015625
44,NCT04463524,91,-4.66796875
44,NCT03420339,92,-4.875
44,NCT03001050,93,-5.0078125
44,NCT04780828,94,-5.02734375
44,NCT01775501,95,-5.3359375
44,NCT02088866,96,-5.46875
44,NCT04051788,97,-5.52734375
44,NCT03327974,98,-5.78515625
44,NCT00957307,99,-5.90234375
44,NCT02169011,100,-6.62109375
45,NCT00513617,1,2.6171875
45,NCT01441141,2,2.060546875
45,NCT03049475,3,1.9931640625
45,NCT00040456,4,1.90234375
45,NCT02417298,5,1.595703125
45,NCT01568710,6,1.455078125
45,NCT02989701,7,1.4375
45,NCT01393847,8,1.2998046875
45,NCT00600665,9,1.2353515625
45,NCT03431285,10,1.193359375
45,NCT01375608,11,1.015625
45,NCT01683968,12,0.92822265625
45,NCT00850018,13,0.89453125
45,NCT00001716,14,0.49609375
45,NCT01987908,15,-0.06365966796875
45,NCT00745420,16,-0.412109375
45,NCT04610866,17,-0.4228515625
45,NCT03704922,18,-0.43603515625
45,NCT04000165,19,-0.477783203125
45,NCT02225132,20,-0.52978515625
45,NCT00773890,21,-0.6337890625
45,NCT02766465,22,-0.72412109375
45,NCT00005782,23,-0.7685546875
45,NCT02212535,24,-0.7861328125
45,NCT02843347,25,-0.7939453125
45,NCT02973360,26,-0.8515625
45,NCT01932554,27,-0.8525390625
45,NCT03997760,28,-1.0380859375
45,NCT00056433,29,-1.060546875
45,NCT03664830,30,-1.0791015625
45,NCT02604368,31,-1.095703125
45,NCT00094887,32,-1.2333984375
45,NCT00834899,33,-1.244140625
45,NCT00532883,34,-1.2470703125
45,NCT04121247,35,-1.2490234375
45,NCT00059423,36,-1.2958984375
45,NCT04514510,37,-1.38671875
45,NCT00072826,38,-1.388671875
45,NCT00508989,39,-1.412109375
45,NCT00000586,40,-1.4482421875
45,NCT00711698,41,-1.509765625
45,NCT00270478,42,-1.525390625
45,NCT04055818,43,-1.591796875
45,NCT00981370,44,-1.607421875
45,NCT01245179,45,-1.7392578125
45,NCT02712346,46,-1.748046875
45,NCT00586209,47,-1.8037109375
45,NCT04293172,48,-1.8486328125
45,NCT01197417,49,-1.9345703125
45,NCT01179217,50,-2.001953125
45,NCT01685515,51,-2.05078125
45,NCT00142051,52,-2.0546875
45,NCT01119833,53,-2.150390625
45,NCT03615924,54,-2.296875
45,NCT00263562,55,-2.509765625
45,NCT01202812,56,-2.544921875
45,NCT00609934,57,-2.556640625
45,NCT03997903,58,-2.5703125
45,NCT03777982,59,-2.595703125
45,NCT04676113,60,-2.599609375
45,NCT01447056,61,-2.603515625
45,NCT02408991,62,-2.654296875
45,NCT00125788,63,-2.68359375
45,NCT01568645,64,-2.705078125
45,NCT02430818,65,-2.712890625
45,NCT01976416,66,-2.798828125
45,NCT00992693,67,-2.841796875
45,NCT04855695,68,-2.865234375
45,NCT00953420,69,-2.873046875
45,NCT03682211,70,-2.912109375
45,NCT01834898,71,-3.037109375
45,NCT04764487,72,-3.041015625
45,NCT04725591,73,-3.1953125
45,NCT04668690,74,-3.2109375
45,NCT01118988,75,-3.7109375
45,NCT03548103,76,-3.755859375
45,NCT04477850,77,-3.931640625
45,NCT03781895,78,-3.98046875
45,NCT03336203,79,-4.01171875
45,NCT04190277,80,-4.078125
45,NCT03902262,81,-4.1015625
45,NCT01813227,82,-4.1484375
45,NCT03778138,83,-4.15625
45,NCT03282656,84,-4.1796875
45,NCT03843918,85,-4.2109375
45,NCT02047136,86,-4.234375
45,NCT04165590,87,-4.23828125
45,NCT00603447,88,-4.33984375
45,NCT03534505,89,-4.39453125
45,NCT01553318,90,-4.63671875
45,NCT00092937,91,-4.66015625
45,NCT04245540,92,-4.75390625
45,NCT01961219,93,-4.80078125
45,NCT00701311,94,-4.8046875
45,NCT00211120,95,-5.171875
45,NCT02780583,96,-5.33203125
45,NCT02088866,97,-5.34765625
45,NCT00997958,98,-5.5
45,NCT00301405,99,-5.8203125
45,NCT00194597,100,-6.51953125
46,NCT03561753,1,-1.4384765625
46,NCT01589497,2,-1.626953125
46,NCT00130247,3,-1.833984375
46,NCT03604848,4,-2.169921875
46,NCT01130311,5,-2.34765625
46,NCT01994460,6,-2.478515625
46,NCT02821832,7,-2.505859375
46,NCT00396084,8,-2.705078125
46,NCT03702738,9,-2.802734375
46,NCT01215851,10,-2.845703125
46,NCT02754765,11,-2.912109375
46,NCT02776150,12,-2.931640625
46,NCT01571739,13,-2.9609375
46,NCT01215110,14,-3.01953125
46,NCT01691534,15,-3.060546875
46,NCT03478033,16,-3.095703125
46,NCT02371681,17,-3.099609375
46,NCT02409290,18,-3.1328125
46,NCT04738812,19,-3.1484375
46,NCT01218217,20,-3.34765625
46,NCT03867136,21,-3.349609375
46,NCT00140309,22,-3.4375
46,NCT03896685,23,-3.474609375
46,NCT04766307,24,-3.50390625
46,NCT04694586,25,-3.521484375
46,NCT02410772,26,-3.552734375
46,NCT00685360,27,-3.560546875
46,NCT02681445,28,-3.5625
46,NCT02349841,29,-3.572265625
46,NCT02901288,30,-3.6640625
46,NCT00694629,31,-3.744140625
46,NCT01392911,32,-3.830078125
46,NCT02193776,33,-3.849609375
46,NCT02342886,34,-3.86328125
46,NCT01516203,35,-3.90625
46,NCT01408914,36,-3.994140625
46,NCT02120638,37,-4.0078125
46,NCT04721795,38,-4.02734375
46,NCT00023374,39,-4.03125
46,NCT02581527,40,-4.125
46,NCT01498419,41,-4.13671875
46,NCT04504851,42,-4.17578125
46,NCT00864383,43,-4.25390625
46,NCT02563327,44,-4.3046875
46,NCT04856644,45,-4.3515625
46,NCT01942265,46,-4.41796875
46,NCT00727844,47,-4.4453125
46,NCT03563599,48,-4.453125
46,NCT03828201,49,-4.4765625
46,NCT00144417,50,-4.4765625
46,NCT03278483,51,-4.5
46,NCT03338621,52,-4.546875
46,NCT01119521,53,-4.55859375
46,NCT01381757,54,-4.56640625
46,NCT01785186,55,-4.5859375
46,NCT03959566,56,-4.5859375
46,NCT00425113,57,-4.6640625
46,NCT04660201,58,-4.69921875
46,NCT04044001,59,-4.703125
46,NCT04311502,60,-4.71875
46,NCT00341328,61,-4.75
46,NCT02279875,62,-4.80078125
46,NCT03086486,63,-4.84375
46,NCT01053598,64,-4.8984375
46,NCT01881971,65,-4.92578125
46,NCT02333799,66,-4.95703125
46,NCT04629378,67,-5.171875
46,NCT04550832,68,-5.2734375
46,NCT02746432,69,-5.32421875
46,NCT03945825,70,-5.33984375
46,NCT02365623,71,-5.48046875
46,NCT03891901,72,-5.50390625
46,NCT00944658,73,-5.51953125
46,NCT01092325,74,-5.54296875
46,NCT04129931,75,-5.578125
46,NCT00918086,76,-5.5859375
46,NCT01280461,77,-5.58984375
46,NCT02929316,78,-5.59375
46,NCT00377247,79,-5.609375
46,NCT00099996,80,-5.65625
46,NCT03256136,81,-5.80078125
46,NCT00845650,82,-5.8125
46,NCT00793208,83,-5.8359375
46,NCT00353340,84,-5.859375
46,NCT03026504,85,-5.8671875
46,NCT00128193,86,-5.8828125
46,NCT02117661,87,-5.90625
46,NCT04832880,88,-5.94140625
46,NCT03473002,89,-6.0546875
46,NCT00362869,90,-6.19921875
46,NCT03719443,91,-6.23828125
46,NCT02828033,92,-6.4921875
46,NCT01096043,93,-6.5234375
46,NCT03043131,94,-6.53515625
46,NCT01728753,95,-6.5390625
46,NCT03902262,96,-6.62890625
46,NCT02187172,97,-6.69140625
46,NCT02936167,98,-7.046875
46,NCT01074502,99,-7.33203125
46,NCT00814632,100,-8.6796875
47,NCT01928641,1,-3.4453125
47,NCT02482350,2,-3.578125
47,NCT03731351,3,-3.697265625
47,NCT00418275,4,-3.73828125
47,NCT02734082,5,-4.09375
47,NCT03192332,6,-4.17578125
47,NCT01183533,7,-4.30078125
47,NCT04807491,8,-4.39453125
47,NCT02854592,9,-4.41015625
47,NCT03543345,10,-4.4296875
47,NCT00692588,11,-4.48046875
47,NCT02225834,12,-4.52734375
47,NCT02452502,13,-4.546875
47,NCT00564096,14,-4.63671875
47,NCT03763383,15,-4.7734375
47,NCT04240470,16,-4.79296875
47,NCT02718534,17,-4.796875
47,NCT01722578,18,-4.83984375
47,NCT00624000,19,-4.859375
47,NCT04159792,20,-4.9296875
47,NCT04555499,21,-4.94921875
47,NCT03477188,22,-5.13671875
47,NCT03584425,23,-5.1484375
47,NCT02029456,24,-5.16796875
47,NCT02448069,25,-5.18359375
47,NCT01583062,26,-5.22265625
47,NCT04064957,27,-5.23828125
47,NCT00601744,28,-5.25
47,NCT03266731,29,-5.26953125
47,NCT00252239,30,-5.28515625
47,NCT04110275,31,-5.30859375
47,NCT03036020,32,-5.3203125
47,NCT03195907,33,-5.41796875
47,NCT01654445,34,-5.421875
47,NCT00061373,35,-5.421875
47,NCT00005903,36,-5.484375
47,NCT02737189,37,-5.48828125
47,NCT02572336,38,-5.5859375
47,NCT02731781,39,-5.59765625
47,NCT03235271,40,-5.65625
47,NCT01253512,41,-5.6640625
47,NCT04737655,42,-5.6796875
47,NCT00227448,43,-5.69140625
47,NCT02734498,44,-5.69921875
47,NCT03845595,45,-5.70703125
47,NCT02425670,46,-5.734375
47,NCT04650425,47,-5.73828125
47,NCT02822391,48,-5.75
47,NCT01220739,49,-5.76171875
47,NCT04110912,50,-5.8125
47,NCT04859127,51,-5.93359375
47,NCT04400981,52,-5.94140625
47,NCT00042159,53,-5.94140625
47,NCT00417898,54,-5.94921875
47,NCT03434093,55,-5.96484375
47,NCT00663988,56,-5.96875
47,NCT01591096,57,-6.01171875
47,NCT02785120,58,-6.03515625
47,NCT02940119,59,-6.0703125
47,NCT03142945,60,-6.140625
47,NCT03284801,61,-6.15625
47,NCT01257880,62,-6.2421875
47,NCT03581877,63,-6.24609375
47,NCT03902262,64,-6.26953125
47,NCT04129931,65,-6.28515625
47,NCT02224560,66,-6.34765625
47,NCT01310114,67,-6.4609375
47,NCT01952834,68,-6.46484375
47,NCT04790149,69,-6.46484375
47,NCT04659265,70,-6.46484375
47,NCT04645576,71,-6.47265625
47,NCT04411927,72,-6.49609375
47,NCT04544371,73,-6.5390625
47,NCT03969511,74,-6.5390625
47,NCT03412708,75,-6.60546875
47,NCT03826446,76,-6.61328125
47,NCT04074486,77,-6.640625
47,NCT03127891,78,-6.69140625
47,NCT00314002,79,-6.69921875
47,NCT03218410,80,-6.7109375
47,NCT02088866,81,-6.7421875
47,NCT04317937,82,-6.7890625
47,NCT03336203,83,-6.80859375
47,NCT02403908,84,-6.828125
47,NCT02651272,85,-6.8515625
47,NCT04500223,86,-6.91015625
47,NCT03601273,87,-6.95703125
47,NCT02625272,88,-6.95703125
47,NCT04424940,89,-6.96484375
47,NCT01599975,90,-7.1328125
47,NCT02248688,91,-7.16015625
47,NCT02055859,92,-7.1953125
47,NCT03647631,93,-7.28125
47,NCT00422708,94,-7.2890625
47,NCT04030741,95,-7.421875
47,NCT01499784,96,-7.58203125
47,NCT03682159,97,-7.70703125
47,NCT01242150,98,-7.7734375
47,NCT03380715,99,-7.890625
47,NCT01599546,100,-9.1484375
48,NCT02633813,1,-3.966796875
48,NCT01712360,2,-4.19140625
48,NCT00835510,3,-4.3046875
48,NCT00856596,4,-4.3671875
48,NCT00768599,5,-4.40234375
48,NCT00750139,6,-4.578125
48,NCT03824912,7,-4.7421875
48,NCT04366037,8,-4.8984375
48,NCT01891305,9,-5.01953125
48,NCT02871011,10,-5.1015625
48,NCT03999437,11,-5.109375
48,NCT02335255,12,-5.16015625
48,NCT01580891,13,-5.3515625
48,NCT01519752,14,-5.35546875
48,NCT02860052,15,-5.5625
48,NCT03320486,16,-5.58984375
48,NCT02842021,17,-5.60546875
48,NCT00869336,18,-5.66796875
48,NCT01580878,19,-5.66796875
48,NCT01882894,20,-5.69140625
48,NCT00680160,21,-5.71875
48,NCT01524432,22,-5.84375
48,NCT01110330,23,-5.87890625
48,NCT02394340,24,-5.90625
48,NCT01119742,25,-6.01171875
48,NCT00893880,26,-6.05078125
48,NCT01353976,27,-6.06640625
48,NCT02463487,28,-6.1640625
48,NCT01358240,29,-6.1796875
48,NCT04152226,30,-6.28515625
48,NCT03072550,31,-6.3125
48,NCT01781507,32,-6.4296875
48,NCT00366132,33,-6.58203125
48,NCT03066336,34,-6.6015625
48,NCT03216200,35,-6.66796875
48,NCT04188574,36,-6.671875
48,NCT02337179,37,-6.6953125
48,NCT04315051,38,-6.734375
48,NCT02242019,39,-6.7578125
48,NCT02767271,40,-6.76953125
48,NCT02771496,41,-6.77734375
48,NCT02047136,42,-6.796875
48,NCT03149692,43,-6.81640625
48,NCT00975546,44,-6.8359375
48,NCT00367627,45,-6.85546875
48,NCT03506776,46,-6.8671875
48,NCT03317262,47,-6.92578125
48,NCT00284583,48,-6.94140625
48,NCT01290341,49,-6.94921875
48,NCT01952834,50,-6.96484375
48,NCT04342520,51,-6.97265625
48,NCT03745183,52,-7.00390625
48,NCT02897622,53,-7.0078125
48,NCT01113268,54,-7.0390625
48,NCT03878316,55,-7.0390625
48,NCT02088866,56,-7.05859375
48,NCT01080079,57,-7.08203125
48,NCT02069366,58,-7.08203125
48,NCT00111384,59,-7.14453125
48,NCT01223313,60,-7.15625
48,NCT03336203,61,-7.1640625
48,NCT04236843,62,-7.19140625
48,NCT00302146,63,-7.19921875
48,NCT03278158,64,-7.24609375
48,NCT04129931,65,-7.24609375
48,NCT01796314,66,-7.26171875
48,NCT01604031,67,-7.2734375
48,NCT03108612,68,-7.27734375
48,NCT00000683,69,-7.34765625
48,NCT02411734,70,-7.44140625
48,NCT00775151,71,-7.50390625
48,NCT00723567,72,-7.515625
48,NCT01553318,73,-7.5234375
48,NCT03617926,74,-7.53125
48,NCT01599975,75,-7.53125
48,NCT00252603,76,-7.5390625
48,NCT03497039,77,-7.55078125
48,NCT03357042,78,-7.62109375
48,NCT01160536,79,-7.64453125
48,NCT00682994,80,-7.67578125
48,NCT01775501,81,-7.6796875
48,NCT00655096,82,-7.69140625
48,NCT00865111,83,-7.76171875
48,NCT00092937,84,-7.80859375
48,NCT01506791,85,-7.80859375
48,NCT00775905,86,-7.828125
48,NCT01728753,87,-7.859375
48,NCT02109952,88,-7.87890625
48,NCT01506050,89,-7.93359375
48,NCT01506037,90,-7.9609375
48,NCT03034330,91,-8.03125
48,NCT01314352,92,-8.0703125
48,NCT01314339,93,-8.0859375
48,NCT01118988,94,-8.109375
48,NCT00653393,95,-8.1328125
48,NCT04463524,96,-8.1640625
48,NCT04411927,97,-8.2265625
48,NCT00640263,98,-8.234375
48,NCT03420339,99,-8.265625
48,NCT01599546,100,-9.0859375
49,NCT00001343,1,3.5546875
49,NCT00191113,2,0.9853515625
49,NCT01687842,3,0.6875
49,NCT00006334,4,0.460205078125
49,NCT00029159,5,0.284912109375
49,NCT04244123,6,0.2130126953125
49,NCT00870220,7,-0.09100341796875
49,NCT01626833,8,-0.332763671875
49,NCT03189160,9,-0.361328125
49,NCT04226586,10,-0.396240234375
49,NCT01248416,11,-1.0498046875
49,NCT00001181,12,-1.7978515625
49,NCT01196156,13,-1.828125
49,NCT00175305,14,-2.05078125
49,NCT02908958,15,-2.09375
49,NCT02562911,16,-2.20703125
49,NCT01158352,17,-2.244140625
49,NCT04803474,18,-2.404296875
49,NCT01367834,19,-2.466796875
49,NCT00206375,20,-2.666015625
49,NCT00001221,21,-2.69140625
49,NCT03221088,22,-2.98046875
49,NCT01342146,23,-3.052734375
49,NCT03005561,24,-3.07421875
49,NCT00680979,25,-3.1015625
49,NCT00494169,26,-3.234375
49,NCT00355030,27,-3.2421875
49,NCT02375620,28,-3.2578125
49,NCT00121875,29,-3.6640625
49,NCT00837616,30,-3.865234375
49,NCT00734279,31,-3.912109375
49,NCT01944475,32,-4.2265625
49,NCT00001202,33,-4.23828125
49,NCT01746862,34,-4.2890625
49,NCT00928759,35,-4.4140625
49,NCT00263445,36,-4.46484375
49,NCT00250159,37,-4.55078125
49,NCT01613573,38,-4.5859375
49,NCT02638922,39,-4.67578125
49,NCT00044174,40,-4.80078125
49,NCT04722718,41,-4.8203125
49,NCT02414529,42,-4.92578125
49,NCT04633057,43,-4.984375
49,NCT04537390,44,-5.0546875
49,NCT00288301,45,-5.30859375
49,NCT02976675,46,-5.40234375
49,NCT03249480,47,-5.48046875
49,NCT00813189,48,-5.5
49,NCT03986021,49,-5.67578125
49,NCT01515254,50,-5.796875
49,NCT01428089,51,-5.796875
49,NCT00930007,52,-5.85546875
49,NCT02380235,53,-5.94140625
49,NCT01757327,54,-5.95703125
49,NCT02314676,55,-6.0
49,NCT02124070,56,-6.1328125
49,NCT04697381,57,-6.23828125
49,NCT02477644,58,-6.2734375
49,NCT00399529,59,-6.37890625
49,NCT03309891,60,-6.3828125
49,NCT01775501,61,-6.51953125
49,NCT01495468,62,-6.53125
49,NCT03223025,63,-6.55078125
49,NCT04806854,64,-6.6171875
49,NCT01911884,65,-6.63671875
49,NCT04603820,66,-6.6796875
49,NCT01328613,67,-6.734375
49,NCT00463450,68,-6.765625
49,NCT01272037,69,-6.79296875
49,NCT01599975,70,-6.79296875
49,NCT03366155,71,-6.79296875
49,NCT04701034,72,-6.8359375
49,NCT03473639,73,-6.93359375
49,NCT02623972,74,-7.03125
49,NCT02564848,75,-7.0390625
49,NCT04313075,76,-7.07421875
49,NCT03704649,77,-7.078125
49,NCT02474173,78,-7.16015625
49,NCT01891149,79,-7.21484375
49,NCT02429349,80,-7.23828125
49,NCT01893047,81,-7.2421875
49,NCT01907334,82,-7.2890625
49,NCT03566940,83,-7.34375
49,NCT00882089,84,-7.34765625
49,NCT02769962,85,-7.390625
49,NCT03418961,86,-7.39453125
49,NCT03613532,87,-7.453125
49,NCT02800265,88,-7.48046875
49,NCT00182078,89,-7.4921875
49,NCT03212079,90,-7.54296875
49,NCT01553318,91,-7.72265625
49,NCT04329715,92,-7.72265625
49,NCT03109808,93,-7.765625
49,NCT02109952,94,-7.80078125
49,NCT00878826,95,-7.91015625
49,NCT02379728,96,-7.9609375
49,NCT04559620,97,-7.99609375
49,NCT02546193,98,-8.25
49,NCT04831099,99,-8.2578125
49,NCT02569437,100,-8.265625
50,NCT02936024,1,-1.3720703125
50,NCT04528381,2,-2.826171875
50,NCT02158780,3,-2.94140625
50,NCT03969979,4,-3.314453125
50,NCT04544371,5,-3.361328125
50,NCT04821167,6,-3.73046875
50,NCT01812109,7,-3.732421875
50,NCT02235623,8,-4.015625
50,NCT03149692,9,-4.24609375
50,NCT01206270,10,-4.4609375
50,NCT03291678,11,-4.53515625
50,NCT01025362,12,-4.82421875
50,NCT02529826,13,-4.83203125
50,NCT02110745,14,-4.859375
50,NCT02203318,15,-5.140625
50,NCT03550716,16,-5.23828125
50,NCT01974011,17,-5.30078125
50,NCT02551783,18,-5.68359375
50,NCT00194636,19,-5.69921875
50,NCT02418832,20,-5.74609375
50,NCT00340652,21,-5.79296875
50,NCT04452305,22,-5.80078125
50,NCT02617173,23,-5.875
50,NCT01526486,24,-5.921875
50,NCT03320083,25,-5.95703125
50,NCT04052984,26,-5.95703125
50,NCT02524366,27,-6.03125
50,NCT03008824,28,-6.21484375
50,NCT03858127,29,-6.2578125
50,NCT04576845,30,-6.28125
50,NCT00343031,31,-6.28515625
50,NCT01239225,32,-6.30859375
50,NCT03134703,33,-6.32421875
50,NCT01659528,34,-6.328125
50,NCT02641769,35,-6.3359375
50,NCT04233489,36,-6.36328125
50,NCT04856735,37,-6.4140625
50,NCT01304927,38,-6.46875
50,NCT00367627,39,-6.50390625
50,NCT04374955,40,-6.53125
50,NCT02773498,41,-6.53515625
50,NCT02361788,42,-6.5390625
50,NCT04653402,43,-6.609375
50,NCT04764695,44,-6.62890625
50,NCT03750370,45,-6.671875
50,NCT04041505,46,-6.671875
50,NCT03690245,47,-6.70703125
50,NCT00340665,48,-6.7109375
50,NCT02625688,49,-6.75390625
50,NCT03345641,50,-6.7578125
50,NCT04801121,51,-6.765625
50,NCT01785680,52,-6.765625
50,NCT03212547,53,-6.7890625
50,NCT03142984,54,-6.828125
50,NCT03016195,55,-6.84375
50,NCT04289168,56,-6.859375
50,NCT00044369,57,-6.87890625
50,NCT02407184,58,-6.8828125
50,NCT03745365,59,-6.90234375
50,NCT01196156,60,-6.9296875
50,NCT03337893,61,-6.9375
50,NCT02546778,62,-6.9375
50,NCT04067596,63,-6.95703125
50,NCT04514809,64,-6.98046875
50,NCT03291522,65,-7.01171875
50,NCT04836754,66,-7.015625
50,NCT02492347,67,-7.0234375
50,NCT00640263,68,-7.02734375
50,NCT03836430,69,-7.046875
50,NCT03316716,70,-7.05078125
50,NCT01924572,71,-7.0546875
50,NCT03040375,72,-7.05859375
50,NCT02685137,73,-7.0703125
50,NCT02867579,74,-7.11328125
50,NCT02084680,75,-7.140625
50,NCT03763383,76,-7.1796875
50,NCT02055573,77,-7.234375
50,NCT02379130,78,-7.23828125
50,NCT03334578,79,-7.2421875
50,NCT04559620,80,-7.28125
50,NCT00881660,81,-7.28125
50,NCT02244424,82,-7.2890625
50,NCT03405649,83,-7.4375
50,NCT00310349,84,-7.45703125
50,NCT04761419,85,-7.4609375
50,NCT00021671,86,-7.46875
50,NCT04425096,87,-7.48046875
50,NCT03980717,88,-7.5234375
50,NCT01645384,89,-7.52734375
50,NCT02606526,90,-7.59375
50,NCT01847937,91,-7.6171875
50,NCT00000879,92,-7.65234375
50,NCT03044821,93,-7.6640625
50,NCT02677558,94,-7.69140625
50,NCT02220413,95,-7.7109375
50,NCT00714064,96,-7.78515625
50,NCT00686946,97,-7.83203125
50,NCT02756169,98,-7.94140625
50,NCT02769468,99,-8.03125
50,NCT01614379,100,-8.3125
51,NCT04701034,1,-4.44921875
51,NCT00146731,2,-4.51171875
51,NCT04505683,3,-5.34375
51,NCT02536638,4,-5.4375
51,NCT01720927,5,-5.6015625
51,NCT02411916,6,-5.60546875
51,NCT00564135,7,-5.734375
51,NCT03506256,8,-5.8828125
51,NCT02492347,9,-5.97265625
51,NCT00669994,10,-6.0078125
51,NCT03788967,11,-6.078125
51,NCT00305227,12,-6.18359375
51,NCT04686318,13,-6.22265625
51,NCT00489385,14,-6.234375
51,NCT03252028,15,-6.2421875
51,NCT02246270,16,-6.2734375
51,NCT02871024,17,-6.30859375
51,NCT03580044,18,-6.37109375
51,NCT03357614,19,-6.37890625
51,NCT02639520,20,-6.44140625
51,NCT02396134,21,-6.453125
51,NCT04197739,22,-6.4765625
51,NCT04671290,23,-6.51953125
51,NCT03151967,24,-6.5390625
51,NCT01808755,25,-6.5625
51,NCT00722735,26,-6.56640625
51,NCT04575493,27,-6.59375
51,NCT02641015,28,-6.6484375
51,NCT01119833,29,-6.671875
51,NCT03197025,30,-6.68359375
51,NCT03354598,31,-6.6875
51,NCT01381549,32,-6.69140625
51,NCT04437810,33,-6.72265625
51,NCT01595529,34,-6.73046875
51,NCT01301001,35,-6.7421875
51,NCT03243305,36,-6.76171875
51,NCT04191148,37,-6.76953125
51,NCT01800799,38,-6.8359375
51,NCT00261807,39,-6.87890625
51,NCT03126864,40,-6.8828125
51,NCT03728426,41,-6.88671875
51,NCT03983850,42,-6.890625
51,NCT00801021,43,-6.890625
51,NCT00538694,44,-6.91015625
51,NCT04667195,45,-6.9140625
51,NCT03720392,46,-6.9140625
51,NCT03732365,47,-6.92578125
51,NCT00118040,48,-6.98046875
51,NCT00111397,49,-6.984375
51,NCT02113774,50,-7.0234375
51,NCT03937791,51,-7.0390625
51,NCT02959957,52,-7.04296875
51,NCT02166476,53,-7.046875
51,NCT01966653,54,-7.05078125
51,NCT04731961,55,-7.06640625
51,NCT01164514,56,-7.0859375
51,NCT02650011,57,-7.0859375
51,NCT03366207,58,-7.1015625
51,NCT02025660,59,-7.11328125
51,NCT02439632,60,-7.125
51,NCT00402727,61,-7.15625
51,NCT01928433,62,-7.16796875
51,NCT01868464,63,-7.19140625
51,NCT03405155,64,-7.2109375
51,NCT00239161,65,-7.25390625
51,NCT04855695,66,-7.26171875
51,NCT03589768,67,-7.28125
51,NCT02321800,68,-7.30078125
51,NCT03163394,69,-7.31640625
51,NCT01280461,70,-7.3203125
51,NCT01406587,71,-7.3359375
51,NCT00598403,72,-7.34765625
51,NCT00481689,73,-7.3515625
51,NCT02914132,74,-7.375
51,NCT03856112,75,-7.375
51,NCT03032510,76,-7.41796875
51,NCT00004567,77,-7.421875
51,NCT02497781,78,-7.44140625
51,NCT01245179,79,-7.48828125
51,NCT02814916,80,-7.5
51,NCT03613532,81,-7.50390625
51,NCT03697993,82,-7.5234375
51,NCT00921024,83,-7.5390625
51,NCT03018288,84,-7.546875
51,NCT02424461,85,-7.55078125
51,NCT02658396,86,-7.55859375
51,NCT03638830,87,-7.57421875
51,NCT04054037,88,-7.58984375
51,NCT01637194,89,-7.734375
51,NCT01599975,90,-7.74609375
51,NCT02769962,91,-7.76171875
51,NCT04791579,92,-7.78125
51,NCT02302092,93,-7.8515625
51,NCT04187144,94,-7.90234375
51,NCT04020341,95,-8.0078125
51,NCT00326443,96,-8.046875
51,NCT01345929,97,-8.0625
51,NCT03643952,98,-8.15625
51,NCT01994538,99,-8.3125
51,NCT03568942,100,-8.6171875
52,NCT03166670,1,-1.44140625
52,NCT03394040,2,-2.337890625
52,NCT04269174,3,-3.056640625
52,NCT02112279,4,-3.07421875
52,NCT01823952,5,-3.43359375
52,NCT02431533,6,-3.498046875
52,NCT01868373,7,-3.60546875
52,NCT04237181,8,-3.623046875
52,NCT03366740,9,-3.67578125
52,NCT03407534,10,-3.6875
52,NCT02498418,11,-3.794921875
52,NCT02299973,12,-3.818359375
52,NCT01198587,13,-3.869140625
52,NCT04557215,14,-4.01171875
52,NCT00229944,15,-4.06640625
52,NCT03427229,16,-4.171875
52,NCT00564863,17,-4.24609375
52,NCT03763175,18,-4.32421875
52,NCT03237663,19,-4.32421875
52,NCT04121169,20,-4.38671875
52,NCT00269399,21,-4.3984375
52,NCT01034228,22,-4.40234375
52,NCT01969214,23,-4.4453125
52,NCT00001128,24,-4.4453125
52,NCT03261297,25,-4.46875
52,NCT04486326,26,-4.71484375
52,NCT03565393,27,-4.74609375
52,NCT04782037,28,-4.84765625
52,NCT00226616,29,-4.85546875
52,NCT04402424,30,-4.96484375
52,NCT03489265,31,-4.96875
52,NCT01722578,32,-4.98828125
52,NCT02391012,33,-5.00390625
52,NCT00763399,34,-5.01953125
52,NCT01821586,35,-5.0234375
52,NCT04189874,36,-5.078125
52,NCT02127814,37,-5.08984375
52,NCT04277156,38,-5.1015625
52,NCT01025583,39,-5.140625
52,NCT02171403,40,-5.1484375
52,NCT00130741,41,-5.16015625
52,NCT00324285,42,-5.1875
52,NCT01630096,43,-5.203125
52,NCT00800930,44,-5.21484375
52,NCT03683069,45,-5.26953125
52,NCT03557788,46,-5.27734375
52,NCT01226992,47,-5.3359375
52,NCT02134392,48,-5.35546875
52,NCT04691544,49,-5.36328125
52,NCT03420482,50,-5.41015625
52,NCT01959048,51,-5.453125
52,NCT00672308,52,-5.4921875
52,NCT03005379,53,-5.62890625
52,NCT03796598,54,-5.64453125
52,NCT02686645,55,-5.6953125
52,NCT00272818,56,-5.7109375
52,NCT03057392,57,-5.83203125
52,NCT04236843,58,-5.86328125
52,NCT03152188,59,-5.87109375
52,NCT00353340,60,-5.890625
52,NCT02968511,61,-5.8984375
52,NCT03336034,62,-5.90234375
52,NCT00200057,63,-5.90625
52,NCT03341767,64,-5.9140625
52,NCT00553722,65,-5.95703125
52,NCT03856359,66,-5.9609375
52,NCT01042951,67,-5.98828125
52,NCT02652364,68,-6.08203125
52,NCT03025152,69,-6.10546875
52,NCT04585542,70,-6.1171875
52,NCT03834038,71,-6.125
52,NCT02130778,72,-6.125
52,NCT00307476,73,-6.12890625
52,NCT04358445,74,-6.17578125
52,NCT01266629,75,-6.1953125
52,NCT03617172,76,-6.23828125
52,NCT04594954,77,-6.3359375
52,NCT02932072,78,-6.33984375
52,NCT01640119,79,-6.36328125
52,NCT00597909,80,-6.43359375
52,NCT01162863,81,-6.43359375
52,NCT02301000,82,-6.44921875
52,NCT02746432,83,-6.4609375
52,NCT00138476,84,-6.4765625
52,NCT01234883,85,-6.484375
52,NCT00866476,86,-6.5546875
52,NCT01170754,87,-6.5546875
52,NCT03666572,88,-6.56640625
52,NCT00662675,89,-6.609375
52,NCT03144817,90,-6.609375
52,NCT00142272,91,-6.63671875
52,NCT02954159,92,-6.65234375
52,NCT02667977,93,-6.71484375
52,NCT00937274,94,-6.75390625
52,NCT03043131,95,-6.8828125
52,NCT00367627,96,-6.90625
52,NCT00760825,97,-6.984375
52,NCT01472978,98,-7.0859375
52,NCT01019083,99,-7.2890625
52,NCT02936167,100,-7.5703125
53,NCT01092338,1,2.50390625
53,NCT01832623,2,1.2626953125
53,NCT03405207,3,-0.07318115234375
53,NCT01909115,4,-0.60498046875
53,NCT00933244,5,-0.654296875
53,NCT01476501,6,-0.685546875
53,NCT02534714,7,-1.1201171875
53,NCT00796679,8,-1.201171875
53,NCT00724178,9,-1.2529296875
53,NCT03603444,10,-1.5791015625
53,NCT00781417,11,-2.001953125
53,NCT01323608,12,-2.681640625
53,NCT01528176,13,-2.7421875
53,NCT00381914,14,-2.75390625
53,NCT01354262,15,-2.94140625
53,NCT00646282,16,-3.08984375
53,NCT03194087,17,-3.1875
53,NCT02802449,18,-3.224609375
53,NCT00395538,19,-3.29296875
53,NCT00764816,20,-3.294921875
53,NCT04184661,21,-3.361328125
53,NCT02414529,22,-3.736328125
53,NCT00187629,23,-3.845703125
53,NCT03994172,24,-4.10546875
53,NCT00356512,25,-4.12890625
53,NCT00377312,26,-4.25
53,NCT01357317,27,-4.41015625
53,NCT01856946,28,-4.4140625
53,NCT00222872,29,-4.66015625
53,NCT00974532,30,-4.87890625
53,NCT01220050,31,-5.03515625
53,NCT03533010,32,-5.13671875
53,NCT00417612,33,-5.1796875
53,NCT04839393,34,-5.4296875
53,NCT04579315,35,-5.4375
53,NCT01748812,36,-5.50390625
53,NCT03984760,37,-5.60546875
53,NCT00172107,38,-5.609375
53,NCT00364000,39,-5.625
53,NCT03516773,40,-5.640625
53,NCT00177411,41,-5.640625
53,NCT03836495,42,-5.64453125
53,NCT00608400,43,-5.76953125
53,NCT04364113,44,-5.89453125
53,NCT03415776,45,-5.9375
53,NCT04620187,46,-5.9765625
53,NCT00520468,47,-6.0
53,NCT03847207,48,-6.0078125
53,NCT03158805,49,-6.1015625
53,NCT02056730,50,-6.10546875
53,NCT00489385,51,-6.109375
53,NCT01553318,52,-6.171875
53,NCT03273712,53,-6.3046875
53,NCT01260103,54,-6.3359375
53,NCT00785824,55,-6.34375
53,NCT03459469,56,-6.37109375
53,NCT03365882,57,-6.37109375
53,NCT01651039,58,-6.40625
53,NCT04339140,59,-6.42578125
53,NCT02449902,60,-6.4765625
53,NCT03681028,61,-6.4921875
53,NCT03018288,62,-6.515625
53,NCT01688466,63,-6.51953125
53,NCT02190695,64,-6.55859375
53,NCT03542175,65,-6.578125
53,NCT03728426,66,-6.59375
53,NCT01978314,67,-6.6015625
53,NCT03948386,68,-6.6015625
53,NCT01965834,69,-6.6875
53,NCT03105388,70,-6.75
53,NCT00113321,71,-6.76953125
53,NCT00941070,72,-6.7734375
53,NCT02978625,73,-6.77734375
53,NCT02769962,74,-6.81640625
53,NCT03373409,75,-6.85546875
53,NCT01713972,76,-6.90234375
53,NCT03811886,77,-6.921875
53,NCT03976687,78,-6.9375
53,NCT03013387,79,-6.9375
53,NCT02820025,80,-6.9453125
53,NCT01277510,81,-6.97265625
53,NCT00088309,82,-6.99609375
53,NCT00095784,83,-7.0390625
53,NCT00891813,84,-7.04296875
53,NCT03473639,85,-7.0703125
53,NCT00413478,86,-7.09375
53,NCT04691960,87,-7.1171875
53,NCT02389751,88,-7.17578125
53,NCT03336203,89,-7.1796875
53,NCT02441088,90,-7.25390625
53,NCT01160536,91,-7.33203125
53,NCT04633252,92,-7.35546875
53,NCT02960230,93,-7.42578125
53,NCT03380715,94,-7.55859375
53,NCT03386578,95,-7.66015625
53,NCT01135199,96,-7.67578125
53,NCT02569437,97,-7.6953125
53,NCT00342706,98,-8.125
53,NCT04143074,99,-8.1796875
53,NCT00146731,100,-8.3046875
54,NCT03548103,1,-2.236328125
54,NCT02117661,2,-3.421875
54,NCT03261466,3,-3.59765625
54,NCT01167491,4,-4.2421875
54,NCT04005924,5,-4.52734375
54,NCT03782870,6,-4.5859375
54,NCT01862068,7,-4.58984375
54,NCT00315393,8,-4.64453125
54,NCT01446211,9,-4.73046875
54,NCT04719715,10,-4.734375
54,NCT02813707,11,-4.80078125
54,NCT02222155,12,-4.8671875
54,NCT02950389,13,-4.94140625
54,NCT00160407,14,-5.15234375
54,NCT02807103,15,-5.1953125
54,NCT03906227,16,-5.44140625
54,NCT02459652,17,-5.44921875
54,NCT00405860,18,-5.5
54,NCT03182049,19,-5.5390625
54,NCT02820155,20,-5.58203125
54,NCT00315406,21,-5.60546875
54,NCT02994927,22,-5.64453125
54,NCT00104299,23,-5.64453125
54,NCT04129931,24,-5.6484375
54,NCT02902731,25,-5.671875
54,NCT01458652,26,-5.67578125
54,NCT02169219,27,-5.71875
54,NCT01249222,28,-5.73828125
54,NCT02108860,29,-5.78515625
54,NCT03482479,30,-5.8125
54,NCT02126098,31,-5.82421875
54,NCT00845650,32,-5.84765625
54,NCT00987389,33,-5.86328125
54,NCT00301652,34,-5.8671875
54,NCT01408836,35,-5.92578125
54,NCT03001323,36,-5.93359375
54,NCT00152945,37,-5.9375
54,NCT00004567,38,-5.9375
54,NCT04544956,39,-5.9453125
54,NCT01965834,40,-5.9609375
54,NCT03036670,41,-5.99609375
54,NCT01934504,42,-6.00390625
54,NCT01697267,43,-6.01171875
54,NCT03773666,44,-6.05078125
54,NCT00072592,45,-6.06640625
54,NCT01275274,46,-6.078125
54,NCT00430105,47,-6.08984375
54,NCT01363388,48,-6.09765625
54,NCT00545545,49,-6.125
54,NCT03945825,50,-6.1328125
54,NCT00725764,51,-6.16015625
54,NCT00001256,52,-6.16015625
54,NCT00001761,53,-6.16015625
54,NCT00530075,54,-6.171875
54,NCT04316494,55,-6.19140625
54,NCT04449029,56,-6.19140625
54,NCT03892785,57,-6.1953125
54,NCT02833610,58,-6.19921875
54,NCT00005007,59,-6.19921875
54,NCT02591667,60,-6.23046875
54,NCT01599013,61,-6.23046875
54,NCT04855695,62,-6.234375
54,NCT02749292,63,-6.2421875
54,NCT03336203,64,-6.24609375
54,NCT04052880,65,-6.24609375
54,NCT04164745,66,-6.2578125
54,NCT00001901,67,-6.265625
54,NCT03385668,68,-6.2734375
54,NCT02187172,69,-6.296875
54,NCT03373409,70,-6.3046875
54,NCT02947945,71,-6.30859375
54,NCT01707771,72,-6.31640625
54,NCT01940094,73,-6.3203125
54,NCT01598857,74,-6.35546875
54,NCT01933724,75,-6.3671875
54,NCT02020889,76,-6.37109375
54,NCT04782687,77,-6.37890625
54,NCT00639600,78,-6.3984375
54,NCT03342417,79,-6.41015625
54,NCT04676724,80,-6.41796875
54,NCT04832880,81,-6.4453125
54,NCT03084471,82,-6.4453125
54,NCT02495038,83,-6.5
54,NCT04129151,84,-6.51953125
54,NCT04392505,85,-6.55078125
54,NCT02860819,86,-6.5546875
54,NCT03010436,87,-6.5625
54,NCT04430894,88,-6.578125
54,NCT00482066,89,-6.59765625
54,NCT00997958,90,-6.6171875
54,NCT01272856,91,-6.73046875
54,NCT01241305,92,-6.79296875
54,NCT03150836,93,-6.8203125
54,NCT03867487,94,-6.83203125
54,NCT03026504,95,-6.875
54,NCT03436420,96,-6.8984375
54,NCT04706715,97,-6.9375
54,NCT04401345,98,-7.20703125
54,NCT03902262,99,-7.5078125
54,NCT02936167,100,-7.9375
55,NCT00646451,1,-2.927734375
55,NCT03867526,2,-3.650390625
55,NCT02495883,3,-3.8671875
55,NCT03778060,4,-3.890625
55,NCT03041714,5,-3.892578125
55,NCT01468948,6,-4.1796875
55,NCT00102596,7,-4.34765625
55,NCT02427646,8,-4.46484375
55,NCT02441985,9,-4.484375
55,NCT01472874,10,-4.6953125
55,NCT03805750,11,-4.71484375
55,NCT04561804,12,-4.8671875
55,NCT00848172,13,-4.97265625
55,NCT04236843,14,-5.0625
55,NCT03156517,15,-5.3515625
55,NCT04408300,16,-5.41796875
55,NCT04198246,17,-5.60546875
55,NCT00016679,18,-5.65625
55,NCT03548103,19,-5.69140625
55,NCT00080366,20,-5.71875
55,NCT01775501,21,-5.78125
55,NCT03688685,22,-5.85546875
55,NCT01722578,23,-5.87109375
55,NCT00001986,24,-5.8828125
55,NCT04616014,25,-5.9140625
55,NCT02087046,26,-5.99609375
55,NCT02370108,27,-6.00390625
55,NCT03589820,28,-6.046875
55,NCT04736836,29,-6.12890625
55,NCT03623087,30,-6.1640625
55,NCT02130778,31,-6.18359375
55,NCT00638482,32,-6.2578125
55,NCT02678975,33,-6.28125
55,NCT01208649,34,-6.3125
55,NCT03582137,35,-6.328125
55,NCT00291265,36,-6.3515625
55,NCT03239925,37,-6.40234375
55,NCT02119611,38,-6.41015625
55,NCT02737540,39,-6.41796875
55,NCT00104494,40,-6.484375
55,NCT00663312,41,-6.5078125
55,NCT00489385,42,-6.53125
55,NCT00367627,43,-6.55859375
55,NCT00663988,44,-6.58984375
55,NCT00878605,45,-6.59375
55,NCT01777893,46,-6.67578125
55,NCT04858074,47,-6.69921875
55,NCT04828356,48,-6.7421875
55,NCT04342520,49,-6.77734375
55,NCT04701112,50,-6.828125
55,NCT03376490,51,-6.83984375
55,NCT02912871,52,-6.8515625
55,NCT01225679,53,-6.88671875
55,NCT03815409,54,-6.91796875
55,NCT03736915,55,-6.92578125
55,NCT03336203,56,-6.9921875
55,NCT01716403,57,-7.00390625
55,NCT00422708,58,-7.02734375
55,NCT00742911,59,-7.05859375
55,NCT01191944,60,-7.0625
55,NCT03149692,61,-7.078125
55,NCT03043131,62,-7.09765625
55,NCT02916628,63,-7.14453125
55,NCT01599975,64,-7.17578125
55,NCT03763383,65,-7.19921875
55,NCT00322933,66,-7.21875
55,NCT03913780,67,-7.2734375
55,NCT03418883,68,-7.30078125
55,NCT00723567,69,-7.30859375
55,NCT04402034,70,-7.3125
55,NCT02718612,71,-7.3515625
55,NCT00128869,72,-7.3828125
55,NCT00138476,73,-7.41015625
55,NCT04567797,74,-7.42578125
55,NCT01553318,75,-7.4296875
55,NCT04121247,76,-7.4296875
55,NCT03520855,77,-7.484375
55,NCT00339469,78,-7.5234375
55,NCT03832426,79,-7.53125
55,NCT02936167,80,-7.53515625
55,NCT03539952,81,-7.546875
55,NCT03651063,82,-7.5546875
55,NCT03970486,83,-7.56640625
55,NCT04411927,84,-7.5703125
55,NCT04601207,85,-7.61328125
55,NCT00092937,86,-7.64453125
55,NCT02505061,87,-7.6484375
55,NCT04612088,88,-7.65234375
55,NCT04618744,89,-7.66796875
55,NCT03230539,90,-7.68359375
55,NCT03213717,91,-7.703125
55,NCT02626208,92,-7.7421875
55,NCT00738283,93,-7.76953125
55,NCT03902262,94,-7.9453125
55,NCT02527499,95,-7.9921875
55,NCT03337893,96,-8.0859375
55,NCT04064957,97,-8.2734375
55,NCT02886767,98,-8.3515625
55,NCT03001050,99,-8.6875
55,NCT01908127,100,-9.1796875
56,NCT02005978,1,3.8359375
56,NCT01261000,2,3.671875
56,NCT02952885,3,3.62109375
56,NCT00921609,4,3.49609375
56,NCT02296216,5,3.337890625
56,NCT04520646,6,3.119140625
56,NCT03710499,7,2.517578125
56,NCT01861717,8,1.9921875
56,NCT03042026,9,1.8427734375
56,NCT01612624,10,1.421875
56,NCT02084095,11,1.1923828125
56,NCT01723748,12,0.990234375
56,NCT03401008,13,0.98291015625
56,NCT00993356,14,0.837890625
56,NCT00171886,15,0.79541015625
56,NCT01752621,16,0.63818359375
56,NCT00461149,17,0.533203125
56,NCT03158090,18,0.46142578125
56,NCT02084134,19,0.42431640625
56,NCT01371643,20,0.34716796875
56,NCT01809808,21,0.27197265625
56,NCT00616408,22,0.17333984375
56,NCT01568359,23,0.1103515625
56,NCT02111044,24,-0.1839599609375
56,NCT00690898,25,-0.189697265625
56,NCT02880930,26,-0.279052734375
56,NCT03548415,27,-0.32177734375
56,NCT00615004,28,-0.3740234375
56,NCT00242541,29,-0.37451171875
56,NCT00521300,30,-0.396240234375
56,NCT01029275,31,-0.397705078125
56,NCT00182091,32,-0.4013671875
56,NCT00128232,33,-0.44677734375
56,NCT03225040,34,-0.54931640625
56,NCT00447499,35,-0.59228515625
56,NCT04522180,36,-0.59619140625
56,NCT00627796,37,-0.6494140625
56,NCT04488874,38,-0.7607421875
56,NCT00915954,39,-0.7705078125
56,NCT01412424,40,-0.9296875
56,NCT00461240,41,-0.93798828125
56,NCT03439709,42,-1.0341796875
56,NCT01995734,43,-1.0537109375
56,NCT00225979,44,-1.0673828125
56,NCT04066569,45,-1.107421875
56,NCT01902420,46,-1.1181640625
56,NCT00376064,47,-1.1513671875
56,NCT00468624,48,-1.3193359375
56,NCT01424241,49,-1.3251953125
56,NCT03031535,50,-1.427734375
56,NCT00444873,51,-1.5048828125
56,NCT00663000,52,-1.5419921875
56,NCT04018963,53,-1.751953125
56,NCT02354508,54,-1.802734375
56,NCT00001860,55,-1.8525390625
56,NCT00646308,56,-1.87109375
56,NCT02109952,57,-1.9033203125
56,NCT01804413,58,-1.916015625
56,NCT00552851,59,-1.939453125
56,NCT02357498,60,-2.03125
56,NCT00383708,61,-2.072265625
56,NCT03225755,62,-2.080078125
56,NCT04785222,63,-2.162109375
56,NCT01137682,64,-2.271484375
56,NCT02396953,65,-2.2890625
56,NCT02493517,66,-2.314453125
56,NCT00638287,67,-2.318359375
56,NCT00600886,68,-2.376953125
56,NCT04076046,69,-2.38671875
56,NCT02668172,70,-2.4140625
56,NCT00068042,71,-2.44140625
56,NCT03500913,72,-2.515625
56,NCT02231593,73,-2.587890625
56,NCT04529356,74,-2.6171875
56,NCT03014687,75,-2.626953125
56,NCT00616642,76,-2.728515625
56,NCT02685709,77,-2.9609375
56,NCT01556230,78,-2.982421875
56,NCT00068029,79,-3.12109375
56,NCT03678389,80,-3.14453125
56,NCT00461188,81,-3.16015625
56,NCT02419664,82,-3.251953125
56,NCT03045302,83,-3.265625
56,NCT03677713,84,-3.34765625
56,NCT04529369,85,-3.388671875
56,NCT01225666,86,-3.41796875
56,NCT02988687,87,-3.49609375
56,NCT00145405,88,-3.583984375
56,NCT02629549,89,-3.58984375
56,NCT02749227,90,-3.599609375
56,NCT03346954,91,-3.767578125
56,NCT02946606,92,-3.953125
56,NCT04569591,93,-4.03125
56,NCT01952834,94,-4.0625
56,NCT04615273,95,-4.125
56,NCT03882034,96,-4.15234375
56,NCT00149721,97,-4.16015625
56,NCT03309891,98,-4.875
56,NCT03336203,99,-4.87890625
56,NCT02218385,100,-5.01953125
57,NCT01520675,1,-0.96142578125
57,NCT00863642,2,-1.2421875
57,NCT01758549,3,-2.099609375
57,NCT04701034,4,-2.25390625
57,NCT01717599,5,-2.33984375
57,NCT03323489,6,-2.3515625
57,NCT04750044,7,-2.61328125
57,NCT03259880,8,-2.744140625
57,NCT02155244,9,-2.947265625
57,NCT04753255,10,-3.5546875
57,NCT04743323,11,-3.78125
57,NCT04671095,12,-3.873046875
57,NCT02594475,13,-3.875
57,NCT04368611,14,-3.904296875
57,NCT03194308,15,-3.9609375
57,NCT02588885,16,-4.03515625
57,NCT02110810,17,-4.03515625
57,NCT04237181,18,-4.36328125
57,NCT04808726,19,-4.3671875
57,NCT04586283,20,-4.37109375
57,NCT01152853,21,-4.375
57,NCT02379728,22,-4.40234375
57,NCT02422147,23,-4.46484375
57,NCT04329143,24,-4.54296875
57,NCT02743364,25,-4.578125
57,NCT00000862,26,-4.64453125
57,NCT00661882,27,-4.70703125
57,NCT01047800,28,-4.7421875
57,NCT04652830,29,-4.7734375
57,NCT04373447,30,-4.875
57,NCT00957307,31,-4.90625
57,NCT04034251,32,-4.93359375
57,NCT00937365,33,-4.97265625
57,NCT03092518,34,-4.98828125
57,NCT00799214,35,-5.03125
57,NCT02489617,36,-5.06640625
57,NCT01624155,37,-5.125
57,NCT02546193,38,-5.125
57,NCT00321893,39,-5.3359375
57,NCT02226731,40,-5.359375
57,NCT04514809,41,-5.3671875
57,NCT01893047,42,-5.421875
57,NCT03661047,43,-5.42578125
57,NCT03286335,44,-5.4296875
57,NCT03183570,45,-5.46484375
57,NCT01859507,46,-5.47265625
57,NCT02381561,47,-5.50390625
57,NCT03141359,48,-5.53515625
57,NCT04477005,49,-5.5390625
57,NCT01206296,50,-5.5625
57,NCT02185456,51,-5.56640625
57,NCT01425177,52,-5.5703125
57,NCT04559620,53,-5.6328125
57,NCT02038699,54,-5.6484375
57,NCT00597506,55,-5.66015625
57,NCT01118988,56,-5.66796875
57,NCT02474173,57,-5.66796875
57,NCT04139577,58,-5.68359375
57,NCT03348098,59,-5.71484375
57,NCT02099006,60,-5.75
57,NCT01335763,61,-5.78515625
57,NCT01051726,62,-5.83203125
57,NCT02768389,63,-5.86328125
57,NCT04216251,64,-5.8984375
57,NCT03948386,65,-5.91796875
57,NCT04487886,66,-5.92578125
57,NCT03008824,67,-5.9609375
57,NCT01775501,68,-5.9921875
57,NCT04480190,69,-5.99609375
57,NCT00021671,70,-6.0078125
57,NCT03144804,71,-6.02734375
57,NCT02492347,72,-6.02734375
57,NCT00857051,73,-6.0546875
57,NCT00922233,74,-6.08203125
57,NCT02201095,75,-6.08984375
57,NCT04474626,76,-6.08984375
57,NCT00342706,77,-6.08984375
57,NCT04071756,78,-6.2265625
57,NCT00879190,79,-6.234375
57,NCT02223819,80,-6.23828125
57,NCT02400359,81,-6.24609375
57,NCT02429349,82,-6.25390625
57,NCT03336203,83,-6.28515625
57,NCT03595917,84,-6.2890625
57,NCT01553318,85,-6.3671875
57,NCT01109849,86,-6.37109375
57,NCT04691960,87,-6.38671875
57,NCT01562678,88,-6.45703125
57,NCT00182078,89,-6.515625
57,NCT04059185,90,-6.5390625
57,NCT00682994,91,-6.6171875
57,NCT00667498,92,-6.65625
57,NCT01849263,93,-6.72265625
57,NCT02109952,94,-6.7734375
57,NCT03422809,95,-6.94921875
57,NCT01160536,96,-7.05859375
57,NCT03811886,97,-7.08203125
57,NCT03034330,98,-7.08984375
57,NCT00093860,99,-7.17578125
57,NCT01766856,100,-7.44921875
58,NCT03591419,1,1.8603515625
58,NCT03267082,2,1.5283203125
58,NCT04440150,3,1.4921875
58,NCT03570398,4,1.388671875
58,NCT03186105,5,1.2822265625
58,NCT00413855,6,0.55126953125
58,NCT02497183,7,-0.1650390625
58,NCT01067937,8,-0.2109375
58,NCT04614519,9,-0.291015625
58,NCT04618666,10,-0.4580078125
58,NCT03236961,11,-1.16796875
58,NCT02800785,12,-1.310546875
58,NCT00135603,13,-1.322265625
58,NCT01356641,14,-1.7529296875
58,NCT04030741,15,-1.8046875
58,NCT03234296,16,-1.830078125
58,NCT03159754,17,-1.8681640625
58,NCT01068288,18,-2.169921875
58,NCT03324165,19,-2.306640625
58,NCT01203566,20,-2.375
58,NCT02714023,21,-2.408203125
58,NCT03349814,22,-2.705078125
58,NCT03521011,23,-2.75390625
58,NCT03795194,24,-2.76953125
58,NCT02029781,25,-2.779296875
58,NCT00997516,26,-2.80859375
58,NCT01678365,27,-2.884765625
58,NCT00981136,28,-2.986328125
58,NCT02533869,29,-3.046875
58,NCT01652170,30,-3.056640625
58,NCT00677989,31,-3.05859375
58,NCT00462020,32,-3.060546875
58,NCT01260064,33,-3.072265625
58,NCT02352519,34,-3.07421875
58,NCT04117061,35,-3.13671875
58,NCT04253899,36,-3.162109375
58,NCT04271826,37,-3.169921875
58,NCT01096927,38,-3.189453125
58,NCT02724410,39,-3.224609375
58,NCT00414375,40,-3.248046875
58,NCT02730585,41,-3.294921875
58,NCT04755179,42,-3.36328125
58,NCT04519086,43,-3.408203125
58,NCT02687464,44,-3.486328125
58,NCT04742881,45,-3.501953125
58,NCT03688295,46,-3.509765625
58,NCT04637022,47,-3.51953125
58,NCT02271932,48,-3.546875
58,NCT01825863,49,-3.60546875
58,NCT04688463,50,-3.681640625
58,NCT01718275,51,-3.6953125
58,NCT02731924,52,-3.69921875
58,NCT04329845,53,-3.728515625
58,NCT03171662,54,-3.77734375
58,NCT03947372,55,-3.806640625
58,NCT00195923,56,-3.81640625
58,NCT04281251,57,-3.861328125
58,NCT00971438,58,-3.876953125
58,NCT02146521,59,-3.921875
58,NCT03106467,60,-3.98828125
58,NCT00500435,61,-4.0625
58,NCT01675466,62,-4.06640625
58,NCT04373447,63,-4.07421875
58,NCT04606485,64,-4.08203125
58,NCT02795793,65,-4.1015625
58,NCT03902262,66,-4.1875
58,NCT04713527,67,-4.23828125
58,NCT02624089,68,-4.3125
58,NCT04437043,69,-4.31640625
58,NCT03754387,70,-4.3515625
58,NCT02848820,71,-4.41796875
58,NCT00492726,72,-4.45703125
58,NCT04806789,73,-4.4921875
58,NCT02149797,74,-4.53125
58,NCT03994887,75,-4.5390625
58,NCT04693156,76,-4.55078125
58,NCT04368611,77,-4.56640625
58,NCT04234035,78,-4.6875
58,NCT04311385,79,-4.73828125
58,NCT03380793,80,-4.73828125
58,NCT00754806,81,-4.79296875
58,NCT04597723,82,-4.82421875
58,NCT03146091,83,-4.86328125
58,NCT04207645,84,-4.91796875
58,NCT03028181,85,-5.078125
58,NCT00863642,86,-5.3046875
58,NCT01961219,87,-5.375
58,NCT01019239,88,-5.4296875
58,NCT03259880,89,-5.66015625
58,NCT02712814,90,-5.73046875
58,NCT00952133,91,-5.8515625
58,NCT03580044,92,-5.8515625
58,NCT01922011,93,-5.9609375
58,NCT02653937,94,-6.30859375
58,NCT00733603,95,-6.3125
58,NCT04856735,96,-6.41015625
58,NCT01069900,97,-6.73046875
58,NCT00373074,98,-6.83203125
58,NCT03391440,99,-7.23828125
58,NCT02513953,100,-7.6640625
59,NCT03190759,1,0.94091796875
59,NCT00495157,2,0.3193359375
59,NCT00395304,3,0.10797119140625
59,NCT04035109,4,0.01073455810546875
59,NCT00394329,5,-0.352294921875
59,NCT00471809,6,-0.60302734375
59,NCT00565266,7,-1.1591796875
59,NCT02869958,8,-1.4609375
59,NCT03705325,9,-1.55078125
59,NCT02555345,10,-1.5732421875
59,NCT00078208,11,-1.609375
59,NCT04048746,12,-1.62890625
59,NCT03788057,13,-1.7314453125
59,NCT00180661,14,-1.806640625
59,NCT04264377,15,-1.814453125
59,NCT00900874,16,-1.9814453125
59,NCT02924688,17,-2.048828125
59,NCT02040779,18,-2.091796875
59,NCT01899144,19,-2.107421875
59,NCT01961154,20,-2.109375
59,NCT01907334,21,-2.115234375
59,NCT02141854,22,-2.1796875
59,NCT01577953,23,-2.2265625
59,NCT02388997,24,-2.23046875
59,NCT02691988,25,-2.3046875
59,NCT01397201,26,-2.3125
59,NCT01287065,27,-2.3203125
59,NCT02678949,28,-2.33984375
59,NCT01263340,29,-2.33984375
59,NCT00662298,30,-2.345703125
59,NCT02031640,31,-2.396484375
59,NCT03046433,32,-2.42578125
59,NCT04129931,33,-2.47265625
59,NCT00595153,34,-2.513671875
59,NCT02135718,35,-2.52734375
59,NCT02066129,36,-2.587890625
59,NCT02717689,37,-2.58984375
59,NCT02013076,38,-2.59375
59,NCT02233803,39,-2.595703125
59,NCT04821908,40,-2.6015625
59,NCT01634152,41,-2.62890625
59,NCT00634517,42,-2.681640625
59,NCT00603746,43,-2.68359375
59,NCT00273689,44,-2.75
59,NCT01781507,45,-2.78125
59,NCT03299322,46,-2.791015625
59,NCT00603382,47,-2.8046875
59,NCT00603278,48,-2.81640625
59,NCT02730351,49,-2.869140625
59,NCT01634113,50,-2.87890625
59,NCT04206761,51,-2.884765625
59,NCT00555607,52,-2.89453125
59,NCT02181335,53,-2.908203125
59,NCT04773678,54,-2.9140625
59,NCT01026870,55,-2.92578125
59,NCT01498679,56,-2.927734375
59,NCT03184987,57,-3.005859375
59,NCT01160536,58,-3.03125
59,NCT01498653,59,-3.03515625
59,NCT02040766,60,-3.05859375
59,NCT00398645,61,-3.064453125
59,NCT01397162,62,-3.07421875
59,NCT03317262,63,-3.08203125
59,NCT01500525,64,-3.087890625
59,NCT04456673,65,-3.087890625
59,NCT02094937,66,-3.091796875
59,NCT02139644,67,-3.119140625
59,NCT03546907,68,-3.15625
59,NCT01436890,69,-3.16015625
59,NCT00585039,70,-3.166015625
59,NCT01978119,71,-3.171875
59,NCT02175771,72,-3.173828125
59,NCT03781895,73,-3.232421875
59,NCT03930732,74,-3.29296875
59,NCT02301975,75,-3.298828125
59,NCT02483975,76,-3.34375
59,NCT01269437,77,-3.35546875
59,NCT01332292,78,-3.36328125
59,NCT02889809,79,-3.3671875
59,NCT00819676,80,-3.3984375
59,NCT00801307,81,-3.447265625
59,NCT00424008,82,-3.44921875
59,NCT03012061,83,-3.462890625
59,NCT03513471,84,-3.57421875
59,NCT03363191,85,-3.603515625
59,NCT02358798,86,-3.61328125
59,NCT02887911,87,-3.634765625
59,NCT00381485,88,-3.66796875
59,NCT01837316,89,-3.69140625
59,NCT01978145,90,-3.73828125
59,NCT01879410,91,-3.900390625
59,NCT02786927,92,-3.90234375
59,NCT04223843,93,-3.912109375
59,NCT00442117,94,-4.03125
59,NCT03840044,95,-4.08203125
59,NCT02340520,96,-4.14453125
59,NCT03034330,97,-4.34765625
59,NCT00473460,98,-4.40234375
59,NCT00640263,99,-4.44140625
59,NCT00723567,100,-4.60546875
60,NCT02566551,1,0.14599609375
60,NCT02628041,2,-1.1240234375
60,NCT02006303,3,-1.4580078125
60,NCT03043222,4,-1.8974609375
60,NCT04206319,5,-2.67578125
60,NCT01912339,6,-2.8125
60,NCT04726748,7,-2.85546875
60,NCT02808013,8,-3.025390625
60,NCT00537849,9,-3.05078125
60,NCT03777982,10,-3.09375
60,NCT02505919,11,-3.162109375
60,NCT03305861,12,-3.173828125
60,NCT01775488,13,-3.189453125
60,NCT04757116,14,-3.216796875
60,NCT01896973,15,-3.25390625
60,NCT03605745,16,-3.361328125
60,NCT00005072,17,-3.4296875
60,NCT03758222,18,-3.44140625
60,NCT03315871,19,-3.44921875
60,NCT04529369,20,-3.451171875
60,NCT02786290,21,-3.46484375
60,NCT03976843,22,-3.482421875
60,NCT00527371,23,-3.494140625
60,NCT00694551,24,-3.533203125
60,NCT02649439,25,-3.5546875
60,NCT01846793,26,-3.603515625
60,NCT03179228,27,-3.65625
60,NCT04131907,28,-3.712890625
60,NCT00567580,29,-3.767578125
60,NCT03262103,30,-3.7734375
60,NCT03055624,31,-3.86328125
60,NCT02167009,32,-3.888671875
60,NCT00573586,33,-3.8984375
60,NCT04158245,34,-3.900390625
60,NCT00683475,35,-3.919921875
60,NCT01438775,36,-3.93359375
60,NCT03335059,37,-3.98828125
60,NCT03902080,38,-4.01171875
60,NCT03246802,39,-4.0234375
60,NCT03637543,40,-4.0703125
60,NCT00947882,41,-4.07421875
60,NCT02326454,42,-4.078125
60,NCT02362451,43,-4.078125
60,NCT03372096,44,-4.1171875
60,NCT00431626,45,-4.15625
60,NCT00583024,46,-4.16015625
60,NCT01789840,47,-4.16796875
60,NCT00962390,48,-4.1875
60,NCT02260817,49,-4.22265625
60,NCT02524236,50,-4.2890625
60,NCT01673490,51,-4.2890625
60,NCT00030602,52,-4.3359375
60,NCT01303705,53,-4.3515625
60,NCT01197209,54,-4.3671875
60,NCT00685633,55,-4.41015625
60,NCT00788307,56,-4.4140625
60,NCT04309695,57,-4.4140625
60,NCT02506465,58,-4.43359375
60,NCT00004050,59,-4.44921875
60,NCT00743184,60,-4.47265625
60,NCT03373006,61,-4.4765625
60,NCT04032067,62,-4.4765625
60,NCT00090103,63,-4.4921875
60,NCT00889707,64,-4.4921875
60,NCT01043588,65,-4.515625
60,NCT00709488,66,-4.51953125
60,NCT02003742,67,-4.53515625
60,NCT00939120,68,-4.57421875
60,NCT00972309,69,-4.6171875
60,NCT01261754,70,-4.625
60,NCT02288455,71,-4.625
60,NCT02283684,72,-4.6328125
60,NCT01534793,73,-4.63671875
60,NCT00551525,74,-4.7109375
60,NCT00583492,75,-4.71484375
60,NCT02766543,76,-4.72265625
60,NCT04825652,77,-4.73828125
60,NCT03577236,78,-4.8046875
60,NCT00918034,79,-4.8125
60,NCT02410135,80,-4.81640625
60,NCT02244255,81,-4.83203125
60,NCT00850733,82,-4.84765625
60,NCT01294592,83,-4.86328125
60,NCT03788967,84,-4.8671875
60,NCT02855892,85,-4.93359375
60,NCT01931046,86,-4.9921875
60,NCT00694291,87,-5.01953125
60,NCT01650285,88,-5.04296875
60,NCT00100243,89,-5.046875
60,NCT01967251,90,-5.1171875
60,NCT03042312,91,-5.14453125
60,NCT00992745,92,-5.1796875
60,NCT02757768,93,-5.34375
60,NCT01777269,94,-5.4375
60,NCT00884273,95,-5.44140625
60,NCT02058368,96,-5.4921875
60,NCT01410565,97,-5.640625
60,NCT03423979,98,-5.6640625
60,NCT01469221,99,-5.671875
60,NCT03595735,100,-5.765625
61,NCT00999804,1,0.36083984375
61,NCT01617915,2,0.1829833984375
61,NCT00003519,3,-0.031951904296875
61,NCT01368263,4,-0.8955078125
61,NCT03878342,5,-0.95068359375
61,NCT00174655,6,-1.00390625
61,NCT04266249,7,-1.0703125
61,NCT01982448,8,-1.103515625
61,NCT03301350,9,-1.1865234375
61,NCT00593346,10,-1.1875
61,NCT01869192,11,-1.197265625
61,NCT00902954,12,-1.302734375
61,NCT04595565,13,-1.3212890625
61,NCT00087178,14,-1.341796875
61,NCT02125344,15,-1.3486328125
61,NCT01853748,16,-1.5361328125
61,NCT02464774,17,-1.537109375
61,NCT02926911,18,-1.669921875
61,NCT02206984,19,-1.673828125
61,NCT02441933,20,-1.69140625
61,NCT01953588,21,-1.7900390625
61,NCT04443348,22,-1.7919921875
61,NCT01203839,23,-1.8681640625
61,NCT02750826,24,-1.9052734375
61,NCT03587740,25,-1.9541015625
61,NCT04084730,26,-1.9716796875
61,NCT01147016,27,-1.9921875
61,NCT00374322,28,-2.005859375
61,NCT00103181,29,-2.03125
61,NCT03289039,30,-2.064453125
61,NCT02685332,31,-2.064453125
61,NCT00493870,32,-2.0859375
61,NCT03130439,33,-2.142578125
61,NCT04584255,34,-2.171875
61,NCT03542175,35,-2.1796875
61,NCT03442504,36,-2.30078125
61,NCT00365365,37,-2.3125
61,NCT02945579,38,-2.328125
61,NCT02789657,39,-2.353515625
61,NCT02625441,40,-2.357421875
61,NCT04425018,41,-2.369140625
61,NCT02347449,42,-2.38671875
61,NCT04301375,43,-2.43359375
61,NCT02003209,44,-2.46875
61,NCT00527293,45,-2.48046875
61,NCT02926196,46,-2.50390625
61,NCT01674140,47,-2.525390625
61,NCT03812393,48,-2.533203125
61,NCT01670877,49,-2.5703125
61,NCT01766297,50,-2.583984375
61,NCT02453737,51,-2.591796875
61,NCT04578106,52,-2.61328125
61,NCT00014612,53,-2.63671875
61,NCT00005970,54,-2.673828125
61,NCT02564848,55,-2.693359375
61,NCT02515110,56,-2.703125
61,NCT01278212,57,-2.71875
61,NCT01818999,58,-2.720703125
61,NCT00911716,59,-2.744140625
61,NCT01352091,60,-2.748046875
61,NCT01082211,61,-2.751953125
61,NCT00003830,62,-2.763671875
61,NCT03101683,63,-2.76953125
61,NCT03281954,64,-2.796875
61,NCT01901094,65,-2.806640625
61,NCT00493649,66,-2.841796875
61,NCT03820830,67,-2.84375
61,NCT01272037,68,-2.884765625
61,NCT00325598,69,-2.923828125
61,NCT02957968,70,-2.935546875
61,NCT03412643,71,-2.939453125
61,NCT01642771,72,-2.9453125
61,NCT00066690,73,-2.947265625
61,NCT04052555,74,-2.978515625
61,NCT01864746,75,-3.05078125
61,NCT02445391,76,-3.056640625
61,NCT04457596,77,-3.05859375
61,NCT00130533,78,-3.103515625
61,NCT02954874,79,-3.115234375
61,NCT04849871,80,-3.203125
61,NCT04569747,81,-3.2109375
61,NCT00925652,82,-3.2421875
61,NCT04502680,83,-3.25390625
61,NCT00119262,84,-3.275390625
61,NCT01009437,85,-3.2890625
61,NCT01839838,86,-3.29296875
61,NCT02764541,87,-3.3515625
61,NCT03612648,88,-3.404296875
61,NCT00041119,89,-3.416015625
61,NCT02776917,90,-3.4453125
61,NCT00433511,91,-3.46875
61,NCT02076074,92,-3.556640625
61,NCT00789581,93,-3.7421875
61,NCT00009945,94,-3.8125
61,NCT02876640,95,-3.953125
61,NCT00882089,96,-4.04296875
61,NCT02131064,97,-4.19921875
61,NCT03473639,98,-4.5078125
61,NCT04297267,99,-4.5625
61,NCT03725059,100,-4.69140625
62,NCT03646019,1,0.59423828125
62,NCT00005479,2,-0.3203125
62,NCT04040634,3,-0.814453125
62,NCT03639545,4,-0.9892578125
62,NCT03273738,5,-1.115234375
62,NCT04679727,6,-1.298828125
62,NCT03920683,7,-2.107421875
62,NCT04825080,8,-2.13671875
62,NCT03929354,9,-2.240234375
62,NCT02136758,10,-2.44921875
62,NCT03737175,11,-2.482421875
62,NCT02318628,12,-2.541015625
62,NCT00011258,13,-2.54296875
62,NCT00147251,14,-2.580078125
62,NCT03317652,15,-2.7421875
62,NCT01613898,16,-2.923828125
62,NCT00231231,17,-3.0390625
62,NCT00000469,18,-3.099609375
62,NCT03228459,19,-3.115234375
62,NCT03223441,20,-3.21875
62,NCT04290767,21,-3.39453125
62,NCT03464851,22,-3.40234375
62,NCT04294316,23,-3.4453125
62,NCT00904254,24,-3.58984375
62,NCT04036409,25,-3.607421875
62,NCT00660790,26,-3.626953125
62,NCT04738864,27,-3.794921875
62,NCT01284933,28,-3.91015625
62,NCT00462475,29,-3.92578125
62,NCT03291093,30,-3.95703125
62,NCT04150315,31,-4.00390625
62,NCT03309917,32,-4.015625
62,NCT00772278,33,-4.05078125
62,NCT00497094,34,-4.0703125
62,NCT00228176,35,-4.078125
62,NCT02487615,36,-4.08203125
62,NCT02089217,37,-4.10546875
62,NCT02062554,38,-4.19921875
62,NCT02069964,39,-4.2265625
62,NCT02022618,40,-4.24609375
62,NCT03721523,41,-4.25
62,NCT04291430,42,-4.27734375
62,NCT00178672,43,-4.3359375
62,NCT03939351,44,-4.36328125
62,NCT02224339,45,-4.36328125
62,NCT00231270,46,-4.39453125
62,NCT00106938,47,-4.4609375
62,NCT00225264,48,-4.5546875
62,NCT04201132,49,-4.59765625
62,NCT03982420,50,-4.60546875
62,NCT03538327,51,-4.69140625
62,NCT00005696,52,-4.7265625
62,NCT03773172,53,-4.7421875
62,NCT03596437,54,-4.76953125
62,NCT01770210,55,-4.87109375
62,NCT00388713,56,-4.9375
62,NCT01264419,57,-4.96484375
62,NCT00715273,58,-4.9765625
62,NCT03764306,59,-5.0390625
62,NCT02476396,60,-5.0625
62,NCT01575249,61,-5.16796875
62,NCT02992301,62,-5.17578125
62,NCT02524106,63,-5.18359375
62,NCT03591523,64,-5.1875
62,NCT02476006,65,-5.21875
62,NCT03425383,66,-5.25390625
62,NCT04087382,67,-5.2734375
62,NCT04176978,68,-5.3515625
62,NCT00180518,69,-5.359375
62,NCT02850588,70,-5.375
62,NCT01170585,71,-5.46875
62,NCT00744523,72,-5.484375
62,NCT03921827,73,-5.64453125
62,NCT00005928,74,-5.6640625
62,NCT00307307,75,-5.6640625
62,NCT03169257,76,-5.73046875
62,NCT01212900,77,-5.76171875
62,NCT00983632,78,-5.80078125
62,NCT03381534,79,-5.8046875
62,NCT02775318,80,-5.85546875
62,NCT02060643,81,-5.86328125
62,NCT00659256,82,-5.8984375
62,NCT01819597,83,-5.94140625
62,NCT04347434,84,-5.94921875
62,NCT01389388,85,-6.0078125
62,NCT01132768,86,-6.0078125
62,NCT03011775,87,-6.01171875
62,NCT00029146,88,-6.10546875
62,NCT00385385,89,-6.28125
62,NCT03027674,90,-6.40625
62,NCT04117750,91,-6.42578125
62,NCT02622750,92,-6.49609375
62,NCT04730973,93,-6.53515625
62,NCT03828422,94,-6.59765625
62,NCT02546323,95,-6.66796875
62,NCT02732340,96,-6.8125
62,NCT00005108,97,-6.82421875
62,NCT04095767,98,-7.14453125
62,NCT03936881,99,-7.49609375
62,NCT03758092,100,-8.328125
63,NCT02682368,1,-0.71533203125
63,NCT02155244,2,-1.4560546875
63,NCT02582307,3,-1.5869140625
63,NCT04350346,4,-1.787109375
63,NCT00863642,5,-1.9326171875
63,NCT03999333,6,-2.134765625
63,NCT03323489,7,-2.177734375
63,NCT02156947,8,-2.51171875
63,NCT04033822,9,-2.5390625
63,NCT00161083,10,-2.671875
63,NCT04237181,11,-2.83984375
63,NCT03591419,12,-2.89453125
63,NCT04308265,13,-2.90625
63,NCT01492790,14,-2.962890625
63,NCT04234035,15,-3.0546875
63,NCT00738621,16,-3.072265625
63,NCT02472509,17,-3.328125
63,NCT00553059,18,-3.541015625
63,NCT01190280,19,-3.87109375
63,NCT02067520,20,-3.892578125
63,NCT02897622,21,-3.982421875
63,NCT04688463,22,-4.01953125
63,NCT01768546,23,-4.125
63,NCT00656942,24,-4.15625
63,NCT00836810,25,-4.26953125
63,NCT03709030,26,-4.26953125
63,NCT00000862,27,-4.28515625
63,NCT03980717,28,-4.4375
63,NCT00771108,29,-4.44140625
63,NCT04482244,30,-4.5625
63,NCT01811069,31,-4.609375
63,NCT00682565,32,-4.67578125
63,NCT02511522,33,-4.73046875
63,NCT04024046,34,-4.75
63,NCT04717050,35,-4.8828125
63,NCT01715220,36,-4.9296875
63,NCT03158805,37,-4.9921875
63,NCT03945266,38,-5.00390625
63,NCT03974217,39,-5.09765625
63,NCT02546193,40,-5.1171875
63,NCT02836860,41,-5.1328125
63,NCT01425177,42,-5.15234375
63,NCT00439179,43,-5.25
63,NCT01624155,44,-5.26171875
63,NCT02498964,45,-5.27734375
63,NCT02379728,46,-5.3046875
63,NCT02185456,47,-5.3125
63,NCT01827657,48,-5.32421875
63,NCT00678132,49,-5.359375
63,NCT02146924,50,-5.3671875
63,NCT03661047,51,-5.390625
63,NCT02066532,52,-5.3984375
63,NCT02743364,53,-5.41015625
63,NCT01775917,54,-5.4296875
63,NCT04134117,55,-5.43359375
63,NCT03141359,56,-5.4375
63,NCT04030741,57,-5.4453125
63,NCT01311102,58,-5.45703125
63,NCT03529955,59,-5.4765625
63,NCT04290897,60,-5.48046875
63,NCT03527186,61,-5.49609375
63,NCT02658396,62,-5.58203125
63,NCT02069366,63,-5.5859375
63,NCT02407080,64,-5.63671875
63,NCT01553318,65,-5.640625
63,NCT02769962,66,-5.6796875
63,NCT03647631,67,-5.71875
63,NCT01893047,68,-5.7421875
63,NCT03595917,69,-5.74609375
63,NCT04474626,70,-5.75390625
63,NCT04592354,71,-5.84765625
63,NCT03869788,72,-5.89453125
63,NCT00879190,73,-5.9140625
63,NCT00666380,74,-5.9921875
63,NCT01687751,75,-6.0078125
63,NCT00468858,76,-6.01171875
63,NCT01599975,77,-6.05078125
63,NCT00182078,78,-6.109375
63,NCT03336203,79,-6.125
63,NCT04691960,80,-6.13671875
63,NCT00504010,81,-6.1484375
63,NCT04555499,82,-6.1640625
63,NCT02099006,83,-6.20703125
63,NCT02190695,84,-6.2890625
63,NCT03008005,85,-6.30078125
63,NCT00385047,86,-6.3046875
63,NCT01891149,87,-6.3046875
63,NCT04592549,88,-6.375
63,NCT02414529,89,-6.40625
63,NCT00326443,90,-6.41796875
63,NCT00539994,91,-6.45703125
63,NCT02768766,92,-6.46484375
63,NCT04246398,93,-6.49609375
63,NCT00342706,94,-6.56640625
63,NCT00941681,95,-6.609375
63,NCT04437043,96,-6.61328125
63,NCT03900923,97,-6.8984375
63,NCT02569437,98,-6.96875
63,NCT03380715,99,-6.98828125
63,NCT04133480,100,-7.26171875
64,NCT00275938,1,0.81201171875
64,NCT03612973,2,0.2423095703125
64,NCT03603327,3,0.0084686279296875
64,NCT01805882,4,-0.03924560546875
64,NCT02734173,5,-0.169921875
64,NCT02858050,6,-0.193359375
64,NCT00001729,7,-0.25537109375
64,NCT00189163,8,-0.262939453125
64,NCT03296930,9,-0.399658203125
64,NCT02124044,10,-0.529296875
64,NCT01500616,11,-0.56689453125
64,NCT01425970,12,-0.6044921875
64,NCT01896609,13,-0.76904296875
64,NCT01858961,14,-0.86474609375
64,NCT02156570,15,-0.8701171875
64,NCT00502970,16,-0.89892578125
64,NCT00179413,17,-0.9619140625
64,NCT02646163,18,-0.986328125
64,NCT02483156,19,-1.03125
64,NCT02397395,20,-1.0947265625
64,NCT00973219,21,-1.095703125
64,NCT01185028,22,-1.1044921875
64,NCT00300807,23,-1.13671875
64,NCT00188201,24,-1.1416015625
64,NCT01750515,25,-1.158203125
64,NCT01336010,26,-1.166015625
64,NCT00154869,27,-1.1826171875
64,NCT01391117,28,-1.2041015625
64,NCT01371578,29,-1.2109375
64,NCT01878799,30,-1.3203125
64,NCT00015652,31,-1.3203125
64,NCT01455090,32,-1.32421875
64,NCT00680173,33,-1.3408203125
64,NCT01732796,34,-1.373046875
64,NCT01608737,35,-1.396484375
64,NCT01605513,36,-1.4189453125
64,NCT00489385,37,-1.4208984375
64,NCT00575627,38,-1.427734375
64,NCT00310336,39,-1.4697265625
64,NCT03520660,40,-1.50390625
64,NCT01899092,41,-1.548828125
64,NCT02644538,42,-1.5517578125
64,NCT02952924,43,-1.5654296875
64,NCT02634008,44,-1.703125
64,NCT02625909,45,-1.7431640625
64,NCT04155515,46,-1.779296875
64,NCT01995266,47,-1.7880859375
64,NCT00686777,48,-1.7919921875
64,NCT00540345,49,-1.826171875
64,NCT01441180,50,-1.8310546875
64,NCT00207311,51,-1.85546875
64,NCT00803309,52,-1.927734375
64,NCT01937728,53,-1.9326171875
64,NCT01343888,54,-1.9658203125
64,NCT01297270,55,-1.9912109375
64,NCT02060058,56,-2.068359375
64,NCT00629967,57,-2.080078125
64,NCT01908335,58,-2.095703125
64,NCT00085917,59,-2.203125
64,NCT02068365,60,-2.205078125
64,NCT00117533,61,-2.294921875
64,NCT00040027,62,-2.298828125
64,NCT02371408,63,-2.314453125
64,NCT02594293,64,-2.32421875
64,NCT01443923,65,-2.337890625
64,NCT01055821,66,-2.369140625
64,NCT01949168,67,-2.412109375
64,NCT00039962,68,-2.43359375
64,NCT01717326,69,-2.490234375
64,NCT02340962,70,-2.51953125
64,NCT00188240,71,-2.53125
64,NCT00226382,72,-2.58984375
64,NCT02349048,73,-2.59765625
64,NCT02262728,74,-2.6484375
64,NCT01636778,75,-2.6484375
64,NCT00834860,76,-2.66796875
64,NCT00225537,77,-2.671875
64,NCT00630084,78,-2.701171875
64,NCT01517308,79,-2.76953125
64,NCT02973503,80,-2.80078125
64,NCT02099604,81,-2.83203125
64,NCT00854802,82,-2.853515625
64,NCT03852433,83,-2.86328125
64,NCT01273948,84,-3.04296875
64,NCT02888106,85,-3.09375
64,NCT00687544,86,-3.11328125
64,NCT00882193,87,-3.2890625
64,NCT01350648,88,-3.333984375
64,NCT01498068,89,-3.3359375
64,NCT00524173,90,-3.37109375
64,NCT04857684,91,-3.423828125
64,NCT00892697,92,-3.4375
64,NCT01579474,93,-3.470703125
64,NCT03496233,94,-3.470703125
64,NCT02641379,95,-3.63671875
64,NCT00926120,96,-3.69140625
64,NCT00441584,97,-3.787109375
64,NCT01368497,98,-4.12890625
64,NCT04365868,99,-5.359375
64,NCT03482102,100,-5.69140625
65,NCT02438189,1,0.202880859375
65,NCT01469715,2,0.1724853515625
65,NCT01578980,3,0.0321044921875
65,NCT04749693,4,-0.2059326171875
65,NCT00300976,5,-0.314697265625
65,NCT00708981,6,-0.406982421875
65,NCT02280174,7,-0.53173828125
65,NCT02125682,8,-0.67333984375
65,NCT01697150,9,-0.77685546875
65,NCT01977417,10,-0.78369140625
65,NCT03565666,11,-0.7861328125
65,NCT02714972,12,-0.81396484375
65,NCT02501850,13,-0.8896484375
65,NCT01582139,14,-0.91015625
65,NCT00456963,15,-1.0234375
65,NCT01890954,16,-1.0400390625
65,NCT00498537,17,-1.0712890625
65,NCT00653185,18,-1.275390625
65,NCT01249677,19,-1.3056640625
65,NCT02948569,20,-1.3154296875
65,NCT00760344,21,-1.4228515625
65,NCT03894527,22,-1.5078125
65,NCT02496000,23,-1.544921875
65,NCT00196989,24,-1.587890625
65,NCT01014832,25,-1.625
65,NCT02524106,26,-1.65625
65,NCT01597232,27,-1.7021484375
65,NCT00445627,28,-1.8447265625
65,NCT00120289,29,-1.8623046875
65,NCT00419562,30,-1.9658203125
65,NCT01524159,31,-2.015625
65,NCT01500850,32,-2.044921875
65,NCT01423188,33,-2.10546875
65,NCT03240432,34,-2.126953125
65,NCT00186537,35,-2.1640625
65,NCT02015780,36,-2.267578125
65,NCT01354262,37,-2.314453125
65,NCT02719028,38,-2.32421875
65,NCT01386853,39,-2.373046875
65,NCT01609582,40,-2.375
65,NCT02250222,41,-2.416015625
65,NCT01842282,42,-2.490234375
65,NCT02586155,43,-2.494140625
65,NCT00785005,44,-2.5078125
65,NCT04157738,45,-2.5234375
65,NCT02221973,46,-2.638671875
65,NCT00965315,47,-2.67578125
65,NCT01067820,48,-2.7109375
65,NCT01510847,49,-2.72265625
65,NCT04701242,50,-2.755859375
65,NCT04604223,51,-2.765625
65,NCT02049814,52,-2.7734375
65,NCT04618744,53,-2.802734375
65,NCT00887510,54,-2.802734375
65,NCT00441480,55,-2.849609375
65,NCT02437084,56,-2.853515625
65,NCT01687998,57,-2.96484375
65,NCT02620670,58,-2.96875
65,NCT00897975,59,-2.97265625
65,NCT00701727,60,-2.986328125
65,NCT01770210,61,-3.00390625
65,NCT01897363,62,-3.056640625
65,NCT04823611,63,-3.1484375
65,NCT00408148,64,-3.150390625
65,NCT04030247,65,-3.16796875
65,NCT02833844,66,-3.19921875
65,NCT03097107,67,-3.279296875
65,NCT00298545,68,-3.2890625
65,NCT00736996,69,-3.29296875
65,NCT02512523,70,-3.345703125
65,NCT02845024,71,-3.359375
65,NCT03781895,72,-3.365234375
65,NCT00128687,73,-3.376953125
65,NCT03499704,74,-3.376953125
65,NCT03867318,75,-3.41796875
65,NCT03961763,76,-3.421875
65,NCT00817843,77,-3.451171875
65,NCT00728910,78,-3.46484375
65,NCT02856113,79,-3.490234375
65,NCT02735837,80,-3.5390625
65,NCT03867110,81,-3.572265625
65,NCT02269046,82,-3.58203125
65,NCT03336203,83,-3.634765625
65,NCT00658463,84,-3.712890625
65,NCT03207945,85,-3.83203125
65,NCT01095822,86,-3.83203125
65,NCT03658031,87,-3.896484375
65,NCT02835872,88,-3.923828125
65,NCT00827177,89,-4.0546875
65,NCT04681170,90,-4.05859375
65,NCT04397653,91,-4.08984375
65,NCT00822172,92,-4.16015625
65,NCT03011450,93,-4.16796875
65,NCT00354159,94,-4.21484375
65,NCT01265576,95,-4.23046875
65,NCT04316546,96,-4.39453125
65,NCT01896609,97,-4.5390625
65,NCT00459745,98,-4.55859375
65,NCT02587169,99,-5.0078125
65,NCT01661634,100,-5.0234375
66,NCT03986021,1,-2.8828125
66,NCT00572858,2,-3.748046875
66,NCT01768546,3,-3.751953125
66,NCT04249271,4,-3.880859375
66,NCT00433680,5,-4.55859375
66,NCT04447872,6,-4.94140625
66,NCT04537390,7,-5.37109375
66,NCT04717050,8,-5.38671875
66,NCT01688466,9,-5.51171875
66,NCT04701034,10,-5.51171875
66,NCT02414529,11,-5.51953125
66,NCT03008824,12,-5.6171875
66,NCT03106935,13,-5.67578125
66,NCT02696889,14,-5.87109375
66,NCT03422809,15,-5.88671875
66,NCT02400359,16,-5.9453125
66,NCT01223313,17,-5.99609375
66,NCT00799214,18,-6.02734375
66,NCT00555477,19,-6.06640625
66,NCT00908570,20,-6.08984375
66,NCT01572480,21,-6.12109375
66,NCT03243305,22,-6.13671875
66,NCT00367627,23,-6.17578125
66,NCT03945266,24,-6.1953125
66,NCT01338298,25,-6.23828125
66,NCT00604825,26,-6.24609375
66,NCT00498238,27,-6.25
66,NCT04548752,28,-6.26171875
66,NCT02569697,29,-6.26953125
66,NCT00455156,30,-6.29296875
66,NCT01097083,31,-6.328125
66,NCT00172172,32,-6.37890625
66,NCT01306331,33,-6.4453125
66,NCT03197025,34,-6.44921875
66,NCT03782064,35,-6.46875
66,NCT01853618,36,-6.54296875
66,NCT01160536,37,-6.5703125
66,NCT00922233,38,-6.66015625
66,NCT00498719,39,-6.66796875
66,NCT01853748,40,-6.671875
66,NCT02211027,41,-6.69140625
66,NCT01896999,42,-6.72265625
66,NCT02173808,43,-6.7265625
66,NCT04776395,44,-6.7421875
66,NCT04233632,45,-6.75
66,NCT00953420,46,-6.77734375
66,NCT03918252,47,-6.79296875
66,NCT04134117,48,-6.80859375
66,NCT04541251,49,-6.80859375
66,NCT04134559,50,-6.8671875
66,NCT02569320,51,-6.88671875
66,NCT00342706,52,-6.90625
66,NCT04262869,53,-6.921875
66,NCT00071994,54,-6.92578125
66,NCT00682994,55,-6.94140625
66,NCT02185456,56,-6.94921875
66,NCT03732664,57,-6.96875
66,NCT04676087,58,-6.96875
66,NCT02429349,59,-6.98828125
66,NCT03929029,60,-6.99609375
66,NCT01624155,61,-7.01171875
66,NCT01775501,62,-7.01953125
66,NCT01905072,63,-7.02734375
66,NCT03605719,64,-7.06640625
66,NCT03044613,65,-7.08203125
66,NCT00569660,66,-7.1015625
66,NCT01684397,67,-7.12109375
66,NCT04805112,68,-7.125
66,NCT03532139,69,-7.12890625
66,NCT04428671,70,-7.1328125
66,NCT02658396,71,-7.14453125
66,NCT04001413,72,-7.14453125
66,NCT00000862,73,-7.16796875
66,NCT04172714,74,-7.1953125
66,NCT03050450,75,-7.23046875
66,NCT02844816,76,-7.234375
66,NCT02769962,77,-7.26171875
66,NCT04720209,78,-7.2734375
66,NCT03325816,79,-7.28125
66,NCT00903461,80,-7.33984375
66,NCT04691960,81,-7.375
66,NCT03477240,82,-7.390625
66,NCT01553071,83,-7.39453125
66,NCT00001621,84,-7.4765625
66,NCT03336203,85,-7.484375
66,NCT00405756,86,-7.5546875
66,NCT03405155,87,-7.58203125
66,NCT03718767,88,-7.58203125
66,NCT01553318,89,-7.71875
66,NCT04754945,90,-7.75390625
66,NCT03463408,91,-7.7734375
66,NCT04329715,92,-7.80078125
66,NCT04633252,93,-7.8671875
66,NCT02088866,94,-7.88671875
66,NCT02546193,95,-7.91796875
66,NCT03034330,96,-8.1171875
66,NCT01893047,97,-8.1640625
66,NCT04568005,98,-8.171875
66,NCT02411916,99,-8.34375
66,NCT02170064,100,-8.5
67,NCT04783805,1,2.7890625
67,NCT04057924,2,2.609375
67,NCT03157752,3,1.671875
67,NCT03808168,4,1.6416015625
67,NCT04772937,5,0.8447265625
67,NCT03763565,6,0.2220458984375
67,NCT04411134,7,0.0013179779052734375
67,NCT03621696,8,-0.2486572265625
67,NCT03052556,9,-0.28173828125
67,NCT04266275,10,-0.341796875
67,NCT00122681,11,-0.486083984375
67,NCT03427411,12,-0.57568359375
67,NCT00911521,13,-0.65087890625
67,NCT00443313,14,-0.66796875
67,NCT02554344,15,-0.833984375
67,NCT02002182,16,-0.892578125
67,NCT04287868,17,-1.0107421875
67,NCT00933140,18,-1.044921875
67,NCT02477254,19,-1.2353515625
67,NCT02714439,20,-1.283203125
67,NCT00423046,21,-1.44921875
67,NCT00312286,22,-1.451171875
67,NCT03466710,23,-1.796875
67,NCT00689741,24,-1.8271484375
67,NCT02481414,25,-2.025390625
67,NCT00201370,26,-2.046875
67,NCT00534638,27,-2.080078125
67,NCT04624568,28,-2.091796875
67,NCT03546842,29,-2.333984375
67,NCT01792973,30,-2.46875
67,NCT04472377,31,-2.599609375
67,NCT03603808,32,-2.68359375
67,NCT00463450,33,-2.876953125
67,NCT03197025,34,-2.8984375
67,NCT03937791,35,-2.97265625
67,NCT03903562,36,-3.001953125
67,NCT04852328,37,-3.041015625
67,NCT03118258,38,-3.21484375
67,NCT00529464,39,-3.33984375
67,NCT03345875,40,-3.572265625
67,NCT03493542,41,-3.67578125
67,NCT03998254,42,-3.71484375
67,NCT02714127,43,-3.87109375
67,NCT03196180,44,-3.9140625
67,NCT00274261,45,-4.328125
67,NCT00922233,46,-4.34765625
67,NCT01624155,47,-4.39453125
67,NCT03243305,48,-4.41015625
67,NCT01223313,49,-4.58203125
67,NCT03525210,50,-4.75
67,NCT01784809,51,-4.875
67,NCT02884960,52,-4.8828125
67,NCT02293213,53,-4.89453125
67,NCT02573493,54,-4.91015625
67,NCT00604825,55,-4.98828125
67,NCT04131413,56,-5.1640625
67,NCT01421368,57,-5.19921875
67,NCT01347632,58,-5.23828125
67,NCT00799214,59,-5.28515625
67,NCT03469583,60,-5.39453125
67,NCT01953679,61,-5.4921875
67,NCT00005808,62,-5.55078125
67,NCT01166412,63,-5.6953125
67,NCT03286335,64,-5.74609375
67,NCT02957747,65,-5.87109375
67,NCT02546193,66,-6.0234375
67,NCT02173808,67,-6.12109375
67,NCT01728454,68,-6.1875
67,NCT02185456,69,-6.2265625
67,NCT00001126,70,-6.40234375
67,NCT01245764,71,-6.484375
67,NCT00539994,72,-6.53515625
67,NCT00000862,73,-6.62109375
67,NCT04134117,74,-6.65625
67,NCT01309919,75,-6.70703125
67,NCT00653393,76,-6.72265625
67,NCT03422809,77,-6.73046875
67,NCT03459469,78,-6.7421875
67,NCT03182959,79,-6.76953125
67,NCT01853748,80,-6.80078125
67,NCT03273465,81,-6.8515625
67,NCT00793611,82,-6.94140625
67,NCT03661047,83,-6.984375
67,NCT00367627,84,-7.0546875
67,NCT01599975,85,-7.07421875
67,NCT01645384,86,-7.12890625
67,NCT00857051,87,-7.140625
67,NCT02769962,88,-7.16015625
67,NCT03463213,89,-7.21875
67,NCT03268993,90,-7.30078125
67,NCT00342706,91,-7.36328125
67,NCT03560882,92,-7.40625
67,NCT02520050,93,-7.875
67,NCT00467818,94,-7.9140625
67,NCT03856034,95,-8.0078125
67,NCT01553318,96,-8.0625
67,NCT00182078,97,-8.390625
67,NCT01160536,98,-8.515625
67,NCT01051726,99,-8.6015625
67,NCT03034330,100,-8.8828125
68,NCT03303313,1,-2.802734375
68,NCT00907751,2,-3.392578125
68,NCT04745195,3,-3.4140625
68,NCT03999840,4,-3.642578125
68,NCT01554514,5,-3.681640625
68,NCT01257269,6,-3.7109375
68,NCT01433003,7,-3.83203125
68,NCT03205995,8,-3.884765625
68,NCT01593514,9,-3.994140625
68,NCT03269292,10,-4.359375
68,NCT01722578,11,-4.3984375
68,NCT02811120,12,-4.4296875
68,NCT04381858,13,-4.70703125
68,NCT01194973,14,-4.82421875
68,NCT03580941,15,-4.93359375
68,NCT00901940,16,-5.04296875
68,NCT00251277,17,-5.078125
68,NCT04490018,18,-5.15625
68,NCT03690024,19,-5.18359375
68,NCT01705379,20,-5.1875
68,NCT00661557,21,-5.19140625
68,NCT00838513,22,-5.2421875
68,NCT01757431,23,-5.2578125
68,NCT01221181,24,-5.31640625
68,NCT02464891,25,-5.33203125
68,NCT02752906,26,-5.33203125
68,NCT02398396,27,-5.3515625
68,NCT01839175,28,-5.390625
68,NCT02904863,29,-5.44140625
68,NCT00844844,30,-5.44140625
68,NCT00518180,31,-5.46484375
68,NCT03187652,32,-5.48828125
68,NCT00799773,33,-5.4921875
68,NCT01604031,34,-5.5
68,NCT02842853,35,-5.51171875
68,NCT00715910,36,-5.515625
68,NCT03632720,37,-5.53515625
68,NCT00726544,38,-5.56640625
68,NCT04236960,39,-5.56640625
68,NCT00670774,40,-5.57421875
68,NCT04084769,41,-5.60546875
68,NCT03246542,42,-5.65234375
68,NCT00356369,43,-5.6953125
68,NCT01428908,44,-5.703125
68,NCT00723567,45,-5.703125
68,NCT01406509,46,-5.73046875
68,NCT04749810,47,-5.765625
68,NCT03922308,48,-5.78125
68,NCT04743804,49,-5.78515625
68,NCT00844428,50,-5.7890625
68,NCT04543591,51,-5.80078125
68,NCT03165617,52,-5.80078125
68,NCT04463056,53,-5.828125
68,NCT00488683,54,-5.84765625
68,NCT04236843,55,-5.890625
68,NCT02199691,56,-5.8984375
68,NCT01303211,57,-5.90234375
68,NCT03205358,58,-5.9765625
68,NCT02842866,59,-5.9765625
68,NCT04557735,60,-5.98828125
68,NCT03263403,61,-5.99609375
68,NCT01952834,62,-6.0
68,NCT00718666,63,-6.0078125
68,NCT04859608,64,-6.03125
68,NCT02949128,65,-6.1171875
68,NCT01725217,66,-6.12109375
68,NCT03714737,67,-6.12890625
68,NCT03547271,68,-6.12890625
68,NCT03157635,69,-6.1640625
68,NCT01193348,70,-6.203125
68,NCT02869672,71,-6.20703125
68,NCT03869866,72,-6.23046875
68,NCT00390143,73,-6.234375
68,NCT04689191,74,-6.23828125
68,NCT03691610,75,-6.28515625
68,NCT00329849,76,-6.3046875
68,NCT04132375,77,-6.3203125
68,NCT03205371,78,-6.328125
68,NCT04822090,79,-6.34765625
68,NCT01580033,80,-6.36328125
68,NCT04143061,81,-6.37890625
68,NCT02919293,82,-6.40625
68,NCT02205541,83,-6.42578125
68,NCT03673462,84,-6.45703125
68,NCT04689165,85,-6.49609375
68,NCT03476135,86,-6.51953125
68,NCT00196976,87,-6.5390625
68,NCT03131219,88,-6.609375
68,NCT04346797,89,-6.6875
68,NCT00427908,90,-6.6953125
68,NCT01266993,91,-6.73046875
68,NCT03537508,92,-6.8125
68,NCT00126984,93,-6.90625
68,NCT00262028,94,-7.00390625
68,NCT00503165,95,-7.01171875
68,NCT00772070,96,-7.06640625
68,NCT00392808,97,-7.07421875
68,NCT02955797,98,-7.07421875
68,NCT04725812,99,-7.55078125
68,NCT03902262,100,-7.6875
69,NCT01173211,1,-4.4453125
69,NCT04298606,2,-5.31640625
69,NCT00341250,3,-5.875
69,NCT03500679,4,-5.94140625
69,NCT00122681,5,-6.1328125
69,NCT01910805,6,-6.33203125
69,NCT00661557,7,-6.33984375
69,NCT00434512,8,-6.37890625
69,NCT00715910,9,-6.453125
69,NCT04701034,10,-6.49609375
69,NCT00682565,11,-6.85546875
69,NCT01506050,12,-6.88671875
69,NCT01506037,13,-6.91015625
69,NCT03057002,14,-7.14453125
69,NCT00682994,15,-7.1484375
69,NCT01314339,16,-7.16015625
69,NCT03772678,17,-7.29296875
69,NCT00653393,18,-7.33203125
69,NCT01506791,19,-7.33203125
69,NCT01728753,20,-7.3359375
69,NCT01781507,21,-7.3359375
69,NCT01314352,22,-7.33984375
69,NCT03986021,23,-7.37109375
69,NCT03425331,24,-7.48828125
69,NCT02647671,25,-7.49609375
69,NCT00775905,26,-7.52734375
69,NCT02414529,27,-7.53125
69,NCT00005009,28,-7.5625
69,NCT04404881,29,-7.56640625
69,NCT03976687,30,-7.578125
69,NCT01645384,31,-7.63671875
69,NCT00597506,32,-7.64453125
69,NCT04290897,33,-7.68359375
69,NCT00775151,34,-7.6953125
69,NCT02700776,35,-7.69921875
69,NCT01109849,36,-7.73828125
69,NCT01436370,37,-7.74609375
69,NCT04548752,38,-7.76953125
69,NCT04278118,39,-7.78515625
69,NCT03728426,40,-7.828125
69,NCT00367627,41,-7.8359375
69,NCT01813825,42,-7.83984375
69,NCT00467818,43,-7.84375
69,NCT02999477,44,-7.875
69,NCT04134117,45,-7.8828125
69,NCT01553318,46,-7.8984375
69,NCT00941681,47,-7.93359375
69,NCT01775501,48,-7.9375
69,NCT03835819,49,-7.96484375
69,NCT02769962,50,-7.97265625
69,NCT00530907,51,-7.9765625
69,NCT01599975,52,-7.98046875
69,NCT04703426,53,-8.0078125
69,NCT03661047,54,-8.0078125
69,NCT03529955,55,-8.0234375
69,NCT04676360,56,-8.0234375
69,NCT02190695,57,-8.0390625
69,NCT04329715,58,-8.078125
69,NCT00799214,59,-8.109375
69,NCT04216251,60,-8.125
69,NCT04428671,61,-8.15625
69,NCT01853748,62,-8.1640625
69,NCT02099006,63,-8.203125
69,NCT02185456,64,-8.28125
69,NCT00330993,65,-8.3125
69,NCT04246398,66,-8.3125
69,NCT03477240,67,-8.3203125
69,NCT01160536,68,-8.328125
69,NCT03582969,69,-8.328125
69,NCT00951379,70,-8.3515625
69,NCT04071756,71,-8.3828125
69,NCT01624155,72,-8.390625
69,NCT00093860,73,-8.40625
69,NCT04318717,74,-8.4140625
69,NCT00752258,75,-8.4140625
69,NCT04172714,76,-8.421875
69,NCT04668157,77,-8.421875
69,NCT03050450,78,-8.4375
69,NCT00182078,79,-8.4609375
69,NCT03405155,80,-8.46875
69,NCT04233632,81,-8.484375
69,NCT04339140,82,-8.5
69,NCT01893047,83,-8.5234375
69,NCT00878826,84,-8.53125
69,NCT02569437,85,-8.5390625
69,NCT02088866,86,-8.546875
69,NCT04497142,87,-8.546875
69,NCT03422809,88,-8.5703125
69,NCT00000862,89,-8.578125
69,NCT00793611,90,-8.6015625
69,NCT02775851,91,-8.71875
69,NCT00498719,92,-8.75
69,NCT00342706,93,-8.7890625
69,NCT02109952,94,-8.828125
69,NCT00857051,95,-8.8671875
69,NCT03034330,96,-8.890625
69,NCT00922233,97,-8.984375
69,NCT00021671,98,-9.140625
69,NCT02411916,99,-9.171875
69,NCT02546193,100,-9.2421875
70,NCT01370733,1,-1.5283203125
70,NCT04826614,2,-2.05859375
70,NCT03363919,3,-3.3515625
70,NCT01328613,4,-3.4453125
70,NCT02691845,5,-4.3828125
70,NCT03388606,6,-4.5625
70,NCT00463450,7,-4.63671875
70,NCT01109849,8,-5.14453125
70,NCT00006180,9,-5.35546875
70,NCT00025935,10,-5.71875
70,NCT00682994,11,-5.7890625
70,NCT02535325,12,-5.91015625
70,NCT02442739,13,-5.9296875
70,NCT02492347,14,-6.02734375
70,NCT03008824,15,-6.03125
70,NCT04034251,16,-6.0390625
70,NCT00467818,17,-6.08984375
70,NCT03223662,18,-6.09765625
70,NCT01853748,19,-6.16015625
70,NCT04262869,20,-6.16015625
70,NCT02069366,21,-6.1953125
70,NCT00597506,22,-6.296875
70,NCT00367627,23,-6.30078125
70,NCT04701034,24,-6.30078125
70,NCT04134117,25,-6.35546875
70,NCT00682565,26,-6.359375
70,NCT01775501,27,-6.37109375
70,NCT03018288,28,-6.42578125
70,NCT03286335,29,-6.46875
70,NCT03661047,30,-6.48046875
70,NCT01688466,31,-6.53125
70,NCT02059265,32,-6.6015625
70,NCT03015324,33,-6.64453125
70,NCT02123966,34,-6.66015625
70,NCT03008005,35,-6.67578125
70,NCT01160536,36,-6.6796875
70,NCT02047136,37,-6.6875
70,NCT01088373,38,-6.69140625
70,NCT03212079,39,-6.703125
70,NCT02769962,40,-6.7109375
70,NCT03974217,41,-6.71875
70,NCT00495170,42,-6.72265625
70,NCT02190695,43,-6.7890625
70,NCT00530907,44,-6.8125
70,NCT00793611,45,-6.84375
70,NCT02623972,46,-6.859375
70,NCT04614142,47,-6.875
70,NCT02411734,48,-6.890625
70,NCT01599975,49,-6.90234375
70,NCT00799214,50,-6.91015625
70,NCT00182078,51,-6.9453125
70,NCT00498719,52,-6.953125
70,NCT04246398,53,-6.96875
70,NCT02178241,54,-6.99609375
70,NCT00571051,55,-7.01171875
70,NCT02693990,56,-7.03125
70,NCT04541355,57,-7.0390625
70,NCT02647671,58,-7.046875
70,NCT04216251,59,-7.0546875
70,NCT03663933,60,-7.0546875
70,NCT03728426,61,-7.05859375
70,NCT03050450,62,-7.109375
70,NCT01405326,63,-7.1328125
70,NCT03529955,64,-7.140625
70,NCT02414529,65,-7.17578125
70,NCT02099006,66,-7.2109375
70,NCT02700776,67,-7.2421875
70,NCT03336203,68,-7.24609375
70,NCT00000862,69,-7.2578125
70,NCT01849263,70,-7.26953125
70,NCT03389568,71,-7.33984375
70,NCT01311102,72,-7.34375
70,NCT04329715,73,-7.37890625
70,NCT02185456,74,-7.390625
70,NCT00857051,75,-7.40625
70,NCT01624155,76,-7.41796875
70,NCT03034330,77,-7.41796875
70,NCT02379728,78,-7.45703125
70,NCT03357042,79,-7.47265625
70,NCT04060927,80,-7.4921875
70,NCT00342706,81,-7.54296875
70,NCT03945266,82,-7.578125
70,NCT00922233,83,-7.5859375
70,NCT01907334,84,-7.5859375
70,NCT01553318,85,-7.60546875
70,NCT00878826,86,-7.62890625
70,NCT03888495,87,-7.65234375
70,NCT00330993,88,-7.671875
70,NCT02960230,89,-7.67578125
70,NCT00044174,90,-7.69140625
70,NCT04559620,91,-7.703125
70,NCT00093860,92,-7.75
70,NCT01569061,93,-7.765625
70,NCT00879190,94,-7.796875
70,NCT02569437,95,-7.85546875
70,NCT00433680,96,-7.98046875
70,NCT02546193,97,-8.046875
70,NCT01728753,98,-8.2578125
70,NCT03422809,99,-8.359375
70,NCT01893047,100,-8.8984375
71,NCT02598531,1,-3.18359375
71,NCT02520050,2,-3.5625
71,NCT00433680,3,-4.40625
71,NCT03945266,4,-4.4453125
71,NCT01811069,5,-4.56640625
71,NCT03158805,6,-4.62890625
71,NCT00463450,7,-4.71484375
71,NCT04701034,8,-4.77734375
71,NCT00957307,9,-4.8125
71,NCT01853748,10,-4.83984375
71,NCT04442724,11,-4.91796875
71,NCT03092518,12,-5.0234375
71,NCT04034251,13,-5.1953125
71,NCT04172714,14,-5.34375
71,NCT04290897,15,-5.40625
71,NCT01624155,16,-5.46875
71,NCT04720209,17,-5.4765625
71,NCT03008824,18,-5.5234375
71,NCT00934401,19,-5.5546875
71,NCT01854684,20,-5.58984375
71,NCT03678350,21,-5.65234375
71,NCT04822363,22,-5.65625
71,NCT02769962,23,-5.65625
71,NCT02411734,24,-5.6796875
71,NCT00680979,25,-5.6796875
71,NCT00682565,26,-5.71875
71,NCT03532139,27,-5.7421875
71,NCT00000862,28,-5.7578125
71,NCT03197025,29,-5.8046875
71,NCT03720392,30,-5.86328125
71,NCT03732664,31,-5.8984375
71,NCT01218217,32,-5.953125
71,NCT02414529,33,-5.95703125
71,NCT03279237,34,-6.0
71,NCT02400359,35,-6.0234375
71,NCT02068157,36,-6.0234375
71,NCT03015324,37,-6.0390625
71,NCT03918252,38,-6.04296875
71,NCT02733744,39,-6.0546875
71,NCT00667498,40,-6.05859375
71,NCT04329715,41,-6.08203125
71,NCT01562678,42,-6.1015625
71,NCT04836429,43,-6.10546875
71,NCT03529955,44,-6.12109375
71,NCT00295100,45,-6.12109375
71,NCT02379728,46,-6.12890625
71,NCT03018288,47,-6.12890625
71,NCT00799214,48,-6.1328125
71,NCT03405155,49,-6.14453125
71,NCT01688466,50,-6.1640625
71,NCT04767984,51,-6.17578125
71,NCT00682994,52,-6.21484375
71,NCT02173808,53,-6.21484375
71,NCT01861106,54,-6.23046875
71,NCT02223819,55,-6.27734375
71,NCT01314339,56,-6.2890625
71,NCT04676360,57,-6.31640625
71,NCT02526459,58,-6.328125
71,NCT01506050,59,-6.37109375
71,NCT01645384,60,-6.37109375
71,NCT04134117,61,-6.4375
71,NCT02658396,62,-6.44140625
71,NCT02193191,63,-6.453125
71,NCT00922233,64,-6.4609375
71,NCT01314352,65,-6.5
71,NCT02088866,66,-6.515625
71,NCT01470794,67,-6.52734375
71,NCT02211027,68,-6.55078125
71,NCT04605484,69,-6.59765625
71,NCT00748579,70,-6.6015625
71,NCT01109849,71,-6.609375
71,NCT00951379,72,-6.62109375
71,NCT01089010,73,-6.62109375
71,NCT01684397,74,-6.62890625
71,NCT02546193,75,-6.62890625
71,NCT00653393,76,-6.62890625
71,NCT00878826,77,-6.671875
71,NCT00498719,78,-6.703125
71,NCT04691960,79,-6.71875
71,NCT02429349,80,-6.74609375
71,NCT01599975,81,-6.79296875
71,NCT01702064,82,-6.83203125
71,NCT03336203,83,-6.94140625
71,NCT00330993,84,-6.9453125
71,NCT00941681,85,-6.96875
71,NCT01985256,86,-6.96875
71,NCT03986021,87,-7.02734375
71,NCT03422809,88,-7.0546875
71,NCT00182078,89,-7.09375
71,NCT00342706,90,-7.171875
71,NCT03738800,91,-7.20703125
71,NCT01553318,92,-7.20703125
71,NCT03034330,93,-7.2265625
71,NCT01893047,94,-7.2578125
71,NCT01160536,95,-7.375
71,NCT01828554,96,-7.41796875
71,NCT03704649,97,-7.51171875
71,NCT02190695,98,-7.5234375
71,NCT00367627,99,-7.625
71,NCT00857051,100,-7.796875
72,NCT02950155,1,-2.048828125
72,NCT04182984,2,-2.34375
72,NCT04701034,3,-3.130859375
72,NCT01688466,4,-4.6953125
72,NCT03610711,5,-5.33984375
72,NCT03732664,6,-5.5703125
72,NCT03291054,7,-5.75390625
72,NCT03418961,8,-5.7578125
72,NCT04817254,9,-5.80859375
72,NCT03782064,10,-5.8828125
72,NCT02259621,11,-5.88671875
72,NCT01853748,12,-5.9296875
72,NCT03336203,13,-5.95703125
72,NCT00447122,14,-5.98046875
72,NCT04313075,15,-5.9921875
72,NCT04134117,16,-5.99609375
72,NCT01964924,17,-6.015625
72,NCT04327986,18,-6.01953125
72,NCT02369458,19,-6.0390625
72,NCT02569320,20,-6.05859375
72,NCT01218217,21,-6.08203125
72,NCT02960230,22,-6.10546875
72,NCT04548752,23,-6.12109375
72,NCT01896609,24,-6.13671875
72,NCT01553071,25,-6.1640625
72,NCT04413123,26,-6.1640625
72,NCT03459469,27,-6.16796875
72,NCT04172714,28,-6.1953125
72,NCT02912572,29,-6.21875
72,NCT02275533,30,-6.2265625
72,NCT02936752,31,-6.23828125
72,NCT02871323,32,-6.24609375
72,NCT03086616,33,-6.2578125
72,NCT02939807,34,-6.26171875
72,NCT02101944,35,-6.265625
72,NCT02123966,36,-6.2734375
72,NCT02623972,37,-6.2734375
72,NCT02693535,38,-6.28125
72,NCT02274987,39,-6.2890625
72,NCT03018288,40,-6.29296875
72,NCT03326258,41,-6.30859375
72,NCT04428671,42,-6.31640625
72,NCT03805932,43,-6.3359375
72,NCT02999477,44,-6.35546875
72,NCT01572480,45,-6.35546875
72,NCT03929029,46,-6.3671875
72,NCT03044613,47,-6.3671875
72,NCT03937791,48,-6.38671875
72,NCT02985554,49,-6.38671875
72,NCT04487886,50,-6.39453125
72,NCT04776395,51,-6.39453125
72,NCT03405155,52,-6.3984375
72,NCT03197025,53,-6.40625
72,NCT02787369,54,-6.41015625
72,NCT03070002,55,-6.453125
72,NCT03277482,56,-6.453125
72,NCT03918252,57,-6.45703125
72,NCT04290546,58,-6.46484375
72,NCT02484430,59,-6.46875
72,NCT03718767,60,-6.47265625
72,NCT04691960,61,-6.48046875
72,NCT03451773,62,-6.48046875
72,NCT02029950,63,-6.484375
72,NCT04676360,64,-6.48828125
72,NCT03057145,65,-6.4921875
72,NCT04855695,66,-6.49609375
72,NCT01713972,67,-6.515625
72,NCT03425331,68,-6.51953125
72,NCT02879695,69,-6.51953125
72,NCT00387894,70,-6.5234375
72,NCT02978625,71,-6.55078125
72,NCT03495323,72,-6.5546875
72,NCT03331250,73,-6.5625
72,NCT03502733,74,-6.5625
72,NCT04476251,75,-6.58984375
72,NCT04339140,76,-6.58984375
72,NCT01599975,77,-6.62890625
72,NCT02169284,78,-6.62890625
72,NCT03130439,79,-6.63671875
72,NCT03605719,80,-6.640625
72,NCT02658396,81,-6.65234375
72,NCT02769962,82,-6.66015625
72,NCT04134559,83,-6.6640625
72,NCT04688658,84,-6.66796875
72,NCT03719430,85,-6.671875
72,NCT02451423,86,-6.77734375
72,NCT01849263,87,-6.82421875
72,NCT04652960,88,-6.8515625
72,NCT00495066,89,-6.8828125
72,NCT03473639,90,-6.90234375
72,NCT03529955,91,-6.90234375
72,NCT00574964,92,-7.01953125
72,NCT01961115,93,-7.03515625
72,NCT04001413,94,-7.0703125
72,NCT00405756,95,-7.0859375
72,NCT00922233,96,-7.0859375
72,NCT00799214,97,-7.17578125
72,NCT04633252,98,-7.18359375
72,NCT02185456,99,-7.3515625
72,NCT01728753,100,-7.671875
73,NCT02361788,1,0.36328125
73,NCT01225029,2,-1.7998046875
73,NCT01887327,3,-2.275390625
73,NCT02594904,4,-3.126953125
73,NCT00201318,5,-3.51171875
73,NCT03448952,6,-3.767578125
73,NCT02443259,7,-4.18359375
73,NCT01756755,8,-4.62890625
73,NCT03824379,9,-4.94140625
73,NCT02625688,10,-4.94921875
73,NCT00158743,11,-4.984375
73,NCT03436420,12,-5.390625
73,NCT03111446,13,-5.62890625
73,NCT01855295,14,-5.7421875
73,NCT01649167,15,-5.76953125
73,NCT01277016,16,-5.953125
73,NCT00262210,17,-6.1484375
73,NCT00854945,18,-6.1796875
73,NCT03631420,19,-6.1796875
73,NCT02471573,20,-6.2265625
73,NCT00906334,21,-6.234375
73,NCT02936167,22,-6.26171875
73,NCT02960230,23,-6.3125
73,NCT03283813,24,-6.3515625
73,NCT02948569,25,-6.39453125
73,NCT02624765,26,-6.43359375
73,NCT01434693,27,-6.43359375
73,NCT02612428,28,-6.5078125
73,NCT02274987,29,-6.51171875
73,NCT04380493,30,-6.59765625
73,NCT00373594,31,-6.6484375
73,NCT00295308,32,-6.65625
73,NCT03945825,33,-6.703125
73,NCT02157259,34,-6.70703125
73,NCT03217851,35,-6.73046875
73,NCT04364139,36,-6.7734375
73,NCT04725812,37,-6.7890625
73,NCT02459652,38,-6.7890625
73,NCT01415986,39,-6.796875
73,NCT02257684,40,-6.796875
73,NCT03891901,41,-6.828125
73,NCT04855695,42,-6.84375
73,NCT02285101,43,-6.84375
73,NCT01881971,44,-6.89453125
73,NCT02820155,45,-6.8984375
73,NCT03867487,46,-6.9296875
73,NCT02117661,47,-6.9453125
73,NCT03929029,48,-6.96484375
73,NCT04339777,49,-6.98046875
73,NCT04653246,50,-7.01171875
73,NCT02390843,51,-7.01171875
73,NCT01874561,52,-7.015625
73,NCT00317720,53,-7.01953125
73,NCT02520609,54,-7.0390625
73,NCT04062760,55,-7.04296875
73,NCT01652859,56,-7.0703125
73,NCT02442674,57,-7.0703125
73,NCT02716207,58,-7.078125
73,NCT01096043,59,-7.0859375
73,NCT02250885,60,-7.09765625
73,NCT03719443,61,-7.11328125
73,NCT03866187,62,-7.1328125
73,NCT04289558,63,-7.14453125
73,NCT02205554,64,-7.15234375
73,NCT04095689,65,-7.171875
73,NCT01453283,66,-7.1875
73,NCT02363309,67,-7.1875
73,NCT01189266,68,-7.21875
73,NCT01813227,69,-7.22265625
73,NCT03261466,70,-7.234375
73,NCT00316186,71,-7.28125
73,NCT01609582,72,-7.29296875
73,NCT01042041,73,-7.30078125
73,NCT02507765,74,-7.30078125
73,NCT00362414,75,-7.3125
73,NCT00828971,76,-7.3515625
73,NCT03099564,77,-7.3515625
73,NCT00784394,78,-7.359375
73,NCT02211027,79,-7.36328125
73,NCT00954993,80,-7.38671875
73,NCT03110822,81,-7.390625
73,NCT04235205,82,-7.40234375
73,NCT01637376,83,-7.421875
73,NCT04660201,84,-7.47265625
73,NCT00472550,85,-7.49609375
73,NCT03227432,86,-7.49609375
73,NCT01158885,87,-7.5
73,NCT00241839,88,-7.5390625
73,NCT04398745,89,-7.58203125
73,NCT00997958,90,-7.62109375
73,NCT04216329,91,-7.70703125
73,NCT02780583,92,-7.7578125
73,NCT02658396,93,-7.78125
73,NCT04782687,94,-7.8046875
73,NCT00107783,95,-7.8046875
73,NCT00765102,96,-7.80859375
73,NCT00416702,97,-7.953125
73,NCT00346879,98,-8.03125
73,NCT03030053,99,-8.0390625
73,NCT01835379,100,-8.3359375
74,NCT00747994,1,-0.8486328125
74,NCT03859895,2,-1.111328125
74,NCT02802384,3,-1.18359375
74,NCT03994172,4,-3.14453125
74,NCT00306046,5,-3.826171875
74,NCT00001728,6,-3.859375
74,NCT01585402,7,-3.98046875
74,NCT04169698,8,-4.3984375
74,NCT02575157,9,-4.55859375
74,NCT01418040,10,-4.65234375
74,NCT00264420,11,-4.6953125
74,NCT01932931,12,-4.7421875
74,NCT01293292,13,-4.94140625
74,NCT02439112,14,-5.0859375
74,NCT01370941,15,-5.2890625
74,NCT00853723,16,-5.53515625
74,NCT01062230,17,-5.58203125
74,NCT01968590,18,-5.58203125
74,NCT00697463,19,-5.59375
74,NCT02069990,20,-5.62109375
74,NCT01176344,21,-5.71875
74,NCT00277706,22,-5.7890625
74,NCT01852799,23,-5.796875
74,NCT03433287,24,-5.86328125
74,NCT00755911,25,-5.8671875
74,NCT01192828,26,-5.8984375
74,NCT01153568,27,-5.9453125
74,NCT00047918,28,-5.953125
74,NCT00781261,29,-5.99609375
74,NCT00359385,30,-6.015625
74,NCT04055220,31,-6.046875
74,NCT04297904,32,-6.06640625
74,NCT04295174,33,-6.078125
74,NCT02242604,34,-6.171875
74,NCT02232685,35,-6.19140625
74,NCT00426517,36,-6.1953125
74,NCT02232724,37,-6.3046875
74,NCT00694824,38,-6.3359375
74,NCT01360099,39,-6.37109375
74,NCT00685971,40,-6.375
74,NCT02232672,41,-6.40234375
74,NCT02404727,42,-6.4140625
74,NCT00566618,43,-6.47265625
74,NCT00603967,44,-6.484375
74,NCT04208230,45,-6.55859375
74,NCT00172107,46,-6.56640625
74,NCT00730210,47,-6.5859375
74,NCT01641757,48,-6.6328125
74,NCT04713774,49,-6.66015625
74,NCT01900860,50,-6.6953125
74,NCT00395538,51,-6.703125
74,NCT04751877,52,-6.76171875
74,NCT04782687,53,-6.78125
74,NCT04533984,54,-6.81640625
74,NCT01535027,55,-6.83984375
74,NCT03076203,56,-6.84765625
74,NCT00858819,57,-6.859375
74,NCT03325816,58,-6.86328125
74,NCT02916771,59,-6.89453125
74,NCT00068146,60,-6.90234375
74,NCT01476501,61,-6.90625
74,NCT03721497,62,-6.91015625
74,NCT03294954,63,-6.9140625
74,NCT02903381,64,-6.9140625
74,NCT04850547,65,-6.91796875
74,NCT00479037,66,-6.9453125
74,NCT00009945,67,-6.96484375
74,NCT00757393,68,-6.96484375
74,NCT03778580,69,-6.97265625
74,NCT00548496,70,-7.0
74,NCT01692496,71,-7.05078125
74,NCT00424619,72,-7.09765625
74,NCT02390934,73,-7.1015625
74,NCT03457818,74,-7.10546875
74,NCT03032107,75,-7.1328125
74,NCT00140738,76,-7.14453125
74,NCT00593580,77,-7.16015625
74,NCT02603042,78,-7.16015625
74,NCT00587925,79,-7.1875
74,NCT02154581,80,-7.23828125
74,NCT04003467,81,-7.26171875
74,NCT04438525,82,-7.28515625
74,NCT00324259,83,-7.30078125
74,NCT00050193,84,-7.34765625
74,NCT00239629,85,-7.37109375
74,NCT03986203,86,-7.3828125
74,NCT00150969,87,-7.421875
74,NCT02186275,88,-7.44921875
74,NCT03525210,89,-7.54296875
74,NCT02387892,90,-7.5546875
74,NCT00172172,91,-7.5625
74,NCT01375010,92,-7.5703125
74,NCT00006180,93,-7.7109375
74,NCT03678467,94,-7.75390625
74,NCT03710889,95,-7.82421875
74,NCT00381914,96,-7.85546875
74,NCT02414529,97,-7.9453125
74,NCT00471237,98,-7.953125
74,NCT02014467,99,-8.125
74,NCT02301520,100,-8.2890625
75,NCT00291265,1,-0.72607421875
75,NCT00040196,2,-1.3642578125
75,NCT00517842,3,-1.6396484375
75,NCT00593606,4,-2.603515625
75,NCT03023059,5,-2.830078125
75,NCT01523301,6,-2.873046875
75,NCT04858074,7,-2.98046875
75,NCT01722578,8,-3.6953125
75,NCT03501004,9,-3.7890625
75,NCT03003208,10,-3.951171875
75,NCT02411734,11,-4.03125
75,NCT01950624,12,-4.1015625
75,NCT04342520,13,-4.44140625
75,NCT03279991,14,-4.5703125
75,NCT03585257,15,-4.63671875
75,NCT03034330,16,-4.6953125
75,NCT00654563,17,-4.7734375
75,NCT01109849,18,-4.8359375
75,NCT04082780,19,-4.89453125
75,NCT02069366,20,-4.9140625
75,NCT02068118,21,-4.94140625
75,NCT04236843,22,-4.98046875
75,NCT04807803,23,-5.12109375
75,NCT00244582,24,-5.203125
75,NCT03878316,25,-5.21875
75,NCT03987269,26,-5.31640625
75,NCT00914056,27,-5.38671875
75,NCT01314339,28,-5.40234375
75,NCT00865371,29,-5.4140625
75,NCT01506037,30,-5.4140625
75,NCT01506050,31,-5.4453125
75,NCT02666989,32,-5.49609375
75,NCT00863941,33,-5.5546875
75,NCT02156232,34,-5.6015625
75,NCT03876652,35,-5.609375
75,NCT01506791,36,-5.6171875
75,NCT01161966,37,-5.625
75,NCT01314352,38,-5.625
75,NCT00865410,39,-5.63671875
75,NCT03008005,40,-5.6953125
75,NCT00865462,41,-5.69921875
75,NCT00723567,42,-5.69921875
75,NCT02543905,43,-5.71484375
75,NCT04436601,44,-5.71875
75,NCT04056000,45,-5.74609375
75,NCT01769105,46,-5.76953125
75,NCT00281502,47,-5.77734375
75,NCT01161979,48,-5.8125
75,NCT03080168,49,-5.828125
75,NCT02284334,50,-5.83203125
75,NCT01760226,51,-5.83203125
75,NCT03108612,52,-5.84765625
75,NCT03355404,53,-5.8515625
75,NCT00865111,54,-5.8515625
75,NCT01160536,55,-5.8671875
75,NCT00682994,56,-5.875
75,NCT00653393,57,-5.89453125
75,NCT00042159,58,-5.91796875
75,NCT02304302,59,-5.9296875
75,NCT01110447,60,-5.96484375
75,NCT03670719,61,-5.96875
75,NCT03152188,62,-5.9921875
75,NCT00216515,63,-6.00390625
75,NCT01952834,64,-6.0078125
75,NCT01604031,65,-6.12890625
75,NCT00498719,66,-6.140625
75,NCT00467818,67,-6.17578125
75,NCT01645384,68,-6.1796875
75,NCT00975546,69,-6.18359375
75,NCT01882855,70,-6.18359375
75,NCT00106691,71,-6.1953125
75,NCT01961219,72,-6.27734375
75,NCT01599975,73,-6.30859375
75,NCT00775151,74,-6.31640625
75,NCT00301405,75,-6.3671875
75,NCT01553318,76,-6.39453125
75,NCT02190695,77,-6.3984375
75,NCT04851639,78,-6.41796875
75,NCT00775905,79,-6.45703125
75,NCT00092937,80,-6.48828125
75,NCT00645385,81,-6.50390625
75,NCT00655096,82,-6.51953125
75,NCT00367627,83,-6.52734375
75,NCT03796598,84,-6.52734375
75,NCT03149692,85,-6.55859375
75,NCT03336203,86,-6.59375
75,NCT01775501,87,-6.67578125
75,NCT01700829,88,-6.76171875
75,NCT00603447,89,-6.859375
75,NCT03599037,90,-6.8984375
75,NCT01766856,91,-6.953125
75,NCT02414529,92,-6.984375
75,NCT02109952,93,-6.98828125
75,NCT00215787,94,-7.0
75,NCT02653664,95,-7.12109375
75,NCT02088866,96,-7.16796875
75,NCT03286101,97,-7.24609375
75,NCT02528799,98,-7.32421875
75,NCT00994422,99,-7.453125
75,NCT01599546,100,-7.671875
