query_id,doc_id,rank_bm25,score_bm25
1,NCT01517776,1,303.3155088952046
1,NCT00114140,2,301.21342098424947
1,NCT01721577,3,299.4580491205234
1,NCT01466686,4,298.91928127699845
1,NCT02942264,5,295.9541791290139
1,NCT00003176,6,294.7604360470424
1,NCT03022578,7,292.8554967744092
1,NCT00968240,8,292.4267637185435
1,NCT00412542,9,291.4713031310971
1,NCT00734682,10,291.08686246916426
1,NCT03896568,11,290.0422485137016
1,NCT00047879,12,289.82413655823774
1,NCT00504660,13,289.6103500605744
1,NCT00841555,14,289.2092419002908
1,NCT01051557,15,288.8421097144042
1,NCT03224104,16,288.3690769317236
1,NCT00004259,17,287.5805323095722
1,NCT03528642,18,286.6706400010105
1,NCT01514201,19,286.3977664779162
1,NCT02174770,20,285.8731838761862
1,NCT03633552,21,285.2730391720761
1,NCT04197934,22,284.26022979521656
1,NCT03514069,23,284.2585752433771
1,NCT00526812,24,283.8148681116762
1,NCT03879512,25,283.0313402793295
1,NCT01011231,26,281.5869238173372
1,NCT02453360,27,281.18641251776154
1,NCT02761070,28,281.12393956543457
1,NCT03919071,29,280.39498821083254
1,NCT01281982,30,279.37948816596185
1,NCT03696355,31,279.15693701542585
1,NCT02879461,32,279.09758798457557
1,NCT00783393,33,279.0025819007492
1,NCT03513679,34,278.9364732629226
1,NCT00052624,35,278.280018689485
1,NCT01392209,36,277.7934660375675
1,NCT00089427,37,277.4981739989042
1,NCT04267978,38,277.4164228205181
1,NCT01189266,39,277.3733752490661
1,NCT00869050,40,277.2413070912414
1,NCT00922974,41,276.73462962676035
1,NCT03603405,42,276.55626718793917
1,NCT00100802,43,276.5366959761859
1,NCT00275067,44,276.4477943151434
1,NCT01502241,45,276.260856794922
1,NCT00272350,46,276.2440489109047
1,NCT00761280,47,275.90400596884615
1,NCT00976313,48,275.90304306757224
1,NCT00003537,49,275.41598695182523
1,NCT03234595,50,275.34888654485314
1,NCT01119599,51,275.0361914747545
1,NCT01180816,52,274.98326853976334
1,NCT00268385,53,274.7931822517263
1,NCT01475006,54,274.69999400082986
1,NCT02005081,55,274.6170982673174
1,NCT00360828,56,274.5757370332787
1,NCT02015819,57,274.2903390952895
1,NCT00389090,58,273.6061140045105
1,NCT01110876,59,273.3604854814703
1,NCT00606008,60,273.3329449271767
1,NCT02022644,61,273.1434977183889
1,NCT02607124,62,272.6618801804767
1,NCT01837862,63,272.37821587918916
1,NCT03152318,64,272.2266592894083
1,NCT00859222,65,272.1654572889195
1,NCT03193658,66,271.93575405189165
1,NCT04623931,67,271.80428524531925
1,NCT03743740,68,271.78109745745104
1,NCT00458731,69,271.64785439799255
1,NCT02055196,70,271.49254695961264
1,NCT00990652,71,271.1319621666188
1,NCT01577966,72,270.9468657611923
1,NCT01597791,73,270.94176296013455
1,NCT03043391,74,270.83524620750853
1,NCT00704080,75,270.833841626512
1,NCT00028795,76,270.5454700587505
1,NCT00281905,77,270.24415357424544
1,NCT00002944,78,270.1238342789511
1,NCT00272870,79,269.63548337857657
1,NCT00360945,80,269.43443205084014
1,NCT00683761,81,269.1414036403628
1,NCT03355794,82,269.11652237716993
1,NCT03581292,83,268.86746902669154
1,NCT00516282,84,268.830071977608
1,NCT03784729,85,268.81969517369015
1,NCT01781468,86,268.7371180412646
1,NCT03020602,87,268.6211668903468
1,NCT03906448,88,268.58991195666727
1,NCT03605550,89,268.5895911661592
1,NCT00626990,90,268.50874170616
1,NCT02592642,91,268.064215976927
1,NCT02991456,92,268.04564168964896
1,NCT02343406,93,267.9909655201312
1,NCT02700594,94,267.90094980420076
1,NCT04611464,95,267.7113717732984
1,NCT01256554,96,267.6772702859997
1,NCT04047303,97,267.5016843150603
1,NCT01922076,98,267.089756016191
1,NCT04771936,99,267.0875315629654
1,NCT01434602,100,266.98453035862735
2,NCT04242225,1,435.5031470210374
2,NCT00412386,2,432.15581706115654
2,NCT04514250,3,425.2628303740002
2,NCT04299971,4,417.82074371460556
2,NCT01575249,5,412.54462843448835
2,NCT04300686,6,411.12839684940764
2,NCT02071849,7,408.9150663508817
2,NCT01202721,8,407.07659660793536
2,NCT01634269,9,406.87756937606565
2,NCT04160130,10,403.41694698037435
2,NCT04517955,11,403.1550217302876
2,NCT02628899,12,402.97253766825634
2,NCT02806310,13,402.91502647693545
2,NCT02146755,14,402.6967552314959
2,NCT01837160,15,401.2897303959773
2,NCT03618095,16,401.1315527636841
2,NCT01437098,17,400.6946611192846
2,NCT00535899,18,399.32153845805993
2,NCT04344353,19,394.4440483235803
2,NCT01589380,20,393.2597368673871
2,NCT01932099,21,393.1797270272449
2,NCT02624934,22,392.5806623549662
2,NCT00722748,23,392.5310454315115
2,NCT01272388,24,391.79814378598746
2,NCT04275726,25,391.7579745973517
2,NCT02214277,26,390.7795933349447
2,NCT04281771,27,390.44909235438763
2,NCT03474159,28,389.8211293812187
2,NCT00294775,29,389.7316179929357
2,NCT04157920,30,389.4679542581283
2,NCT02395107,31,389.19625599535533
2,NCT04521452,32,389.14125091388854
2,NCT01275339,33,388.255555893622
2,NCT02792452,34,387.9543037776278
2,NCT02907463,35,387.6542473139945
2,NCT03628313,36,387.4895168704271
2,NCT03863132,37,385.86618364695096
2,NCT02950428,38,384.91138212901706
2,NCT01531374,39,384.8545808849586
2,NCT03667365,40,384.76747660121055
2,NCT02448927,41,384.4450181800972
2,NCT03549052,42,383.5279910715411
2,NCT02241109,43,383.5118967388249
2,NCT02687035,44,383.0215157132988
2,NCT02661451,45,382.2606421390412
2,NCT03004599,46,382.0417018798328
2,NCT04068740,47,381.8513034638472
2,NCT03315832,48,381.83491665263176
2,NCT01675440,49,381.3444891502678
2,NCT01383720,50,380.8185781101708
2,NCT04663334,51,380.78255424492215
2,NCT00590135,52,380.43134586508836
2,NCT01586910,53,379.9817711996578
2,NCT03280433,54,379.8942716543092
2,NCT01503671,55,379.80079361216633
2,NCT04618718,56,379.42858817882524
2,NCT03972644,57,379.01118519491956
2,NCT02673697,58,377.91984201938345
2,NCT02910349,59,377.61193299021136
2,NCT03025971,60,377.5645554333432
2,NCT04729933,61,377.49994819393453
2,NCT02675114,62,377.41198820165243
2,NCT00005199,63,377.01648088830314
2,NCT04331769,64,376.97824388032075
2,NCT02825134,65,376.38335764383345
2,NCT02679261,66,376.11712387318005
2,NCT03635424,67,376.04103985686294
2,NCT03112980,68,375.42382766051
2,NCT01240902,69,375.3691826098635
2,NCT03788590,70,375.24622612317927
2,NCT03575039,71,374.8085610498573
2,NCT01057173,72,374.7103205928714
2,NCT04861805,73,374.4438492792848
2,NCT01400841,74,374.42485807087866
2,NCT04634240,75,374.12234168644375
2,NCT03633383,76,373.9443824938666
2,NCT03557242,77,373.60716046251395
2,NCT01051518,78,373.53943181646554
2,NCT02436655,79,373.3278977114023
2,NCT01635244,80,371.7448241187788
2,NCT01052428,81,371.46904318086445
2,NCT03604913,82,371.3448486080617
2,NCT02132026,83,371.3038787337035
2,NCT00252317,84,371.2618200398673
2,NCT02713932,85,371.228860287826
2,NCT00710775,86,370.5133380914554
2,NCT02838680,87,370.01031200787145
2,NCT02283970,88,369.9704992460675
2,NCT02163850,89,369.2867792856362
2,NCT03043404,90,369.1604941002244
2,NCT02338154,91,369.1066598053895
2,NCT03585933,92,369.09828895978717
2,NCT02986737,93,368.9406457976614
2,NCT01679431,94,368.93540460717725
2,NCT03883490,95,368.72426748021286
2,NCT01638156,96,368.6915085846026
2,NCT03352089,97,368.6323699967231
2,NCT02854319,98,368.5201288517579
2,NCT02799823,99,368.3603058490852
2,NCT04310046,100,368.34571695351593
3,NCT02400034,1,327.10471066788267
3,NCT02546193,2,317.7440605517054
3,NCT03888495,3,317.61298545628495
3,NCT02088866,4,316.1218664061783
3,NCT00922233,5,315.50181224578796
3,NCT00878826,6,312.83335310066104
3,NCT03422809,7,312.3605357273833
3,NCT03410628,8,311.0653016742042
3,NCT02411734,9,310.91550699605847
3,NCT03280849,10,309.586456339689
3,NCT04701034,11,309.39092939600016
3,NCT02492347,12,308.9609904001406
3,NCT00182078,13,308.0806565126548
3,NCT01553318,14,307.8209115908122
3,NCT02099006,15,307.28200749925963
3,NCT03008005,16,307.1883926047536
3,NCT02170064,17,306.6381054230543
3,NCT04463524,18,306.5033217095618
3,NCT00857051,19,306.4566621854273
3,NCT03142945,20,306.3584656272634
3,NCT03026101,21,306.1892221762133
3,NCT02411916,22,305.93654905668956
3,NCT02379728,23,305.4594721149294
3,NCT02903680,24,305.00139627869237
3,NCT02084680,25,304.9270015880913
3,NCT03754725,26,304.92574622702574
3,NCT02982213,27,304.85882049979114
3,NCT02069366,28,304.8277475267416
3,NCT00881660,29,304.65202041828684
3,NCT04471285,30,304.50798426323547
3,NCT01311102,31,303.81560170873917
3,NCT02185456,32,303.27654843814844
3,NCT02249624,33,303.24624238152893
3,NCT02109952,34,302.89776020139584
3,NCT01118988,35,302.5988409618094
3,NCT03529955,36,302.5792584368947
3,NCT03491436,37,302.2859831272518
3,NCT03980717,38,302.20880255621483
3,NCT00142090,39,302.10828030314565
3,NCT03665142,40,301.98092746828297
3,NCT02434536,41,301.92828322932854
3,NCT00203190,42,301.8647981591961
3,NCT02531906,43,301.69230079833727
3,NCT01893047,44,301.6790210149123
3,NCT03085212,45,300.8733544456856
3,NCT03252028,46,300.64353181418267
3,NCT00418275,47,300.6395569912751
3,NCT00983749,48,300.0695690700974
3,NCT03141359,49,300.0430740514067
3,NCT02948491,50,299.9394290847728
3,NCT03243305,51,299.82460895792144
3,NCT03940365,52,299.75592631962644
3,NCT02226731,53,299.6876585925484
3,NCT01602107,54,299.64966549636597
3,NCT04352218,55,299.10922379504547
3,NCT01160536,56,299.06674598137306
3,NCT02855294,57,298.979936314908
3,NCT03704649,58,298.97875198748346
3,NCT00314431,59,298.96647722467577
3,NCT01599975,60,298.90205001705897
3,NCT00291044,61,298.8027080314337
3,NCT01792817,62,298.6190862255611
3,NCT01624155,63,298.60527296822966
3,NCT04661098,64,298.3305526437272
3,NCT03974217,65,298.32308717258917
3,NCT00093860,66,298.1740448712035
3,NCT03862729,67,298.13601804920245
3,NCT03025984,68,298.00178528680317
3,NCT02819479,69,297.88538296764665
3,NCT04559620,70,297.30649738649754
3,NCT03264612,71,297.2259237777488
3,NCT03461640,72,297.16228282927284
3,NCT03572998,73,297.14888614568457
3,NCT02526459,74,297.0149460447728
3,NCT04233632,75,296.9097015719641
3,NCT00564096,76,296.8351507795971
3,NCT02753920,77,296.652600792298
3,NCT04614142,78,296.4481681898468
3,NCT00953420,79,296.4175599060598
3,NCT01859507,80,296.377751802182
3,NCT03573778,81,296.29961302596803
3,NCT03018288,82,296.2758625612952
3,NCT01856270,83,296.1171262055797
3,NCT03647631,84,296.08455523702486
3,NCT00434564,85,296.06830604048776
3,NCT03751423,86,295.9444685538616
3,NCT00463450,87,295.8738194002292
3,NCT04284501,88,295.81190107620733
3,NCT01804517,89,295.6202128866444
3,NCT02293213,90,295.5777900311423
3,NCT00667498,91,295.5756941481625
3,NCT04798248,92,295.54775125184483
3,NCT02897622,93,295.49307260067184
3,NCT03995823,94,295.48926314944646
3,NCT00975546,95,295.44632289046706
3,NCT01768546,96,295.4181837753984
3,NCT00682994,97,295.2467051305144
3,NCT00799214,98,295.21066459225034
3,NCT03420339,99,295.1416790799221
3,NCT01775917,100,295.09409127497474
4,NCT04160195,1,321.98562774110565
4,NCT00924326,2,320.1021584813465
4,NCT01092182,3,316.62665410214305
4,NCT03379493,4,315.405651863496
4,NCT03559439,5,314.944334245839
4,NCT03252028,6,312.87450527314877
4,NCT03019055,7,310.26958900363024
4,NCT04223765,8,309.5936622892147
4,NCT03391466,9,307.1763868983918
4,NCT04112238,10,305.4505311045836
4,NCT04186520,11,305.4157387787426
4,NCT00226304,12,304.98139865192013
4,NCT04608487,13,304.8600535991493
4,NCT03277729,14,303.2924598677416
4,NCT02911142,15,302.9136323195462
4,NCT02481310,16,302.2156132744337
4,NCT02659943,17,301.80784443185854
4,NCT03293173,18,301.3454613291303
4,NCT04668768,19,300.83110584298333
4,NCT04794881,20,300.38902193535347
4,NCT03793140,21,300.19518154376317
4,NCT02128061,22,299.3108376042975
4,NCT00392834,23,299.0941312733043
4,NCT04697940,24,298.8102515346463
4,NCT04074330,25,298.3984426236987
4,NCT02228512,26,297.67073858158705
4,NCT02456350,27,297.5458815618038
4,NCT04545762,28,297.245184403485
4,NCT04656431,29,297.0462379042653
4,NCT03049449,30,297.01185339124714
4,NCT03076437,31,296.3102986380504
4,NCT02498951,32,295.96263347099546
4,NCT02213913,33,295.9624647995832
4,NCT00669877,34,295.8314426560941
4,NCT01078922,35,295.77204190711757
4,NCT00290498,36,295.30338284298426
4,NCT03241940,37,295.1215890316344
4,NCT04007029,38,294.8211729918385
4,NCT02763319,39,294.7693223791313
4,NCT03593109,40,294.73188150210274
4,NCT00022581,41,294.65330020995026
4,NCT03233854,42,294.55647561053604
4,NCT02625480,43,294.3538291876034
4,NCT03132584,44,294.2473950682976
4,NCT03036904,45,294.23200279358144
4,NCT02071056,46,294.1187877697048
4,NCT01193842,47,293.86313496517806
4,NCT03118180,48,293.55879331929145
4,NCT02436707,49,293.5083253963937
4,NCT04855695,50,293.48518697847646
4,NCT01856192,51,293.2886724068307
4,NCT03097770,52,293.16490347675057
4,NCT03418441,53,292.17072679342033
4,NCT01458366,54,292.01295878732765
4,NCT04049383,55,291.9975828270686
4,NCT01046825,56,291.88743747730274
4,NCT03081910,57,291.8425014347606
4,NCT03484702,58,291.75383388233877
4,NCT04283006,59,291.3676426345767
4,NCT04150913,60,291.24951759695006
4,NCT03666000,61,290.99452482191793
4,NCT04314843,62,290.7908561639771
4,NCT01854372,63,290.7458113017755
4,NCT04553393,64,290.6698618707898
4,NCT02532192,65,290.58530872431834
4,NCT02750670,66,290.52350764182006
4,NCT01234766,67,290.49078786174624
4,NCT01626352,68,290.3427388197391
4,NCT01875588,69,289.7293454805572
4,NCT04232826,70,289.7159811061871
4,NCT04546620,71,289.43171331276943
4,NCT04432506,72,289.3482693765617
4,NCT02710643,73,289.08497579277827
4,NCT03287817,74,288.939575057768
4,NCT01285765,75,288.8665494934435
4,NCT03263026,76,288.7080008848405
4,NCT04002947,77,288.6673718137299
4,NCT00674674,78,288.6467560837783
4,NCT04088864,79,288.4398569884431
4,NCT00338520,80,288.3404299307133
4,NCT04836195,81,288.3235779553772
4,NCT04323956,82,288.295364574741
4,NCT04486872,83,288.23045509904006
4,NCT00310037,84,288.022299560331
4,NCT00062868,85,287.84001338328267
4,NCT00040690,86,287.78655460223837
4,NCT01871675,87,287.7316368281981
4,NCT03589469,88,287.5566877061359
4,NCT03188198,89,287.48165818072727
4,NCT00135200,90,287.4625155122802
4,NCT04626908,91,287.43792369058247
4,NCT04215016,92,287.3376588753708
4,NCT00052936,93,287.2519475041763
4,NCT01555541,94,287.2107724579287
4,NCT03943901,95,287.14605055726537
4,NCT03984448,96,286.9623041417532
4,NCT00267865,97,286.7330222069901
4,NCT02390869,98,286.65684870776505
4,NCT03125642,99,286.6281023387423
4,NCT00074607,100,286.0571425847445
5,NCT01758614,1,381.55197441577144
5,NCT02536378,2,368.0453672696405
5,NCT00106938,3,366.46329945637825
5,NCT01685567,4,365.36788085597414
5,NCT03477890,5,365.1484528317617
5,NCT03921827,6,364.78388755255145
5,NCT02657707,7,362.0710913884519
5,NCT01264419,8,360.0955713112956
5,NCT02129413,9,358.44912559837394
5,NCT04201132,10,356.88451916293144
5,NCT03982420,11,354.73680961105
5,NCT02398734,12,354.46466803375347
5,NCT00180518,13,354.1118799228174
5,NCT03721523,14,354.006983765739
5,NCT00126139,15,349.4340856229428
5,NCT03381534,16,349.19263691834374
5,NCT00217178,17,348.7142543598092
5,NCT01174550,18,347.082202932314
5,NCT02089217,19,346.5600673054217
5,NCT02139189,20,346.11828131940524
5,NCT00600327,21,345.18450673651694
5,NCT03329365,22,344.96882758531456
5,NCT02504762,23,344.31259949957183
5,NCT01257880,24,343.4864419837759
5,NCT00744523,25,343.30844079945797
5,NCT04825080,26,343.235999508864
5,NCT00316108,27,342.6043904286915
5,NCT01084239,28,341.2691379957727
5,NCT00590434,29,340.95633522744646
5,NCT02527044,30,340.91904346513695
5,NCT00544102,31,340.3467915528849
5,NCT03493035,32,339.2730567412509
5,NCT04059679,33,338.5381209535279
5,NCT03985774,34,338.3838524560124
5,NCT00011258,35,338.03472556558444
5,NCT01783639,36,337.61079211780157
5,NCT01994161,37,337.15501158619344
5,NCT03702244,38,336.79591073142205
5,NCT02968329,39,336.48943746713
5,NCT03179774,40,335.8830526671552
5,NCT00004728,41,335.69583762836385
5,NCT03062319,42,334.85273293442197
5,NCT00385385,43,334.51934783234435
5,NCT01252875,44,334.4088423687457
5,NCT01050361,45,334.3461851837086
5,NCT01819597,46,333.47972663641696
5,NCT01591005,47,333.3226305312374
5,NCT02750644,48,333.09411516625045
5,NCT00576693,49,333.0754274888668
5,NCT00086450,50,332.85891676264146
5,NCT03176420,51,332.24086221687367
5,NCT01273337,52,331.88387630763174
5,NCT00125671,53,331.6456297780698
5,NCT01056445,54,331.33043804400205
5,NCT01414387,55,331.0538462856988
5,NCT02118233,56,330.88805913883573
5,NCT00046410,57,330.2931624067299
5,NCT03646019,58,330.2896852392745
5,NCT00157716,59,330.2269560169103
5,NCT04354740,60,330.17129787659695
5,NCT04261478,61,330.04574898584883
5,NCT00821821,62,330.031752574246
5,NCT00402506,63,329.8784716241936
5,NCT03729817,64,329.75476837102366
5,NCT04057755,65,329.37021905287224
5,NCT00402740,66,328.6190668489057
5,NCT03105141,67,328.3879822193479
5,NCT00177346,68,328.29187942133194
5,NCT03950947,69,328.0145778908744
5,NCT01458860,70,327.98192504848436
5,NCT02802072,71,327.8168831271678
5,NCT00321022,72,327.76050623344923
5,NCT04140019,73,327.28852320202975
5,NCT02355288,74,327.0291537671161
5,NCT02100722,75,326.55527105486146
5,NCT03210623,76,326.47169582056597
5,NCT01070771,77,326.2740002395997
5,NCT03192332,78,326.1648309130529
5,NCT04087382,79,326.0799596430195
5,NCT02334826,80,326.0377381676002
5,NCT02800174,81,326.0312275875614
5,NCT00178672,82,325.8748611232933
5,NCT00321295,83,324.84284064936645
5,NCT02898896,84,324.8027080333323
5,NCT01117506,85,324.699713147828
5,NCT02791087,86,324.46790271175803
5,NCT03785678,87,324.3540708532344
5,NCT03521193,88,324.27395475162285
5,NCT01678144,89,323.9795650227571
5,NCT04318171,90,323.93993006014387
5,NCT03464851,91,323.89723512279994
5,NCT01755520,92,323.8624663136368
5,NCT03208166,93,323.7590968371978
5,NCT03138603,94,323.6174625267762
5,NCT03978988,95,323.6123270074909
5,NCT03344276,96,323.54090046899705
5,NCT04142541,97,323.19319633345856
5,NCT00215696,98,323.0267522370031
5,NCT01763320,99,322.84635680181594
5,NCT03142867,100,322.6933313909299
6,NCT02200328,1,423.18804375986383
6,NCT01630096,2,392.12464677507893
6,NCT01346059,3,374.1561054681489
6,NCT02134392,4,368.29199462371724
6,NCT01472978,5,365.04350320544086
6,NCT03592082,6,363.6131108810242
6,NCT04014608,7,354.0216469179816
6,NCT01868373,8,353.64223045279545
6,NCT01218620,9,351.40989109755816
6,NCT00304889,10,350.12061438777255
6,NCT03301584,11,347.36372487668274
6,NCT03747718,12,347.0181932305172
6,NCT02193685,13,346.8246165390055
6,NCT00177970,14,346.7684008282276
6,NCT01678365,15,346.2538176583106
6,NCT03529955,16,345.1279955062679
6,NCT02531906,17,344.41391361084607
6,NCT02258763,18,343.1562860737515
6,NCT02996487,19,342.8116001200519
6,NCT01344031,20,342.52261390641615
6,NCT02237859,21,342.1920288649777
6,NCT02646436,22,341.8862892658145
6,NCT04530565,23,341.5533261216746
6,NCT03014297,24,341.45796679148066
6,NCT01309750,25,340.9616623919945
6,NCT03629977,26,340.815041625688
6,NCT04752163,27,340.5470186412374
6,NCT04614142,28,340.32368964527836
6,NCT01415882,29,339.71993818867503
6,NCT03338530,30,339.60221920381474
6,NCT04558125,31,339.4465524384443
6,NCT02530502,32,339.37099197101793
6,NCT03094156,33,339.1405593410152
6,NCT04546399,34,338.834418369218
6,NCT00740805,35,338.7859310592762
6,NCT02691910,36,338.52035900403973
6,NCT03145584,37,338.38526920482514
6,NCT03647995,38,338.0416917557087
6,NCT04310397,39,338.0139876443969
6,NCT00273676,40,337.82924731244503
6,NCT03562741,41,337.38339419675697
6,NCT02707198,42,337.1153146042665
6,NCT00313560,43,337.0480371644643
6,NCT01567709,44,336.9418463325332
6,NCT04244474,45,336.9251495783504
6,NCT04492891,46,336.8323553874922
6,NCT04347057,47,336.67282205837864
6,NCT02112630,48,336.5813638743477
6,NCT00067808,49,336.5502151050604
6,NCT00324285,50,336.48532271858835
6,NCT02208375,51,336.32543185595483
6,NCT01366144,52,336.04797633695557
6,NCT02112279,53,335.9490658572347
6,NCT02434536,54,335.9191707697989
6,NCT03252028,55,335.8291246085933
6,NCT03937947,56,335.7211729079158
6,NCT00131716,57,335.5895822658565
6,NCT04324112,58,335.5175553399135
6,NCT00177775,59,335.4263641653495
6,NCT00792948,60,335.358442172003
6,NCT00514618,61,335.32677101102206
6,NCT02861456,62,335.2611263140078
6,NCT04220008,63,335.07708105326725
6,NCT01378481,64,334.86929084178104
6,NCT02684422,65,334.48884869305243
6,NCT03952741,66,334.1976851516528
6,NCT02778594,67,333.93518609664557
6,NCT01660711,68,333.89838586755616
6,NCT03900949,69,333.78976765523726
6,NCT02287727,70,333.66145506408753
6,NCT01668719,71,333.59033432187346
6,NCT03097211,72,333.4876847149349
6,NCT02535338,73,333.35915779521173
6,NCT04301076,74,333.31205851205993
6,NCT02828553,75,333.3081497832713
6,NCT02776202,76,333.30158146826824
6,NCT00231855,77,332.8454877103768
6,NCT02224781,78,332.76525537817577
6,NCT04548752,79,332.6417962522058
6,NCT02101788,80,332.5946191851548
6,NCT01713972,81,332.42255930850246
6,NCT04064957,82,332.36777051809025
6,NCT00467272,83,332.2995368446006
6,NCT04715971,84,332.27920280580963
6,NCT01739894,85,332.1713738201812
6,NCT03091543,86,332.1364823398444
6,NCT01670877,87,332.01892387661564
6,NCT03031730,88,331.9965857094747
6,NCT01275664,89,331.95823964783165
6,NCT02097225,90,331.9397138346119
6,NCT02394197,91,331.9122674704427
6,NCT04463524,92,331.90687443374327
6,NCT03724084,93,331.839466794497
6,NCT00425503,94,331.80388783468277
6,NCT04358406,95,331.6122205800299
6,NCT01049776,96,331.5554547885812
6,NCT01174290,97,331.4749366691892
6,NCT03555474,98,331.27216011538644
6,NCT02772627,99,331.27002223591626
6,NCT00096395,100,331.2155758714674
7,NCT04082780,1,369.8453997582701
7,NCT01722578,2,369.70970427755407
7,NCT03513900,3,364.98987031461604
7,NCT03585257,4,359.39376866341485
7,NCT03513887,5,355.48740998228743
7,NCT03152188,6,353.6892222918145
7,NCT03796598,7,353.08051736981884
7,NCT00179413,8,352.43752606636997
7,NCT00281502,9,350.73047185441595
7,NCT04675775,10,349.35538725651935
7,NCT03547895,11,349.2829574825118
7,NCT04244877,12,348.89341495131475
7,NCT02377141,13,345.5514361111666
7,NCT00911131,14,344.28710260450345
7,NCT00001729,15,343.4790467140077
7,NCT01528878,16,343.14280900292283
7,NCT01441180,17,342.6406226075053
7,NCT04365868,18,341.63725040166327
7,NCT03306095,19,341.3318684306491
7,NCT02156232,20,340.26804184048484
7,NCT00023322,21,340.24010649398593
7,NCT01287702,22,340.1995061354631
7,NCT01769040,23,339.4996791998375
7,NCT02107365,24,339.31854902967615
7,NCT00312910,25,339.25905972513357
7,NCT03778411,26,338.5669376819292
7,NCT01701687,27,338.51927897510785
7,NCT02939807,28,338.495225716153
7,NCT00587197,29,338.3687643966833
7,NCT01931826,30,338.14013814959316
7,NCT02940496,31,337.7384897250713
7,NCT01002547,32,337.7267595930511
7,NCT00493610,33,337.0910776791569
7,NCT00040027,34,336.8535110443006
7,NCT00039962,35,336.37109656981863
7,NCT02446678,36,336.1785832116922
7,NCT00211692,37,336.01825112855056
7,NCT02457637,38,335.8842310647527
7,NCT02944643,39,335.84245009671406
7,NCT03420482,40,335.72718683151703
7,NCT02636647,41,335.62338635715014
7,NCT02066649,42,335.42157728525325
7,NCT02371408,43,335.25088996507844
7,NCT00252642,44,335.1460519376845
7,NCT00164073,45,334.0092870878185
7,NCT01846806,46,333.79063046065795
7,NCT03091738,47,333.1461884739371
7,NCT04055389,48,333.03903675253633
7,NCT00085917,49,332.94408336760085
7,NCT02086825,50,332.75458177181883
7,NCT01882855,51,332.505361461779
7,NCT04155099,52,332.10300813269737
7,NCT02717949,53,331.8796348202137
7,NCT03910413,54,331.6785099725403
7,NCT03748563,55,331.66294217506464
7,NCT00290316,56,331.5986736812535
7,NCT00586313,57,331.5089011159925
7,NCT01185028,58,331.0681848843844
7,NCT03114813,59,330.5764941104453
7,NCT04273750,60,330.57277537432367
7,NCT03837444,61,330.4749871622024
7,NCT01306058,62,330.3186543986619
7,NCT02024347,63,329.98722251883595
7,NCT01180959,64,329.9586583811721
7,NCT00489385,65,329.93457022692127
7,NCT04436601,66,329.9219887803722
7,NCT02649335,67,329.69935352442354
7,NCT03520660,68,329.3962632109476
7,NCT00242502,69,329.386273253943
7,NCT01827657,70,329.0705587982979
7,NCT03402334,71,329.05287303645315
7,NCT01375569,72,329.0387612804734
7,NCT00965744,73,328.8381363436331
7,NCT00475176,74,328.79191467931446
7,NCT03641872,75,328.7190245965212
7,NCT02470533,76,328.59998249948825
7,NCT03142867,77,328.32052849801534
7,NCT02417740,78,327.9633683733812
7,NCT02462967,79,327.74384817649553
7,NCT00188201,80,327.7223199960517
7,NCT02377947,81,327.56190115770863
7,NCT00211848,82,327.4640917172009
7,NCT00028093,83,327.1652466037661
7,NCT03987893,84,327.1451985122663
7,NCT03155282,85,326.89687990253407
7,NCT02349048,86,326.89003166413755
7,NCT02821377,87,326.5626415529825
7,NCT00001854,88,326.54961732144983
7,NCT02262728,89,326.470268150092
7,NCT04044248,90,326.3044447705229
7,NCT00326482,91,326.0841798255755
7,NCT01288794,92,326.03563580586075
7,NCT04064957,93,325.8918191279699
7,NCT02215525,94,325.8151160622573
7,NCT01409356,95,325.7763228437135
7,NCT03269877,96,325.7055700180963
7,NCT03776955,97,325.6736858555796
7,NCT01495585,98,325.5809089720469
7,NCT02118012,99,325.3792336577962
7,NCT03791814,100,325.31243095956575
8,NCT02088866,1,536.3350791673674
8,NCT01760226,2,530.2414407824227
8,NCT01604031,3,528.8748025241454
8,NCT00953420,4,512.7865244890644
8,NCT01599975,5,507.5551992920443
8,NCT01553318,6,505.45462909832787
8,NCT01722578,7,504.8148944373656
8,NCT02414529,8,504.1760134604036
8,NCT00686920,9,503.38025512692343
8,NCT01225679,10,500.8034335848769
8,NCT03585257,11,500.6747772749559
8,NCT01601262,12,500.6660805497355
8,NCT01775501,13,500.51465040723093
8,NCT00682994,14,497.5854450220233
8,NCT00723567,15,496.90214675750576
8,NCT01961219,16,496.13284727888964
8,NCT00473460,17,496.05694618171077
8,NCT02156232,18,494.32122428016544
8,NCT00775151,19,494.31995422237316
8,NCT01506050,20,494.2383667451292
8,NCT01506037,21,493.8146666666083
8,NCT02069366,22,493.4679564247042
8,NCT01306331,23,492.8093067181773
8,NCT01952834,24,491.8892301737744
8,NCT01945619,25,491.77179746416675
8,NCT00966498,26,491.4249673088533
8,NCT01506791,27,491.24903124850005
8,NCT01700829,28,491.19970407991195
8,NCT00058812,29,488.9430049134774
8,NCT01882855,30,488.69969928222395
8,NCT02109952,31,488.4332796365765
8,NCT03336203,32,488.3001729206176
8,NCT02759731,33,488.26730464726216
8,NCT03264131,34,488.16628546929684
8,NCT04851639,35,488.13673759207467
8,NCT00775905,36,487.7037074714003
8,NCT00367627,37,487.1173407627007
8,NCT01223313,38,486.62851365830693
8,NCT01161966,39,485.9506968196497
8,NCT04568005,40,485.8059507179866
8,NCT01800604,41,485.69238754969473
8,NCT03152188,42,485.6649275493144
8,NCT01161979,43,485.5667758627977
8,NCT02190695,44,485.04869187282065
8,NCT03521583,45,485.0447747345411
8,NCT00975546,46,484.97383716650626
8,NCT02653664,47,484.84109693272603
8,NCT03796598,48,484.7439234088253
8,NCT00751296,49,484.06273372888984
8,NCT03008005,50,483.8388955172482
8,NCT02474940,51,483.8279656871759
8,NCT02666989,52,483.38251312882664
8,NCT02170064,53,482.1437190800698
8,NCT00492219,54,481.9090960239664
8,NCT00290511,55,481.2262440537159
8,NCT00042159,56,481.1647935369101
8,NCT04463524,57,481.0234174737886
8,NCT01370954,58,480.6160547804596
8,NCT00593892,59,479.88554845840287
8,NCT03573024,60,479.09811223965386
8,NCT00609869,61,478.875048502029
8,NCT01814527,62,477.98470515924157
8,NCT00092937,63,477.9775604298358
8,NCT00478296,64,477.56988880339634
8,NCT03876652,65,477.4300724968004
8,NCT04008706,66,477.31202787105576
8,NCT01118988,67,477.2310595343378
8,NCT01961843,68,476.9530080198307
8,NCT01110447,69,476.0366822092593
8,NCT00106691,70,475.94912324634396
8,NCT01369030,71,475.92654232980345
8,NCT00914056,72,475.54588321496
8,NCT02050347,73,475.36452215660637
8,NCT00215787,74,475.1193120974386
8,NCT03355404,75,474.75310326868185
8,NCT00467818,76,474.39983618530005
8,NCT02304302,77,473.56317545950594
8,NCT01314352,78,473.5554727093758
8,NCT00865462,79,473.54066825764386
8,NCT01314339,80,473.51701624768094
8,NCT00865410,81,473.2539842521205
8,NCT00865371,82,473.15782510242104
8,NCT00603447,83,472.8793996049661
8,NCT00120978,84,472.48312102387723
8,NCT00373074,85,472.20822299257486
8,NCT00281502,86,471.9526053409837
8,NCT02411734,87,471.64759297544464
8,NCT00863941,88,471.50140129224
8,NCT04155099,89,471.48148237297494
8,NCT00244582,90,471.35473826963977
8,NCT02146924,91,471.25011862536877
8,NCT03742297,92,471.24348010294244
8,NCT02068118,93,470.86883750012726
8,NCT00306072,94,470.688374853094
8,NCT01937650,95,470.50208164599724
8,NCT03738254,96,470.10903461637173
8,NCT02016248,97,469.76562441625134
8,NCT01853631,98,469.60241964518156
8,NCT00865111,99,469.3275864266276
8,NCT00006066,100,469.2758380011467
9,NCT03946618,1,441.4095983166221
9,NCT04153175,2,419.5992361116096
9,NCT03941613,3,410.78706594258534
9,NCT00040326,4,407.5718808376241
9,NCT02495844,5,405.5937928723328
9,NCT04054453,6,404.94182649253383
9,NCT02899611,7,402.4364806209197
9,NCT00194870,8,401.39892477937406
9,NCT00236860,9,399.76218167042487
9,NCT03595072,10,399.666733453571
9,NCT00236873,11,398.13039453389695
9,NCT03900468,12,397.88675319633626
9,NCT03517423,13,397.4389401363565
9,NCT02866240,14,397.3743507475693
9,NCT00860145,15,396.9101779486029
9,NCT00931619,16,395.90609077188043
9,NCT04770337,17,394.65449103971565
9,NCT00236847,18,394.483034439046
9,NCT01533649,19,394.1536773344566
9,NCT00524134,20,393.9035581032831
9,NCT00344877,21,393.47929337472374
9,NCT03179891,22,392.5058543435022
9,NCT02424123,23,392.48084336072515
9,NCT02804230,24,391.2434885378121
9,NCT00079781,25,390.8207587606271
9,NCT03868293,26,390.7703228514782
9,NCT03636958,27,390.6423996641698
9,NCT03052998,28,388.7337081533018
9,NCT03590197,29,388.6161211369846
9,NCT00982787,30,387.95108246620856
9,NCT00001932,31,387.7243217709276
9,NCT01663545,32,387.6739932695546
9,NCT00048490,33,387.5096760770232
9,NCT01498822,34,387.2381989930922
9,NCT01969851,35,386.9140227046762
9,NCT02089243,36,386.84953888680246
9,NCT01793532,37,386.60446126244545
9,NCT01891890,38,386.185955731041
9,NCT00510783,39,386.1854786318298
9,NCT03657056,40,386.1004955624716
9,NCT01749046,41,385.8434919209607
9,NCT00439387,42,385.40327635273445
9,NCT02224560,43,385.3156218390646
9,NCT01730313,44,385.112219143003
9,NCT00236743,45,385.0176467127435
9,NCT02383407,46,384.64187730443075
9,NCT02261753,47,384.53977079243447
9,NCT00236730,48,384.49545820832014
9,NCT03478982,49,384.4633547960207
9,NCT00566254,50,384.1765295450895
9,NCT00007670,51,383.0470146085649
9,NCT04274179,52,382.9820093575897
9,NCT01243177,53,382.94245123075876
9,NCT02695537,54,382.92416108696017
9,NCT03790137,55,382.8930489770041
9,NCT02201251,56,382.73267391594374
9,NCT01244724,57,382.4610465404046
9,NCT02700412,58,382.37977950431036
9,NCT04218812,59,382.3674435228744
9,NCT02098759,60,382.0960553866663
9,NCT03374384,61,382.075280485512
9,NCT02268578,62,382.0537607878074
9,NCT02126774,63,382.0494119918184
9,NCT03531008,64,381.4559231948343
9,NCT00044252,65,381.3788182562155
9,NCT03054961,66,381.1502853706811
9,NCT02497443,67,381.0383280148653
9,NCT00101933,68,380.8053366011867
9,NCT01320670,69,380.77394990503336
9,NCT00208520,70,380.67128794518544
9,NCT01190098,71,380.0798536882811
9,NCT01710657,72,379.99059450877314
9,NCT04542629,73,379.9741579946421
9,NCT00236418,74,379.9523007589653
9,NCT02639325,75,379.8673319086533
9,NCT01521754,76,379.63652193025877
9,NCT00056576,77,379.36550551097133
9,NCT00165828,78,379.01230672430034
9,NCT01273129,79,378.7074551230648
9,NCT02332655,80,378.60337972702484
9,NCT03108729,81,378.4863579280342
9,NCT00236704,82,378.12821198125675
9,NCT00465517,83,377.9973419022593
9,NCT04716673,84,377.4971792927442
9,NCT00264810,85,377.4085064450367
9,NCT00564096,86,377.20862527134204
9,NCT00144690,87,377.14189017451025
9,NCT00438451,88,377.1386318599166
9,NCT03803046,89,376.9727856035997
9,NCT00866775,90,376.7232167938071
9,NCT03474770,91,376.703999536068
9,NCT01118455,92,376.5820277480639
9,NCT04102254,93,376.38470923853646
9,NCT00266591,94,376.11857660724235
9,NCT01745952,95,376.06903718157054
9,NCT01689649,96,375.7732231689269
9,NCT01521130,97,375.7344149954791
9,NCT01963208,98,375.7236379262243
9,NCT00085683,99,375.656968573556
9,NCT01431976,100,375.388690572498
10,NCT03529955,1,375.55502479426445
10,NCT00429533,2,359.8002165905559
10,NCT02897622,3,344.2224598203613
10,NCT04464512,4,342.7786852719822
10,NCT00296244,5,342.5759113974212
10,NCT04652960,6,342.0987694110131
10,NCT04139577,7,340.87803368045775
10,NCT02917096,8,340.70039370346393
10,NCT04676087,9,340.5141467572384
10,NCT03422809,10,340.48773901025686
10,NCT00006180,11,339.2124519092743
10,NCT00318097,12,339.13129846369395
10,NCT04776395,13,338.9236019664763
10,NCT04816877,14,338.84954593177713
10,NCT02546193,15,338.44117061649143
10,NCT02474173,16,338.3030211450627
10,NCT01789255,17,338.2787953629659
10,NCT04339777,18,337.2223466669014
10,NCT00172172,19,337.06003856868995
10,NCT00514618,20,336.9695168829179
10,NCT02340676,21,336.9156877373967
10,NCT03336203,22,336.75674844730247
10,NCT02379728,23,336.34239360230913
10,NCT04850495,24,335.85674608436574
10,NCT04166487,25,335.8174922545311
10,NCT01773616,26,335.6140014071718
10,NCT01861106,27,335.4546264013457
10,NCT04056442,28,335.190296868896
10,NCT03139916,29,335.03991910887845
10,NCT01118624,30,335.02282235294706
10,NCT04277442,31,334.9557733822599
10,NCT01515176,32,334.51501679006225
10,NCT02318082,33,333.5320811725866
10,NCT00794040,34,333.5008924912041
10,NCT03418961,35,333.3599359096827
10,NCT00005988,36,333.2499706992962
10,NCT02535325,37,333.14718165947454
10,NCT02776202,38,333.0191913824312
10,NCT00172081,39,332.8801297024252
10,NCT02591654,40,332.30020529849077
10,NCT03192397,41,332.28499388112306
10,NCT00263562,42,332.2434599483999
10,NCT01935947,43,332.2277511250051
10,NCT03605719,44,332.0857698091384
10,NCT00113503,45,331.8992125104954
10,NCT04262869,46,331.88104818419623
10,NCT02129582,47,331.8012132325111
10,NCT03948386,48,331.7179795696428
10,NCT03520790,49,331.6671851818167
10,NCT02334124,50,331.5816450484738
10,NCT01932788,51,331.3951761085637
10,NCT04614142,52,331.3932809620791
10,NCT01907334,53,331.31538008773697
10,NCT02224781,54,331.0852339298718
10,NCT01937468,55,330.8424906860428
10,NCT03751423,56,330.72777937377435
10,NCT04232085,57,330.7012209047736
10,NCT04301076,58,330.7004412976002
10,NCT03237611,59,330.62900051675365
10,NCT00342706,60,330.6276739608994
10,NCT02796352,61,330.5422015137252
10,NCT04207190,62,330.4232411871865
10,NCT01149083,63,330.32151312859656
10,NCT02294253,64,330.3005729176838
10,NCT00579085,65,330.15002219117514
10,NCT00878826,66,330.13288849899834
10,NCT01553318,67,330.12992615284696
10,NCT04138368,68,330.11306469433384
10,NCT00805493,69,330.1000656127114
10,NCT01385826,70,330.0086608095323
10,NCT01218620,71,329.99856753985324
10,NCT03141372,72,329.88455293297034
10,NCT00399529,73,329.8718369300362
10,NCT04701034,74,329.7346213677823
10,NCT03798678,75,329.64308543136957
10,NCT02220985,76,329.44754031875743
10,NCT02029950,77,329.37382703665327
10,NCT04428671,78,329.18579211356825
10,NCT00413309,79,329.13104166321745
10,NCT00953420,80,329.02450159554843
10,NCT02159495,81,328.7805114324631
10,NCT02535312,82,328.7021841944765
10,NCT02528877,83,328.6763312061446
10,NCT04633252,84,328.5196839428578
10,NCT02890329,85,328.5099510648186
10,NCT00182078,86,328.38601659418987
10,NCT02492347,87,328.27377724750727
10,NCT02769962,88,328.24070624914185
10,NCT04323046,89,328.1872882288521
10,NCT01896999,90,328.12802545671684
10,NCT03403634,91,328.1207358838336
10,NCT00001475,92,328.0479017398959
10,NCT04329715,93,328.0259055509544
10,NCT03900949,94,328.010844306778
10,NCT01624805,95,327.8900439264986
10,NCT03115853,96,327.7647880709632
10,NCT03377101,97,327.73284419951773
10,NCT04691960,98,327.7161548828724
10,NCT00402662,99,327.6861965993167
10,NCT00740805,100,327.6727853432969
11,NCT01974284,1,205.7306873961702
11,NCT03813706,2,191.80420092283907
11,NCT02408887,3,187.69945134632832
11,NCT03500666,4,186.72488955252078
11,NCT03830242,5,186.2578680971586
11,NCT02724176,6,185.7143811939446
11,NCT00439127,7,184.59981295727852
11,NCT01075269,8,184.3011246314113
11,NCT04290663,9,181.928609818854
11,NCT04624477,10,181.68457812041854
11,NCT03271892,11,181.23940657546848
11,NCT03359668,12,181.04364885087992
11,NCT01137097,13,180.63308463110025
11,NCT03570021,14,179.6378670169687
11,NCT01398085,15,179.4301017043251
11,NCT04522570,16,179.2876911716367
11,NCT02952612,17,175.592533149674
11,NCT01730651,18,173.18770313163648
11,NCT00506103,19,173.11631978023263
11,NCT03669432,20,173.05187062150335
11,NCT02609685,21,172.6382059462965
11,NCT01648569,22,170.6963618365844
11,NCT01837745,23,170.45266204171097
11,NCT02138214,24,169.51349534651453
11,NCT04336696,25,167.781988809285
11,NCT04842942,26,165.99548388476714
11,NCT00251316,27,165.62419505473326
11,NCT02768753,28,165.15206883391645
11,NCT03013257,29,164.91054919947572
11,NCT02685514,30,164.79803002500515
11,NCT00103155,31,164.60829712894613
11,NCT01510002,32,163.6585523433822
11,NCT00615537,33,163.3599677731465
11,NCT03470259,34,163.02037921170944
11,NCT02140476,35,162.4778695211339
11,NCT02347683,36,162.47523439485036
11,NCT00088907,37,161.79093911132355
11,NCT00506324,38,161.69247823768396
11,NCT00196729,39,161.13763247848294
11,NCT00557115,40,161.06077389068838
11,NCT02658552,41,160.90175757114565
11,NCT02073032,42,160.06016944399929
11,NCT00736944,43,159.7360881364852
11,NCT03367884,44,159.59334661605033
11,NCT03327636,45,159.50375083185943
11,NCT01565486,46,159.14249175966023
11,NCT04129411,47,159.06847316517698
11,NCT02136459,48,158.5282386031621
11,NCT02689609,49,157.51442188609374
11,NCT03841617,50,157.22170618049893
11,NCT00004109,51,156.83420753604466
11,NCT03269396,52,156.82020729828122
11,NCT00471692,53,156.5453906102887
11,NCT04128631,54,156.27552893081605
11,NCT03976011,55,156.10656036865058
11,NCT04691804,56,155.84293908030878
11,NCT04502407,57,155.52158194699774
11,NCT04354324,58,155.417984109608
11,NCT04595149,59,155.20199101424316
11,NCT01415674,60,155.0134726960568
11,NCT00319839,61,154.94214388653637
11,NCT04086355,62,154.00769231811987
11,NCT00168181,63,153.93845173764487
11,NCT02584985,64,153.91796517431644
11,NCT01770275,65,153.86262017475246
11,NCT03574103,66,153.84678078281638
11,NCT04034849,67,153.81199074429773
11,NCT04444869,68,153.74869111002243
11,NCT03432299,69,153.721909452019
11,NCT00499681,70,153.0045073536608
11,NCT02004639,71,152.77522341469285
11,NCT04666103,72,152.7122765185068
11,NCT01106443,73,152.67078210700453
11,NCT02159508,74,152.60409686637644
11,NCT02449837,75,152.6025744189347
11,NCT04842994,76,152.5789915854471
11,NCT03297957,77,152.51825340091435
11,NCT00573989,78,152.45569684451104
11,NCT00629265,79,152.4446341814983
11,NCT02645786,80,152.4340853541651
11,NCT03333226,81,152.25485451771704
11,NCT04647006,82,152.22611529656874
11,NCT00101114,83,152.08504095916848
11,NCT04690842,84,152.06371306803936
11,NCT02207660,85,152.02139485667783
11,NCT04794257,86,152.02059667145267
11,NCT01307761,87,151.98965401378712
11,NCT03011775,88,151.97922407682785
11,NCT01778400,89,151.80807856904747
11,NCT01853670,90,151.68279580239474
11,NCT02015169,91,151.6689542877534
11,NCT03081897,92,151.62498229694182
11,NCT00340314,93,151.46871557656613
11,NCT04811027,94,151.26538731866896
11,NCT04675528,95,151.24999629896422
11,NCT03230058,96,151.2125592630676
11,NCT04379804,97,151.17144268190202
11,NCT01006083,98,151.13707842763029
11,NCT03454464,99,151.01862043169086
11,NCT04338412,100,150.79957901779323
12,NCT02829749,1,216.3263420882669
12,NCT03975998,2,213.40981614915245
12,NCT04518709,3,209.16652598473496
12,NCT00807040,4,208.6540950403625
12,NCT01931956,5,208.22021913442265
12,NCT00799565,6,208.15010571473024
12,NCT03908983,7,207.46608715655512
12,NCT03706833,8,207.2854845861633
12,NCT04078867,9,206.5455438473234
12,NCT02552771,10,206.1898465812532
12,NCT00608140,11,205.8707469030437
12,NCT04068740,12,204.70347828844922
12,NCT02604745,13,204.15535334487973
12,NCT02355418,14,204.10033834221247
12,NCT01811537,15,203.93044079227124
12,NCT01678144,16,203.5337732711668
12,NCT02879825,17,202.24609952930183
12,NCT03012178,18,202.17394543463848
12,NCT01400841,19,202.13148260631309
12,NCT04396379,20,201.94145663808146
12,NCT03842397,21,201.46747907418424
12,NCT01708265,22,201.25963495417741
12,NCT03183895,23,200.90677018721664
12,NCT01852149,24,200.6139393419519
12,NCT02768402,25,200.2316222721069
12,NCT00483236,26,200.17941379600117
12,NCT02703311,27,199.3306709852265
12,NCT00806988,28,199.27685648369317
12,NCT02675244,29,199.24783958287608
12,NCT03511716,30,199.24017102421547
12,NCT01694251,31,199.0020779397896
12,NCT02771275,32,198.92196723903425
12,NCT04299334,33,198.912068205883
12,NCT02432196,34,198.88456848027593
12,NCT03962023,35,198.76581621113576
12,NCT04414358,36,198.30684805169395
12,NCT03661398,37,198.2974121457107
12,NCT04852731,38,198.25940715817154
12,NCT02961647,39,197.25327798123104
12,NCT03560167,40,197.098133475211
12,NCT02925819,41,196.8462180653449
12,NCT04375332,42,196.80291761759835
12,NCT01835054,43,196.74863655850405
12,NCT01246947,44,196.60953989686638
12,NCT03705312,45,196.25193885130267
12,NCT04528576,46,195.99631748211053
12,NCT03285724,47,195.94875125961852
12,NCT04198870,48,195.81754357707646
12,NCT01646541,49,195.68653109843288
12,NCT01899573,50,195.433967616783
12,NCT02370511,51,194.89959813043637
12,NCT00554151,52,194.75805388196787
12,NCT04080362,53,194.65833807620518
12,NCT04820764,54,193.73932472257786
12,NCT02806570,55,193.38782869298657
12,NCT01242397,56,193.31436455582778
12,NCT02981953,57,193.22373825137348
12,NCT03066050,58,193.13116495804474
12,NCT03525041,59,192.96031758206084
12,NCT02996552,60,192.61091160760452
12,NCT04646811,61,192.5147526185728
12,NCT02371863,62,192.2510566746307
12,NCT04051411,63,192.21584573870373
12,NCT03549052,64,192.19532758121096
12,NCT03366649,65,192.09008348692794
12,NCT04666480,66,191.84389194068117
12,NCT04666467,67,191.73596763601316
12,NCT04464876,68,191.2814006134282
12,NCT02768870,69,191.27710836612732
12,NCT04775108,70,191.25238923290723
12,NCT04679662,71,191.0830856900037
12,NCT04679714,72,191.0830856900037
12,NCT04097145,73,191.03070320988508
12,NCT04822675,74,190.81461547743228
12,NCT03958773,75,190.64415472110232
12,NCT03521921,76,190.6404481049497
12,NCT03968601,77,190.2721004252494
12,NCT03129737,78,190.1279604884482
12,NCT03714412,79,190.10199474162954
12,NCT04147884,80,190.06648116645167
12,NCT02985268,81,189.90668812992777
12,NCT04156295,82,189.75035747207016
12,NCT00613548,83,189.66876889291572
12,NCT00800046,84,189.6203312659679
12,NCT00209274,85,189.5615092804186
12,NCT03470155,86,189.36342116699564
12,NCT00428103,87,189.1861327394827
12,NCT04279678,88,189.1831669726143
12,NCT04343313,89,189.07703278699526
12,NCT04382612,90,188.92211071773977
12,NCT03389542,91,188.89336100086032
12,NCT00120276,92,188.781056577798
12,NCT02803957,93,188.66057411397185
12,NCT03292497,94,188.62731826093426
12,NCT04734756,95,188.06255405151657
12,NCT00209339,96,187.9155096314531
12,NCT02153892,97,187.59772663041753
12,NCT03155373,98,187.43636668267615
12,NCT03891823,99,187.30588961578448
12,NCT04098328,100,187.28221183343982
13,NCT02591901,1,289.22314744747774
13,NCT04528784,2,287.2030116281871
13,NCT03187795,3,283.19089675457377
13,NCT04495699,4,276.07311358973726
13,NCT03239652,5,275.9252663182732
13,NCT03163394,6,275.8130671941447
13,NCT03032510,7,272.16265356887135
13,NCT03499964,8,271.90548636447727
13,NCT02246270,9,269.07921365468144
13,NCT04070898,10,268.7873243755109
13,NCT00481689,11,266.99903242329185
13,NCT03066999,12,266.894847396424
13,NCT04575493,13,266.5454095014509
13,NCT02944825,14,266.2520030513702
13,NCT03568942,15,265.7917848077407
13,NCT03367910,16,263.2890729716869
13,NCT01367886,17,263.2122333662201
13,NCT02021032,18,262.32326825692945
13,NCT02054013,19,262.0414946703344
13,NCT04020341,20,261.63228979499803
13,NCT01771159,21,261.10218726795216
13,NCT01912339,22,260.0243332850178
13,NCT01696227,23,259.55462839800066
13,NCT03573726,24,259.3968398254747
13,NCT03287089,25,259.3740014017944
13,NCT00318591,26,259.0562928873192
13,NCT00669994,27,258.8429161089658
13,NCT04187144,28,258.5787782264728
13,NCT03605745,29,257.92496109162687
13,NCT00458471,30,257.7130984674861
13,NCT03987126,31,256.2481324496218
13,NCT02489656,32,256.18736326186587
13,NCT03142295,33,255.82065329353622
13,NCT00662350,34,255.6645536311819
13,NCT01747577,35,255.48064309653898
13,NCT04709601,36,255.03981182152486
13,NCT01966653,37,254.8223015426301
13,NCT04096820,38,254.78037397337914
13,NCT03178292,39,254.62188181754578
13,NCT01733290,40,254.58251202895545
13,NCT01931605,41,254.55781015291916
13,NCT01043588,42,254.50566133484355
13,NCT02922647,43,254.3762183969857
13,NCT03846700,44,253.65699931184832
13,NCT03258658,45,253.63558147096256
13,NCT03447639,46,253.06990068649867
13,NCT04340934,47,253.04621321113774
13,NCT04529369,48,252.53251608836936
13,NCT04807010,49,252.28369584729842
13,NCT04791579,50,252.0121789660052
13,NCT00826527,51,251.43811898777201
13,NCT04147793,52,251.42281149270266
13,NCT04359069,53,251.22718935167308
13,NCT03266770,54,250.36482253370127
13,NCT02026908,55,249.7644133137705
13,NCT04268810,56,249.53901877451995
13,NCT00293839,57,249.50652994938667
13,NCT01595529,58,249.42536498855688
13,NCT00261248,59,249.2424847316573
13,NCT04763382,60,248.93971651738408
13,NCT03785262,61,248.91934015703455
13,NCT03239951,62,248.89895245803103
13,NCT01969773,63,248.74471390639587
13,NCT00662207,64,248.57712763172495
13,NCT03955484,65,248.53448302122487
13,NCT00037921,66,248.36138376852705
13,NCT03851952,67,248.29481763366505
13,NCT02384200,68,248.17673232210836
13,NCT03498794,69,248.06387207730322
13,NCT01808755,70,247.98554387003603
13,NCT02135341,71,247.86297719156912
13,NCT04588857,72,247.71954151641984
13,NCT03619486,73,247.52330966846026
13,NCT02157415,74,247.45764695577424
13,NCT04557748,75,247.35983762260798
13,NCT03818321,76,247.0844177584824
13,NCT02434068,77,246.8874479859171
13,NCT01275261,78,246.8404216778811
13,NCT01137929,79,246.60295913917525
13,NCT01812772,80,246.43587722398988
13,NCT02202044,81,246.16059884924246
13,NCT04561505,82,246.12487339452193
13,NCT01534793,83,245.89978024324927
13,NCT03996057,84,245.85427399085222
13,NCT02930889,85,245.7313435138812
13,NCT02728427,86,245.67670660359093
13,NCT04789135,87,245.5664681723847
13,NCT00252941,88,245.5250269158991
13,NCT02044510,89,245.5153485432296
13,NCT00598403,90,245.5003897655821
13,NCT00676533,91,245.44206176403395
13,NCT01537601,92,245.31839777002773
13,NCT03043222,93,245.08974554404986
13,NCT00767988,94,245.07775698460466
13,NCT04726345,95,244.8759770427244
13,NCT01263392,96,244.80976994276102
13,NCT00335660,97,244.8088014021876
13,NCT02727322,98,244.5743332140523
13,NCT00309114,99,244.05968923263484
13,NCT03574610,100,244.00824682707
14,NCT00211614,1,355.3055422006265
14,NCT01044628,2,350.8942530565935
14,NCT04530149,3,347.2273759087579
14,NCT02725632,4,339.23988212395005
14,NCT04647383,5,336.2538953684234
14,NCT01944020,6,333.64931345719924
14,NCT04413643,7,330.45025452064215
14,NCT03925610,8,330.0870522178021
14,NCT01427673,9,329.9620927981911
14,NCT02860975,10,328.34162928188624
14,NCT00938977,11,327.43636567203646
14,NCT01513655,12,327.09380063506376
14,NCT02522442,13,325.5764915603661
14,NCT03321734,14,325.57559246896466
14,NCT02796846,15,325.5461818357426
14,NCT01892579,16,324.98136213801547
14,NCT01656005,17,324.7310566873176
14,NCT03601169,18,324.12521014886624
14,NCT00404807,19,323.71632387881743
14,NCT03113461,20,323.63762504095183
14,NCT03158805,21,323.5465199556552
14,NCT03959982,22,323.53451918403124
14,NCT04844970,23,323.37785326107286
14,NCT04604223,24,323.29797978371835
14,NCT00705952,25,323.2920279385237
14,NCT00371293,26,323.04580788530245
14,NCT03522207,27,322.38503815176927
14,NCT00261898,28,322.3689155891801
14,NCT04504032,29,321.7696160593756
14,NCT04549168,30,321.3533147969636
14,NCT04575610,31,321.2547233659785
14,NCT04388683,32,321.0245327297701
14,NCT04615871,33,320.829527913316
14,NCT04193995,34,320.3657911616299
14,NCT02525991,35,319.8964834431507
14,NCT01457014,36,319.855439686791
14,NCT04691687,37,319.8342469044008
14,NCT00635206,38,319.42804708915634
14,NCT03890224,39,319.3321653597129
14,NCT03765294,40,319.1358764418802
14,NCT04695704,41,319.0382447737119
14,NCT04854759,42,318.9466586802708
14,NCT03720223,43,318.82881279926727
14,NCT00312598,44,318.8015879895383
14,NCT02525861,45,318.6695407651424
14,NCT01554488,46,318.57361950692456
14,NCT02886156,47,318.5550407408389
14,NCT01940328,48,317.87408560006713
14,NCT04370873,49,317.8420479325038
14,NCT02474823,50,317.5952840578126
14,NCT03738774,51,317.5191480191702
14,NCT03580044,52,317.31686176769676
14,NCT04732572,53,317.0815894374908
14,NCT02664441,54,317.05840790606277
14,NCT00244192,55,317.0221981245863
14,NCT02798744,56,316.71194305382346
14,NCT04136093,57,316.5694300932583
14,NCT03675022,58,316.1352369436763
14,NCT03810183,59,315.93133652183235
14,NCT01199042,60,315.90181278461154
14,NCT02275936,61,315.8659239078794
14,NCT01164683,62,315.7605649726416
14,NCT03328676,63,315.73945672283145
14,NCT00488072,64,315.57483334986955
14,NCT03846284,65,315.5692651590108
14,NCT02387476,66,315.473928473789
14,NCT04794491,67,315.4074084535683
14,NCT04024787,68,315.38233434036135
14,NCT00672061,69,315.35150028489517
14,NCT00030238,70,315.31832203836757
14,NCT02693977,71,315.22806645898237
14,NCT01362777,72,315.19802932257465
14,NCT03729973,73,315.1739448004407
14,NCT03254212,74,314.9960835631746
14,NCT03930875,75,314.69679269251844
14,NCT04699513,76,314.5624438216243
14,NCT01383564,77,314.53496282672614
14,NCT01214200,78,314.29417758632974
14,NCT04788953,79,314.1767438203157
14,NCT03085641,80,314.12929357477555
14,NCT02834819,81,314.05492150693357
14,NCT03007745,82,313.82943593504217
14,NCT04327336,83,313.6192102413556
14,NCT01293006,84,313.61170696560794
14,NCT01300455,85,313.4892213553802
14,NCT02519608,86,313.4329341565532
14,NCT00194259,87,313.2484410474509
14,NCT04091425,88,313.00865933266726
14,NCT00672802,89,312.99057364603783
14,NCT02517346,90,312.8906558174067
14,NCT03110315,91,312.7375869313316
14,NCT03315403,92,312.47393056238866
14,NCT03531684,93,312.45145721662226
14,NCT00852124,94,312.4089389068341
14,NCT04647656,95,312.34269354900664
14,NCT02544373,96,312.2336508912265
14,NCT00874913,97,312.1193062182993
14,NCT04246619,98,312.11398763819227
14,NCT03743051,99,312.10001782645264
14,NCT03743064,100,312.10001782645264
15,NCT04311385,1,488.9978699113655
15,NCT00587132,2,479.13481490715424
15,NCT00586313,3,461.2772985542311
15,NCT04753255,4,460.8694389951015
15,NCT03580044,5,457.27318201934753
15,NCT02718092,6,456.54911813103087
15,NCT02487277,7,456.2787661607076
15,NCT03358576,8,454.6360295749878
15,NCT03167112,9,450.81815293980975
15,NCT01660711,10,450.3937092039415
15,NCT00002561,11,449.2863406906915
15,NCT04570943,12,447.7892043278557
15,NCT03085004,13,447.72185840230134
15,NCT02800785,14,447.56604413042555
15,NCT01710254,15,447.5652735718175
15,NCT02716207,16,445.8382306844476
15,NCT00336648,17,445.57574519796896
15,NCT00614653,18,445.33650451465996
15,NCT00729937,19,444.9401827432813
15,NCT00149578,20,444.9236120839905
15,NCT01971281,21,444.73825504321
15,NCT01630590,22,444.7342809957026
15,NCT02933554,23,444.6739090025399
15,NCT02710812,24,444.33144459703806
15,NCT03138720,25,443.9415802673204
15,NCT04160130,26,443.7202541155929
15,NCT03528785,27,443.37088451654193
15,NCT03323489,28,442.9906351360527
15,NCT01149408,29,442.6847184362852
15,NCT00536978,30,442.3376804709803
15,NCT04344353,31,442.0516647093105
15,NCT04347330,32,441.99907599586544
15,NCT00113230,33,440.98975039175383
15,NCT00052962,34,440.8260820832096
15,NCT00543842,35,440.2109374870894
15,NCT00506155,36,440.02184257409976
15,NCT00290316,37,439.9522995083629
15,NCT01867892,38,439.55490247797405
15,NCT02562716,39,439.3560389823805
15,NCT03525041,40,439.1565146593545
15,NCT00487279,41,438.69441276558916
15,NCT04113499,42,438.50952235189226
15,NCT03093961,43,438.4883418969784
15,NCT00831493,44,438.41135443647664
15,NCT00591838,45,438.37847698677905
15,NCT03402282,46,438.36781748838627
15,NCT01526590,47,438.2452237356518
15,NCT03147768,48,438.11553678421507
15,NCT04030000,49,438.0771183638628
15,NCT02459041,50,437.68481960296515
15,NCT00338039,51,437.5884147453108
15,NCT03142867,52,437.5018511756702
15,NCT04030741,53,437.47740151720416
15,NCT04713631,54,437.44324955290267
15,NCT01893775,55,437.31479754951295
15,NCT00765401,56,437.2423462738408
15,NCT02620800,57,437.069860125607
15,NCT00005926,58,437.0463814371202
15,NCT01146054,59,437.00904538184795
15,NCT02524106,60,436.7221371199362
15,NCT00997516,61,436.70389912455363
15,NCT04128891,62,436.64229961964094
15,NCT02580422,63,436.5179963265454
15,NCT03665441,64,436.449956617282
15,NCT02086721,65,436.1132341133749
15,NCT02399800,66,435.95702208781273
15,NCT02668770,67,435.89860442340097
15,NCT03583320,68,435.86183185071576
15,NCT01062230,69,435.5297165407134
15,NCT01015378,70,435.5164883761873
15,NCT01591096,71,435.50349255679123
15,NCT04003246,72,435.41635182263457
15,NCT01755624,73,435.27480707740636
15,NCT03610100,74,435.25964505027156
15,NCT02239900,75,435.0786015756134
15,NCT00117936,76,434.9726794739478
15,NCT00766636,77,434.94805367578476
15,NCT00460174,78,434.63999205108246
15,NCT02422147,79,434.5604906683769
15,NCT02529852,80,434.5055123511931
15,NCT01784393,81,434.41720661030774
15,NCT02810418,82,434.30575915914596
15,NCT01298011,83,434.24977932946746
15,NCT01868139,84,434.22863147848074
15,NCT03377491,85,434.10438874091085
15,NCT01362790,86,434.06383006829435
15,NCT02730546,87,434.03468967761876
15,NCT02502981,88,433.994148445437
15,NCT00701818,89,433.96093880390833
15,NCT03392571,90,433.92341628371486
15,NCT02458118,91,433.7739364150551
15,NCT03234296,92,433.6739628273643
15,NCT00081731,93,433.65708755523815
15,NCT02426944,94,433.4202961098609
15,NCT00004547,95,433.3026682290686
15,NCT00426829,96,433.2366671990228
15,NCT03529955,97,433.0380268752457
15,NCT02024009,98,432.8897787421138
15,NCT00525915,99,432.8291950189443
15,NCT00888043,100,432.7754424738916
16,NCT02771561,1,335.9998307821277
16,NCT01218607,2,331.5065251270706
16,NCT00608140,3,325.8135014565516
16,NCT04035460,4,325.22976741108033
16,NCT01044628,5,323.75189537575505
16,NCT01513655,6,323.18197330867076
16,NCT03359161,7,320.59428230264695
16,NCT00270374,8,319.8812693507348
16,NCT00840463,9,319.69207956544227
16,NCT03437148,10,317.0496762392203
16,NCT04375917,11,316.7284308435057
16,NCT04572867,12,316.37031538203956
16,NCT04370990,13,316.1237699567601
16,NCT00461162,14,315.91833390214606
16,NCT00121901,15,315.7298431085781
16,NCT03891823,16,315.0623832539105
16,NCT03772626,17,314.6923575767645
16,NCT00557115,18,314.13592657766424
16,NCT00679549,19,313.93822226342024
16,NCT00586794,20,313.8689111990656
16,NCT00270387,21,313.7776852405026
16,NCT03662438,22,313.7258297121092
16,NCT03565471,23,313.6661216414214
16,NCT02267655,24,313.6521595833517
16,NCT01862536,25,313.49125889018325
16,NCT04581863,26,313.11280662183515
16,NCT00763867,27,312.67752582429324
16,NCT00848731,28,312.17478180030986
16,NCT03146741,29,311.9438233627754
16,NCT01116063,30,311.8342142832486
16,NCT03093961,31,311.30964435736695
16,NCT01354613,32,310.8698870528102
16,NCT01743001,33,309.9600730703853
16,NCT00846404,34,309.8217179783546
16,NCT04488120,35,309.59787225327597
16,NCT03904290,36,309.55189243933
16,NCT00352430,37,309.4475075087681
16,NCT01812460,38,309.033936402346
16,NCT03135860,39,308.6401417850435
16,NCT03775161,40,307.4308202158929
16,NCT00145938,41,307.1324889288444
16,NCT02648984,42,307.0544934294127
16,NCT02060487,43,307.0134834862783
16,NCT02632552,44,306.9970782209955
16,NCT02403908,45,306.8808370728567
16,NCT04646811,46,306.874304277431
16,NCT01940328,47,306.8108020101482
16,NCT04231760,48,306.63037199722976
16,NCT01179334,49,306.5236732459355
16,NCT00561223,50,306.28289933884525
16,NCT01628198,51,306.0107680077614
16,NCT04413643,52,305.83423132945177
16,NCT04531280,53,305.784080439152
16,NCT01261377,54,305.59028346246293
16,NCT04388683,55,305.2138351939503
16,NCT04801056,56,305.12640195022254
16,NCT04123730,57,304.9571946349239
16,NCT03030235,58,304.59275323682846
16,NCT04729933,59,304.57333907001293
16,NCT03647462,60,304.4401704937091
16,NCT03674541,61,304.36935766092563
16,NCT02053493,62,304.23168774242157
16,NCT04042168,63,304.15918539178716
16,NCT01735916,64,304.13465642782876
16,NCT02552485,65,303.91983062344474
16,NCT02035566,66,303.8842250657823
16,NCT01172184,67,303.70287435445886
16,NCT02965638,68,303.6598469584798
16,NCT00052026,69,303.50585362632523
16,NCT03867708,70,303.3569529448139
16,NCT01726049,71,303.33740062069654
16,NCT03431103,72,303.20822002126795
16,NCT03353064,73,303.20773797394827
16,NCT04232371,74,303.2034385289646
16,NCT02178566,75,303.13370285730576
16,NCT04163861,76,302.95585500539016
16,NCT00133679,77,302.9514884821117
16,NCT00023296,78,302.95055012844296
16,NCT02204774,79,302.9269236172019
16,NCT00159913,80,302.9120326929856
16,NCT01824290,81,302.3234228885775
16,NCT02514798,82,302.24376656253037
16,NCT01307722,83,302.1967454527178
16,NCT02652559,84,302.18766182453254
16,NCT00934128,85,302.11606161759295
16,NCT01494896,86,302.00278507209754
16,NCT01678144,87,301.8876531870384
16,NCT00998114,88,301.7769223590695
16,NCT03549052,89,301.7661273934207
16,NCT01332331,90,301.50936412969975
16,NCT04406961,91,301.3560657633879
16,NCT02754232,92,301.048149456592
16,NCT04148625,93,300.90988127707374
16,NCT00603213,94,300.7283498042504
16,NCT02060799,95,300.65621673171535
16,NCT01168609,96,300.2396144957961
16,NCT03221387,97,300.13808049009145
16,NCT01642407,98,299.8798864538482
16,NCT02126254,99,299.40812437415764
16,NCT04647383,100,299.3779344560407
17,NCT00064337,1,251.39393429067624
17,NCT00028886,2,250.92235109959603
17,NCT00116961,3,249.65227899850697
17,NCT00586014,4,249.64121875327794
17,NCT00182663,5,246.76639665411795
17,NCT00981708,6,246.21641400420435
17,NCT00792142,7,245.11737509458257
17,NCT00006251,8,242.98421924614993
17,NCT00002548,9,242.97699893325606
17,NCT00112827,10,242.90927287648177
17,NCT01055301,11,242.69691027435053
17,NCT00843310,12,241.31517101814086
17,NCT00378755,13,240.84628951104912
17,NCT00507416,14,240.65052792159892
17,NCT00723658,15,240.6022854104937
17,NCT00135200,16,239.71605620607207
17,NCT02112175,17,239.40590688777363
17,NCT00004088,18,239.02446160427743
17,NCT00040937,19,238.97486345722763
17,NCT00477971,20,238.05828258631297
17,NCT02506959,21,237.9264081157151
17,NCT00306813,22,237.78577586514805
17,NCT01264315,23,237.19353772281255
17,NCT00504101,24,236.8899991176292
17,NCT01605032,25,236.61863854598997
17,NCT02045017,26,236.15128509428465
17,NCT00007995,27,234.90732326365168
17,NCT02308280,28,234.61048801917363
17,NCT00948922,29,234.29120689770036
17,NCT00014235,30,234.26162482678404
17,NCT00083564,31,234.0769383006269
17,NCT00008229,32,233.96899894595467
17,NCT00790647,33,233.9455442419336
17,NCT01134484,34,233.8981671653695
17,NCT00564200,35,233.67943061275633
17,NCT02655458,36,233.1960468864769
17,NCT00670631,37,233.07483343730425
17,NCT00793572,38,233.0533084846801
17,NCT03100877,39,232.60762048804546
17,NCT01008462,40,232.58100079843987
17,NCT00358020,41,232.564993041723
17,NCT00002630,42,232.5215815692048
17,NCT01936090,43,232.33928342592003
17,NCT01114282,44,232.20259990580928
17,NCT01207765,45,232.16697469700736
17,NCT00892346,46,231.99140563051702
17,NCT00747877,47,231.46539811143867
17,NCT00602641,48,231.44649315977958
17,NCT01653418,49,231.2450142685835
17,NCT00406978,50,231.09053058813882
17,NCT03430011,51,230.89914670723002
17,NCT00003196,52,230.8681444291928
17,NCT01554852,53,230.5724478985536
17,NCT01063179,54,230.56273062701712
17,NCT02489500,55,230.3747092846533
17,NCT00720603,56,230.2934656431927
17,NCT02135406,57,230.1341348354103
17,NCT03417284,58,229.9745047464417
17,NCT01527032,59,229.6863996923598
17,NCT01050790,60,229.67006225752348
17,NCT01142232,61,229.6314519778234
17,NCT00536601,62,229.6070391314129
17,NCT04466475,63,229.53349837021338
17,NCT02145715,64,229.24379899638947
17,NCT01296503,65,229.10813965528786
17,NCT01849783,66,229.0219119322087
17,NCT00804947,67,228.89397402701275
17,NCT04483206,68,228.80095560587435
17,NCT02253316,69,228.75914453027704
17,NCT03030261,70,228.56859283229227
17,NCT03896737,71,228.0184189789243
17,NCT02353572,72,227.68736933825105
17,NCT02342782,73,227.3373564255555
17,NCT03143036,74,227.29570002606172
17,NCT01090921,75,227.25802598647624
17,NCT01484626,76,226.99081038456637
17,NCT00882895,77,226.97535153190813
17,NCT02545907,78,226.9077752181837
17,NCT00499577,79,226.80886074859455
17,NCT00706953,80,226.71384296501253
17,NCT01548573,81,226.5535830383338
17,NCT00045136,82,226.51379640992758
17,NCT00570180,83,226.39038553076983
17,NCT02155634,84,226.22674394824972
17,NCT00911859,85,225.86078226637105
17,NCT02728102,86,225.80040924449096
17,NCT02504359,87,225.76515456197174
17,NCT00003954,88,225.6706433774154
17,NCT01163357,89,225.6253655363369
17,NCT00334932,90,225.5702488040551
17,NCT03792620,91,225.51427016088073
17,NCT00083876,92,225.49887238828887
17,NCT03192397,93,225.41719287563012
17,NCT03695744,94,225.38518744532067
17,NCT01842308,95,225.1870446222623
17,NCT01954784,96,225.0427492321834
17,NCT00441168,97,224.99335872344864
17,NCT00619684,98,224.9830779676976
17,NCT02204553,99,224.6962163322512
17,NCT00799539,100,224.66301103909052
18,NCT02189291,1,347.9029173537382
18,NCT02634619,2,347.6061744710318
18,NCT04529369,3,345.45530905402694
18,NCT01733290,4,341.5679339531371
18,NCT03339076,5,341.3170363034074
18,NCT02717975,6,340.72591503380846
18,NCT03009968,7,331.5234869077098
18,NCT01597791,8,331.13191557370016
18,NCT01186237,9,330.5851313484788
18,NCT04147793,10,329.7922576818743
18,NCT02737241,11,329.133691964148
18,NCT03955484,12,328.90414025750516
18,NCT03141372,13,328.22353882139
18,NCT04307537,14,327.60211376444363
18,NCT01931605,15,326.6276481784614
18,NCT00169767,16,326.4606536999559
18,NCT03373773,17,325.44735391920426
18,NCT00564135,18,324.3404381070789
18,NCT03713411,19,324.31522712101093
18,NCT00804557,20,322.8652299783309
18,NCT04087642,21,321.95264946928796
18,NCT04070898,22,321.64164029237867
18,NCT02944825,23,321.41118944627357
18,NCT03061344,24,320.08866221113357
18,NCT00743184,25,319.7226637453243
18,NCT01771159,26,318.94035082786314
18,NCT02006303,27,318.32305341023897
18,NCT02400034,28,317.22339119134364
18,NCT03637582,29,316.89517697151064
18,NCT01011777,30,316.1335346741605
18,NCT01197248,31,315.95608165861637
18,NCT03991429,32,315.37002269062475
18,NCT04454970,33,315.0635058341892
18,NCT00924482,34,315.01775405766966
18,NCT02713633,35,315.0058904600585
18,NCT02823431,36,313.91588340299387
18,NCT00422708,37,313.900212607065
18,NCT02244294,38,313.67430860759526
18,NCT03014726,39,313.60013176361434
18,NCT03335865,40,313.35628695979926
18,NCT03499964,41,313.3479234947169
18,NCT03302936,42,313.2652528318179
18,NCT00872495,43,312.5095973377459
18,NCT02477241,44,311.9919577325067
18,NCT04595344,45,311.6118045567957
18,NCT00431626,46,311.3759110181016
18,NCT00252941,47,310.74062598885484
18,NCT03076762,48,309.7093876801456
18,NCT02977832,49,309.594695978828
18,NCT02193451,50,308.7143884532942
18,NCT02591381,51,308.55936502999407
18,NCT02551783,52,308.55773429931503
18,NCT02150083,53,308.06105571964525
18,NCT01812772,54,308.0120226972496
18,NCT04715971,55,307.8967198751164
18,NCT04209192,56,307.8381596010457
18,NCT03108079,57,307.321732874319
18,NCT01421719,58,307.27796532486065
18,NCT04763837,59,307.1447048500357
18,NCT00169754,60,307.03571671905377
18,NCT01619735,61,306.78776581347677
18,NCT03071211,62,306.48181340626866
18,NCT03314259,63,306.32150415619776
18,NCT04555343,64,306.2794529183928
18,NCT01896973,65,305.9955419261785
18,NCT03127280,66,305.33421419099164
18,NCT03428113,67,305.1931662402325
18,NCT02806167,68,304.82396182284043
18,NCT04359069,69,304.64371882959523
18,NCT03239951,70,304.60327680136885
18,NCT01494337,71,304.55237869407125
18,NCT04726748,72,304.4685405662866
18,NCT02016248,73,303.8266513555339
18,NCT03066999,74,303.7443926185747
18,NCT03673202,75,303.63031351834485
18,NCT03702777,76,303.51480378862686
18,NCT00628615,77,303.41310309382055
18,NCT04731961,78,303.3836746758248
18,NCT03498794,79,303.263362856569
18,NCT04846387,80,303.2054997829797
18,NCT03043222,81,303.0733189469505
18,NCT01275261,82,302.91221856793055
18,NCT04516434,83,302.85417540118976
18,NCT02687308,84,302.8172132397804
18,NCT03258658,85,302.5412141130448
18,NCT04688541,86,302.337204857318
18,NCT04339920,87,302.2572862250217
18,NCT01520441,88,302.1896546065834
18,NCT00994825,89,302.14699126578665
18,NCT00605319,90,302.11037830697256
18,NCT03479931,91,302.1013271420897
18,NCT02741531,92,302.0953486999017
18,NCT03163394,93,302.05100226006977
18,NCT01777269,94,301.7707654661796
18,NCT01800799,95,301.73088242274287
18,NCT02912624,96,301.58591246218333
18,NCT00839969,97,301.56685349897214
18,NCT03423979,98,301.2470059791832
18,NCT00194636,99,301.1273180438896
18,NCT02326454,100,300.98742498148147
19,NCT02683174,1,394.5140317378601
19,NCT04529941,2,390.45145833402785
19,NCT00187291,3,380.56721475216364
19,NCT02786940,4,375.3651094294983
19,NCT03876652,5,372.87959656489915
19,NCT04765943,6,372.84290095167455
19,NCT00000531,7,372.74687347610853
19,NCT03588286,8,372.0214190818287
19,NCT04533425,9,371.95504784704036
19,NCT02301390,10,371.75313155323335
19,NCT04124237,11,370.02643403324316
19,NCT03539302,12,369.3694774619863
19,NCT03903744,13,366.9433194950886
19,NCT04632394,14,366.62972481223295
19,NCT03974412,15,366.24508173834647
19,NCT00005202,16,364.4633120190796
19,NCT02344277,17,364.2877595073355
19,NCT00753233,18,363.30746106195966
19,NCT00382928,19,362.3389246572501
19,NCT00708786,20,362.1443797776979
19,NCT04162171,21,361.59326656668503
19,NCT02522364,22,361.01504914495666
19,NCT01137513,23,360.5711993397615
19,NCT04246450,24,360.4432625309531
19,NCT04757688,25,360.08164792614366
19,NCT00487279,26,359.8343960703577
19,NCT04463524,27,358.76045273365924
19,NCT04747353,28,358.3763699995967
19,NCT04856267,29,358.0774746290425
19,NCT00925522,30,357.62914876713484
19,NCT03635996,31,357.30585022082
19,NCT01747837,32,357.2125578370266
19,NCT03992677,33,356.7601837972926
19,NCT01767220,34,356.3046541127501
19,NCT02498964,35,355.88351059047125
19,NCT02018497,36,355.3157739331721
19,NCT00295204,37,354.7623721939696
19,NCT02848781,38,353.41433433583114
19,NCT04694079,39,353.1820711746325
19,NCT00617578,40,352.62716901268857
19,NCT00096902,41,352.1912683964001
19,NCT02373306,42,352.1743881519273
19,NCT03531502,43,351.7187981600592
19,NCT01170416,44,351.353502256582
19,NCT00825435,45,350.8526832175461
19,NCT04530149,46,350.710303049231
19,NCT00434564,47,350.25156835605964
19,NCT00236158,48,349.74868193719084
19,NCT04798768,49,349.57752259184366
19,NCT02874937,50,349.53196478569265
19,NCT03720639,51,349.4747646526661
19,NCT04755101,52,349.4292400297834
19,NCT00729703,53,349.3755301539899
19,NCT02433379,54,348.76561212877453
19,NCT02009982,55,348.75503078126604
19,NCT02614235,56,348.7362213971105
19,NCT04392193,57,348.53379279388184
19,NCT02830360,58,348.4584022297856
19,NCT02886273,59,348.2121801949667
19,NCT03528616,60,348.1041337056009
19,NCT04691089,61,348.01717419766555
19,NCT03464019,62,347.6236724068796
19,NCT02216760,63,347.48592042877186
19,NCT00733590,64,347.31741020333226
19,NCT03421834,65,347.1570899847929
19,NCT02462941,66,346.76259786434406
19,NCT04609436,67,346.72139140791757
19,NCT01576042,68,346.7131496481663
19,NCT00000518,69,346.398038321934
19,NCT03753139,70,346.341869720875
19,NCT00647257,71,345.98531688911834
19,NCT03388905,72,345.48369825721335
19,NCT00517023,73,345.46213855466726
19,NCT04540354,74,345.15030630984916
19,NCT04264182,75,345.0410306515383
19,NCT00919373,76,344.94124536752696
19,NCT02360397,77,344.5495136173881
19,NCT01271816,78,344.49605258555863
19,NCT04140019,79,344.2565378402044
19,NCT00721032,80,344.0660987045023
19,NCT04575376,81,344.0028770149027
19,NCT01114269,82,343.5637624147968
19,NCT03833843,83,343.46832018167925
19,NCT02954666,84,343.1660805973853
19,NCT04159454,85,343.0903068704947
19,NCT02347111,86,342.795861625567
19,NCT00668759,87,342.7050042740573
19,NCT00187187,88,342.68742099580936
19,NCT04041778,89,342.644590588736
19,NCT02686307,90,342.6428595085597
19,NCT03437408,91,342.57797574211537
19,NCT03658759,92,342.39304899825197
19,NCT00093860,93,342.2263870034413
19,NCT02249195,94,342.0009789458418
19,NCT02167412,95,341.9223827800684
19,NCT01084239,96,341.80759215788134
19,NCT04449523,97,341.11198242829505
19,NCT03583320,98,340.97624112556457
19,NCT03779165,99,340.96188954976475
19,NCT04595942,100,340.83573515564285
20,NCT00915954,1,357.07387848318456
20,NCT03042026,2,351.6346391568999
20,NCT01893047,3,350.872848637908
20,NCT00461149,4,350.5067137782686
20,NCT00690898,5,349.4634066149368
20,NCT02769962,6,349.0847022949866
20,NCT00922233,7,347.8144516376847
20,NCT00171886,8,347.11122646916886
20,NCT00463450,9,345.96345240771564
20,NCT00494208,10,345.6716669932345
20,NCT00182078,11,344.7939114339652
20,NCT03860987,12,344.4308623868345
20,NCT02379728,13,344.1940175288595
20,NCT03422809,14,344.1900817675142
20,NCT02414529,15,344.10131085537546
20,NCT00667498,16,342.7588714025946
20,NCT02201095,17,342.6930351504559
20,NCT03336203,18,342.6017034620561
20,NCT02052479,19,342.5200247716179
20,NCT01311102,20,342.05209983215195
20,NCT00627796,21,341.9869193415225
20,NCT03986021,22,341.5072837846378
20,NCT00799214,23,340.27310490973633
20,NCT03057509,24,340.09135104876066
20,NCT04447872,25,340.0621327023763
20,NCT02429375,26,339.9972047262921
20,NCT00117000,27,339.9966089531824
20,NCT04803526,28,339.9649237639191
20,NCT03252028,29,339.89274631263766
20,NCT03877302,30,339.82941360590377
20,NCT02400359,31,339.29834307282033
20,NCT03092518,32,339.08021389333766
20,NCT03018288,33,338.77357142996556
20,NCT00342706,34,338.68746261258065
20,NCT01051726,35,338.68542303915456
20,NCT03529955,36,338.6696279252538
20,NCT03641326,37,338.65329965945097
20,NCT00111384,38,338.55265578043884
20,NCT00001860,39,338.35582120576703
20,NCT01599975,40,337.7023117544364
20,NCT03819140,41,337.6714131654956
20,NCT02316249,42,337.243346629048
20,NCT04559620,43,337.19884091346114
20,NCT04206319,44,336.98822549532275
20,NCT01553071,45,336.91937942204447
20,NCT02855294,46,336.8571422420196
20,NCT02693535,47,336.34368941162313
20,NCT00175305,48,336.28587263441125
20,NCT02546193,49,336.1418573901293
20,NCT02047136,50,335.9490825016015
20,NCT02897622,51,335.901017204661
20,NCT02185456,52,335.43453953174276
20,NCT00182091,53,334.84189864445653
20,NCT00921609,54,334.6885783967231
20,NCT01204476,55,334.54927802828956
20,NCT04750928,56,334.4064648706322
20,NCT04701034,57,334.3706241907609
20,NCT04428671,58,334.3611440425661
20,NCT02141490,59,334.35062218613405
20,NCT00447499,60,334.09581161778976
20,NCT04407182,61,333.9622041821573
20,NCT03008824,62,333.941734593908
20,NCT02649439,63,333.83388938444654
20,NCT04233632,64,333.82544326853514
20,NCT03041701,65,333.57354226855034
20,NCT02411734,66,333.5638570557699
20,NCT03141359,67,333.45429729521635
20,NCT01122342,68,333.28835856804375
20,NCT01540682,69,333.20436556190214
20,NCT02429349,70,333.18873206286577
20,NCT04134117,71,332.9304942149216
20,NCT03459469,72,332.65902074373855
20,NCT04487886,73,332.51348017975926
20,NCT00678132,74,332.4381871640368
20,NCT04339140,75,332.37596095018625
20,NCT04329715,76,332.2280730060462
20,NCT03139916,77,332.20005545426756
20,NCT02503709,78,332.1469456983638
20,NCT00498719,79,332.07795695674014
20,NCT00878826,80,331.92352630198945
20,NCT03710499,81,331.8317003912113
20,NCT01775501,82,331.5306682685227
20,NCT03015324,83,331.4634364088567
20,NCT03395756,84,331.4085050093589
20,NCT03380715,85,331.40159493157864
20,NCT02696889,86,331.18055857063734
20,NCT02496663,87,331.08103436631825
20,NCT03882034,88,330.9988503507635
20,NCT00044174,89,330.7991268525223
20,NCT01253317,90,330.7921741508481
20,NCT04556461,91,330.75790446751364
20,NCT03719430,92,330.72907800668685
20,NCT02905994,93,330.72775608467737
20,NCT02569437,94,330.68481890696717
20,NCT01553318,95,330.6661550322119
20,NCT01029275,96,330.5685036901656
20,NCT01309919,97,330.45787988809445
20,NCT00376064,98,330.42716804622285
20,NCT03331250,99,330.3968687973258
20,NCT03455764,100,330.2722268699978
21,NCT01878019,1,290.0138735545824
21,NCT03018808,2,288.0777521444013
21,NCT01160536,3,287.6057395621377
21,NCT04753255,4,287.3580441253444
21,NCT01952834,5,286.5897360825268
21,NCT01402011,6,285.6666690228368
21,NCT00865111,7,285.647579939707
21,NCT01345643,8,285.5714618386983
21,NCT00112333,9,284.9220484531456
21,NCT03670719,10,284.75463222039735
21,NCT00298545,11,284.02326063237706
21,NCT03948386,12,283.86057883821394
21,NCT01907334,13,283.7192457959492
21,NCT00865462,14,283.387741830668
21,NCT00865371,15,283.1438152953617
21,NCT04129931,16,282.60779379253427
21,NCT01896609,17,282.5194593293318
21,NCT01553318,18,281.9228322856517
21,NCT00863941,19,281.58924905232243
21,NCT04342520,20,281.58518446408124
21,NCT00865410,21,281.29933367079377
21,NCT01118988,22,281.24032074927806
21,NCT01768546,23,280.96304017011835
21,NCT01597232,24,280.94610610354766
21,NCT02284334,25,280.8063048687458
21,NCT00005669,26,279.7662364518447
21,NCT04613973,27,279.7314977430986
21,NCT01335763,28,279.59065307661206
21,NCT03336203,29,279.2365009021677
21,NCT03151863,30,279.2130920480262
21,NCT02414529,31,279.1795561239202
21,NCT01638611,32,279.15014965309575
21,NCT00373074,33,278.82364945808024
21,NCT03149692,34,278.7696746158076
21,NCT04444986,35,278.5682719779608
21,NCT01599546,36,278.5422106874699
21,NCT04236843,37,278.5390439593251
21,NCT04400682,38,277.97376623202064
21,NCT04407000,39,277.8959334470305
21,NCT04651959,40,277.8959334470305
21,NCT01758549,41,277.7197641625326
21,NCT01775501,42,277.43940845037736
21,NCT04851639,43,277.01578193279084
21,NCT03617926,44,276.7974569301235
21,NCT02132507,45,276.6708570558031
21,NCT03213717,46,276.659560802041
21,NCT02897622,47,276.63828727161
21,NCT00653393,48,276.6342250069158
21,NCT01979471,49,276.4977148943822
21,NCT03001050,50,276.30740195552136
21,NCT02856113,51,276.277904086086
21,NCT04473872,52,276.22582359817756
21,NCT01431586,53,276.21920918141353
21,NCT03961997,54,276.1566594650966
21,NCT04411927,55,275.94609718978205
21,NCT01047800,56,275.92189657422074
21,NCT00953420,57,275.6744301588138
21,NCT04237181,58,275.64247363288865
21,NCT02653664,59,275.4215405701649
21,NCT04406194,60,275.33506515018627
21,NCT02016248,61,275.3326132556307
21,NCT04750044,62,275.21287801032184
21,NCT04253275,63,275.12790060344577
21,NCT02396446,64,274.9952689442097
21,NCT00092937,65,274.9790647066006
21,NCT04601207,66,274.73014860158884
21,NCT03278158,67,274.4136804519461
21,NCT03888235,68,274.3248460406969
21,NCT03576430,69,274.2861299424668
21,NCT00878605,70,274.13397633565273
21,NCT00367627,71,274.0490265219397
21,NCT03232112,72,273.8325801747577
21,NCT04003701,73,273.74320684478187
21,NCT02168205,74,273.65590164230844
21,NCT04230577,75,273.5997443606095
21,NCT00339469,76,273.59475348095674
21,NCT03412708,77,273.47169736911206
21,NCT02463487,78,273.4688784339874
21,NCT02533999,79,273.45746754811756
21,NCT04643873,80,273.43679828604604
21,NCT04056000,81,273.40537471236553
21,NCT01599975,82,273.3882464711538
21,NCT03400488,83,273.3693678715062
21,NCT03357042,84,273.0594021047861
21,NCT01109849,85,273.05677964709434
21,NCT00863642,86,273.0213116346221
21,NCT02709837,87,272.9547006219251
21,NCT02266199,88,272.9411593455249
21,NCT04024553,89,272.8605908382819
21,NCT00775905,90,272.4463526701114
21,NCT01687751,91,272.43264049726673
21,NCT02159625,92,272.3840545925769
21,NCT01777893,93,272.34448618251923
21,NCT01314352,94,272.31327519640234
21,NCT01314339,95,272.2961943678368
21,NCT00775151,96,272.19188442244945
21,NCT00682994,97,271.8491866785179
21,NCT02163044,98,271.79756653224166
21,NCT04743323,99,271.5825238284975
21,NCT02781701,100,271.5758355206163
22,NCT04688463,1,434.65130404054327
22,NCT01203566,2,414.09172150868716
22,NCT03106467,3,385.77172178114205
22,NCT03591419,4,383.1995607622994
22,NCT01678365,5,381.6238075060108
22,NCT02156947,6,379.14687294420435
22,NCT03902262,7,376.6466395675924
22,NCT03826446,8,370.9866932629216
22,NCT00413855,9,370.78256245519236
22,NCT02848820,10,367.6453245292492
22,NCT00997516,11,363.4156507422982
22,NCT04281251,12,361.65071809651215
22,NCT01652170,13,361.48600265622036
22,NCT02497183,14,360.94113451647706
22,NCT00677989,15,359.96590621601183
22,NCT04030741,16,358.92362427080013
22,NCT03791229,17,358.17983324591194
22,NCT03159754,18,355.59506283622795
22,NCT01921634,19,353.8647038728872
22,NCT03570398,20,353.31361609314007
22,NCT03947372,21,353.09925811230215
22,NCT01356641,22,352.9685905781739
22,NCT02511522,23,352.54324096934386
22,NCT03146091,24,349.3493606889886
22,NCT03234296,25,349.292284974503
22,NCT00654212,26,347.91603920656496
22,NCT02731924,27,347.08942723218655
22,NCT04437043,28,345.7979318465383
22,NCT03939884,29,345.4093446999058
22,NCT00863642,30,344.75716916191334
22,NCT02624089,31,343.9936865640997
22,NCT04618666,32,343.6896524006471
22,NCT04693156,33,343.15365638450794
22,NCT01096927,34,342.5618601295153
22,NCT02712216,35,342.1583149447727
22,NCT01492790,36,341.4629688286912
22,NCT03519152,37,340.2999305157318
22,NCT04271826,38,339.95463850369816
22,NCT03236961,39,339.83788342405086
22,NCT01825863,40,339.26495944656
22,NCT00135603,41,339.2508951328377
22,NCT01067937,42,338.8129466170415
22,NCT03580044,43,338.50738888143144
22,NCT03732365,44,338.0923023983358
22,NCT04849403,45,337.94161259065817
22,NCT04606485,46,337.9414144119982
22,NCT02667860,47,337.5351369745021
22,NCT03754387,48,337.4271595581946
22,NCT00733603,49,337.27564987957993
22,NCT04308265,50,336.87211486643685
22,NCT01474382,51,336.6804908721927
22,NCT02789865,52,336.6669108236638
22,NCT04368611,53,336.44330380548234
22,NCT02800785,54,336.1838017710488
22,NCT02836860,55,336.1418242166839
22,NCT00625053,56,336.14099899182384
22,NCT04571827,57,336.0301339552328
22,NCT04373447,58,335.7251993794403
22,NCT03087565,59,335.43832177999735
22,NCT01715220,60,335.43672791458255
22,NCT02533869,61,335.3164494978295
22,NCT01069900,62,335.1759839570518
22,NCT02625272,63,334.7945101021868
22,NCT02566837,64,334.71412023526926
22,NCT03954561,65,334.5062858735616
22,NCT01260064,66,334.28491656933426
22,NCT01482546,67,334.15822347630683
22,NCT04242576,68,333.94146464877605
22,NCT00467350,69,333.9147392105187
22,NCT03045107,70,333.74859510453456
22,NCT03522207,71,333.7474056254079
22,NCT01726751,72,333.72000225670587
22,NCT03577912,73,333.714787532456
22,NCT01631448,74,333.69653252009914
22,NCT03819309,75,333.67544488838183
22,NCT01308554,76,333.6239851392661
22,NCT02594774,77,333.5371335373758
22,NCT03338465,78,333.45522103578577
22,NCT03980717,79,333.415527317584
22,NCT00485251,80,333.1483887341768
22,NCT02297711,81,333.0448506922982
22,NCT03792802,82,332.85420522055944
22,NCT04382209,83,332.84646651671625
22,NCT03323489,84,332.772685421034
22,NCT02149797,85,332.29528796312417
22,NCT04730752,86,332.2717580189192
22,NCT04559906,87,332.1848071860424
22,NCT03366246,88,332.04437466717604
22,NCT03017716,89,331.99302745310143
22,NCT02941640,90,331.9521017692733
22,NCT03521011,91,331.8567761024506
22,NCT01190280,92,331.8032502113268
22,NCT00472134,93,331.617380618746
22,NCT04249479,94,331.23119956193455
22,NCT01864473,95,331.1486492704114
22,NCT04329143,96,330.9915963081414
22,NCT03675152,97,330.8544379183986
22,NCT03973983,98,330.81163039273605
22,NCT00133835,99,330.7335097881925
22,NCT04519086,100,330.5654721929868
23,NCT02730351,1,451.7378214864622
23,NCT01634113,2,447.07640388273904
23,NCT00784485,3,445.5003587858727
23,NCT02040766,4,443.9363860186181
23,NCT01907334,5,443.57429241096816
23,NCT02094937,6,441.00763628659047
23,NCT00395304,7,440.7671046260632
23,NCT01500525,8,440.064750746102
23,NCT00471809,9,439.7496842557435
23,NCT00394329,10,439.1819843225941
23,NCT02301975,11,438.2444726337684
23,NCT03788057,12,438.2275959688644
23,NCT00819676,13,438.0856423220231
23,NCT02181335,14,438.012801100281
23,NCT04129931,15,433.5169229769529
23,NCT04322422,16,433.305783052748
23,NCT03046433,17,432.74385103955683
23,NCT00452348,18,432.41306920257165
23,NCT02175771,19,430.0445691648695
23,NCT00452699,20,427.93915224676994
23,NCT03292588,21,427.8985976131324
23,NCT02502890,22,427.5703764963838
23,NCT02113436,23,427.3898999047072
23,NCT01553318,24,426.4667556217873
23,NCT00214552,25,425.58843199896654
23,NCT01498653,26,425.5768696193701
23,NCT01576718,27,424.8274588633678
23,NCT00381485,28,423.8616249957393
23,NCT02294279,29,422.72889412620435
23,NCT02040779,30,422.54282669981563
23,NCT02139644,31,422.1906695149936
23,NCT00495157,32,421.54015181704705
23,NCT04264377,33,420.87420710543665
23,NCT01498679,34,420.6501092710863
23,NCT01978119,35,420.44612709846365
23,NCT01397201,36,420.40904534054476
23,NCT02257372,37,420.2164200098972
23,NCT02066129,38,419.9556101912706
23,NCT00565266,39,419.86463341688085
23,NCT02340520,40,419.3735121475835
23,NCT01879410,41,419.29981897660275
23,NCT02218762,42,418.9607512729718
23,NCT00383240,43,418.6780572471483
23,NCT02141854,44,418.3402245738535
23,NCT01899144,45,418.32362745475183
23,NCT03237221,46,418.1490881967983
23,NCT02031640,47,417.3213769459718
23,NCT01978145,48,416.66752263682525
23,NCT02233803,49,416.35097514111374
23,NCT00603746,50,416.3183621212263
23,NCT01270958,51,416.02605113205124
23,NCT02649478,52,415.3524038107886
23,NCT00448851,53,415.25105397668347
23,NCT00398645,54,415.20281849765183
23,NCT00555607,55,415.15321534559246
23,NCT00655616,56,414.72874088361283
23,NCT00839189,57,414.0338668341258
23,NCT01397162,58,413.8310704882789
23,NCT01961154,59,412.9718932590353
23,NCT00175565,60,412.5207237390288
23,NCT01224691,61,412.47717048633575
23,NCT00603278,62,412.47039576469643
23,NCT03207243,63,412.0803933933519
23,NCT01822899,64,411.9792532580133
23,NCT02236611,65,411.776732988952
23,NCT01817764,66,411.4764534803904
23,NCT00379288,67,411.18091091597915
23,NCT03363191,68,411.16750258466186
23,NCT03299322,69,410.99020087124825
23,NCT02767973,70,410.47898170874186
23,NCT01296087,71,410.1436661741813
23,NCT00634517,72,409.8083527902769
23,NCT00784758,73,409.51278842748286
23,NCT00473460,74,409.18088773703414
23,NCT02703467,75,409.17874449457736
23,NCT01396278,76,409.113930466972
23,NCT02833480,77,408.8898484788893
23,NCT00187499,78,408.87055006097864
23,NCT02924688,79,408.8704607200951
23,NCT00278083,80,408.33851761023726
23,NCT00318708,81,408.338503049575
23,NCT02135718,82,408.19720178602444
23,NCT01653483,83,407.94091209102316
23,NCT03705325,84,407.6819152164674
23,NCT02889809,85,407.6250995606833
23,NCT00801853,86,407.4426591974651
23,NCT01686633,87,407.04434893919426
23,NCT03835871,88,406.9220746921986
23,NCT02257385,89,406.8443774307895
23,NCT00519636,90,406.49789701542045
23,NCT00539006,91,406.4689610690624
23,NCT00442117,92,406.00856157250877
23,NCT01772368,93,405.96644960367064
23,NCT01687283,94,405.9499429500227
23,NCT00497237,95,405.8681706541236
23,NCT03387241,96,405.8660436074654
23,NCT03676413,97,405.72640113614295
23,NCT03834012,98,405.4748356991627
23,NCT00296491,99,405.28415075356094
23,NCT03299673,100,405.2840979517627
24,NCT03372096,1,255.07890143609487
24,NCT01896973,2,245.48069837948074
24,NCT00939120,3,244.33849754477933
24,NCT02786290,4,243.8842060112742
24,NCT03902080,5,243.52939903113878
24,NCT02855892,6,242.53474149966968
24,NCT04032067,7,241.98010967579924
24,NCT02524236,8,240.44522846785554
24,NCT01604811,9,238.6547610351718
24,NCT00889707,10,238.4146531936902
24,NCT02506465,11,237.27096459537427
24,NCT01457573,12,234.9676856859988
24,NCT02757768,13,234.6201107130159
24,NCT03577236,14,233.24446466809297
24,NCT03423979,15,232.4065362802798
24,NCT00743184,16,231.5229839825654
24,NCT01775488,17,230.22166482542931
24,NCT00918034,18,226.97932114294235
24,NCT03758222,19,224.88901314977383
24,NCT04131907,20,224.60168363053285
24,NCT00947882,21,224.49029115083016
24,NCT01912339,22,221.50608776195614
24,NCT03055624,23,219.1754614916234
24,NCT00709488,24,218.61180733876694
24,NCT02410135,25,218.10569616645026
24,NCT02326454,26,217.97537323814313
24,NCT00701779,27,217.95635067184386
24,NCT03605745,28,217.24566448261973
24,NCT01967251,29,216.62037072599296
24,NCT00237536,30,216.3408747519158
24,NCT02167009,31,216.11444273030364
24,NCT01673490,32,215.12782083314227
24,NCT02943070,33,215.10804832150617
24,NCT03595735,34,214.2371512846593
24,NCT02808013,35,214.02368889615295
24,NCT02283684,36,213.50674793202265
24,NCT02058368,37,211.81891172762514
24,NCT03179228,38,211.78679118514924
24,NCT00827814,39,210.87272787004525
24,NCT03788967,40,210.78666163681893
24,NCT04161183,41,210.67705080103968
24,NCT01789840,42,210.3216586304517
24,NCT03448510,43,210.2016678800888
24,NCT00481689,44,209.99804635078243
24,NCT00090103,45,209.72400379720162
24,NCT04309695,46,209.4593242926352
24,NCT03912558,47,209.4487875031458
24,NCT00540891,48,208.55545474293444
24,NCT02004964,49,208.543521288729
24,NCT03042312,50,207.81962193772154
24,NCT03246802,51,207.73055162755
24,NCT03305861,52,207.411161420555
24,NCT00002602,53,207.41062131412616
24,NCT03955484,54,207.065512757647
24,NCT01716104,55,206.7931032193603
24,NCT00962390,56,206.76826783747873
24,NCT02820155,57,206.61012386947058
24,NCT00972309,58,205.37662913589415
24,NCT02145208,59,204.85343825840943
24,NCT00603304,60,203.86556156588875
24,NCT01966614,61,203.53350073618168
24,NCT00918983,62,203.47834143451072
24,NCT03395522,63,203.43175766205644
24,NCT01534793,64,202.52626524597952
24,NCT01657409,65,202.43036528582286
24,NCT00005072,66,202.39304016101337
24,NCT01410565,67,202.29702312805958
24,NCT00431626,68,202.0513425984024
24,NCT02167919,69,201.90374212929157
24,NCT01469221,70,201.7334681151696
24,NCT00381108,71,201.40565981534414
24,NCT00435448,72,201.3481643139722
24,NCT02940392,73,201.11834559854987
24,NCT00687388,74,201.01458310190645
24,NCT04807569,75,200.8705923446983
24,NCT01294592,76,200.72958075992008
24,NCT03503721,77,200.68836545328173
24,NCT01661621,78,200.64715175504182
24,NCT01931046,79,200.48437629147622
24,NCT03270384,80,200.3453073298511
24,NCT00694551,81,200.2506730911037
24,NCT02006303,82,199.95581044582323
24,NCT03014726,83,199.75885282073503
24,NCT04758247,84,199.5335925465248
24,NCT01260129,85,199.5290029557306
24,NCT03994263,86,199.3897777456631
24,NCT03297398,87,199.19259319512014
24,NCT03373006,88,198.9345633589797
24,NCT01018511,89,198.84214897678825
24,NCT03784794,90,198.6723186920154
24,NCT02431754,91,198.55709446184952
24,NCT01411319,92,198.36935653935274
24,NCT00527488,93,198.2826925853345
24,NCT01249222,94,198.17616720752414
24,NCT00696761,95,198.167963518125
24,NCT03057314,96,198.15592305291295
24,NCT00004054,97,197.9691270750237
24,NCT03840811,98,197.94709564373358
24,NCT03264482,99,197.8773645502492
24,NCT02505919,100,197.7645236414115
25,NCT00882089,1,314.1328334462797
25,NCT03878342,2,310.35943159834727
25,NCT04084730,3,309.9317803317347
25,NCT03647631,4,308.7176231490944
25,NCT02954874,5,308.4303634239033
25,NCT00789581,6,306.8693038171167
25,NCT04569747,7,306.4162688999993
25,NCT00493870,8,306.27160953600225
25,NCT00103181,9,305.98608885313496
25,NCT02515110,10,304.59876605666824
25,NCT01853748,11,304.25500339871644
25,NCT00087178,12,304.0195870562663
25,NCT02453737,13,303.66110225018537
25,NCT01203839,14,301.70149348453674
25,NCT02926196,15,300.5034457004613
25,NCT01839838,16,299.6790009396086
25,NCT03587740,17,299.4219632637604
25,NCT00009945,18,299.41557363527863
25,NCT01674140,19,298.8621931538207
25,NCT01278212,20,298.759406207314
25,NCT03437837,21,297.65912137991603
25,NCT03581136,22,295.82288394552074
25,NCT01368263,23,295.7365601261935
25,NCT02564848,24,295.2150692758041
25,NCT02750826,25,294.278547386913
25,NCT02926911,26,293.9456887879967
25,NCT02685332,27,293.844142169378
25,NCT04578106,28,292.05382661690624
25,NCT01352091,29,291.68829875804914
25,NCT00004067,30,291.2533890498174
25,NCT00119262,31,290.76515914337523
25,NCT04852887,32,289.70235368327104
25,NCT01642771,33,288.9796665851322
25,NCT01009437,34,288.44448725288356
25,NCT03391388,35,288.2975831451643
25,NCT03437395,36,288.2751960006449
25,NCT01349322,37,288.108185587828
25,NCT00128362,38,288.00213395130623
25,NCT00016432,39,287.3684892336055
25,NCT01872975,40,287.32073703220686
25,NCT01272037,41,286.9810976421741
25,NCT04185311,42,286.94001311400996
25,NCT00050167,43,286.45832203658347
25,NCT00005970,44,286.4509523273522
25,NCT00925652,45,286.33055824334843
25,NCT02131064,46,286.2178597724423
25,NCT01082211,47,285.91664498088716
25,NCT03616626,48,285.8387439333874
25,NCT00581529,49,285.7439244732223
25,NCT00003830,50,285.6509061761672
25,NCT01818999,51,285.3380757902511
25,NCT00394251,52,285.25244242778774
25,NCT04443348,53,285.09072290519305
25,NCT00325598,54,285.03292517853424
25,NCT01757327,55,284.2920262962517
25,NCT00041119,56,284.1368447500277
25,NCT02141490,57,283.95095995966386
25,NCT04457596,58,283.93101650087266
25,NCT02701244,59,283.5391128338531
25,NCT04046159,60,283.52347706006213
25,NCT01901094,61,283.3463446146318
25,NCT03281954,62,282.83201013242046
25,NCT02957968,63,282.7169495933253
25,NCT01953588,64,282.36921861880666
25,NCT00265759,65,282.3124215387103
25,NCT01646346,66,281.7466387195636
25,NCT03285412,67,281.7219326299227
25,NCT00130533,68,281.57067702042986
25,NCT04313075,69,281.0569018598484
25,NCT01766297,70,280.7830749519623
25,NCT02876640,71,280.77136744782604
25,NCT00093795,72,280.59654411124643
25,NCT02489617,73,280.50318453549903
25,NCT02441933,74,280.48973573713164
25,NCT00374322,75,280.42153681372895
25,NCT01670877,76,279.91692037582203
25,NCT00902954,77,279.8907546765187
25,NCT04722718,78,279.7914702895922
25,NCT00952731,79,279.7580958443532
25,NCT02907918,80,279.7147745832116
25,NCT03940248,81,279.608691706166
25,NCT04040569,82,279.49924638511567
25,NCT04425018,83,279.4603083168991
25,NCT00433511,84,279.45144256767304
25,NCT03460067,85,279.3276456047671
25,NCT00324259,86,279.0475066851556
25,NCT03812393,87,278.9139068397287
25,NCT01509963,88,278.7726251661889
25,NCT04301375,89,278.4245239351907
25,NCT01008150,90,278.26796458161283
25,NCT00038402,91,278.1844144898306
25,NCT01245712,92,278.1492887508456
25,NCT00493649,93,278.1309373158826
25,NCT03505372,94,278.0310313518218
25,NCT02700386,95,277.94887795103455
25,NCT01697293,96,277.8932757738165
25,NCT04595565,97,277.8001629805846
25,NCT01982448,98,277.49078419570736
25,NCT04266249,99,277.35168430105847
25,NCT00382070,100,277.33502201579046
26,NCT00863642,1,407.82351739489144
26,NCT00161083,2,383.84826142146574
26,NCT01190280,3,382.7737561115671
26,NCT04688463,4,382.13930027597354
26,NCT03591419,5,375.68884561784853
26,NCT04030741,6,364.9895235087684
26,NCT02156947,7,362.9217118406638
26,NCT04033822,8,361.5603523642284
26,NCT02472509,9,361.2105810048524
26,NCT02682368,10,360.75044631464453
26,NCT02511522,11,359.94098926343713
26,NCT04350346,12,358.76546484121536
26,NCT00504010,13,357.8849355132733
26,NCT03380715,14,357.58228487289443
26,NCT01553318,15,354.0718350605832
26,NCT03999333,16,353.88190168012136
26,NCT03883464,17,352.91754784440354
26,NCT00326443,18,352.1899532308736
26,NCT02590978,19,351.9858329286266
26,NCT01492790,20,351.9509919005002
26,NCT04693156,21,350.9573666070095
26,NCT01311102,22,350.90812166185435
26,NCT03529955,23,350.8755025206733
26,NCT00682565,24,350.70418879667545
26,NCT01893047,25,349.614692634296
26,NCT02067520,26,348.99948849392104
26,NCT04555499,27,348.61914854759516
26,NCT04324515,28,348.4059216690632
26,NCT04437043,29,347.12591038514785
26,NCT00557453,30,347.0751125302676
26,NCT02806297,31,347.06157085607504
26,NCT03336203,32,346.84413518958286
26,NCT04308265,33,346.7373319633621
26,NCT03323489,34,346.3109885867592
26,NCT04329143,35,346.0306124749357
26,NCT00553059,36,345.38136847491967
26,NCT03665142,37,345.2334246750562
26,NCT00182078,38,345.1512541312394
26,NCT03877302,39,345.0149029808207
26,NCT03527186,40,344.9962750713918
26,NCT04609709,41,344.94543015480195
26,NCT01715220,42,344.48059789924935
26,NCT00443131,43,344.1703594183729
26,NCT03869788,44,344.1514970118114
26,NCT02069366,45,344.07241040521757
26,NCT00468858,46,343.89664145957676
26,NCT04368195,47,343.8196884594724
26,NCT02347280,48,343.69004001710186
26,NCT00738621,49,343.5926082723903
26,NCT03141359,50,343.3447863696461
26,NCT02836860,51,343.1410687551
26,NCT04134117,52,342.78157516300223
26,NCT01203566,53,342.7296153968863
26,NCT01602575,54,342.6982852944637
26,NCT02146521,55,342.6951999580483
26,NCT03176459,56,342.57054442098854
26,NCT01599975,57,342.4918109855423
26,NCT02897622,58,342.47748153981144
26,NCT01887184,59,342.35359812670276
26,NCT00586313,60,342.3200793838804
26,NCT01373372,61,342.062132545635
26,NCT02731924,62,341.13280551532233
26,NCT03948594,63,341.0418681425698
26,NCT02833103,64,340.8670109716559
26,NCT04461327,65,340.70015266086034
26,NCT04373447,66,340.6997895483389
26,NCT03404167,67,340.6130718693878
26,NCT00684242,68,340.5906875492074
26,NCT03922490,69,340.3534792606722
26,NCT00274170,70,340.321722729109
26,NCT02743364,71,340.31389106024096
26,NCT00666380,72,340.2325929727467
26,NCT02569437,73,340.08422631515515
26,NCT02099006,74,340.05339281211263
26,NCT03240081,75,339.8057780385508
26,NCT01719705,76,339.7624286272982
26,NCT03981315,77,339.74297009907644
26,NCT00733603,78,339.6074267530225
26,NCT02950480,79,339.5839308633821
26,NCT02498964,80,339.4069355491597
26,NCT00342706,81,339.36668538144255
26,NCT02769962,82,339.31461502555175
26,NCT04003701,83,339.24715939851785
26,NCT04592549,84,339.23870536856515
26,NCT03613649,85,339.1621610157828
26,NCT02838394,86,339.0150812557377
26,NCT00413855,87,338.45719889643175
26,NCT03533322,88,338.34287239070693
26,NCT04133480,89,338.28162062071425
26,NCT01119833,90,338.2747430083661
26,NCT04368611,91,338.2732789851242
26,NCT04731961,92,338.2684107470421
26,NCT01485926,93,338.10078678049473
26,NCT01472978,94,338.02923714375936
26,NCT04316793,95,337.99483223262115
26,NCT03473639,96,337.9762492126671
26,NCT02533999,97,337.91103673841207
26,NCT04530149,98,337.7812107224208
26,NCT02776202,99,337.7504501424069
26,NCT03751423,100,337.70056493609445
27,NCT01896609,1,361.0745124798741
27,NCT01455090,2,359.5958569962735
27,NCT01185028,3,358.7225854357221
27,NCT00489385,4,354.71645987174094
27,NCT01443923,5,348.66271138298384
27,NCT00179413,6,347.23477631196835
27,NCT00275938,7,346.0928193109954
27,NCT00502970,8,345.9772189019904
27,NCT02060058,9,345.9737210794575
27,NCT01441180,10,345.9383090069286
27,NCT01750515,11,344.18207378103676
27,NCT02340962,12,343.1232820647652
27,NCT01995266,13,342.7639277841268
27,NCT00117533,14,342.3985993275684
27,NCT03520660,15,341.78883655307675
27,NCT01949168,16,340.95034174748633
27,NCT02483156,17,340.7803450579286
27,NCT02634008,18,339.95138798139294
27,NCT01732796,19,339.5034106433758
27,NCT00001729,20,338.60075850162895
27,NCT01937728,21,338.5808918438942
27,NCT03458481,22,338.5075746992363
27,NCT01297270,23,338.18697471925026
27,NCT00540345,24,337.80726112058574
27,NCT00039962,25,337.7662159745415
27,NCT01336010,26,337.5993784874048
27,NCT01391117,27,336.4937162677761
27,NCT00154869,28,336.0356571537193
27,NCT00629967,29,335.9780984470209
27,NCT01805882,30,335.9713835739004
27,NCT01899092,31,335.92853305420846
27,NCT00882193,32,335.0340161267255
27,NCT02397395,33,335.0216390567523
27,NCT00188240,34,334.6577520481128
27,NCT02124044,35,334.0908804546341
27,NCT00085917,36,333.96341517468323
27,NCT01498068,37,333.6728562561184
27,NCT00686777,38,333.35040699909365
27,NCT00834860,39,333.2744900369119
27,NCT03593447,40,332.985183606917
27,NCT00980161,41,332.909657560378
27,NCT02641379,42,332.81209807852684
27,NCT01878799,43,332.7894592510175
27,NCT04365868,44,332.7302721317515
27,NCT00040027,45,332.72333858360935
27,NCT03496233,46,332.55511715632275
27,NCT01890200,47,332.37347108751095
27,NCT00310336,48,332.2118209998827
27,NCT01500616,49,332.0734023784836
27,NCT04155515,50,331.95387460239704
27,NCT02349048,51,331.655555592776
27,NCT00735969,52,331.59575311538157
27,NCT02888106,53,331.407458518343
27,NCT00300807,54,331.283299421957
27,NCT03420300,55,330.8716500364154
27,NCT00441584,56,330.6861576608916
27,NCT01608737,57,330.3592714576554
27,NCT02262728,58,329.4982320857212
27,NCT00221286,59,329.44151103920484
27,NCT01353911,60,329.4208765844666
27,NCT02874066,61,329.2006697740133
27,NCT01368497,62,328.9641248052109
27,NCT00382798,63,328.7364747377636
27,NCT02118012,64,328.5886014028389
27,NCT01605513,65,328.3796604527266
27,NCT03482102,66,328.2507612822874
27,NCT00629824,67,328.2326655998654
27,NCT02371408,68,328.0236930003005
27,NCT01858961,69,327.87944302984494
27,NCT02099604,70,327.8257722270181
27,NCT00973219,71,327.6624454925259
27,NCT00446134,72,327.51154489229555
27,NCT02973503,73,327.50273480826905
27,NCT00225537,74,327.2000995059015
27,NCT01579474,75,327.1312398129412
27,NCT01833845,76,327.0639667714335
27,NCT01343888,77,327.03585133662267
27,NCT00854802,78,327.02781704871563
27,NCT02646163,79,326.88464031137727
27,NCT00630084,80,326.87309358702703
27,NCT01648140,81,326.81436559382854
27,NCT00226382,82,326.69863807929096
27,NCT01273948,83,326.29304921057917
27,NCT01636778,84,326.27490859512136
27,NCT02734173,85,326.11720167485754
27,NCT01465516,86,325.97894579378755
27,NCT01195181,87,325.7369019294446
27,NCT00803309,88,325.6145265405593
27,NCT00028275,89,325.6070364030466
27,NCT00143000,90,325.4726260464193
27,NCT01197157,91,325.4041399978031
27,NCT02940496,92,325.15769345381256
27,NCT03341988,93,325.1294106173844
27,NCT00958724,94,324.9900426880241
27,NCT03296930,95,324.9177762870192
27,NCT03852433,96,324.8657207287788
27,NCT04070235,97,324.7262516057017
27,NCT01623336,98,324.57847969093586
27,NCT00207311,99,324.55468203830327
27,NCT02825212,100,324.38937940088323
28,NCT03781895,1,296.32238717617827
28,NCT04129931,2,286.0604527958419
28,NCT01160536,3,282.75839838905995
28,NCT01811069,4,281.5275577213267
28,NCT02340520,5,280.3419186589001
28,NCT00723567,6,279.1223895808956
28,NCT00865462,7,277.92353034735925
28,NCT01013948,8,277.71368080704434
28,NCT00865371,9,277.6681536413292
28,NCT00473460,10,277.60963740881306
28,NCT00865111,11,275.994245523312
28,NCT03643874,12,274.3940779875527
28,NCT01952834,13,274.2561289582396
28,NCT00674817,14,274.19950554692946
28,NCT00863941,15,273.76057664538536
28,NCT00367627,16,273.5733552552993
28,NCT00865410,17,273.5654712882919
28,NCT04236843,18,273.00609907793796
28,NCT04342520,19,272.94366585310195
28,NCT02203474,20,272.6536496012178
28,NCT00555607,21,271.96807762319565
28,NCT02414529,22,271.92752433873625
28,NCT01879410,23,270.77414309823956
28,NCT01817764,24,270.34375031104133
28,NCT00478738,25,270.1253508211754
28,NCT03149692,26,269.83901483581917
28,NCT00441701,27,269.46081874975096
28,NCT03024723,28,269.41655083425894
28,NCT00819676,29,269.2840509946225
28,NCT04264377,30,268.1187478351623
28,NCT02534064,31,267.90516685703403
28,NCT01500525,32,267.60127520180004
28,NCT02653664,33,267.5795702194732
28,NCT02897622,34,267.5509090654219
28,NCT01978145,35,267.5143177350744
28,NCT01822899,36,267.13722514224065
28,NCT01772147,37,267.07781856436753
28,NCT02573870,38,267.0727428563985
28,NCT00975546,39,267.05671565090574
28,NCT02207452,40,266.53979860899494
28,NCT02266199,41,266.3455786672868
28,NCT01772134,42,266.3298365205238
28,NCT01345643,43,266.2504859132584
28,NCT00883584,44,266.13486703547966
28,NCT03670719,45,266.1268557468044
28,NCT00653393,46,265.8064878982463
28,NCT03135860,47,265.6728538459967
28,NCT04786990,48,265.42193163635017
28,NCT02498964,49,265.37646746342466
28,NCT02975843,50,265.09929918703506
28,NCT02411734,51,264.99799521006776
28,NCT01419158,52,264.9490590053298
28,NCT03368365,53,264.781521146837
28,NCT03645434,54,264.75935413207486
28,NCT04142957,55,264.7422363252864
28,NCT02887911,56,264.7231178890684
28,NCT02275052,57,264.7020801533161
28,NCT02490358,58,264.6577492656058
28,NCT01599546,59,264.34777316303746
28,NCT00382447,60,264.2812555402669
28,NCT02786927,61,264.24113159208906
28,NCT00461162,62,263.8532880772028
28,NCT00117182,63,263.8415196954331
28,NCT01921894,64,263.7783934886999
28,NCT00092937,65,263.759669701906
28,NCT02299375,66,263.71406535399143
28,NCT03788057,67,263.4012060519817
28,NCT01314339,68,263.29719495289584
28,NCT01314352,69,263.2871915801481
28,NCT02543905,70,263.1801002560897
28,NCT02094937,71,263.15979256781003
28,NCT01627925,72,263.08108610845755
28,NCT00731822,73,263.0519302888396
28,NCT04056000,74,263.03535764269014
28,NCT01599975,75,262.6301582010577
28,NCT01521390,76,262.52363588063184
28,NCT00394329,77,262.4772803250881
28,NCT00682994,78,262.32511882853146
28,NCT01899742,79,262.3094336315209
28,NCT03336203,80,262.2547443227702
28,NCT00775151,81,262.1959781867375
28,NCT02730351,82,262.04800914077936
28,NCT02864342,83,261.8663003656134
28,NCT01110200,84,261.83150353715456
28,NCT01907334,85,261.70748309674684
28,NCT03012061,86,261.70660860357737
28,NCT00775905,87,261.69472425407133
28,NCT03243760,88,261.67865692614873
28,NCT01782326,89,261.6522574929382
28,NCT04529499,90,261.5177510016887
28,NCT01636713,91,261.5095824571976
28,NCT00848406,92,261.3749293186298
28,NCT02014480,93,261.23027952911065
28,NCT03498053,94,261.08617645402865
28,NCT03357042,95,261.02851818057184
28,NCT04186286,96,261.00787012579485
28,NCT01896609,97,260.9725146027656
28,NCT02814656,98,260.77932142451357
28,NCT03317262,99,260.75541546673236
28,NCT02257372,100,260.7240644489518
29,NCT03001323,1,508.40130573502984
29,NCT02856113,2,500.6685911490379
29,NCT00760344,3,499.84433648229526
29,NCT02520050,4,498.61951246492407
29,NCT01249677,5,498.35472582477934
29,NCT01535612,6,496.3275940301283
29,NCT01014832,7,493.81781795570987
29,NCT01578980,8,493.72371489510607
29,NCT02597309,9,491.23610400417425
29,NCT03526536,10,488.56079817178875
29,NCT01792830,11,487.6441251770006
29,NCT02714972,12,487.4764791353608
29,NCT00607087,13,485.7843706275716
29,NCT01591681,14,485.087161459924
29,NCT01335763,15,483.8595119851906
29,NCT02438189,16,483.5722215022894
29,NCT03798080,17,482.6494783164755
29,NCT00394407,18,482.2287734248081
29,NCT04834362,19,480.5029076177741
29,NCT02250794,20,479.61470939216036
29,NCT00596687,21,479.105694098954
29,NCT01845831,22,479.0349334784018
29,NCT00663624,23,478.3141689236849
29,NCT00789945,24,478.06469955755335
29,NCT02746432,25,478.057390865403
29,NCT02414529,26,477.82371147334266
29,NCT01705899,27,477.5580463109761
29,NCT01378117,28,477.13900868265625
29,NCT03336203,29,475.2232459523543
29,NCT00069784,30,472.34274473212696
29,NCT01890954,31,471.88238351003787
29,NCT03565666,32,471.6009937546304
29,NCT03107208,33,471.0890020797952
29,NCT00797069,34,470.4244716658473
29,NCT00979628,35,469.5183729968904
29,NCT00590226,36,469.33614200429963
29,NCT01270191,37,469.029238721827
29,NCT04315350,38,468.828500827247
29,NCT02500979,39,468.803063228081
29,NCT03881995,40,468.60529295348744
29,NCT00306072,41,467.7138030366342
29,NCT03349840,42,466.94918244548364
29,NCT01805830,43,466.8409409604628
29,NCT01645696,44,466.62848522210663
29,NCT04460326,45,466.5693027789531
29,NCT02987738,46,466.40900098770027
29,NCT01208649,47,466.398076767369
29,NCT04190277,48,466.2583764219603
29,NCT01939834,49,465.7559055784914
29,NCT02302963,50,465.52284703193317
29,NCT02004366,51,465.4993429962682
29,NCT01469715,52,465.3803940345217
29,NCT04112069,53,465.13769008285595
29,NCT00287456,54,465.05390480870744
29,NCT00590044,55,464.4962168729764
29,NCT01952834,56,464.0096900703117
29,NCT00976391,57,463.8376177009513
29,NCT01722578,58,463.26704357336996
29,NCT00975286,59,462.5957337393851
29,NCT03043131,60,461.9747847078736
29,NCT01839370,61,461.9713781120808
29,NCT00115570,62,461.8341411780371
29,NCT02222623,63,461.69281016052304
29,NCT02558491,64,461.2896968134545
29,NCT03686657,65,461.21350230330347
29,NCT02455076,66,460.6420794414728
29,NCT04061746,67,460.5622666318817
29,NCT00603447,68,460.55728803159525
29,NCT00287430,69,460.34736634104445
29,NCT01919489,70,460.3344203441053
29,NCT03336528,71,460.3275233382791
29,NCT01553318,72,459.9795752611125
29,NCT03279263,73,459.9549864280171
29,NCT01002547,74,459.5874916048351
29,NCT02836704,75,459.2333017496317
29,NCT01203111,76,458.8496940140925
29,NCT01468987,77,458.66283425462746
29,NCT02092051,78,458.59852519602134
29,NCT03700801,79,458.50921457839235
29,NCT00582309,80,458.27517751854896
29,NCT00667498,81,458.1335062382773
29,NCT01582139,82,458.0068940507865
29,NCT03899402,83,457.9131167693461
29,NCT01269008,84,457.86538327275343
29,NCT01371747,85,457.6246512538586
29,NCT03040414,86,457.3185277008921
29,NCT01353391,87,457.21702559470504
29,NCT01823341,88,457.028495497701
29,NCT01591902,89,456.9772013533759
29,NCT04604223,90,456.97508802765003
29,NCT01481779,91,456.6974880856318
29,NCT01714505,92,456.6011487219114
29,NCT01798238,93,456.52157891117025
29,NCT02752412,94,456.3963261031025
29,NCT01697150,95,456.0196807953088
29,NCT03798054,96,456.01372009413353
29,NCT01178476,97,455.95750097691337
29,NCT03344341,98,455.908756733778
29,NCT01727817,99,455.8950523831768
29,NCT01742741,100,455.8950523831768
30,NCT03106935,1,272.73762367705
30,NCT00498238,2,263.41043719041534
30,NCT02633475,3,261.884374607069
30,NCT04860622,4,258.97403232661077
30,NCT04249271,5,256.35428381584785
30,NCT04795947,6,252.14760790828447
30,NCT02393183,7,249.78248800657224
30,NCT02696889,8,247.5838652387081
30,NCT02399475,9,247.49251762585553
30,NCT01379170,10,246.0499230966193
30,NCT03754621,11,245.88504185621144
30,NCT00388297,12,244.67747506662096
30,NCT02013479,13,244.52147164393247
30,NCT00328926,14,242.71810509507313
30,NCT02126683,15,240.64892149293814
30,NCT02567877,16,240.612922791764
30,NCT01335802,17,240.34346886280548
30,NCT04364087,18,239.53569731746364
30,NCT04447872,19,238.83412896287933
30,NCT03377218,20,237.644829946505
30,NCT00106119,21,237.62236746349035
30,NCT00150111,22,237.43329600244988
30,NCT00172107,23,237.26460464469798
30,NCT02645786,24,236.17129713216445
30,NCT02644707,25,236.1625993734005
30,NCT00111735,26,236.07283632754752
30,NCT00439127,27,235.67959914684707
30,NCT03038113,28,234.0433707700998
30,NCT01916018,29,233.6916244507244
30,NCT01276782,30,233.62736140533727
30,NCT00497575,31,233.4538629048347
30,NCT04633252,32,232.86695908934342
30,NCT04470440,33,232.56848506043565
30,NCT03641638,34,232.5146988297437
30,NCT00630760,35,232.3631370948433
30,NCT03336203,36,231.79269855216066
30,NCT01832753,37,231.39796080047245
30,NCT02769962,38,231.28938011260678
30,NCT02168660,39,231.2452323746107
30,NCT00604825,40,231.2360202189035
30,NCT01465867,41,230.39587007153008
30,NCT01760421,42,230.28351513157224
30,NCT03905941,43,230.27938020507486
30,NCT00606957,44,230.1000480288295
30,NCT02467244,45,230.08784845507344
30,NCT01562678,46,230.05183833076052
30,NCT03548103,47,229.54845315079396
30,NCT00818896,48,229.51007077236358
30,NCT02301520,49,229.30143651804292
30,NCT03699098,50,228.95665594128138
30,NCT00903461,51,228.723088996792
30,NCT04841213,52,228.05534252826072
30,NCT03281083,53,227.86795553247111
30,NCT01354262,54,227.68674927754296
30,NCT04613323,55,227.43006955880733
30,NCT04428671,56,227.16245079563038
30,NCT04573907,57,226.05809371243012
30,NCT02725879,58,225.93915196721525
30,NCT00565864,59,225.57223996408135
30,NCT04178928,60,225.5117840814547
30,NCT01084265,61,225.4855392415183
30,NCT00924287,62,225.41908966586954
30,NCT00719186,63,225.21335695958493
30,NCT04723862,64,224.91307303526074
30,NCT02014467,65,224.89484868448113
30,NCT04541251,66,224.8935754373244
30,NCT02411253,67,224.86289665580384
30,NCT01428089,68,224.392892554193
30,NCT01592721,69,223.85802916744794
30,NCT02750826,70,223.6094900780362
30,NCT02548715,71,223.20347018883828
30,NCT00567554,72,223.11335692655823
30,NCT03365882,73,222.84217645509423
30,NCT04803474,74,222.81642129922665
30,NCT03987854,75,222.3871198530279
30,NCT03158805,76,222.07039760281765
30,NCT00878826,77,221.84040947965426
30,NCT01097083,78,221.79675705223966
30,NCT03130790,79,221.77916997561175
30,NCT04646759,80,221.7368710401329
30,NCT04236232,81,221.66582156109817
30,NCT01925820,82,221.45759112421646
30,NCT02491320,83,221.35469056115716
30,NCT04565873,84,221.25172482451387
30,NCT01773772,85,220.68130872439016
30,NCT03986021,86,220.67860926083918
30,NCT01485926,87,220.64140740336617
30,NCT00497458,88,220.58255755691795
30,NCT01486667,89,220.52196516434117
30,NCT04119206,90,220.437718117094
30,NCT03860987,91,220.3676483798146
30,NCT04701034,92,220.17943315415224
30,NCT03283813,93,220.17473267793721
30,NCT03463408,94,220.04963793863175
30,NCT03418961,95,219.70828911917073
30,NCT03905603,96,219.53897477674005
30,NCT01553071,97,219.48788818586024
30,NCT02977780,98,219.32514113611774
30,NCT03473639,99,219.09166487226202
30,NCT01998763,100,219.00578817600544
31,NCT02714439,1,177.1892641046226
31,NCT03118258,2,172.14686408177838
31,NCT00443313,3,169.56613078480834
31,NCT00799214,4,167.83617514470058
31,NCT00689741,5,167.7291856562218
31,NCT01645384,6,166.96329757075685
31,NCT03493542,7,166.10790160626527
31,NCT00122681,8,165.4163876752597
31,NCT00534638,9,164.45052517758737
31,NCT03903562,10,163.54075346084392
31,NCT03477240,11,163.27680581215955
31,NCT03675256,12,163.10906573345852
31,NCT01599975,13,162.86742007369122
31,NCT01029990,14,160.42874824861195
31,NCT04746872,15,159.50367449011048
31,NCT04015336,16,158.33734662614754
31,NCT01624155,17,158.1475102181441
31,NCT02546193,18,158.00371312564602
31,NCT03243305,19,157.90501400315583
31,NCT02173808,20,157.7756979429374
31,NCT04044950,21,157.5541379920167
31,NCT03856684,22,157.524111966543
31,NCT01299714,23,157.48315259572365
31,NCT04411134,24,157.24790379102583
31,NCT00933140,25,157.18408566367788
31,NCT03345875,26,157.11884282090082
31,NCT03525210,27,156.9033117179157
31,NCT02328872,28,156.80445424141334
31,NCT00342511,29,156.21660141135968
31,NCT02185456,30,155.8438554360606
31,NCT04476251,31,155.80727431395223
31,NCT03837028,32,155.80279427869684
31,NCT04312178,33,155.47822438189246
31,NCT04805112,34,154.88860542106048
31,NCT04679623,35,154.73665527710438
31,NCT01166412,36,154.57360673529203
31,NCT01205178,37,154.48672318882228
31,NCT03546842,38,154.31052112322482
31,NCT02363244,39,153.917708337228
31,NCT00539994,40,153.90947766597486
31,NCT00001560,41,153.90206712702062
31,NCT02520050,42,153.43666486484886
31,NCT03998254,43,153.18667407690188
31,NCT03324009,44,153.05115700167374
31,NCT02957747,45,152.63808494904328
31,NCT04798248,46,152.62065701943558
31,NCT04363957,47,152.60920075068364
31,NCT02481414,48,152.52423743837053
31,NCT00652938,49,152.51446656010623
31,NCT03196180,50,152.31755951062485
31,NCT00439179,51,152.23665323282938
31,NCT03036930,52,151.8050865002891
31,NCT00423046,53,151.74547701867357
31,NCT00478621,54,151.7369834555683
31,NCT02749110,55,151.73003742229858
31,NCT00715910,56,151.6901751246934
31,NCT04591977,57,151.6643921645645
31,NCT03560882,58,151.61911743763795
31,NCT03553654,59,151.55317815648996
31,NCT01984502,60,151.540488929115
31,NCT02884960,61,151.42732446556076
31,NCT01853748,62,151.36804140078638
31,NCT03663959,63,151.34784418586713
31,NCT00006444,64,151.3382415460952
31,NCT00294047,65,151.2798412942117
31,NCT01245764,66,151.05722642754034
31,NCT04258449,67,151.02805923917265
31,NCT02293213,68,151.0053577673403
31,NCT03937791,69,150.97849638538727
31,NCT00263744,70,150.9512961012007
31,NCT00148200,71,150.85216555187085
31,NCT02025179,72,150.52482859501967
31,NCT02629133,73,150.16026561768905
31,NCT01347632,74,150.15590814549068
31,NCT02625636,75,150.00619989884478
31,NCT02569437,76,149.94338704232163
31,NCT01194791,77,149.8641053542832
31,NCT01852565,78,149.83684054118413
31,NCT00441701,79,149.73600636949294
31,NCT03398200,80,149.73447077560027
31,NCT02477254,81,149.67293269881296
31,NCT03022916,82,149.63523184145095
31,NCT01588301,83,149.6307721483806
31,NCT01309919,84,149.62453407344913
31,NCT01014026,85,149.6182167876864
31,NCT00693966,86,149.48252404398698
31,NCT01728753,87,149.3938403374441
31,NCT03197025,88,149.38280674133998
31,NCT02543398,89,149.31494721739136
31,NCT01088373,90,149.2838712786927
31,NCT03763565,91,148.9700063848523
31,NCT03252769,92,148.946464836301
31,NCT02594098,93,148.9381776729799
31,NCT03813576,94,148.88909719630215
31,NCT01311102,95,148.87632791472103
31,NCT01843478,96,148.8703052501919
31,NCT04155294,97,148.86821394973032
31,NCT03548285,98,148.8427771159251
31,NCT00793611,99,148.8389019984392
31,NCT02569697,100,148.7898470062328
32,NCT04132375,1,305.71764869590845
32,NCT01252199,2,284.5928234393179
32,NCT02336516,3,260.86761844882614
32,NCT03902262,4,254.5611191131555
32,NCT03111446,5,236.9816052285823
32,NCT00784394,6,234.21512395684988
32,NCT03275792,7,232.7293204693192
32,NCT01434693,8,231.61549613827842
32,NCT00362869,9,231.27055229205632
32,NCT01085591,10,229.38901140373113
32,NCT00863642,11,229.04054746963985
32,NCT02736968,12,226.92120671907117
32,NCT02059135,13,225.1543113227754
32,NCT04072822,14,224.50480982449074
32,NCT04182490,15,224.41186444539093
32,NCT03821792,16,224.24277789675824
32,NCT01561248,17,223.87063393398498
32,NCT01616953,18,223.5326419242206
32,NCT04519476,19,223.16677980344528
32,NCT02685826,20,222.93032195629658
32,NCT01896609,21,222.71058805401975
32,NCT03246542,22,222.672170910183
32,NCT02771730,23,222.62821684992997
32,NCT01048892,24,221.74078177423493
32,NCT01868373,25,221.55875559036437
32,NCT00138476,26,221.40250814986823
32,NCT02746432,27,221.3795466711996
32,NCT02473341,28,221.07081304912674
32,NCT03788967,29,221.05763575951403
32,NCT00362414,30,220.9996207967221
32,NCT02870751,31,220.70360393834198
32,NCT00698828,32,220.4028617742943
32,NCT02780583,33,220.3821017753113
32,NCT03342417,34,220.29590976666674
32,NCT00606008,35,220.03716615545744
32,NCT01858532,36,219.9594553979957
32,NCT01062230,37,219.62031918724776
32,NCT04116775,38,219.59529166718775
32,NCT01529502,39,219.060437002035
32,NCT01189266,40,218.8215879631551
32,NCT02205541,41,218.67032657270676
32,NCT01226498,42,218.6072011604611
32,NCT01324947,43,218.50548861553895
32,NCT01368029,44,218.50480853967488
32,NCT03329742,45,218.4769088232004
32,NCT00455325,46,218.42418051951523
32,NCT00755911,47,218.22211606278316
32,NCT00906334,48,217.9751664501804
32,NCT00936585,49,217.9582650312659
32,NCT02505893,50,217.6073164870922
32,NCT00866476,51,217.58543057201763
32,NCT01056198,52,217.46318425521514
32,NCT00262210,53,217.4131093124406
32,NCT01822275,54,217.39482473215563
32,NCT01129453,55,217.33869612775482
32,NCT02581488,56,217.29332194661438
32,NCT04782687,57,217.11770695887898
32,NCT00085098,58,217.0513174491571
32,NCT00866242,59,217.0034302574866
32,NCT01881971,60,216.92927990094472
32,NCT03737448,61,216.86117902338015
32,NCT00739986,62,216.78845018511626
32,NCT03850899,63,216.76538580155574
32,NCT00953667,64,216.71761653410684
32,NCT04689594,65,216.61465526334305
32,NCT00025805,66,216.51041071577157
32,NCT00439660,67,216.31979957821218
32,NCT00474929,68,216.2759609029407
32,NCT00933985,69,216.12835024683466
32,NCT00392834,70,216.1236504395114
32,NCT01937806,71,216.02901040214428
32,NCT03922308,72,215.9653248939524
32,NCT03939364,73,215.8704426016034
32,NCT01956669,74,215.8285312652791
32,NCT00003138,75,215.6718879513344
32,NCT02026232,76,215.63326463449005
32,NCT03627091,77,215.60795952653208
32,NCT03883607,78,215.463453799824
32,NCT00603447,79,215.31631852339237
32,NCT00117936,80,215.2625851335723
32,NCT00332085,81,215.16159451795588
32,NCT02364336,82,215.0955787301108
32,NCT00489528,83,215.07905550023185
32,NCT02988999,84,215.06373609244756
32,NCT03900377,85,215.00681377322204
32,NCT03420482,86,214.88560311697776
32,NCT01627067,87,214.85945132170332
32,NCT00527761,88,214.85113744621947
32,NCT02394665,89,214.8405629989053
32,NCT02601976,90,214.60218091437142
32,NCT02856113,91,214.5885806653437
32,NCT00720083,92,214.55606894111756
32,NCT01227967,93,214.50101531795954
32,NCT01757431,94,214.45007176646692
32,NCT00666965,95,214.44527108546777
32,NCT02601937,96,214.44259024343484
32,NCT03110822,97,214.4376815267612
32,NCT02111291,98,214.38963713950102
32,NCT01088763,99,214.38052913957958
32,NCT00924326,100,214.25797080289334
33,NCT03422809,1,292.20080137320355
33,NCT03986021,2,286.7223592967617
33,NCT02546193,3,280.9050192232829
33,NCT00922233,4,279.46651466608887
33,NCT01775501,5,279.39645548956054
33,NCT01599975,6,279.31560309421917
33,NCT01553318,7,279.13748558668533
33,NCT03661047,8,278.5344225157116
33,NCT00342706,9,277.9631032813282
33,NCT03286335,10,277.09981098826836
33,NCT04134117,11,276.8436528727604
33,NCT00000862,12,276.23518065231525
33,NCT01813825,13,275.52911752060373
33,NCT01893047,14,274.87873987929026
33,NCT02088866,15,274.7051797074821
33,NCT04290897,16,274.43662650611816
33,NCT02775851,17,274.2926223663619
33,NCT01160536,18,274.0988537389211
33,NCT01624155,19,273.436967160846
33,NCT04233632,20,273.32089746856764
33,NCT03018288,21,273.3199180662733
33,NCT04701034,22,272.58199439700786
33,NCT04216251,23,272.45413542016377
33,NCT02190695,24,271.9467134075162
33,NCT03582969,25,271.8766567717924
33,NCT02769962,26,270.60727659050514
33,NCT02999477,27,270.44519012316886
33,NCT01853748,28,270.26108644061236
33,NCT00682994,29,270.2019406657789
33,NCT02693990,30,270.08317551359795
33,NCT00182078,31,269.74742492409246
33,NCT03405155,32,269.5537900117543
33,NCT01223313,33,269.38538212780287
33,NCT01436370,34,269.07766688629744
33,NCT00793611,35,268.78290379385896
33,NCT03273465,36,268.7415897309458
33,NCT02569697,37,268.6126786332915
33,NCT04548752,38,268.4130922252714
33,NCT04172714,39,268.3968376364412
33,NCT00878826,40,268.21566591421663
33,NCT04071756,41,268.175161276215
33,NCT02201095,42,267.9449933367606
33,NCT00799214,43,267.88145470107924
33,NCT01645384,44,267.6156974035761
33,NCT02569320,45,267.57479754600644
33,NCT04139577,46,267.4202682233727
33,NCT03728426,47,267.0076062488512
33,NCT04318717,48,266.9376889972459
33,NCT00983424,49,266.9097795480543
33,NCT02700776,50,266.82882943942457
33,NCT02569437,51,266.78984680798345
33,NCT04298606,52,266.7669517131843
33,NCT04329715,53,266.68916990122557
33,NCT02185456,54,266.6717134332161
33,NCT04703426,55,266.60928978942934
33,NCT00498719,56,266.37181906238436
33,NCT03698019,57,266.3466741764698
33,NCT03034330,58,266.30304819104816
33,NCT00330993,59,266.187076174112
33,NCT02123966,60,266.15350809982516
33,NCT03057002,61,266.14747309786173
33,NCT03139916,62,265.7145479795477
33,NCT02844816,63,265.70654033049
33,NCT02919670,64,265.53297041230115
33,NCT04428671,65,265.4896003735437
33,NCT03974217,66,265.3190764153378
33,NCT00903461,67,265.2386841710392
33,NCT04135807,68,265.1863527852406
33,NCT04339140,69,265.1060039924022
33,NCT04717050,70,264.8088405179088
33,NCT02414529,71,264.78896946048405
33,NCT03316573,72,264.6785083016116
33,NCT04497142,73,264.67104855020125
33,NCT02069366,74,264.5031047888543
33,NCT04691960,75,264.255163232593
33,NCT00957307,76,264.2501413239088
33,NCT03594045,77,264.20327872170543
33,NCT00093860,78,264.1399699653552
33,NCT00653393,79,264.0233232297882
33,NCT01941264,80,263.8242352659602
33,NCT04474626,81,263.7992034212611
33,NCT02142530,82,263.79875908692424
33,NCT00941681,83,263.76630715670626
33,NCT03057509,84,263.75005352816953
33,NCT01088373,85,263.7213829895719
33,NCT02099006,86,263.69962108997015
33,NCT04386057,87,263.6651359035169
33,NCT02867384,88,263.51647591843266
33,NCT03469583,89,263.3477301387005
33,NCT04430699,90,263.19101071941975
33,NCT03720392,91,263.0230082169123
33,NCT04221893,92,262.97550994496845
33,NCT04278118,93,262.83987798493007
33,NCT01688466,94,262.81402169518947
33,NCT03144804,95,262.78878529840716
33,NCT04081259,96,262.7385474175646
33,NCT03223662,97,262.6381352944421
33,NCT01109849,98,262.6166680235371
33,NCT04676360,99,262.6099827172471
33,NCT04043845,100,262.5912915880804
34,NCT03034330,1,431.1323157613746
34,NCT01599975,2,428.2490548151926
34,NCT01553318,3,425.35095920122103
34,NCT02069366,4,422.94511692994007
34,NCT00000862,5,419.2835923782586
34,NCT01160536,6,418.7668654242578
34,NCT01775501,7,418.72133405990496
34,NCT03008005,8,417.781013263563
34,NCT00342706,9,417.4973060369374
34,NCT02414529,10,416.6332405637366
34,NCT00799214,11,415.84587123778135
34,NCT01853748,12,415.0851817660053
34,NCT01624155,13,413.9386096338377
34,NCT02190695,14,413.0258027332888
34,NCT03529955,15,412.175741006354
34,NCT00682994,16,412.10548977463753
34,NCT02546193,17,411.8484486264468
34,NCT03212079,18,410.14035001893745
34,NCT00367627,19,409.6738982726281
34,NCT00498719,20,409.55202934474954
34,NCT01893047,21,408.98298654487184
34,NCT01314339,22,406.9700331388761
34,NCT01314352,23,406.9458322545546
34,NCT00182078,24,406.76262111208126
34,NCT00653393,25,406.67907716148676
34,NCT04329715,26,406.6455295833029
34,NCT03336203,27,406.0732603963935
34,NCT01109849,28,406.05519957467476
34,NCT02411734,29,405.40384801037214
34,NCT00922233,30,404.14944858602456
34,NCT00571051,31,403.75954424291405
34,NCT03422809,32,402.06449292934957
34,NCT04559620,33,401.2311089467833
34,NCT00467818,34,400.7944592131128
34,NCT02047136,35,400.7435774194826
34,NCT02088866,36,400.45560847600865
34,NCT00879190,37,400.1612691409775
34,NCT00857051,38,400.0099330433082
34,NCT01506050,39,400.00445894255586
34,NCT01506037,40,399.56307189807353
34,NCT01907334,41,398.57161215748533
34,NCT04134117,42,398.3940900267915
34,NCT00495170,43,397.8188309334228
34,NCT04614142,44,397.6801408302949
34,NCT00878826,45,397.035069999603
34,NCT02099006,46,396.6967641861675
34,NCT02769962,47,396.3028276891133
34,NCT04701034,48,394.76817765377774
34,NCT04246398,49,394.6833061279842
34,NCT00682565,50,394.4276048651999
34,NCT00433680,51,394.0017125064622
34,NCT03389568,52,393.96890029472115
34,NCT00775905,53,393.71946826945276
34,NCT01311102,54,393.0122147482214
34,NCT04216251,55,392.9034570798554
34,NCT02520050,56,392.86537164194795
34,NCT01688466,57,391.96442724627707
34,NCT00775151,58,391.6900778829508
34,NCT00463450,59,391.22463912494067
34,NCT02109952,60,390.9076469935557
34,NCT01569061,61,390.61315626202116
34,NCT01728753,62,389.4724812421286
34,NCT02526459,63,388.69561479716157
34,NCT02700776,64,388.6582932709847
34,NCT00093860,65,388.62613179881333
34,NCT02185456,66,388.43800644182363
34,NCT03018288,67,388.18064492571915
34,NCT02400359,68,388.1156950667086
34,NCT00044174,69,388.10002978695604
34,NCT02982213,70,388.0808326231472
34,NCT00330993,71,388.0551423422532
34,NCT02691845,72,387.97951251632475
34,NCT01218217,73,387.90795496475744
34,NCT03945266,74,387.88785971539477
34,NCT02492347,75,387.8441946160019
34,NCT01506791,76,387.6438708865672
34,NCT00351208,77,387.5712738494954
34,NCT00706238,78,387.5208128948633
34,NCT01509950,79,387.3500747954455
34,NCT03008824,80,387.17794663881904
34,NCT01645384,81,386.86826259427636
34,NCT04278118,82,386.857484044938
34,NCT01813825,83,386.60683099188526
34,NCT00793611,84,386.5849416585403
34,NCT03286335,85,386.0687810907907
34,NCT00530907,86,385.87707878781663
34,NCT03663933,87,385.8273437583274
34,NCT03357042,88,385.7089555371379
34,NCT04463524,89,385.66448134693854
34,NCT02379728,90,385.4426598331581
34,NCT00966498,91,385.44262985644775
34,NCT00160849,92,385.1211785284098
34,NCT03661047,93,385.0709188559728
34,NCT02693990,94,385.0672133219728
34,NCT00951379,95,384.7461594873978
34,NCT04230577,96,384.20861476251986
34,NCT00953420,97,384.08478493071283
34,NCT00555477,98,384.0767102588683
34,NCT03717051,99,383.86811915952916
34,NCT03379961,100,383.7821874198159
35,NCT04698525,1,422.69451885950247
35,NCT03704649,2,421.66646318308955
35,NCT00182078,3,420.2752122900616
35,NCT02514148,4,417.37467066954594
35,NCT01893047,5,416.68993628603965
35,NCT00498719,6,415.8334328868237
35,NCT00488514,7,413.7926669872588
35,NCT04701034,8,412.27113826776673
35,NCT02546193,9,412.1450416989349
35,NCT02379728,10,411.1480605529015
35,NCT00210535,11,410.96822094224524
35,NCT03336203,12,410.50242963209917
35,NCT03212079,13,410.2675178799157
35,NCT00483704,14,410.1341486481924
35,NCT04341298,15,410.0719056243642
35,NCT00093860,16,409.5088586670651
35,NCT01775501,17,407.9160580986112
35,NCT01553318,18,407.4983743006616
35,NCT00433732,19,407.36601426996504
35,NCT03361423,20,407.3139386381242
35,NCT00342706,21,407.2307010701855
35,NCT04559620,22,406.6470709580792
35,NCT00293657,23,406.5122185565684
35,NCT03015753,24,406.475856068867
35,NCT04329715,25,406.14835927501906
35,NCT04287140,26,405.27231816971096
35,NCT01151631,27,405.19335922028966
35,NCT03008824,28,405.02862532321586
35,NCT01599975,29,404.89561819694256
35,NCT00857051,30,404.58325426521867
35,NCT02310828,31,404.0927456360554
35,NCT00274170,32,403.99132743106225
35,NCT00837044,33,403.91076958983615
35,NCT01907334,34,403.1802750171437
35,NCT01624155,35,402.01741721210783
35,NCT02021474,36,400.9798486566515
35,NCT00367627,37,400.9482888526744
35,NCT03902496,38,400.84336025705994
35,NCT03323489,39,400.68761667553326
35,NCT02582996,40,400.60407327247697
35,NCT01122381,41,400.50529932129666
35,NCT01596166,42,400.43949480789615
35,NCT02447991,43,400.3613443000048
35,NCT03529955,44,400.0496108778626
35,NCT02315833,45,399.87285476891753
35,NCT00878826,46,399.62698424086295
35,NCT03034330,47,399.49822749455245
35,NCT01051726,48,399.137240031325
35,NCT03076515,49,399.0682658153816
35,NCT02411734,50,398.81684250643195
35,NCT02047136,51,398.809523853126
35,NCT00203190,52,398.5789793473521
35,NCT03986021,53,398.4772374016591
35,NCT03410628,54,398.34785644852565
35,NCT02897622,55,397.8956109722639
35,NCT02099006,56,397.7737901488326
35,NCT02686034,57,397.54794719485574
35,NCT04537390,58,397.4690761774418
35,NCT03357042,59,397.4535931410788
35,NCT01766856,60,397.2555043268712
35,NCT01160536,61,397.189242193519
35,NCT01152853,62,397.10414177540684
35,NCT01109849,63,396.85359735256424
35,NCT03762902,64,396.5862703286461
35,NCT04059185,65,396.56655007429396
35,NCT03422809,66,396.5065887999675
35,NCT02588885,67,396.059401404819
35,NCT00799214,68,395.9648825273842
35,NCT04586283,69,395.8120095613772
35,NCT00793611,70,395.78205230213666
35,NCT03851042,71,395.43986889306393
35,NCT00126035,72,395.34252092365017
35,NCT02653664,73,395.0499566214093
35,NCT02706015,74,395.04865580703057
35,NCT03066544,75,394.7420897348133
35,NCT04284501,76,394.6083830305347
35,NCT01653340,77,394.42180122689206
35,NCT04578782,78,394.41566927184715
35,NCT04114630,79,394.3858377479688
35,NCT03974217,80,394.22944211104755
35,NCT00433680,81,394.1065099837445
35,NCT00463450,82,394.07046047094974
35,NCT02411916,83,394.0394453460972
35,NCT00682994,84,393.8769477628561
35,NCT01804517,85,393.85869727205784
35,NCT04724499,86,393.57467641631234
35,NCT04660864,87,393.35647013313206
35,NCT00953420,88,393.08336526604586
35,NCT02693990,89,392.9862938108
35,NCT01770080,90,392.82108691810305
35,NCT03217968,91,392.71415232813786
35,NCT03572998,92,392.57211223895735
35,NCT00494260,93,392.4302351224505
35,NCT00957307,94,392.3951045673862
35,NCT00502177,95,392.2216110534939
35,NCT00571051,96,392.2202893724026
35,NCT02069366,97,392.1432755924117
35,NCT00203268,98,391.9162335579233
35,NCT00879190,99,391.91038093667936
35,NCT04442724,100,391.8935851467489
36,NCT03336203,1,325.27508660032964
36,NCT03422809,2,324.2937216635018
36,NCT02400359,3,316.48253602266936
36,NCT00682565,4,315.8225867049205
36,NCT01624155,5,311.9979746464473
36,NCT03986021,6,311.6509354564148
36,NCT00748579,7,311.51576002846855
36,NCT00922233,8,311.3354932834357
36,NCT03158805,9,310.1213709175242
36,NCT02658396,10,309.861097769234
36,NCT01553318,11,309.10989105581524
36,NCT01562678,12,308.4050574494431
36,NCT01893047,13,308.33319015836025
36,NCT01109849,14,307.8110273784388
36,NCT01854684,15,307.39551362458656
36,NCT03529955,16,307.05710141934605
36,NCT04691960,17,306.9293090246329
36,NCT00667498,18,306.55117872360177
36,NCT04767984,19,306.39691342958474
36,NCT02193191,20,306.36267480306884
36,NCT00680979,21,305.2037750872595
36,NCT02546193,22,304.51294416779933
36,NCT04134117,23,303.7858395886025
36,NCT03732664,24,302.9715722953888
36,NCT04701034,25,302.8373166617707
36,NCT03405155,26,302.6784703653603
36,NCT00433680,27,302.6699737108815
36,NCT01506050,28,301.9042118629792
36,NCT00342706,29,301.6192439791088
36,NCT02379728,30,301.47148911058605
36,NCT03918252,31,301.4517472727754
36,NCT02149459,32,301.02710049071743
36,NCT01599975,33,300.78233169167527
36,NCT00367627,34,300.5170892950555
36,NCT02620670,35,300.0950624054613
36,NCT00463450,36,299.7386766222027
36,NCT01684397,37,299.531667858537
36,NCT01506037,38,299.0323593412954
36,NCT01314339,39,298.90915511103395
36,NCT00653393,40,298.88051603556573
36,NCT01828554,41,298.86576399059277
36,NCT01314352,42,298.83355660541713
36,NCT01311102,43,298.7689913729346
36,NCT04822363,44,298.70486128640977
36,NCT04172714,45,298.674657229309
36,NCT04442724,46,298.652303869498
36,NCT03678350,47,298.50100132817147
36,NCT00941681,48,298.4300415737121
36,NCT02769962,49,297.7409601630733
36,NCT00878826,50,297.7005211845349
36,NCT02733744,51,297.6180964150635
36,NCT03034330,52,297.4992530743421
36,NCT01566929,53,297.3934863886688
36,NCT03532139,54,296.64365689022276
36,NCT00799214,55,296.2503772809207
36,NCT02047136,56,295.84702486901625
36,NCT03015324,57,295.8184794774477
36,NCT01791088,58,295.4947505047161
36,NCT02068157,59,295.4176280677064
36,NCT01715168,60,295.1771570899504
36,NCT03945266,61,294.9824933283612
36,NCT02259621,62,294.8442797782546
36,NCT02256982,63,294.6424854278313
36,NCT03365882,64,294.5347944377331
36,NCT02119728,65,294.3179305637083
36,NCT03672851,66,294.2823774418471
36,NCT03704649,67,294.2237571046936
36,NCT03092518,68,294.08313832370607
36,NCT02978625,69,294.0206527393583
36,NCT03720392,70,293.978244912382
36,NCT02109627,71,293.7629498393974
36,NCT01861106,72,293.7065868762743
36,NCT04575844,73,293.66522807308854
36,NCT03537768,74,293.1146481113956
36,NCT01218217,75,293.07756893109075
36,NCT01688466,76,292.975353419577
36,NCT03571321,77,292.96300531020637
36,NCT02223819,78,292.9461191152559
36,NCT03268993,79,292.8372971883121
36,NCT04836429,80,292.8070488703728
36,NCT01687673,81,292.66347839621665
36,NCT02159495,82,292.6629595925599
36,NCT01768546,83,292.4939307379943
36,NCT01553071,84,292.2682929923549
36,NCT00000862,85,292.2470811866519
36,NCT00957307,86,292.24516483096363
36,NCT02274987,87,292.215515548909
36,NCT03929029,88,292.0587185227621
36,NCT00775151,89,292.0092218200617
36,NCT04116905,90,291.93618556302613
36,NCT00182078,91,291.87252031023615
36,NCT01645384,92,291.7838668945195
36,NCT01054196,93,291.7814249225465
36,NCT04034251,94,291.76484853002796
36,NCT01728753,95,291.6125824968033
36,NCT02786238,96,291.60625969813344
36,NCT02417701,97,291.59139164314803
36,NCT02999477,98,291.5612545496408
36,NCT00319176,99,291.4956726363656
36,NCT03805932,100,291.38537047297353
37,NCT01457924,1,403.74887866452343
37,NCT02546193,2,399.4962049200761
37,NCT02069366,3,398.70359250013246
37,NCT01599975,4,398.2580253205515
37,NCT00182078,5,397.1952109354243
37,NCT01112657,6,396.95898527326204
37,NCT01645384,7,395.2690479867259
37,NCT03529955,8,395.11761087994904
37,NCT04178980,9,394.7457041852436
37,NCT00367627,10,394.252634252693
37,NCT02649985,11,394.13229036571636
37,NCT02884960,12,393.71942247929076
37,NCT03018288,13,393.12173048946175
37,NCT04024046,14,393.0686503807771
37,NCT04230577,15,392.9434990917911
37,NCT00360906,16,392.8209223632385
37,NCT04172714,17,392.7292365025414
37,NCT03647631,18,392.7098021082747
37,NCT03034330,19,392.4265587589921
37,NCT01775501,20,392.1131185864939
37,NCT02769962,21,389.93884751197135
37,NCT01553318,22,388.4197357096542
37,NCT02411916,23,388.4180475875041
37,NCT00879190,24,388.3892781567695
37,NCT00738621,25,388.37255982398983
37,NCT00000862,26,388.2200598052519
37,NCT03109808,27,387.38464008564216
37,NCT00803933,28,387.319340353268
37,NCT00799214,29,387.19621566695685
37,NCT01141751,30,386.8075376723181
37,NCT04406272,31,386.6164296791719
37,NCT03572998,32,386.3603756625861
37,NCT00498719,33,386.1778261825245
37,NCT00094068,34,386.1042900625452
37,NCT00342706,35,386.0032284842484
37,NCT03980717,36,385.0426106298526
37,NCT02109952,37,385.02178848664147
37,NCT00433680,38,384.92440488073635
37,NCT00463450,39,384.4328760619433
37,NCT04135807,40,384.3771184878964
37,NCT01853748,41,384.3574734391689
37,NCT01893047,42,384.15679950513794
37,NCT00682994,43,384.0782433933873
37,NCT02526459,44,384.0738978428156
37,NCT03008005,45,383.84908670667664
37,NCT01624155,46,383.8130540169799
37,NCT04329715,47,383.62862967647567
37,NCT02088866,48,383.31862289533893
37,NCT03252028,49,383.16767110123476
37,NCT02591654,50,383.1651720488162
37,NCT00922233,51,383.1505582000657
37,NCT01721603,52,383.14776425829615
37,NCT02693535,53,383.10032575827825
37,NCT02957747,54,383.0117786100861
37,NCT04595045,55,382.96304991006116
37,NCT03495323,56,382.88791176404516
37,NCT00752258,57,382.86481165962516
37,NCT02645487,58,382.6698574079649
37,NCT02329626,59,382.60037597725534
37,NCT02388737,60,382.30148824381956
37,NCT01428505,61,382.29351660608376
37,NCT00067821,62,382.21300618475226
37,NCT02185456,63,381.7981838118496
37,NCT02837380,64,381.69453679689633
37,NCT03212079,65,381.65215348329644
37,NCT00391352,66,381.46224879733086
37,NCT03420339,67,381.37861921419585
37,NCT03213717,68,381.36164514641246
37,NCT03581318,69,381.29535925702953
37,NCT02085070,70,381.1752498448413
37,NCT02099006,71,380.92872955753205
37,NCT02411734,72,380.8947269623915
37,NCT03335670,73,380.8867212003497
37,NCT04750928,74,380.79564338412456
37,NCT01772199,75,380.68230487003257
37,NCT03735446,76,380.6684467312643
37,NCT02386800,77,380.65857136084804
37,NCT00802594,78,380.65261534984256
37,NCT00882869,79,380.5563383356202
37,NCT03615183,80,380.3985290154903
37,NCT04410978,81,380.1792463715358
37,NCT04030507,82,379.9644763953753
37,NCT03008824,83,379.7782646296519
37,NCT03597360,84,379.7373285063893
37,NCT04614142,85,379.72147940573547
37,NCT02687919,86,379.64943063460595
37,NCT02141490,87,379.58072412114194
37,NCT02520050,88,379.4663115683652
37,NCT03477240,89,379.4570704567895
37,NCT03508752,90,379.42882352906184
37,NCT02293213,91,379.4193239938463
37,NCT02776202,92,379.38916019788155
37,NCT04129515,93,379.3540480614329
37,NCT04216329,94,379.33863927159825
37,NCT02075320,95,379.31396593539824
37,NCT04059185,96,379.2988380625027
37,NCT00242268,97,379.23357470119936
37,NCT02713269,98,379.21566643264777
37,NCT02681549,99,379.20596541535537
37,NCT00213135,100,379.1932824333675
38,NCT00799214,1,254.46990355544233
38,NCT03918252,2,252.14439575012773
38,NCT04676360,3,249.3528065588946
38,NCT04182984,4,248.05482241987337
38,NCT02960230,5,247.80467157843475
38,NCT03405155,6,247.32850394858167
38,NCT02658396,7,247.31013246682022
38,NCT03422809,8,247.21587561623298
38,NCT01553318,9,247.08082716694514
38,NCT01688466,10,246.85949823151728
38,NCT04691960,11,245.82973655776243
38,NCT03331250,12,245.65048039737448
38,NCT00367627,13,245.21918590512325
38,NCT01599975,14,244.7484834739726
38,NCT03336203,15,244.71078121157635
38,NCT01728753,16,244.38887491917146
38,NCT04701034,17,244.09456872144568
38,NCT03459469,18,242.97283659921519
38,NCT00922233,19,242.66343322942996
38,NCT03986021,20,242.01254271527213
38,NCT02170064,21,241.80902762008125
38,NCT01893047,22,241.74671079401026
38,NCT03529955,23,241.66036651770392
38,NCT00182078,24,241.65192078105036
38,NCT00000862,25,241.43482759452004
38,NCT01722162,26,241.0442483464279
38,NCT01160536,27,241.01316998482952
38,NCT03672851,28,240.8968947965014
38,NCT02400359,29,240.55225227974915
38,NCT01470794,30,240.153730869638
38,NCT00539994,31,239.74535823481511
38,NCT04855695,32,239.59754968447427
38,NCT00941681,33,239.48190803935236
38,NCT00748579,34,239.45589808079464
38,NCT03732664,35,239.41676006637158
38,NCT01861106,36,239.13232168470432
38,NCT03316573,37,239.01534133724476
38,NCT01624155,38,239.01451540704002
38,NCT02369458,39,238.98843591088746
38,NCT02068157,40,238.94046339745313
38,NCT00387894,41,238.76319168240408
38,NCT00682565,42,238.71901300594277
38,NCT01985256,43,238.51194436066837
38,NCT01553071,44,238.47605065410988
38,NCT02159495,45,238.46660990940399
38,NCT02950155,46,238.44824143363135
38,NCT02623972,47,238.40305091935718
38,NCT03018288,48,238.3081567624251
38,NCT01774253,49,238.14711502003735
38,NCT01562678,50,238.13426901388775
38,NCT04246398,51,237.99293113820403
38,NCT03197025,52,237.96874320365046
38,NCT01775501,53,237.8616075061619
38,NCT02999477,54,237.76333338529875
38,NCT01506050,55,237.75425404259033
38,NCT04134117,56,237.6526749860612
38,NCT01218217,57,237.564090927443
38,NCT04428671,58,237.55283519505358
38,NCT02573493,59,237.5344442077563
38,NCT04633252,60,237.44561623755064
38,NCT02546193,61,237.4324231748732
38,NCT02270814,62,237.4175509193994
38,NCT04329715,63,237.2772028010045
38,NCT01419483,64,237.18990270112067
38,NCT03782064,65,237.10778407511518
38,NCT02259621,66,236.95404141327813
38,NCT04836429,67,236.8715544085051
38,NCT01572480,68,236.8553887312796
38,NCT03451773,69,236.72022370574692
38,NCT03070002,70,236.33338412261247
38,NCT00874861,71,236.2649361835123
38,NCT01623869,72,236.07208866271654
38,NCT03158805,73,236.03375728576188
38,NCT03086616,74,235.98664062563432
38,NCT04034251,75,235.94390671503533
38,NCT02769962,76,235.6812461381174
38,NCT03211416,77,235.60843492661036
38,NCT00321893,78,235.42328650129812
38,NCT03805932,79,235.35497479035794
38,NCT01097083,80,235.33681148655148
38,NCT00903461,81,235.32682449391638
38,NCT02978625,82,235.30730870450128
38,NCT01821105,83,235.28547284499908
38,NCT04290546,84,235.23757013563565
38,NCT03384836,85,235.0992508852143
38,NCT00879190,86,235.02712876783895
38,NCT01787500,87,234.9585660016703
38,NCT01506037,88,234.91251514895933
38,NCT04592354,89,234.71192923514386
38,NCT03679650,90,234.61687758269065
38,NCT04290897,91,234.52831533821643
38,NCT02146924,92,234.49453128730087
38,NCT03377179,93,234.37814649998646
38,NCT03678350,94,234.3481798744011
38,NCT04172714,95,234.25594733846282
38,NCT01964924,96,234.24159975650235
38,NCT03027388,97,234.08491282892172
38,NCT02211027,98,234.08218133897472
38,NCT00574964,99,234.03165603345354
38,NCT02256982,100,233.93473581695253
39,NCT01874561,1,371.27240971777815
39,NCT02250885,2,368.7821611610129
39,NCT00346879,3,368.6699683170395
39,NCT01887327,4,368.56560903776756
39,NCT02960230,5,363.95376794421725
39,NCT00201318,6,361.4279900149145
39,NCT01637376,7,361.19177849413074
39,NCT03436420,8,360.81135477631733
39,NCT03866187,9,360.48441788971843
39,NCT00317720,10,358.8245523401167
39,NCT00784394,11,358.4137948661394
39,NCT03217851,12,358.34083866948066
39,NCT00107783,13,357.6478961648554
39,NCT02363309,14,356.3758597172857
39,NCT02361788,15,354.9990569587869
39,NCT02624765,16,354.7728262822116
39,NCT00362414,17,354.49247052970395
39,NCT00997958,18,354.0430514243327
39,NCT00316186,19,353.5508249890847
39,NCT01415986,20,353.4731466290422
39,NCT00828971,21,353.22716150985457
39,NCT01096043,22,352.9904495743054
39,NCT03945825,23,352.9220052775953
39,NCT03867487,24,352.8195512096059
39,NCT04660201,25,351.7744307939039
39,NCT00906334,26,351.1943790246208
39,NCT00765102,27,350.7340339901049
39,NCT02948569,28,350.7025448124838
39,NCT01881971,29,349.90475039603933
39,NCT02507765,30,349.3401242472951
39,NCT00769262,31,349.30742582749747
39,NCT02471573,32,349.2234233788609
39,NCT02780583,33,349.167603068267
39,NCT02569827,34,348.82269495709227
39,NCT02625688,35,348.76667292420666
39,NCT02211027,36,348.64829996339785
39,NCT02274987,37,347.86220487342143
39,NCT02187172,38,347.63185030459425
39,NCT00158743,39,347.26090368453885
39,NCT03286530,40,347.11102377558353
39,NCT01756755,41,346.91777706461176
39,NCT03631420,42,346.85145683076667
39,NCT02658396,43,346.6034159390192
39,NCT02492347,44,346.2177390826023
39,NCT01042041,45,346.1946928553388
39,NCT00472550,46,346.1685448769738
39,NCT02716207,47,346.1111409081778
39,NCT02157259,48,345.95831545518354
39,NCT00854945,49,345.7188124066155
39,NCT01813227,50,345.67238888756845
39,NCT04235205,51,345.5143466589502
39,NCT03227432,52,345.49227417965307
39,NCT01225029,53,345.4918775842625
39,NCT01189266,54,345.4466682276786
39,NCT01810913,55,345.344095148853
39,NCT00295308,56,345.0608617036869
39,NCT04855695,57,344.9132286249324
39,NCT04216329,58,344.7414922365783
39,NCT02117661,59,344.5997307516341
39,NCT00793208,60,344.51412428209494
39,NCT03929029,61,344.4408728358161
39,NCT04653246,62,344.2986752420352
39,NCT01922076,63,344.2409569533901
39,NCT00241839,64,343.92808053898005
39,NCT01834898,65,343.9263210393143
39,NCT01609582,66,343.84677630448084
39,NCT01277016,67,343.78869924623604
39,NCT04339777,68,343.5345211584022
39,NCT04398745,69,343.5321938482654
39,NCT01855295,70,343.44473355528515
39,NCT04500548,71,343.43197992173845
39,NCT00099996,72,343.2192892373933
39,NCT04289558,73,343.155236534055
39,NCT01453283,74,343.0748690903008
39,NCT02285101,75,343.02740738334694
39,NCT01434693,76,343.01940485615546
39,NCT02775812,77,342.96373020921305
39,NCT03099564,78,342.88167061844007
39,NCT02520609,79,342.80980523668467
39,NCT03824379,80,342.7930433027254
39,NCT00720083,81,342.7623618210135
39,NCT02718833,82,342.75139665316766
39,NCT02594904,83,342.21988236724286
39,NCT01218217,84,342.12214551788884
39,NCT03092011,85,341.98719594870397
39,NCT03891901,86,341.72134540052684
39,NCT00262210,87,341.4974060420217
39,NCT01158885,88,341.099315511472
39,NCT02954159,89,341.0158012030298
39,NCT02561988,90,340.982821780143
39,NCT01659658,91,340.50300156403887
39,NCT04094519,92,340.467105841153
39,NCT01688492,93,340.44061215637515
39,NCT04095689,94,340.40030333995037
39,NCT00373594,95,340.39480632384993
39,NCT03679650,96,340.35925468914263
39,NCT02820155,97,340.1263991226343
39,NCT03336203,98,340.09914849798423
39,NCT03038828,99,339.71341886467206
39,NCT03917407,100,339.67522876243913
40,NCT02802384,1,337.9962146686075
40,NCT00306046,2,324.8546586593986
40,NCT00747994,3,324.08921416621496
40,NCT00381914,4,319.0002500523509
40,NCT04850547,5,317.80488503119136
40,NCT03525392,6,316.4959792376817
40,NCT00239629,7,316.4033098373188
40,NCT00092937,8,316.18785575984356
40,NCT00685971,9,315.76357242018804
40,NCT02603042,10,314.92549158362715
40,NCT01176344,11,314.63754313182363
40,NCT03901209,12,314.35117720982277
40,NCT04129931,13,313.9484527972717
40,NCT00755911,14,313.0734915707076
40,NCT02011620,15,311.9892317142443
40,NCT01852799,16,311.92937791399896
40,NCT00781261,17,311.901004841642
40,NCT04473872,18,311.6742814078946
40,NCT00302146,19,311.6568773717217
40,NCT02014467,20,311.5578761125698
40,NCT02232724,21,311.5098582887246
40,NCT00753532,22,311.41797714835786
40,NCT04295174,23,311.3593980349952
40,NCT03336203,24,310.56239972349243
40,NCT02301520,25,310.5013554497935
40,NCT01189786,26,310.39255565489975
40,NCT01225679,27,309.9514783903881
40,NCT01900860,28,309.75163071776154
40,NCT03994172,29,309.70656146749303
40,NCT03585751,30,309.0780802279033
40,NCT01360099,31,309.0759600579092
40,NCT00140738,32,308.8588663689485
40,NCT00785824,33,308.85142562288235
40,NCT04055220,34,308.58563253942293
40,NCT04816396,35,308.4104866793405
40,NCT02069990,36,308.0589349936175
40,NCT03287011,37,307.92650111549324
40,NCT03839459,38,307.84027118640586
40,NCT03516773,39,307.7783387985116
40,NCT01153568,40,307.27613090531594
40,NCT02390934,41,307.23970726445805
40,NCT04533984,42,307.17774836968107
40,NCT03710889,43,307.0964958822918
40,NCT00886938,44,307.081163200792
40,NCT03070002,45,307.0802667372953
40,NCT02387892,46,307.05740345277565
40,NCT04303026,47,307.04253399169465
40,NCT04342520,48,306.7020136627114
40,NCT00593580,49,306.6971922569238
40,NCT00006180,50,306.652871022865
40,NCT00672360,51,306.6125160879951
40,NCT01342627,52,306.49914627352507
40,NCT02679963,53,306.0160038091556
40,NCT04003467,54,305.8964664841534
40,NCT03440827,55,305.84872277563716
40,NCT01335763,56,305.80875323198916
40,NCT00242125,57,305.7175645705997
40,NCT04284501,58,305.6602904165895
40,NCT03887936,59,305.65651954882185
40,NCT01402011,60,305.6481418685523
40,NCT02404727,61,305.6165999067367
40,NCT04237376,62,305.5388494334675
40,NCT01800799,63,305.4329432387486
40,NCT00068146,64,305.4218726156429
40,NCT02232685,65,305.40838510868355
40,NCT03142945,66,305.2619262532243
40,NCT04462276,67,305.1669777792384
40,NCT04297904,68,305.1609988707276
40,NCT01418040,69,305.1590427826655
40,NCT02439112,70,305.0441680257045
40,NCT03183570,71,304.98942794897596
40,NCT02435329,72,304.91353453937734
40,NCT01286077,73,304.8145569187358
40,NCT01192828,74,304.6886696076891
40,NCT04169698,75,304.684337826771
40,NCT02220699,76,304.6772608857378
40,NCT01430793,77,304.65671074762156
40,NCT04772430,78,304.6512198302162
40,NCT02543905,79,304.61360480110227
40,NCT03438526,80,304.5257448091982
40,NCT01932931,81,304.47610744700916
40,NCT04859127,82,304.46013260488627
40,NCT01469351,83,304.44357961252257
40,NCT03356522,84,304.33641857345515
40,NCT00150969,85,304.21595405815873
40,NCT01288794,86,304.10336469598104
40,NCT02040441,87,304.0851920842698
40,NCT01304199,88,303.98089379908197
40,NCT03675152,89,303.9618567848105
40,NCT02238418,90,303.908283256249
40,NCT01627717,91,303.8539780823941
40,NCT00997958,92,303.6927889230088
40,NCT04713774,93,303.67289365117654
40,NCT03576430,94,303.6681214555925
40,NCT00760682,95,303.63947914635764
40,NCT02632916,96,303.60645214781476
40,NCT02783274,97,303.5726078065877
40,NCT02592850,98,303.5442719939147
40,NCT00324259,99,303.481341840802
40,NCT02916771,100,303.24872914459434
41,NCT01952834,1,352.29072689314955
41,NCT03987269,2,349.8012477841369
41,NCT01599975,3,347.9453898191667
41,NCT00653393,4,347.2173816809265
41,NCT04056000,5,347.153129503672
41,NCT02088866,6,346.76379556309934
41,NCT00775905,7,345.5211885110868
41,NCT00775151,8,345.3364185258162
41,NCT01553318,9,344.0500540708677
41,NCT03034330,10,343.7074799789671
41,NCT03336203,11,343.30477620490547
41,NCT01506791,12,343.0996897773567
41,NCT00301405,13,343.01015090519775
41,NCT04236843,14,342.78185648941593
41,NCT01506050,15,342.698907374783
41,NCT01506037,16,342.4246429856617
41,NCT00682994,17,341.4130176523673
41,NCT03585257,18,341.31901314345083
41,NCT01599546,19,341.1953995160064
41,NCT00865462,20,341.0759189503502
41,NCT02411734,21,340.84932441635186
41,NCT00865371,22,340.8013975414062
41,NCT00723567,23,340.5566565395587
41,NCT03008005,24,340.51089667804206
41,NCT03670719,25,340.0532556695447
41,NCT00863941,26,339.34797546910556
41,NCT01314352,27,339.00124513154816
41,NCT01314339,28,338.9977643973587
41,NCT00865410,29,338.7904624129486
41,NCT01110447,30,338.10696208388174
41,NCT01722578,31,337.79419050033715
41,NCT01961219,32,337.1068228788496
41,NCT02068118,33,336.90494754184783
41,NCT02666989,34,336.4216456793242
41,NCT04396314,35,336.18318147513196
41,NCT00975546,36,335.2919812130962
41,NCT00865111,37,335.23916122477397
41,NCT01846806,38,334.7655473616245
41,NCT03796598,39,334.7176915169778
41,NCT04851639,40,334.22687451186044
41,NCT00367627,41,334.1514473011547
41,NCT01645384,42,334.11164244750256
41,NCT02109952,43,333.3062620370541
41,NCT02414529,44,333.238890984415
41,NCT03080168,45,333.02948488427296
41,NCT01775501,46,332.96843481601815
41,NCT01882855,47,332.7822022284493
41,NCT00281502,48,332.19157920227764
41,NCT00040196,49,332.1345069980938
41,NCT01160536,50,332.0356987173984
41,NCT04342520,51,331.2268343277393
41,NCT02266199,52,331.1519025036817
41,NCT00467818,53,331.10339707950635
41,NCT01345643,54,331.0527974513585
41,NCT01604031,55,330.9053151925196
41,NCT02069366,56,330.52060787064295
41,NCT02156232,57,330.0287296727646
41,NCT00914056,58,330.0280391935727
41,NCT04807803,59,329.6387322580471
41,NCT01161966,60,329.3911394812794
41,NCT04402034,61,329.33036972220606
41,NCT02304302,62,329.2843707749573
41,NCT01161979,63,329.16141227786153
41,NCT00654563,64,329.11705190736575
41,NCT02897622,65,328.6110820005389
41,NCT04411927,66,328.3894709161949
41,NCT01800604,67,328.1206489164383
41,NCT04436601,68,327.97510655019386
41,NCT01109849,69,327.83099625860274
41,NCT03152188,70,327.7294577303265
41,NCT03023059,71,327.3271239754977
41,NCT00244582,72,327.3094202071445
41,NCT04858074,73,327.3063607684569
41,NCT03189459,74,326.5115670315542
41,NCT03279991,75,326.05577696124266
41,NCT00215787,76,325.99516875304835
41,NCT02543905,77,325.80716604436225
41,NCT02563262,78,325.72142458717565
41,NCT01907334,79,325.6487711406955
41,NCT02653664,80,325.6390508932783
41,NCT03876652,81,325.516913293263
41,NCT00498719,82,325.2139357800056
41,NCT02284334,83,325.18010615694755
41,NCT01760226,84,324.56691272019907
41,NCT03732118,85,324.0812061411125
41,NCT01112657,86,323.6515568290913
41,NCT02358876,87,323.4885830659421
41,NCT04155099,88,323.45813138383727
41,NCT01370954,89,323.2880356580551
41,NCT03987893,90,323.2752090894447
41,NCT00291265,91,323.2561511585859
41,NCT04082780,92,323.0321785429253
41,NCT00571051,93,322.9111410308822
41,NCT03355404,94,322.743902979539
41,NCT01303081,95,322.4014710158174
41,NCT04054856,96,322.2865727631062
41,NCT02190695,97,322.2513671758934
41,NCT00603447,98,322.22158059825443
41,NCT00092937,99,321.57114716899576
41,NCT00112333,100,321.542546554791
42,NCT02546193,1,470.7978936369116
42,NCT02411916,2,468.3205932907405
42,NCT01599975,3,466.2691062578096
42,NCT04015739,4,462.99795772624014
42,NCT01509950,5,462.9924134197308
42,NCT03158805,6,462.2619683894573
42,NCT01728753,7,462.02018157460515
42,NCT02477644,8,459.84620409325197
42,NCT01223313,9,459.4624832212035
42,NCT00878826,10,456.48488800887554
42,NCT04128371,11,454.5328383207952
42,NCT02769962,12,454.1346574385313
42,NCT01218217,13,453.72755595673516
42,NCT02414529,14,452.84044855927993
42,NCT01553318,15,452.76588750890454
42,NCT04575038,16,451.88989907793444
42,NCT00330993,17,451.52587710422705
42,NCT00826605,18,451.2621885430672
42,NCT03422809,19,450.79644491317504
42,NCT03529955,20,450.67636247040167
42,NCT02759731,21,449.29695078870924
42,NCT03986021,22,448.998152175523
42,NCT03336203,23,448.78518436969773
42,NCT04676360,24,448.47029215818407
42,NCT03697993,25,448.2047144006642
42,NCT04233632,26,447.8230305174632
42,NCT04701034,27,447.66405994087523
42,NCT03008824,28,447.16831465830006
42,NCT02173808,29,446.71698564568715
42,NCT00799214,30,446.44366028498314
42,NCT01893047,31,446.32916226585974
42,NCT00822172,32,446.19588496599755
42,NCT02730351,33,445.80562286330365
42,NCT01684397,34,445.69589504302996
42,NCT03092518,35,445.6810785267625
42,NCT01418235,36,445.1738280840264
42,NCT03331250,37,445.12181483401866
42,NCT00342706,38,445.09684707064014
42,NCT04407182,39,445.02091243787595
42,NCT00682994,40,444.4463637972556
42,NCT04731961,41,444.29015396996573
42,NCT03243305,42,443.9746577599632
42,NCT01713972,43,443.6064211967686
42,NCT03384836,44,443.4456965072171
42,NCT04134117,45,443.35955279102654
42,NCT02067520,46,443.28131460960503
42,NCT00182078,47,443.0421455204447
42,NCT03506048,48,442.88411560076634
42,NCT03252028,49,442.6472108705686
42,NCT01160536,50,442.461604404231
42,NCT02094937,51,442.32076542071405
42,NCT00607113,52,442.18585229732423
42,NCT01309919,53,441.6264395196028
42,NCT00433732,54,441.60697429904565
42,NCT04632381,55,441.3291464311913
42,NCT02293213,56,441.20695738726073
42,NCT03116009,57,441.0127892254203
42,NCT01768546,58,440.99403352765177
42,NCT01053507,59,440.96366493534873
42,NCT00488514,60,440.7127926777985
42,NCT03974217,61,440.61504281518705
42,NCT00682565,62,440.5943312466781
42,NCT01688466,63,440.5863566711914
42,NCT04246398,64,440.46415621858665
42,NCT00463450,65,440.3700834464895
42,NCT03481829,66,439.9850468051587
42,NCT04172714,67,439.87008798353236
42,NCT04487886,68,439.8034487367055
42,NCT04143659,69,439.54556479501196
42,NCT00414336,70,439.2090131343329
42,NCT04857684,71,438.94510537465203
42,NCT02899728,72,438.84210529659447
42,NCT03644550,73,438.79214335135987
42,NCT01035658,74,438.631792791395
42,NCT03070002,75,438.41526962159867
42,NCT01329562,76,438.32281093104194
42,NCT00578877,77,438.1937788167847
42,NCT03027388,78,438.172927282408
42,NCT00922233,79,438.1637898098651
42,NCT04404881,80,438.1504375622979
42,NCT01915212,81,438.0095459115657
42,NCT00667498,82,437.9667108557076
42,NCT02069366,83,437.936997962583
42,NCT02379728,84,437.726578331625
42,NCT02170064,85,437.67379773854805
42,NCT00160849,86,437.4191657434768
42,NCT01118988,87,437.4066251095119
42,NCT02088866,88,437.1884034042799
42,NCT00455156,89,437.06371269461727
42,NCT04786990,90,436.9451146373304
42,NCT00402779,91,436.79902636296873
42,NCT02974621,92,436.7943616229299
42,NCT04034251,93,436.6206777099005
42,NCT02960230,94,436.5687714824766
42,NCT03649321,95,436.5092417911091
42,NCT02305017,96,436.4948874976338
42,NCT00539994,97,436.44269228690126
42,NCT02954874,98,436.43068626844405
42,NCT03034330,99,436.24425073888176
42,NCT03473639,100,436.07033878319135
43,NCT03595566,1,249.55960082727051
43,NCT03647995,2,248.24128295352926
43,NCT03388268,3,248.2340078747762
43,NCT03595553,4,247.60773961334453
43,NCT04802837,5,243.98094771866278
43,NCT02127814,6,240.09851425425228
43,NCT02301000,7,239.53755403187574
43,NCT02112279,8,239.28338586537586
43,NCT02395848,9,238.96001295802543
43,NCT00377078,10,237.24578789423717
43,NCT04491799,11,237.18276072007242
43,NCT04121169,12,236.6440393772735
43,NCT01598311,13,236.58858347083063
43,NCT00350298,14,235.88762923352243
43,NCT03796650,15,235.8051090112189
43,NCT01813500,16,235.80297294459672
43,NCT01983683,17,235.0267248337117
43,NCT01987895,18,235.0267248337117
43,NCT03795233,19,234.43308231469072
43,NCT04003818,20,234.35559243143447
43,NCT01085591,21,234.23174859361185
43,NCT03117582,22,234.0284396041533
43,NCT03834038,23,232.84498316068422
43,NCT02667418,24,232.56932425208126
43,NCT02355938,25,232.56777276924717
43,NCT00269399,26,232.55516448098234
43,NCT03427229,27,231.87156975577102
43,NCT02573571,28,231.53729084318581
43,NCT01959048,29,230.566262730382
43,NCT02218372,30,230.5033903880326
43,NCT02423967,31,230.4088258477588
43,NCT03030248,32,229.13375791274075
43,NCT01630096,33,229.0072623393445
43,NCT03988855,34,228.33232896579864
43,NCT02919670,35,228.1819513141996
43,NCT04237181,36,227.89146202040644
43,NCT04247542,37,227.73697779468233
43,NCT02968511,38,227.67827314342733
43,NCT00326443,39,227.66943357000363
43,NCT01472978,40,227.15281489713817
43,NCT01398969,41,227.09781053372058
43,NCT01559545,42,227.04371535679934
43,NCT01973465,43,226.99063284632763
43,NCT02437500,44,225.81627849241747
43,NCT00417872,45,225.6640551057908
43,NCT01597505,46,225.65003779718833
43,NCT02320318,47,225.5951734808718
43,NCT02134392,48,225.4467498884141
43,NCT04139577,49,225.36834015067308
43,NCT02179658,50,225.35675743915212
43,NCT00861887,51,225.33820296129832
43,NCT03925636,52,225.27979073516906
43,NCT02120027,53,224.81207930929386
43,NCT02686645,54,224.76761654758738
43,NCT02318992,55,224.72192198323447
43,NCT01868373,56,224.6870585996179
43,NCT00106314,57,224.54250648493826
43,NCT02127398,58,223.78566543576954
43,NCT02107196,59,223.57497487285912
43,NCT02570477,60,222.91368193556391
43,NCT04594954,61,222.8764218307225
43,NCT03053505,62,222.4275773004521
43,NCT04557215,63,222.33190421052657
43,NCT04138706,64,222.31750529910786
43,NCT02097797,65,222.17228547808932
43,NCT02707198,66,221.97787533779928
43,NCT03557788,67,221.97545793666677
43,NCT04573504,68,221.94161416219487
43,NCT02981316,69,221.91381352599322
43,NCT00177775,70,221.90689790144074
43,NCT03778606,71,221.90604547812157
43,NCT02391012,72,221.90247150530905
43,NCT03562741,73,221.68993883069135
43,NCT02340481,74,221.5528007416616
43,NCT03722511,75,221.27956346549286
43,NCT02589847,76,220.83237949818837
43,NCT04552418,77,220.8304798884232
43,NCT02865616,78,220.76563365808633
43,NCT03538366,79,220.74812106911193
43,NCT00263237,80,220.63149338098455
43,NCT04090346,81,220.517448407722
43,NCT02788071,82,220.44511555066904
43,NCT03880539,83,220.27770736086143
43,NCT02573844,84,220.11749933301488
43,NCT03788434,85,220.1128813441264
43,NCT02760745,86,220.05694000225714
43,NCT03005379,87,219.39788693024158
43,NCT04820413,88,219.33718511482394
43,NCT01905709,89,219.30908995495528
43,NCT02575742,90,219.0028262959407
43,NCT04698148,91,218.9931082600582
43,NCT01226992,92,218.97585049533657
43,NCT02403622,93,218.88302340198717
43,NCT01100684,94,218.60868308220788
43,NCT00384527,95,218.51702070546247
43,NCT04189874,96,218.51083742332688
43,NCT03763175,97,218.49094666396516
43,NCT04138186,98,218.4758036267144
43,NCT00057486,99,218.32699918862875
43,NCT03617172,100,218.25425343820467
44,NCT04859127,1,367.1653554212149
44,NCT02609009,2,365.5181766067168
44,NCT04761549,3,354.3867270621155
44,NCT01961219,4,351.90199850321864
44,NCT03862417,5,346.90227750057574
44,NCT03670719,6,343.3478590069659
44,NCT03929042,7,342.7306833608375
44,NCT01402011,8,341.4384148212437
44,NCT00155545,9,340.7376805524926
44,NCT03317262,10,339.1303377209868
44,NCT02940119,11,339.0126563274157
44,NCT03791892,12,338.8130088205161
44,NCT03456531,13,337.95614807674184
44,NCT02314221,14,337.4912392809137
44,NCT01345643,15,337.0465212011664
44,NCT04851639,16,336.8274264649873
44,NCT03336203,17,336.8104559921508
44,NCT02616653,18,335.5548961138108
44,NCT04479397,19,335.08480583322347
44,NCT01599546,20,335.0530246037338
44,NCT03001050,21,334.9744756412386
44,NCT01775501,22,334.1826790995664
44,NCT04342520,23,334.005352035072
44,NCT04567797,24,333.9721690162972
44,NCT02088866,25,333.7185466563073
44,NCT03022656,26,333.6232761696437
44,NCT04619134,27,333.52327600955806
44,NCT04465331,28,332.759238919347
44,NCT01801553,29,331.87785600467265
44,NCT03572855,30,331.6614815009091
44,NCT01118988,31,331.2398866687006
44,NCT03195127,32,330.88868281713627
44,NCT03420339,33,330.44036078266834
44,NCT04049253,34,330.2771534007725
44,NCT01746966,35,330.27012964200605
44,NCT04382638,36,330.21182885803404
44,NCT00835302,37,330.17755092202617
44,NCT01140386,38,329.733519757212
44,NCT00492219,39,329.7178657011128
44,NCT03711409,40,329.43864996867535
44,NCT03305185,41,329.20538236162315
44,NCT01570985,42,329.1198346587408
44,NCT04316793,43,329.06205356325097
44,NCT00682994,44,328.99910662376675
44,NCT02631486,45,328.94737270432165
44,NCT02164305,46,328.80943111647144
44,NCT03948386,47,328.4536878755877
44,NCT03559244,48,328.4025097746685
44,NCT03455790,49,328.20302650785595
44,NCT03915106,50,328.09012412482184
44,NCT03071445,51,327.9611424348697
44,NCT01738113,52,327.8972385042511
44,NCT04421157,53,327.60470990057
44,NCT02838394,54,327.5615867148275
44,NCT04170166,55,327.5262552170094
44,NCT02761265,56,327.4858823799107
44,NCT02510625,57,327.2370957972585
44,NCT02411734,58,327.2140044793547
44,NCT02201966,59,327.1731584106904
44,NCT04463524,60,327.1507699552918
44,NCT00498719,61,327.0568786704743
44,NCT00495781,62,326.81762054137954
44,NCT03108612,63,326.799400572191
44,NCT00194636,64,326.74836519380887
44,NCT00112333,65,326.4904091031053
44,NCT03071471,66,326.48207043064224
44,NCT02169011,67,326.4302106771646
44,NCT01661959,68,326.38242521308746
44,NCT03413839,69,326.32602316409805
44,NCT04101019,70,326.29637554209546
44,NCT04571268,71,326.17469585997975
44,NCT04019990,72,325.9741917836846
44,NCT03008005,73,325.80937220374005
44,NCT03798002,74,325.75670839394047
44,NCT01884077,75,325.72251313189474
44,NCT02415088,76,325.70126359040785
44,NCT00761943,77,325.61176129697253
44,NCT03303001,78,325.48686042819145
44,NCT03412708,79,325.37063132905456
44,NCT02200302,80,325.2515823764353
44,NCT03728387,81,325.16103055544596
44,NCT01722578,82,325.152359965551
44,NCT04853056,83,325.09653094145443
44,NCT04780828,84,325.0947068970228
44,NCT01038219,85,325.06456861330025
44,NCT01597232,86,324.89645367171147
44,NCT02266199,87,324.8616037297362
44,NCT00957307,88,324.6845545206442
44,NCT03619200,89,324.5392766734878
44,NCT04226209,90,324.52949643493906
44,NCT03066544,91,324.5014209673545
44,NCT01959893,92,324.276592569563
44,NCT00176696,93,324.23358006484165
44,NCT03232515,94,324.18929280340717
44,NCT04396314,95,324.16299515836346
44,NCT03041506,96,324.1062885284165
44,NCT03677349,97,324.05371713817897
44,NCT00351208,98,323.8358144881656
44,NCT04051788,99,323.73544297605247
44,NCT03327974,100,323.7230349817173
45,NCT01441141,1,337.1921701686311
45,NCT01685515,2,334.63013062981395
45,NCT00773890,3,329.9629142464817
45,NCT02989701,4,328.5863808202529
45,NCT01375608,5,328.5238384030812
45,NCT00194597,6,328.40473488986015
45,NCT01179217,7,327.5200577879671
45,NCT03336203,8,325.6646685536054
45,NCT04000165,9,325.5710426779547
45,NCT01119833,10,324.75650594664376
45,NCT00270478,11,324.4111494848374
45,NCT02212535,12,323.53629357631155
45,NCT03431285,13,321.8178400131132
45,NCT00263562,14,321.5075653385138
45,NCT04055818,15,321.2355927147084
45,NCT00532883,16,320.44937859659177
45,NCT04293172,17,320.4125570319747
45,NCT03997903,18,318.8562067724719
45,NCT00600665,19,318.3074135918499
45,NCT03902262,20,317.1734737963599
45,NCT01393847,21,316.3366012055158
45,NCT00992693,22,316.2150073753094
45,NCT01987908,23,315.77763584442005
45,NCT00125788,24,315.4053466986283
45,NCT01568645,25,315.3098939642629
45,NCT01834898,26,315.2899528199115
45,NCT03615924,27,315.21667135955136
45,NCT00056433,28,314.92956771407336
45,NCT00072826,29,314.9080834699228
45,NCT04121247,30,314.26713501990645
45,NCT00092937,31,314.08108070653225
45,NCT01932554,32,313.73811504681316
45,NCT00850018,33,313.6582848517489
45,NCT00005782,34,313.4389490751387
45,NCT00059423,35,313.15344989539574
45,NCT00513617,36,312.5241234299672
45,NCT00953420,37,312.23764957083694
45,NCT01683968,38,312.07790336218375
45,NCT02712346,39,311.96738200346704
45,NCT00301405,40,311.8414180073447
45,NCT01568710,41,311.65192777273404
45,NCT02047136,42,311.57483715356545
45,NCT00000586,43,311.5407177043408
45,NCT03843918,44,311.1640984060081
45,NCT01202812,45,311.0465689236937
45,NCT01976416,46,311.0425313800501
45,NCT01118988,47,311.02332608817807
45,NCT02225132,48,310.7277963547282
45,NCT04610866,49,310.0107904113994
45,NCT03282656,50,309.6961637347935
45,NCT01961219,51,309.6714772145143
45,NCT00834899,52,309.6613684406459
45,NCT02604368,53,309.5751946346165
45,NCT04676113,54,309.3419224513181
45,NCT03664830,55,309.2399710896142
45,NCT03049475,56,309.05557822668965
45,NCT00745420,57,309.05025847091616
45,NCT02408991,58,309.04834126055596
45,NCT03704922,59,308.6734130716445
45,NCT01447056,60,308.6367716073481
45,NCT00142051,61,308.5461382251351
45,NCT03534505,62,308.4426173820945
45,NCT04725591,63,308.44172282534635
45,NCT01197417,64,308.4123378725396
45,NCT02780583,65,308.2731047677053
45,NCT01245179,66,308.01000223728124
45,NCT02973360,67,307.9501047898846
45,NCT00211120,68,307.6350562990982
45,NCT00040456,69,307.5026509951818
45,NCT04764487,70,307.136657718558
45,NCT02766465,71,307.0808243070367
45,NCT04477850,72,306.97296188826573
45,NCT00997958,73,306.95087769921355
45,NCT00586209,74,306.8373485877329
45,NCT02430818,75,306.38875722937746
45,NCT04855695,76,306.3810801543847
45,NCT00981370,77,306.34913797700096
45,NCT04190277,78,306.1683455338403
45,NCT00508989,79,306.05840187297485
45,NCT01553318,80,306.026908400713
45,NCT00094887,81,305.91001630062226
45,NCT00001716,82,305.6164478235109
45,NCT00711698,83,305.5786064547014
45,NCT04668690,84,305.4283287684454
45,NCT03777982,85,305.423910134979
45,NCT02088866,86,305.36257747457097
45,NCT02417298,87,305.2932261327561
45,NCT00603447,88,305.26631042409593
45,NCT03682211,89,305.2260813431387
45,NCT04514510,90,305.19753398958795
45,NCT03997760,91,305.1541122296452
45,NCT00609934,92,305.07827428982665
45,NCT00701311,93,305.0668954151976
45,NCT02843347,94,304.9747450661898
45,NCT04165590,95,304.6868616347325
45,NCT04245540,96,304.6663149955199
45,NCT03778138,97,304.64521961886004
45,NCT01813227,98,304.6413253678136
45,NCT03781895,99,304.6200696687009
45,NCT03548103,100,304.52885134758037
46,NCT00130247,1,413.78310966061633
46,NCT03561753,2,405.663780512791
46,NCT01516203,3,400.6915984597579
46,NCT02901288,4,391.23932422843825
46,NCT00396084,5,390.7485262408767
46,NCT01218217,6,390.56240497531724
46,NCT00425113,7,388.0959403376338
46,NCT00864383,8,387.86143037301275
46,NCT02929316,9,387.55090781614626
46,NCT02409290,10,385.89511795564414
46,NCT02349841,11,385.389942307544
46,NCT02821832,12,382.19063626134016
46,NCT01785186,13,381.9622445800756
46,NCT01691534,14,381.118998054642
46,NCT03896685,15,379.57204594513064
46,NCT02754765,16,378.9692174803507
46,NCT04629378,17,378.81929044822385
46,NCT02581527,18,378.78684009074175
46,NCT02193776,19,377.38517713676
46,NCT00341328,20,377.10872697278353
46,NCT00727844,21,377.0598532397803
46,NCT01498419,22,375.8981775823205
46,NCT01215851,23,375.8045147150585
46,NCT02342886,24,375.4060349104982
46,NCT03902262,25,375.3858921883276
46,NCT00694629,26,375.31907966657894
46,NCT00144417,27,375.1019062761076
46,NCT04311502,28,374.76181165874135
46,NCT03959566,29,373.40127673934353
46,NCT02279875,30,373.27619475379856
46,NCT04832880,31,372.8815930140549
46,NCT01053598,32,372.60053406453045
46,NCT03891901,33,372.23556529404374
46,NCT04856644,34,371.83172697105414
46,NCT03867136,35,371.8071214333373
46,NCT01392911,36,370.86244270951704
46,NCT02746432,37,369.4937463618649
46,NCT04044001,38,368.40729214173786
46,NCT02563327,39,368.27245201782614
46,NCT03945825,40,368.14267803142496
46,NCT00023374,41,367.3825056007376
46,NCT00918086,42,367.27986262745094
46,NCT04766307,43,367.1702951073371
46,NCT03604848,44,367.1350371468482
46,NCT03702738,45,366.9746239893724
46,NCT03828201,46,366.68113670363044
46,NCT00140309,47,366.5575277113765
46,NCT03086486,48,365.7979628684506
46,NCT01130311,49,364.83452136978036
46,NCT00685360,50,364.6775309036247
46,NCT03478033,51,364.469946521862
46,NCT01381757,52,364.36186395916513
46,NCT04694586,53,363.6378633983198
46,NCT00362869,54,362.7536763572208
46,NCT03563599,55,362.5648013736773
46,NCT03278483,56,362.3978040563687
46,NCT04504851,57,362.3023654666145
46,NCT01728753,58,362.21664338560595
46,NCT02410772,59,362.0328805656005
46,NCT02776150,60,361.76263940105144
46,NCT04129931,61,361.63986984117025
46,NCT03256136,62,361.52905925885216
46,NCT02371681,63,361.4901052670301
46,NCT04721795,64,360.6157684437957
46,NCT00814632,65,360.5188953681511
46,NCT01408914,66,360.33402362701815
46,NCT03473002,67,359.98801951515316
46,NCT03026504,68,359.9394770574984
46,NCT03043131,69,359.6537560312811
46,NCT00944658,70,359.4792367700334
46,NCT02936167,71,359.4773120245377
46,NCT02187172,72,359.31504080217934
46,NCT01215110,73,359.25161998797284
46,NCT01994460,74,358.9589697089031
46,NCT01074502,75,358.8870461565926
46,NCT03338621,76,358.65820578292204
46,NCT03719443,77,358.5743802755514
46,NCT01280461,78,358.5086993923437
46,NCT00845650,79,358.35384509944475
46,NCT00793208,80,358.1080315581442
46,NCT00377247,81,358.0736637189919
46,NCT01096043,82,358.0472264186076
46,NCT01942265,83,358.0197395879392
46,NCT02120638,84,357.96424221412786
46,NCT01119521,85,357.51408323852996
46,NCT00128193,86,356.91423981833856
46,NCT02117661,87,356.8945718821456
46,NCT01881971,88,356.88690018724805
46,NCT02681445,89,356.79851276219205
46,NCT00353340,90,356.63158420232287
46,NCT01589497,91,356.45586034297867
46,NCT00099996,92,356.3024694912487
46,NCT04738812,93,356.18886963719626
46,NCT02365623,94,356.17786612183886
46,NCT02828033,95,356.09492414362995
46,NCT01092325,96,355.99979689598086
46,NCT02333799,97,355.91313480330336
46,NCT04550832,98,355.50863577967425
46,NCT01571739,99,355.3123878676675
46,NCT04660201,100,355.2373950841294
47,NCT04074486,1,391.36711234326657
47,NCT00663988,2,387.9052254852405
47,NCT04159792,3,386.47583503527517
47,NCT04555499,4,384.138805406163
47,NCT00564096,5,381.75197109969696
47,NCT03902262,6,379.0641313666611
47,NCT03434093,7,377.9160610198494
47,NCT02225834,8,377.77078214614653
47,NCT01253512,9,373.0283942907011
47,NCT00417898,10,372.7529282166742
47,NCT03412708,11,372.4100345996992
47,NCT02448069,12,372.33580790777705
47,NCT04064957,13,372.19010003199725
47,NCT00252239,14,370.37766299253167
47,NCT01654445,15,369.64718008372296
47,NCT03763383,16,369.45037082919515
47,NCT02651272,17,368.85226045135175
47,NCT03477188,18,368.39104331741424
47,NCT01583062,19,368.3272571317098
47,NCT01591096,20,368.2963224413427
47,NCT03731351,21,367.5607391129567
47,NCT01722578,22,367.55372016449206
47,NCT02029456,23,367.1403867464871
47,NCT03584425,24,367.10784871640976
47,NCT01257880,25,366.74779991478806
47,NCT04317937,26,366.659317947463
47,NCT00227448,27,366.62768183687325
47,NCT00061373,28,365.61723270747564
47,NCT02403908,29,365.2180517845248
47,NCT00314002,30,365.1113792330614
47,NCT02248688,31,364.62231988057135
47,NCT03127891,32,364.5682171609814
47,NCT02737189,33,364.3989909002528
47,NCT02731781,34,364.3686467847498
47,NCT02452502,35,364.3322370266054
47,NCT04807491,36,363.5750499046655
47,NCT04500223,37,362.8472359774731
47,NCT03192332,38,362.55001502741084
47,NCT01928641,39,360.94167384922747
47,NCT00601744,40,360.8944516770051
47,NCT04240470,41,360.70978499797013
47,NCT02482350,42,360.64969768273244
47,NCT03543345,43,360.16379688935916
47,NCT04424940,44,360.1235436167607
47,NCT02088866,45,359.72891569546647
47,NCT03142945,46,359.601179158222
47,NCT00422708,47,359.5757743691152
47,NCT02854592,48,359.5414458481228
47,NCT04411927,49,359.51205089503424
47,NCT02425670,50,359.2266831931169
47,NCT00418275,51,359.1991320472304
47,NCT00692588,52,359.10640679643365
47,NCT04129931,53,358.9723768488861
47,NCT02572336,54,358.67758424699474
47,NCT02940119,55,358.6286102277821
47,NCT04110275,56,358.4462517553351
47,NCT02734498,57,358.2913778113381
47,NCT02625272,58,357.93237167471244
47,NCT03647631,59,357.8595904970385
47,NCT03826446,60,357.5714943027711
47,NCT03581877,61,357.4777098903156
47,NCT04110912,62,357.3950719201283
47,NCT00042159,63,357.12397233189677
47,NCT02822391,64,356.9229679662411
47,NCT03336203,65,356.8419414757204
47,NCT04645576,66,356.6292143860923
47,NCT02055859,67,356.521611415863
47,NCT03266731,68,356.5211659065497
47,NCT02224560,69,356.4903651460488
47,NCT01952834,70,356.21143807976017
47,NCT03195907,71,355.99571589298336
47,NCT01310114,72,355.8829597034243
47,NCT04790149,73,355.8701453189682
47,NCT01220739,74,355.6116217073582
47,NCT04737655,75,355.54701719010103
47,NCT00624000,76,355.4475890477277
47,NCT03218410,77,355.202218619729
47,NCT01599546,78,354.920054587645
47,NCT03380715,79,354.82130628151276
47,NCT03235271,80,354.79638856597984
47,NCT03601273,81,354.71477716666465
47,NCT04544371,82,354.6970065025
47,NCT03036020,83,354.62234696547455
47,NCT01499784,84,354.57438064677365
47,NCT03284801,85,354.54801400677223
47,NCT02718534,86,354.5186561471202
47,NCT01599975,87,354.4998247482433
47,NCT03969511,88,354.249249170281
47,NCT04030741,89,354.23245512014773
47,NCT04659265,90,354.12979141236303
47,NCT01242150,91,353.77335934471836
47,NCT01183533,92,353.6621201713072
47,NCT04650425,93,353.5236924396721
47,NCT04400981,94,353.5216023710364
47,NCT00005903,95,353.50893026055854
47,NCT03682159,96,353.4706774882512
47,NCT03845595,97,353.41199858439984
47,NCT04859127,98,353.3795477867768
47,NCT02785120,99,353.36082281758047
47,NCT02734082,100,353.255745407259
48,NCT01119742,1,384.9434909501848
48,NCT00768599,2,384.26650708232205
48,NCT03824912,3,383.4798238042766
48,NCT01580891,4,382.61308774669294
48,NCT01519752,5,376.60887387839574
48,NCT00856596,6,372.0976935720711
48,NCT03072550,7,371.78646299467886
48,NCT01353976,8,370.48674039333525
48,NCT02335255,9,369.97176558551257
48,NCT01358240,10,369.2348249794265
48,NCT01524432,11,368.6691715288044
48,NCT04315051,12,367.20958656417906
48,NCT01110330,13,364.0275654790065
48,NCT03745183,14,362.8444530369184
48,NCT03336203,15,362.0107766258064
48,NCT02860052,16,361.2574926496483
48,NCT00653393,17,358.523064741265
48,NCT01580878,18,358.45479015838856
48,NCT02411734,19,358.38024566890397
48,NCT00775905,20,358.1080628048122
48,NCT01882894,21,358.0155599075839
48,NCT02767271,22,357.9421636455573
48,NCT01891305,23,357.7635015512479
48,NCT00775151,24,357.4534159202278
48,NCT00640263,25,354.8835031680389
48,NCT04152226,26,354.8300079649428
48,NCT03034330,27,354.6857122211247
48,NCT00682994,28,353.26549486496407
48,NCT02088866,29,353.217788403235
48,NCT03066336,30,352.5443384429053
48,NCT00869336,31,352.53405868173917
48,NCT01599975,32,352.5105508227325
48,NCT00723567,33,352.31319625348345
48,NCT01775501,34,351.6714028139899
48,NCT02394340,35,351.6254676712483
48,NCT01796314,36,351.53459160967054
48,NCT02842021,37,351.28801340163034
48,NCT01160536,38,350.9253245857141
48,NCT04342520,39,350.81353589788307
48,NCT02897622,40,350.3918374284103
48,NCT02242019,41,350.3376606133054
48,NCT02047136,42,350.0340571811904
48,NCT01290341,43,349.90462283669746
48,NCT01506791,44,349.8247137731163
48,NCT00835510,45,349.6104046182103
48,NCT04188574,46,349.4616872859714
48,NCT01506050,47,349.43374318992426
48,NCT01604031,48,349.4169284988415
48,NCT01080079,49,349.3979134095411
48,NCT02771496,50,349.2853899024077
48,NCT01506037,51,349.1471325840745
48,NCT00750139,52,348.88803573874765
48,NCT01599546,53,348.8858260030029
48,NCT04411927,54,348.532370139488
48,NCT02069366,55,348.52653540184104
48,NCT04129931,56,348.5175377143353
48,NCT01712360,57,348.4589883183701
48,NCT03617926,58,348.24215028281884
48,NCT01781507,59,348.1777942267369
48,NCT01314339,60,348.13600662994145
48,NCT01314352,61,348.111656195381
48,NCT01728753,62,347.7924523476551
48,NCT03506776,63,347.4455103168457
48,NCT03216200,64,347.3996472428587
48,NCT00655096,65,347.35555391703866
48,NCT03497039,66,347.1755374147862
48,NCT00111384,67,347.1422631012718
48,NCT01553318,68,347.0064692777578
48,NCT03320486,69,346.81148033057593
48,NCT03317262,70,346.6685695410381
48,NCT00092937,71,346.4013835244139
48,NCT04236843,72,346.307200685109
48,NCT03878316,73,346.2320533952492
48,NCT01118988,74,346.2313857868085
48,NCT00865111,75,346.1924588097034
48,NCT02871011,76,346.1883099398148
48,NCT00367627,77,346.18796996933844
48,NCT02633813,78,345.9948514501123
48,NCT03149692,79,345.9294409307785
48,NCT00975546,80,345.8131998636784
48,NCT03357042,81,345.64272043133536
48,NCT03108612,82,345.18245536657975
48,NCT02337179,83,344.920173367824
48,NCT00302146,84,344.9177303924574
48,NCT00284583,85,344.85806883353416
48,NCT00680160,86,344.7900373879866
48,NCT02463487,87,344.64388872545885
48,NCT03999437,88,344.58951357529077
48,NCT00000683,89,344.48395166659253
48,NCT02109952,90,343.8171552218304
48,NCT00893880,91,343.64446622924277
48,NCT01952834,92,343.49952571621105
48,NCT03278158,93,343.4618709176818
48,NCT01113268,94,343.38122688139026
48,NCT04463524,95,343.13954702630093
48,NCT00366132,96,343.08002086969003
48,NCT03420339,97,342.6493545203539
48,NCT00252603,98,342.4525048828182
48,NCT01223313,99,342.4124082709678
48,NCT04366037,100,342.3901815197385
49,NCT04226586,1,278.4767242403317
49,NCT00355030,2,267.5216279070681
49,NCT02375620,3,258.7110983478145
49,NCT04537390,4,257.0949424330921
49,NCT00001343,5,256.6799381061194
49,NCT02562911,6,256.0717858884822
49,NCT03986021,7,255.89258522616177
49,NCT00870220,8,255.66268595655856
49,NCT00734279,9,255.63158808107704
49,NCT03249480,10,255.45431412202203
49,NCT00029159,11,254.34844623434554
49,NCT02976675,12,254.2550499975554
49,NCT00837616,13,253.47477086834226
49,NCT01367834,14,252.6132937505067
49,NCT00191113,15,252.07277193205155
49,NCT04803474,16,251.73362293186824
49,NCT01944475,17,251.19928190123406
49,NCT03189160,18,250.7679466097376
49,NCT01248416,19,247.8906675712342
49,NCT03223025,20,247.74576369780368
49,NCT04244123,21,247.56353089556433
49,NCT01613573,22,247.26871483811726
49,NCT01495468,23,246.49316385593636
49,NCT00006334,24,246.41147620901802
49,NCT01746862,25,246.1353750799132
49,NCT02638922,26,245.84502955123327
49,NCT00121875,27,243.90577017807672
49,NCT01893047,28,243.84883293958382
49,NCT01626833,29,243.06676154111102
49,NCT01342146,30,242.95686126270394
49,NCT00001221,31,242.75578133527705
49,NCT02380235,32,242.74780150187047
49,NCT00250159,33,242.63703349876832
49,NCT04831099,34,241.75939958340703
49,NCT02314676,35,241.70878376874413
49,NCT02769962,36,241.25345179599245
49,NCT00463450,37,240.79183027138905
49,NCT02546193,38,240.56534294356067
49,NCT03309891,39,240.5463157227782
49,NCT02569437,40,240.45900004450672
49,NCT00882089,41,239.88736695358767
49,NCT00182078,42,239.82212372421301
49,NCT03473639,43,239.37458286562193
49,NCT04633057,44,239.23411832667423
49,NCT03212079,45,238.87815010757478
49,NCT02109952,46,238.46782690722688
49,NCT03005561,47,238.35631142220873
49,NCT04701034,48,238.34505358349898
49,NCT03566940,49,238.24074311606168
49,NCT01891149,50,238.20224619759244
49,NCT01553318,51,238.02111712992388
49,NCT00930007,52,237.92854370574244
49,NCT01757327,53,237.91101150344875
49,NCT00680979,54,237.78628014194084
49,NCT01599975,55,237.76972250245302
49,NCT01515254,56,237.70405443420825
49,NCT01428089,57,237.6157031110846
49,NCT01911884,58,237.51095865677556
49,NCT02474173,59,237.4326617660801
49,NCT01196156,60,237.38754194390168
49,NCT01272037,61,237.28829940676707
49,NCT03418961,62,237.24359854068274
49,NCT00044174,63,237.18331510031962
49,NCT00001202,64,236.98263831298465
49,NCT04559620,65,236.9820784078209
49,NCT02908958,66,236.98112064263444
49,NCT04329715,67,236.88411753332892
49,NCT00928759,68,236.82710096801324
49,NCT02429349,69,236.7709629156245
49,NCT02477644,70,236.59660991080224
49,NCT00206375,71,236.58846004711185
49,NCT00399529,72,236.5672986500514
49,NCT00494169,73,236.47681222242136
49,NCT01907334,74,236.23102113413518
49,NCT02379728,75,236.19718339152485
49,NCT00813189,76,236.08552680020054
49,NCT01687842,77,235.83852617063624
49,NCT00263445,78,235.81999143390323
49,NCT04806854,79,235.69634910779706
49,NCT03366155,80,235.5876819953431
49,NCT03704649,81,235.5538232643389
49,NCT02414529,82,235.46740693689833
49,NCT03613532,83,235.4526636267636
49,NCT02124070,84,235.2700928086506
49,NCT02800265,85,235.2366752593574
49,NCT04603820,86,235.21681950269078
49,NCT04313075,87,235.09472200748422
49,NCT00288301,88,235.08800930162687
49,NCT00878826,89,235.02681867127214
49,NCT04697381,90,235.02041711304176
49,NCT02623972,91,234.92718151300716
49,NCT03221088,92,234.92550202369654
49,NCT03109808,93,234.8774593973648
49,NCT01328613,94,234.67817469001005
49,NCT04722718,95,234.47185884233792
49,NCT02564848,96,234.43144491482636
49,NCT01775501,97,234.4281251881201
49,NCT00001181,98,234.3806485298641
49,NCT01158352,99,234.36164164185314
49,NCT00175305,100,234.33642464877738
50,NCT02936024,1,415.84328243020326
50,NCT01812109,2,409.85265448141234
50,NCT03291678,3,401.781350910616
50,NCT02158780,4,394.7164728464655
50,NCT03858127,5,391.15989220158355
50,NCT04821167,6,385.51414175194043
50,NCT04041505,7,382.860367085283
50,NCT02203318,8,373.7408094273917
50,NCT02235623,9,373.2762586609962
50,NCT00194636,10,371.18358711923145
50,NCT02606526,11,369.0483272381654
50,NCT00340665,12,368.5460291417096
50,NCT04528381,13,367.76910023729675
50,NCT04761419,14,367.30250968591747
50,NCT02677558,15,366.0096069434273
50,NCT04289168,16,365.98635669757624
50,NCT03980717,17,365.1971502108875
50,NCT00340652,18,364.73949223282654
50,NCT03334578,19,363.1800613543583
50,NCT04452305,20,362.5040329784579
50,NCT04425096,21,360.63452147303605
50,NCT01239225,22,360.49461456610254
50,NCT03008824,23,360.4444583157581
50,NCT01974011,24,360.16123138935075
50,NCT00640263,25,360.05650301705555
50,NCT01526486,26,360.03837845191293
50,NCT02546778,27,359.2988171948255
50,NCT01025362,28,358.54571263872083
50,NCT02055573,29,358.32174761230254
50,NCT03550716,30,357.7684363110884
50,NCT04514809,31,357.6561933700292
50,NCT03337893,32,356.3169189779477
50,NCT03690245,33,356.0207645749307
50,NCT04801121,34,355.1935242919617
50,NCT03149692,35,354.81252506779236
50,NCT03969979,36,354.74401557802315
50,NCT01924572,37,354.7224165857371
50,NCT02625688,38,354.69162712466715
50,NCT02492347,39,354.63372666888705
50,NCT00044369,40,354.0101308106421
50,NCT00343031,41,353.915450910682
50,NCT03291522,42,353.4386504378775
50,NCT02418832,43,353.402604981129
50,NCT03836430,44,353.00260162124255
50,NCT03212547,45,352.767577018845
50,NCT04374955,46,352.5499111585113
50,NCT01206270,47,352.44253182570765
50,NCT04233489,48,352.05150605566826
50,NCT01847937,49,352.03986124306505
50,NCT02379130,50,351.9719853691006
50,NCT02867579,51,351.8034979052834
50,NCT04544371,52,351.6425940707145
50,NCT02551783,53,351.64166110757037
50,NCT04052984,54,351.46231458172093
50,NCT02685137,55,351.393565670067
50,NCT03016195,56,351.35897829715327
50,NCT04559620,57,351.3096256255841
50,NCT00000879,58,351.1723376403561
50,NCT02524366,59,351.0064726795154
50,NCT04067596,60,350.9596036523401
50,NCT02084680,61,350.8797903461538
50,NCT02773498,62,350.6590999220714
50,NCT03763383,63,350.6427853392989
50,NCT03142984,64,350.56212082076314
50,NCT02361788,65,350.25981393317807
50,NCT04653402,66,349.8739354002401
50,NCT02110745,67,349.67228761233474
50,NCT02529826,68,349.5814232007435
50,NCT00367627,69,349.54837762955407
50,NCT00881660,70,349.4102710254354
50,NCT03405649,71,349.21853741585596
50,NCT01785680,72,349.2032564283021
50,NCT01196156,73,349.01310759739994
50,NCT02407184,74,348.95327135692213
50,NCT03345641,75,348.9387215146102
50,NCT02756169,76,348.87595620826727
50,NCT03316716,77,348.85183591849307
50,NCT01614379,78,348.8106534628091
50,NCT03040375,79,348.7579224281012
50,NCT00310349,80,348.6169069810702
50,NCT04836754,81,348.5783825762859
50,NCT00714064,82,348.5476804640829
50,NCT01659528,83,348.5341224278954
50,NCT02617173,84,348.48226760288463
50,NCT02244424,85,348.4265498529832
50,NCT02769468,86,348.0629914129997
50,NCT01304927,87,347.9417329588266
50,NCT00021671,88,347.8317429611253
50,NCT04764695,89,347.76636078769576
50,NCT00686946,90,347.72998128165665
50,NCT03320083,91,347.5027986226078
50,NCT01645384,92,347.4234699938813
50,NCT02641769,93,347.415464578776
50,NCT03745365,94,347.36441716361634
50,NCT04856735,95,346.84537568144685
50,NCT03750370,96,346.7885638320406
50,NCT03044821,97,346.78774192315075
50,NCT02220413,98,346.6839424025513
50,NCT03134703,99,346.6579472251773
50,NCT04576845,100,346.4652351889155
51,NCT02321800,1,280.25332466647586
51,NCT00481689,2,276.1598945749079
51,NCT03354598,3,273.2511434637382
51,NCT03366207,4,272.47555395052507
51,NCT00669994,5,271.28998854702684
51,NCT01345929,6,269.06709604842723
51,NCT01381549,7,268.7435626070556
51,NCT03697993,8,265.59793644536313
51,NCT02641015,9,264.3650096151679
51,NCT03788967,10,261.033099600649
51,NCT04505683,11,260.9164197781781
51,NCT03357614,12,260.12421739761913
51,NCT03580044,13,258.7543664377352
51,NCT00801021,14,256.76545073272666
51,NCT04197739,15,255.93506588359364
51,NCT02302092,16,253.86684401273362
51,NCT01928433,17,253.67818992092455
51,NCT02871024,18,252.8672549370334
51,NCT02166476,19,252.74389544650842
51,NCT01994538,20,252.07987504571065
51,NCT00305227,21,250.9164517240415
51,NCT02439632,22,250.37027953647635
51,NCT03568942,23,250.1418251161295
51,NCT04191148,24,250.11742635722072
51,NCT03252028,25,247.80859833448017
51,NCT02497781,26,247.07502364212417
51,NCT00261807,27,247.004921679471
51,NCT04575493,28,246.151445245881
51,NCT04187144,29,245.91016843751646
51,NCT00146731,30,244.04388420890672
51,NCT04020341,31,243.41944258407423
51,NCT00402727,32,243.23906991741868
51,NCT03638830,33,242.4575084849014
51,NCT03163394,34,242.39155711592116
51,NCT00921024,35,242.08993380019348
51,NCT00326443,36,241.69101697302568
51,NCT00239161,37,240.94403579684422
51,NCT01800799,38,240.55351850889323
51,NCT02536638,39,239.96359569085743
51,NCT03018288,40,239.8036912031826
51,NCT01595529,41,239.64111387655714
51,NCT03643952,42,239.619624362444
51,NCT03197025,43,239.59479886876895
51,NCT04686318,44,238.97998901940474
51,NCT02639520,45,238.82753160211143
51,NCT03983850,46,238.68109831997896
51,NCT00598403,47,238.53322485293174
51,NCT01637194,48,238.47991995780504
51,NCT01280461,49,238.33090492646446
51,NCT02769962,50,238.14494446469268
51,NCT04437810,51,238.05899891818112
51,NCT04667195,52,237.9433708838712
51,NCT02424461,53,237.80819794207653
51,NCT02396134,54,237.60137731358662
51,NCT02959957,55,237.56298689225835
51,NCT03732365,56,237.21340844105478
51,NCT03937791,57,237.18563201947347
51,NCT02814916,58,237.06937103903823
51,NCT03243305,59,236.5678953241219
51,NCT00722735,60,236.5346727814546
51,NCT00489385,61,236.47295259674374
51,NCT01301001,62,236.46274606518725
51,NCT01599975,63,236.36148240416753
51,NCT01720927,64,236.26644435472275
51,NCT03151967,65,236.2552810385824
51,NCT04855695,66,236.09510397205986
51,NCT03720392,67,236.0487194329421
51,NCT01245179,68,235.9705755195689
51,NCT04731961,69,235.8825897633232
51,NCT03856112,70,235.73288892842524
51,NCT02650011,71,235.31398709367
51,NCT04671290,72,235.31115548231867
51,NCT00004567,73,235.262081607622
51,NCT04701034,74,235.2384578615625
51,NCT01808755,75,235.22959903307867
51,NCT02025660,76,235.19766815908784
51,NCT00538694,77,235.12821127047954
51,NCT02113774,78,235.04902323106978
51,NCT00564135,79,234.92691559386938
51,NCT04054037,80,234.9217489822382
51,NCT01966653,81,234.8600173733548
51,NCT02411916,82,234.57167507728428
51,NCT04791579,83,234.53116225895633
51,NCT02492347,84,234.4431207958832
51,NCT01406587,85,234.25351460113833
51,NCT03506256,86,234.1447500178291
51,NCT03126864,87,233.98091612542643
51,NCT01119833,88,233.9326149039181
51,NCT03728426,89,233.89919622614326
51,NCT02914132,90,233.88257082680013
51,NCT02246270,91,233.7038470057012
51,NCT03405155,92,233.68588393399503
51,NCT02658396,93,233.66005252030416
51,NCT03032510,94,233.42038280391358
51,NCT01164514,95,233.28572180193893
51,NCT03613532,96,233.2754334641181
51,NCT03589768,97,233.19040545039968
51,NCT00111397,98,233.14230075046052
51,NCT00118040,99,233.10794261939662
51,NCT01868464,100,233.1076821566929
52,NCT03565393,1,326.71279215393037
52,NCT00229944,2,324.82453919848723
52,NCT00672308,3,322.88940237831497
52,NCT00226616,4,319.1135764991726
52,NCT00324285,5,318.0247625914336
52,NCT02936167,6,317.8404627224234
52,NCT03043131,7,316.293618334551
52,NCT03237663,8,312.8192540958195
52,NCT04237181,9,311.84177989269386
52,NCT01821586,10,310.13152051545717
52,NCT01823952,11,309.28199686704477
52,NCT03152188,12,307.80635981426326
52,NCT00367627,13,306.63088341678537
52,NCT00130741,14,304.82713861424253
52,NCT03005379,15,304.22111116206565
52,NCT03796598,16,301.20904303097353
52,NCT03261297,17,300.2678173158414
52,NCT03420482,18,299.84652424745514
52,NCT01226992,19,299.5120722321688
52,NCT04486326,20,299.47347705267805
52,NCT02134392,21,299.06530301763274
52,NCT03144817,22,298.3357914300082
52,NCT02686645,23,298.2065711121476
52,NCT02299973,24,297.8332580400507
52,NCT01722578,25,297.76628391238324
52,NCT01640119,26,297.38292418548565
52,NCT02431533,27,297.31378512073866
52,NCT02130778,28,295.6840688587001
52,NCT00138476,29,294.307580442433
52,NCT01170754,30,294.2064919093759
52,NCT00597909,31,294.1245245563631
52,NCT04557215,32,293.49057226855035
52,NCT00800930,33,293.487338682135
52,NCT00353340,34,293.40705321398696
52,NCT01025583,35,293.20760346174836
52,NCT03427229,36,293.04237397614224
52,NCT04358445,37,293.0009244496897
52,NCT03366740,38,292.90083432424757
52,NCT04277156,39,292.8316252863684
52,NCT01042951,40,292.43003779058
52,NCT04594954,41,292.4020116051603
52,NCT03407534,42,292.39532601769974
52,NCT04585542,43,292.3667204861525
52,NCT00142272,44,292.24966370287086
52,NCT02968511,45,292.2434750937508
52,NCT00269399,46,292.01048332445527
52,NCT04269174,47,291.9415090597934
52,NCT01034228,48,291.8734871000836
52,NCT00200057,49,291.6502117249554
52,NCT03341767,50,291.5712316643226
52,NCT03489265,51,291.43919304441687
52,NCT00760825,52,291.3577684549969
52,NCT00272818,53,290.02013473290714
52,NCT03763175,54,289.9690067223785
52,NCT01198587,55,289.5071412510321
52,NCT03557788,56,289.3932726438442
52,NCT03166670,57,289.1415618224129
52,NCT01868373,58,289.0775037668681
52,NCT04121169,59,289.05910441768935
52,NCT03025152,60,288.6250474674295
52,NCT00564863,61,288.5879645697121
52,NCT03666572,62,288.3727753740662
52,NCT00937274,63,288.3475590420329
52,NCT02652364,64,288.0054846903139
52,NCT02127814,65,287.73412422143804
52,NCT03057392,66,287.7110902609268
52,NCT00763399,67,287.58108803441183
52,NCT02112279,68,287.0761961494321
52,NCT01969214,69,287.00434820680226
52,NCT01959048,70,286.67222982721205
52,NCT01630096,71,286.6555524646542
52,NCT01472978,72,286.4816597842309
52,NCT03336034,73,286.4338602438397
52,NCT04691544,74,286.2370570125981
52,NCT00001128,75,286.2303844936881
52,NCT01162863,76,285.7661007159248
52,NCT02667977,77,285.7567255839738
52,NCT02301000,78,285.6458175873417
52,NCT00553722,79,285.32198624810843
52,NCT04189874,80,285.3114548359723
52,NCT01019083,81,285.23813782999605
52,NCT00307476,82,285.19976366293974
52,NCT02171403,83,284.8669587039593
52,NCT00866476,84,284.79654017716877
52,NCT01234883,85,284.7091913528838
52,NCT03394040,86,284.34206633608983
52,NCT03617172,87,284.2188018283112
52,NCT00662675,88,284.1763987949785
52,NCT02391012,89,284.0499891253481
52,NCT03856359,90,283.86654500588327
52,NCT02954159,91,283.6608735646202
52,NCT02746432,92,283.48937865545855
52,NCT04782037,93,283.43713251903597
52,NCT02932072,94,283.08073246001
52,NCT02498418,95,283.06433154936263
52,NCT04402424,96,282.91264605071876
52,NCT03834038,97,282.7203954452655
52,NCT03683069,98,282.6581295273688
52,NCT01266629,99,282.6279690876298
52,NCT04236843,100,282.4847383808354
53,NCT03380715,1,158.68509834175202
53,NCT00356512,2,156.32182336054066
53,NCT02802449,3,155.93439808092717
53,NCT04184661,4,155.15705729312734
53,NCT00764816,5,154.84380398671578
53,NCT02769962,6,154.1489418048681
53,NCT03836495,7,153.49660033506586
53,NCT01160536,8,152.6908717174286
53,NCT03336203,9,152.37793073531026
53,NCT00222872,10,151.67733240574864
53,NCT03948386,11,151.5933875132297
53,NCT03994172,12,150.1293959352377
53,NCT01528176,13,150.08047770092975
53,NCT01323608,14,149.89630617365003
53,NCT03158805,15,149.73112915909783
53,NCT00891813,16,149.3536593033598
53,NCT01357317,17,149.23332829210884
53,NCT03013387,18,148.93064594120207
53,NCT03976687,19,148.8725206142453
53,NCT02820025,20,148.40400277333194
53,NCT02056730,21,148.233255243879
53,NCT01748812,22,148.00308649942042
53,NCT03405207,23,147.7844965361668
53,NCT00724178,24,147.61781957654364
53,NCT00417612,25,147.60333436800497
53,NCT00785824,26,147.4327813468356
53,NCT00520468,27,147.40735663664807
53,NCT03473639,28,147.34675559521446
53,NCT03516773,29,147.10546947334518
53,NCT03105388,30,147.0681911550312
53,NCT00095784,31,147.0480254933548
53,NCT03273712,32,146.6156675991136
53,NCT02190695,33,146.49777944117224
53,NCT00381914,34,146.36643805813966
53,NCT04579315,35,146.2969597438986
53,NCT03365882,36,146.22205176973443
53,NCT02414529,37,146.08050229192915
53,NCT02449902,38,146.02007333894852
53,NCT01651039,39,145.90448973017254
53,NCT00342706,40,145.89026662051828
53,NCT00177411,41,145.7485622614901
53,NCT00146731,42,145.7396357104073
53,NCT03459469,43,145.54924092779586
53,NCT01688466,44,145.53945066603382
53,NCT01713972,45,145.41571082465939
53,NCT01135199,46,145.38643867203854
53,NCT00974532,47,145.28372278996872
53,NCT01978314,48,145.24126870523946
53,NCT00646282,49,145.16777569011185
53,NCT03811886,50,145.1632837131345
53,NCT02441088,51,145.10931232418096
53,NCT00796679,52,145.06933572484525
53,NCT03984760,53,145.04026507721215
53,NCT00781417,54,144.87220292485927
53,NCT04364113,55,144.85336489125723
53,NCT00941070,56,144.85320766917346
53,NCT02960230,57,144.78500224284167
53,NCT03603444,58,144.71542980066545
53,NCT01909115,59,144.71462579110434
53,NCT00489385,60,144.54957881681287
53,NCT04620187,61,144.4965465746934
53,NCT00395538,62,144.48959107365675
53,NCT01277510,63,144.40289280005632
53,NCT02534714,64,144.40134411100715
53,NCT00933244,65,144.2661700793646
53,NCT04691960,66,144.2594082815622
53,NCT00377312,67,144.14497812197823
53,NCT04839393,68,144.11114683483203
53,NCT03542175,69,144.06627588627845
53,NCT03373409,70,144.0394822014291
53,NCT00364000,71,144.00032835256854
53,NCT03386578,72,143.98644390909857
53,NCT01476501,73,143.91519709353807
53,NCT00413478,74,143.9025301624922
53,NCT01092338,75,143.83397309955262
53,NCT04339140,76,143.73929709724246
53,NCT00172107,77,143.5781396824273
53,NCT01220050,78,143.5355275049115
53,NCT01553318,79,143.47337166409375
53,NCT00608400,80,143.43456691367223
53,NCT01260103,81,143.43127426174627
53,NCT03415776,82,143.33313401030182
53,NCT01965834,83,143.33192835263552
53,NCT00113321,84,143.2797122857269
53,NCT04633252,85,143.26884343022417
53,NCT01832623,86,143.26827598650334
53,NCT04143074,87,143.25495706095612
53,NCT03847207,88,143.22731354858865
53,NCT03533010,89,143.17645655247776
53,NCT01856946,90,143.17014925468854
53,NCT03194087,91,143.15551792444688
53,NCT03728426,92,143.13539591359063
53,NCT02569437,93,143.0930251583365
53,NCT03681028,94,142.9783947976753
53,NCT01354262,95,142.97833091808755
53,NCT02389751,96,142.97642683810216
53,NCT02978625,97,142.84894441125167
53,NCT03018288,98,142.68511435556198
53,NCT00088309,99,142.63787927229654
53,NCT00187629,100,142.6124823622157
54,NCT00104299,1,306.8698986641895
54,NCT03385668,2,306.352026127964
54,NCT01934504,3,302.73282309437155
54,NCT01275274,4,298.7297103172529
54,NCT00301652,5,293.81518623730545
54,NCT02749292,6,293.70570150505904
54,NCT00482066,7,291.85893868719654
54,NCT03902262,8,291.77416080160356
54,NCT02126098,9,290.7578810249429
54,NCT01241305,10,289.8217433616615
54,NCT04316494,11,289.4443359760539
54,NCT03482479,12,288.9019705480093
54,NCT02169219,13,288.8658402102275
54,NCT00315393,14,286.23547261766805
54,NCT01697267,15,286.1415206550079
54,NCT00072592,16,285.6445128354414
54,NCT02222155,17,285.5208375500778
54,NCT00530075,18,285.4771966317479
54,NCT00987389,19,285.4350000885506
54,NCT00001901,20,284.8190790097575
54,NCT01862068,21,283.8379407527653
54,NCT02994927,22,282.31608790556675
54,NCT02807103,23,282.2585133309451
54,NCT01363388,24,281.80775333854
54,NCT00405860,25,280.5640838956445
54,NCT03892785,26,279.92054613608155
54,NCT00005007,27,278.5284697389246
54,NCT02020889,28,277.4142903818437
54,NCT03548103,29,277.128837216471
54,NCT02947945,30,275.5290740440057
54,NCT01598857,31,274.28269769393575
54,NCT03867487,32,273.73642333379775
54,NCT00430105,33,271.8111425974463
54,NCT02936167,34,271.1511621370523
54,NCT01446211,35,270.9864089069819
54,NCT03906227,36,270.94040403399634
54,NCT00004567,37,270.7079042003139
54,NCT02495038,38,270.65173055785584
54,NCT03336203,39,270.44363378456796
54,NCT03342417,40,270.40949087204257
54,NCT01249222,41,269.7010516214349
54,NCT04164745,42,269.67730509515127
54,NCT04676724,43,269.0648406418395
54,NCT03782870,44,268.9876877998447
54,NCT00845650,45,268.28479554134367
54,NCT02117661,46,267.7501920632767
54,NCT02902731,47,267.3104503940934
54,NCT04782687,48,267.1797099027579
54,NCT02591667,49,267.01262844879847
54,NCT04544956,50,266.68528958145953
54,NCT00001761,51,266.65446598370505
54,NCT04855695,52,266.62246712026825
54,NCT03945825,53,266.5412786472424
54,NCT04005924,54,266.46416111637524
54,NCT03261466,55,266.3654518094503
54,NCT01707771,56,266.34242193763976
54,NCT02187172,57,265.5672480818381
54,NCT03026504,58,265.49991665149804
54,NCT00152945,59,264.80294144518206
54,NCT04706715,60,264.70296560543227
54,NCT01933724,61,264.6263409284305
54,NCT03182049,62,264.624621149125
54,NCT00997958,63,264.51633039011546
54,NCT04052880,64,264.504056691272
54,NCT04392505,65,264.48962432551474
54,NCT02108860,66,264.3376220235512
54,NCT03373409,67,264.2761676515278
54,NCT02950389,68,264.27568676147905
54,NCT02459652,69,264.26123156904146
54,NCT00725764,70,264.15441604905624
54,NCT01272856,71,264.0165569414736
54,NCT02820155,72,263.86372251982107
54,NCT03036670,73,263.3552524702045
54,NCT04449029,74,263.2442491627241
54,NCT00001256,75,263.07125457602234
54,NCT02860819,76,262.80665370465624
54,NCT01167491,77,262.77037063697435
54,NCT02833610,78,262.5988344382768
54,NCT03150836,79,262.4542165107415
54,NCT00545545,80,262.3607891120811
54,NCT04832880,81,262.3229359814297
54,NCT01965834,82,262.22129238994296
54,NCT00315406,83,262.112256578599
54,NCT04719715,84,262.0950346031598
54,NCT03773666,85,262.0758398500948
54,NCT02813707,86,262.0495403315183
54,NCT01408836,87,262.01986496272093
54,NCT03436420,88,261.9126571739231
54,NCT03084471,89,261.674566174408
54,NCT01940094,90,261.6332998024459
54,NCT01458652,91,261.6167530044012
54,NCT04129151,92,261.53232879679075
54,NCT01599013,93,261.4470320283281
54,NCT04129931,94,261.4005888825348
54,NCT04401345,95,261.3899875149181
54,NCT03010436,96,261.1216550448652
54,NCT00639600,97,261.077206011006
54,NCT03001323,98,260.7324645618994
54,NCT00160407,99,260.5355721280164
54,NCT04430894,100,260.44146117387794
55,NCT01472874,1,304.0333525726282
55,NCT04567797,2,296.3046508850722
55,NCT03539952,3,288.63929673774976
55,NCT03867526,4,285.86509980405265
55,NCT04408300,5,284.48321216515467
55,NCT00001986,6,284.4096478124655
55,NCT04858074,7,280.9828019006011
55,NCT00663988,8,279.9401212684372
55,NCT03041714,9,279.68105871778556
55,NCT03156517,10,278.22823850251075
55,NCT03778060,11,274.62427765712016
55,NCT03832426,12,274.52851649768104
55,NCT03913780,13,274.0068123117707
55,NCT03805750,14,273.7648780427709
55,NCT00016679,15,273.74803061835826
55,NCT04612088,16,273.1153520953929
55,NCT02916628,17,273.0328802608395
55,NCT03651063,18,272.7066463677442
55,NCT04236843,19,272.4696170054036
55,NCT01775501,20,272.44818981470087
55,NCT03336203,21,272.3421584074708
55,NCT04064957,22,272.211696092739
55,NCT03043131,23,271.6299480833398
55,NCT02130778,24,271.06473809556894
55,NCT00080366,25,270.5141782094692
55,NCT04618744,26,270.16947207564806
55,NCT03213717,27,269.0922295361506
55,NCT03418883,28,268.91106827590363
55,NCT04402034,29,268.8655969513731
55,NCT03001050,30,268.74556356053625
55,NCT01599975,31,268.5974434237627
55,NCT04601207,32,268.53507985516535
55,NCT01191944,33,267.9082985506677
55,NCT02495883,34,267.7322979133302
55,NCT03815409,35,267.7072015201473
55,NCT02427646,36,267.25372732364343
55,NCT03149692,37,266.9639499363387
55,NCT03589820,38,266.852033810526
55,NCT02441985,39,266.7660422023152
55,NCT02886767,40,266.7624319033896
55,NCT00638482,41,266.31063985071313
55,NCT04561804,42,266.0369975363806
55,NCT00646451,43,265.9763351353066
55,NCT04828356,44,265.85905179196453
55,NCT00104494,45,265.8488053797054
55,NCT02912871,46,265.8022555673138
55,NCT00291265,47,265.7981772775301
55,NCT00138476,48,265.77770718767215
55,NCT02087046,49,265.7116994891741
55,NCT04198246,50,265.7035547201952
55,NCT02370108,51,265.35157545466694
55,NCT01777893,52,265.17898681669806
55,NCT03230539,53,265.1570142302781
55,NCT00367627,54,265.0508406397721
55,NCT01722578,55,264.93132992478706
55,NCT02936167,56,264.9149427582764
55,NCT03902262,57,264.9117794338095
55,NCT03736915,58,264.69167695053545
55,NCT04342520,59,264.6122414640853
55,NCT00102596,60,264.4591177718496
55,NCT02718612,61,264.4536741739316
55,NCT01225679,62,264.41470556967374
55,NCT02527499,63,264.2972863811774
55,NCT00339469,64,264.2331120884759
55,NCT00092937,65,264.14687762596776
55,NCT03520855,66,264.1409722315432
55,NCT02505061,67,264.0784445906429
55,NCT04616014,68,263.8947623323276
55,NCT03239925,69,263.59104713876803
55,NCT01208649,70,263.530341493481
55,NCT00742911,71,263.5090799159855
55,NCT03376490,72,263.4557720463208
55,NCT03688685,73,263.4160104866339
55,NCT01908127,74,263.39842110924957
55,NCT00322933,75,263.3532857830307
55,NCT03548103,76,263.2418307316597
55,NCT00738283,77,263.17146164100933
55,NCT03763383,78,262.7325528152121
55,NCT02119611,79,262.71086083663937
55,NCT02626208,80,262.4708009452354
55,NCT00723567,81,262.4120633574232
55,NCT00422708,82,262.13746091790244
55,NCT03970486,83,262.00940578342926
55,NCT00663312,84,261.96913551062846
55,NCT01553318,85,261.8032099388936
55,NCT00489385,86,261.7672452411961
55,NCT03582137,87,261.72525229269735
55,NCT00128869,88,261.45925368742695
55,NCT04736836,89,261.3775356289292
55,NCT03623087,90,261.3629863906168
55,NCT04411927,91,261.3018577821503
55,NCT02737540,92,261.2888175334165
55,NCT02678975,93,261.2785103196891
55,NCT01716403,94,261.2352810252309
55,NCT00848172,95,261.23314631986943
55,NCT00878605,96,261.2016498415105
55,NCT01468948,97,261.1685193477254
55,NCT04701112,98,261.16826498051455
55,NCT04121247,99,261.0754938241423
55,NCT03337893,100,261.00505395971635
56,NCT03439709,1,292.70647789346725
56,NCT00921609,2,280.3786741648677
56,NCT01029275,3,269.9911116709051
56,NCT04522180,4,266.25414534272454
56,NCT00001860,5,265.75114001064657
56,NCT00993356,6,265.10549175774474
56,NCT00447499,7,261.6375783522316
56,NCT01371643,8,258.5380956767683
56,NCT02629549,9,256.01880991237164
56,NCT01861717,10,254.37610422188345
56,NCT02952885,11,253.34401100519244
56,NCT03548415,12,251.74929485750002
56,NCT02111044,13,251.49117648355684
56,NCT00615004,14,248.82933154369798
56,NCT01568359,15,247.40006801796596
56,NCT04066569,16,247.26867046025558
56,NCT03882034,17,246.13072628468797
56,NCT00646308,18,245.9271398032073
56,NCT03710499,19,245.0473507842796
56,NCT02493517,20,244.56630137835705
56,NCT03500913,21,243.27379699799684
56,NCT02668172,22,242.42723022277423
56,NCT00171886,23,242.1509835085607
56,NCT00690898,24,241.8780841774553
56,NCT00376064,25,241.34086475282385
56,NCT00600886,26,241.2099336565213
56,NCT01261000,27,239.2657495162935
56,NCT00225979,28,239.23827112418795
56,NCT01412424,29,238.9722005909391
56,NCT01424241,30,238.4006863809612
56,NCT00128232,31,236.9041114590513
56,NCT00182091,32,236.03168315845843
56,NCT00383708,33,235.2377044682144
56,NCT03401008,34,234.87844113041368
56,NCT00638287,35,234.31534552918166
56,NCT01809808,36,233.96682672087323
56,NCT03225755,37,233.82435554998935
56,NCT02296216,38,233.81497501120415
56,NCT02231593,39,233.78653612518426
56,NCT04520646,40,233.75209491235051
56,NCT04529356,41,233.74582992107202
56,NCT00616642,42,233.26013719658997
56,NCT00915954,43,232.74785763163723
56,NCT03346954,44,232.4466988493316
56,NCT02357498,45,231.6615556807071
56,NCT03045302,46,230.84765975163043
56,NCT01902420,47,230.52814115386042
56,NCT02419664,48,230.41833469562738
56,NCT03677713,49,230.33626565884842
56,NCT00242541,50,230.29714969840438
56,NCT00068042,51,229.85085587770425
56,NCT02005978,52,229.59431600046426
56,NCT00468624,53,229.21660144841334
56,NCT03158090,54,229.11699771773203
56,NCT01995734,55,228.263161855141
56,NCT03014687,56,228.2311269570975
56,NCT03225040,57,227.54996263122933
56,NCT00461240,58,227.43178127658166
56,NCT03309891,59,227.30320922265017
56,NCT03678389,60,227.04887825340046
56,NCT00068029,61,226.71651722296707
56,NCT01612624,62,226.6907734716105
56,NCT04076046,63,226.46908754728318
56,NCT00444873,64,224.63717789968868
56,NCT00461149,65,224.53961108058027
56,NCT02084134,66,224.1637551490494
56,NCT02084095,67,224.0869272244261
56,NCT03042026,68,223.77232776688112
56,NCT01804413,69,223.61515515923165
56,NCT01556230,70,223.33865556912542
56,NCT04529369,71,223.17544113686918
56,NCT03031535,72,222.87137840318482
56,NCT02946606,73,222.6800414500141
56,NCT02396953,74,222.57133206478142
56,NCT00521300,75,222.22961923734198
56,NCT04018963,76,221.96503278293054
56,NCT01723748,77,221.69545791766564
56,NCT04569591,78,221.40694567491792
56,NCT01137682,79,221.37035247691625
56,NCT00145405,80,221.07957269278003
56,NCT00627796,81,220.949940638869
56,NCT02685709,82,220.6104255895563
56,NCT03336203,83,220.5749782241893
56,NCT00552851,84,220.44291377404477
56,NCT02354508,85,220.32026290792408
56,NCT00616408,86,219.966256339044
56,NCT02988687,87,219.88586697470404
56,NCT00461188,88,219.81443356073262
56,NCT01752621,89,219.71370829703625
56,NCT04615273,90,219.61983434048295
56,NCT04785222,91,219.60900408874195
56,NCT01225666,92,219.55294128716082
56,NCT00663000,93,219.41849228224407
56,NCT02749227,94,219.04681035556808
56,NCT01952834,95,218.93145230145723
56,NCT00149721,96,218.86533777707407
56,NCT02109952,97,218.69938915319327
56,NCT02218385,98,218.18997796644985
56,NCT04488874,99,218.16555738269471
56,NCT02880930,100,217.99056419043723
57,NCT01893047,1,357.741688894235
57,NCT01160536,2,356.6252363211596
57,NCT04559620,3,350.4140113777655
57,NCT03323489,4,349.17084493777446
57,NCT00863642,5,347.8229024570984
57,NCT03259880,6,347.5074868232395
57,NCT00342706,7,345.88884443887315
57,NCT02546193,8,345.70688758265663
57,NCT02155244,9,345.3865634840641
57,NCT01859507,10,344.782807967393
57,NCT02379728,11,344.0726580999139
57,NCT00857051,12,343.0793372671295
57,NCT02743364,13,342.8065507116021
57,NCT04750044,14,341.72679916112025
57,NCT00182078,15,340.7218390213068
57,NCT02492347,16,339.9863285401501
57,NCT03422809,17,339.918413982974
57,NCT01051726,18,339.12972259123865
57,NCT01553318,19,338.7792561541373
57,NCT01624155,20,338.58172702760453
57,NCT02429349,21,338.5365258567362
57,NCT04586283,22,338.26015336688914
57,NCT04701034,23,338.24999925355104
57,NCT04743323,24,338.19624735376146
57,NCT02422147,25,337.8651171351628
57,NCT04477005,26,337.73065401604305
57,NCT03008824,27,337.4344808923597
57,NCT00799214,28,337.30069271064673
57,NCT02400359,29,337.05171087905825
57,NCT03336203,30,336.4895377003169
57,NCT04808726,31,336.42067303408174
57,NCT04753255,32,335.9584768590911
57,NCT03141359,33,335.15447802164516
57,NCT03595917,34,335.14523545193447
57,NCT00661882,35,335.0391355345222
57,NCT03948386,36,334.9890900164847
57,NCT03348098,37,334.6538460400821
57,NCT01562678,38,334.463607996279
57,NCT02474173,39,334.3227455439496
57,NCT02381561,40,334.08020994663195
57,NCT01206296,41,334.0728966369581
57,NCT01047800,42,333.79516321674436
57,NCT04368611,43,333.67627110767404
57,NCT00321893,44,333.5737099846278
57,NCT02768389,45,333.43868634672896
57,NCT02201095,46,333.42256721079895
57,NCT00000862,47,333.4047156474695
57,NCT04329143,48,333.3730262597457
57,NCT03286335,49,333.09550877723854
57,NCT01520675,50,332.9591971368478
57,NCT03092518,51,332.9529881577694
57,NCT00957307,52,332.9350938387315
57,NCT02099006,53,332.84567224210645
57,NCT03661047,54,332.17198834450636
57,NCT04373447,55,332.1549728610189
57,NCT04691960,56,332.09059624581016
57,NCT02109952,57,332.0513057709474
57,NCT04237181,58,332.0398562088005
57,NCT04216251,59,331.94806563855354
57,NCT04059185,60,331.9423752231934
57,NCT02588885,61,331.9263020903894
57,NCT00879190,62,331.9061038907668
57,NCT01775501,63,331.8958915537058
57,NCT01425177,64,331.78085804454224
57,NCT01766856,65,331.6297225996276
57,NCT04487886,66,331.52704510703336
57,NCT02226731,67,331.44094147814377
57,NCT01152853,68,331.408917875647
57,NCT03811886,69,331.18644053655527
57,NCT03034330,70,331.0766496989119
57,NCT00682994,71,331.05279905136547
57,NCT02223819,72,331.04400231671633
57,NCT02489617,73,330.91450016557104
57,NCT00922233,74,330.8531788508039
57,NCT00021671,75,330.84252926012056
57,NCT01849263,76,330.5516638742158
57,NCT04514809,77,330.5345293061523
57,NCT01758549,78,330.40463394689334
57,NCT04480190,79,330.3266064835159
57,NCT00937365,80,330.11629384459
57,NCT00093860,81,329.96564167185477
57,NCT00667498,82,329.9523074644401
57,NCT02185456,83,329.83157093002393
57,NCT04139577,84,329.76273278766473
57,NCT02110810,85,329.74736506501347
57,NCT02594475,86,329.58188631125273
57,NCT01335763,87,329.5071186510625
57,NCT00597506,88,329.39018261183185
57,NCT01118988,89,329.3350940356578
57,NCT04671095,90,329.29766576180623
57,NCT04071756,91,329.125404548826
57,NCT04652830,92,329.0982032975256
57,NCT03183570,93,329.04039105408015
57,NCT04474626,94,328.9920570336486
57,NCT02038699,95,328.98840517894934
57,NCT01109849,96,328.98804280040713
57,NCT03144804,97,328.9136293974204
57,NCT04034251,98,328.86912118640817
57,NCT03194308,99,328.73258261503565
57,NCT01717599,100,328.638333689756
58,NCT03591419,1,272.9302191504991
58,NCT04688463,2,266.16794839212093
58,NCT03902262,3,261.5895479092152
58,NCT00677989,4,254.27587118733325
58,NCT03159754,5,248.68850448270527
58,NCT00997516,6,248.5689074861814
58,NCT02687464,7,234.60745847482713
58,NCT02730585,8,234.50089820431313
58,NCT01203566,9,233.73537402754945
58,NCT03106467,10,233.0335047479119
58,NCT04618666,11,231.45710821500776
58,NCT04030741,12,230.97792522240826
58,NCT03234296,13,229.05821198486098
58,NCT01068288,14,228.03408967723135
58,NCT03236961,15,227.59068856890374
58,NCT01652170,16,227.45142092552027
58,NCT03947372,17,226.74209565147513
58,NCT02848820,18,226.29383559493897
58,NCT01356641,19,225.14104001961437
58,NCT04806789,20,224.69078298059503
58,NCT02800785,21,223.6953906732561
58,NCT03380793,22,223.0852136981814
58,NCT03754387,23,222.3457911173173
58,NCT04234035,24,221.13048743772654
58,NCT00413855,25,220.93284583674424
58,NCT01718275,26,220.82463630619745
58,NCT00135603,27,219.44801990433484
58,NCT01678365,28,219.31565641657514
58,NCT04253899,29,218.14842613225701
58,NCT04271826,30,217.9687552984879
58,NCT00863642,31,216.67245773699094
58,NCT02513953,32,216.5078059282914
58,NCT02731924,33,216.14691570004933
58,NCT02029781,34,215.81331782214625
58,NCT03324165,35,215.4677480751135
58,NCT00195923,36,214.68981586451943
58,NCT00971438,37,214.53104387796458
58,NCT00462020,38,213.26229373685817
58,NCT02271932,39,213.21067383869556
58,NCT04713527,40,211.97566346194603
58,NCT03186105,41,211.0427611775802
58,NCT04614519,42,210.9172861627465
58,NCT01069900,43,210.73229391738832
58,NCT03688295,44,210.51781608014298
58,NCT00414375,45,210.38669876564757
58,NCT04117061,46,209.11485447841227
58,NCT01096927,47,208.0739095300037
58,NCT00952133,48,207.67933589311937
58,NCT02624089,49,207.4136567675006
58,NCT04281251,50,207.3212274232842
58,NCT00733603,51,206.5896922987177
58,NCT03521011,52,206.4865364956176
58,NCT02724410,53,206.4100659245483
58,NCT04519086,54,205.4720350831465
58,NCT01260064,55,205.3295207333061
58,NCT02533869,56,205.21347330590572
58,NCT00492726,57,205.19965220396273
58,NCT01019239,58,205.10569087221415
58,NCT00754806,59,204.85134494869766
58,NCT04597723,60,204.68479960837462
58,NCT02497183,61,204.6094364413127
58,NCT04742881,62,204.57446186496233
58,NCT04693156,63,204.34911399029065
58,NCT04755179,64,204.2869866682818
58,NCT03259880,65,204.2266727393506
58,NCT02146521,66,204.16132955767833
58,NCT02149797,67,203.9356960552362
58,NCT04368611,68,203.85032834687897
58,NCT04329845,69,203.7791985231799
58,NCT04373447,70,203.63666780993503
58,NCT02653937,71,203.46392350253865
58,NCT02714023,72,202.86787213120516
58,NCT03795194,73,202.77706270752768
58,NCT04311385,74,202.69912550783675
58,NCT03349814,75,202.65634366897172
58,NCT04437043,76,202.64835761260773
58,NCT04856735,77,202.4787325973965
58,NCT04207645,78,202.02572430286926
58,NCT04606485,79,201.9434604702243
58,NCT04440150,80,201.6044651600204
58,NCT01067937,81,201.55896403398333
58,NCT02352519,82,201.14756269535968
58,NCT01675466,83,200.58267057011514
58,NCT03267082,84,200.23621525960016
58,NCT03391440,85,200.21939008723814
58,NCT00500435,86,200.15263448680636
58,NCT00981136,87,200.1469026934056
58,NCT00373074,88,200.09179666942507
58,NCT01922011,89,200.04509217193998
58,NCT03028181,90,199.9393001397858
58,NCT02795793,91,199.83793168930603
58,NCT01825863,92,199.8250355526567
58,NCT01961219,93,199.72296253849316
58,NCT02712814,94,199.55562888620963
58,NCT03146091,95,199.1470348229406
58,NCT03580044,96,198.89151065412517
58,NCT03171662,97,198.84090159570937
58,NCT03994887,98,198.15188355133907
58,NCT04637022,99,198.0534539746454
58,NCT03570398,100,197.8633781036697
59,NCT01907334,1,320.2063368525249
59,NCT00603382,2,318.97975431566744
59,NCT00603278,3,317.7890023641342
59,NCT00473460,4,317.28085404266574
59,NCT02013076,5,317.11517406195685
59,NCT00603746,6,316.3392139526373
59,NCT00819676,7,314.67895047616497
59,NCT03705325,8,310.5799229958212
59,NCT02869958,9,310.0320375341948
59,NCT01634113,10,309.8282619195537
59,NCT04264377,11,309.8075050825295
59,NCT01961154,12,308.8071955163052
59,NCT02730351,13,308.25701480356
59,NCT01498679,14,307.9551979386347
59,NCT01498653,15,307.67107161141746
59,NCT02135718,16,306.84013232084527
59,NCT02233803,17,306.57989594842724
59,NCT04129931,18,306.41863447600133
59,NCT02717689,19,306.2576860784536
59,NCT03299322,20,306.25560376863683
59,NCT02301975,21,306.1754906377663
59,NCT02175771,22,305.9598769646326
59,NCT01781507,23,305.5903156801874
59,NCT02040779,24,305.5525157771019
59,NCT00495157,25,305.4568450022257
59,NCT00381485,26,305.38180789181763
59,NCT00801307,27,304.51519532266065
59,NCT00394329,28,304.34713744589317
59,NCT03788057,29,303.98457674606567
59,NCT02141854,30,303.81211169983396
59,NCT00900874,31,303.4509501475596
59,NCT00395304,32,303.43722984003904
59,NCT02139644,33,303.1808497175858
59,NCT03781895,34,303.0005708754387
59,NCT00398645,35,302.7289467462932
59,NCT01287065,36,302.679813493929
59,NCT00640263,37,301.55045375313654
59,NCT00634517,38,301.4053563701459
59,NCT02094937,39,301.3775190183075
59,NCT00180661,40,300.6997236788996
59,NCT01436890,41,300.6910904589621
59,NCT01332292,42,300.60209154284263
59,NCT02031640,43,300.4246321614497
59,NCT01899144,44,300.42138224142656
59,NCT01397201,45,300.3507214910584
59,NCT02483975,46,299.833325161282
59,NCT01837316,47,299.602539362344
59,NCT01160536,48,299.5095547393277
59,NCT00595153,49,299.0356410914999
59,NCT01500525,50,298.96846974470765
59,NCT00662298,51,298.95561229923794
59,NCT03513471,52,298.77754956187226
59,NCT01978119,53,298.4677027867355
59,NCT03034330,54,298.44717282205374
59,NCT04773678,55,298.22737730262867
59,NCT01263340,56,297.9221367634729
59,NCT00442117,57,297.6427034776563
59,NCT00424008,58,297.40592092201143
59,NCT04048746,59,297.3880588830648
59,NCT00078208,60,297.2631384863312
59,NCT02691988,61,297.1688653665837
59,NCT03190759,62,296.97329642677687
59,NCT03046433,63,296.7149547808789
59,NCT01026870,64,296.5900801709256
59,NCT01269437,65,296.343411714455
59,NCT04035109,66,296.1714771507964
59,NCT03840044,67,296.0883422653697
59,NCT03012061,68,295.9388046131317
59,NCT00723567,69,295.92414071501565
59,NCT01397162,70,295.7879737904438
59,NCT02066129,71,295.661375622875
59,NCT02887911,72,295.37525777992846
59,NCT00471809,73,295.28480277732405
59,NCT02924688,74,295.15500872815545
59,NCT03546907,75,295.1275900013474
59,NCT02678949,76,294.9427851293508
59,NCT04821908,77,294.8584112145891
59,NCT02040766,78,294.80578674069346
59,NCT00565266,79,294.60311324615645
59,NCT02340520,80,294.4277727219068
59,NCT03184987,81,294.38941969590104
59,NCT02388997,82,294.2698553620274
59,NCT00585039,83,294.12775411664694
59,NCT00555607,84,293.95161158296764
59,NCT03363191,85,293.7817425774898
59,NCT02786927,86,293.7566049561917
59,NCT00273689,87,293.63768779013793
59,NCT04223843,88,293.5720963680419
59,NCT01879410,89,293.5515274995397
59,NCT04206761,90,293.5374596082551
59,NCT03317262,91,293.4865818744978
59,NCT03930732,92,293.3214355960838
59,NCT02181335,93,293.1913011311617
59,NCT01577953,94,293.17163001197
59,NCT04456673,95,293.02248978834785
59,NCT01634152,96,292.9128966049192
59,NCT02889809,97,292.8994889317898
59,NCT02358798,98,292.81005769257865
59,NCT01978145,99,292.7316301602636
59,NCT02555345,100,292.6341147738863
60,NCT02786290,1,280.50084772749005
60,NCT03372096,2,277.9194916161609
60,NCT01896973,3,277.039570441356
60,NCT03577236,4,276.39557658834735
60,NCT01789840,5,275.675804018687
60,NCT02524236,6,271.99309408619285
60,NCT02506465,7,271.9089142071034
60,NCT03902080,8,271.25065354741406
60,NCT00939120,9,268.3072061263298
60,NCT03423979,10,267.9463054814693
60,NCT01775488,11,267.2016894181562
60,NCT02167009,12,264.44580001150024
60,NCT04131907,13,263.8870933667645
60,NCT03605745,14,263.37833402183577
60,NCT03758222,15,263.1299125215621
60,NCT00743184,16,261.3163952728315
60,NCT02566551,17,260.494729605825
60,NCT01912339,18,260.23612271647073
60,NCT01931046,19,260.0330088721456
60,NCT02855892,20,259.65530852172253
60,NCT01410565,21,258.3713227843277
60,NCT03595735,22,258.3486611172874
60,NCT01469221,23,257.685613637264
60,NCT00918034,24,257.6636608236212
60,NCT00972309,25,257.4679958648339
60,NCT02006303,26,256.6257711451737
60,NCT02808013,27,255.87885400767297
60,NCT04032067,28,255.6990858435553
60,NCT02326454,29,255.54572139108018
60,NCT02757768,30,255.20624077263847
60,NCT00947882,31,254.82894076376678
60,NCT00583024,32,253.68713983070262
60,NCT02288455,33,253.3206651073025
60,NCT02628041,34,252.75269990165617
60,NCT03043222,35,252.6735857371002
60,NCT03179228,36,252.2499714184679
60,NCT04158245,37,251.43042567054673
60,NCT03637543,38,250.78342040107717
60,NCT03788967,39,250.43034333104796
60,NCT01967251,40,249.930544803026
60,NCT00683475,41,249.55224724763465
60,NCT00694551,42,249.33245634894834
60,NCT00850733,43,249.22402841458606
60,NCT00030602,44,248.79878134332648
60,NCT02766543,45,248.6364915981154
60,NCT00884273,46,248.63335582437907
60,NCT01197209,47,248.34397942928814
60,NCT00005072,48,248.23645916718644
60,NCT01534793,49,248.1196349548204
60,NCT02058368,50,248.0986260596058
60,NCT04309695,51,248.00236144532977
60,NCT04757116,52,247.92821969549496
60,NCT03305861,53,247.84830786849034
60,NCT00709488,54,247.74101552622545
60,NCT01303705,55,247.52554527407548
60,NCT03055624,56,247.43307926005653
60,NCT03042312,57,247.08409164678523
60,NCT01261754,58,247.07672257647403
60,NCT00567580,59,246.68282298140838
60,NCT00962390,60,246.673606588023
60,NCT02410135,61,246.64577235763014
60,NCT01846793,62,246.60181855952362
60,NCT03315871,63,246.26156934923824
60,NCT04825652,64,246.19966687117042
60,NCT00992745,65,245.9766016566882
60,NCT00573586,66,245.92117284688953
60,NCT00537849,67,245.85503140723912
60,NCT01294592,68,245.73892558503377
60,NCT01673490,69,245.37865117685138
60,NCT03262103,70,245.15684583817992
60,NCT03246802,71,244.57600968598365
60,NCT00100243,72,244.48902710859937
60,NCT02260817,73,244.42001616016012
60,NCT04529369,74,244.3220742262812
60,NCT01043588,75,244.0027016569781
60,NCT03976843,76,243.71798119301852
60,NCT04726748,77,243.70171370946096
60,NCT01650285,78,243.3731560610919
60,NCT00551525,79,243.33523132903892
60,NCT00889707,80,243.27414822916913
60,NCT04206319,81,242.89645675273243
60,NCT02003742,82,242.88674307339863
60,NCT02505919,83,242.8630579535848
60,NCT00090103,84,242.83695779176685
60,NCT00004050,85,242.75796237658864
60,NCT02244255,86,242.69853038152132
60,NCT00694291,87,242.27253827503458
60,NCT00527371,88,242.15614864745245
60,NCT00788307,89,242.0240859003437
60,NCT00685633,90,242.01973382966995
60,NCT00583492,91,241.91302524698895
60,NCT01438775,92,241.6831617502507
60,NCT02362451,93,241.59205297447537
60,NCT02649439,94,241.58057320559786
60,NCT02283684,95,241.56602736630728
60,NCT01777269,96,241.40790171467268
60,NCT03777982,97,241.27614092808852
60,NCT03373006,98,241.2127075902563
60,NCT03335059,99,241.09847563603827
60,NCT00431626,100,240.99129203633512
61,NCT01674140,1,264.9098062276205
61,NCT04084730,2,263.6199297071176
61,NCT02954874,3,261.8063195510121
61,NCT00882089,4,259.8892637250939
61,NCT01203839,5,258.8276345295687
61,NCT04849871,6,258.63357700267625
61,NCT03587740,7,257.4579711054827
61,NCT00789581,8,257.08431994782774
61,NCT00003519,9,255.91144665796685
61,NCT02076074,10,255.31867229313076
61,NCT03301350,11,254.78678382303585
61,NCT02926196,12,254.74951088216864
61,NCT01818999,13,254.67782565882902
61,NCT03612648,14,254.44881390286488
61,NCT04443348,15,253.77369044974628
61,NCT00103181,16,253.06245483012594
61,NCT01082211,17,252.97927659167988
61,NCT02750826,18,252.20418749057677
61,NCT00493870,19,252.0528820341209
61,NCT02957968,20,251.6219514432055
61,NCT01617915,21,250.85482074056395
61,NCT03281954,22,250.72732150577403
61,NCT00087178,23,250.6846032953635
61,NCT02776917,24,250.55916684047202
61,NCT01642771,25,250.05646547372862
61,NCT03812393,26,249.446441610892
61,NCT04569747,27,249.37745834186003
61,NCT00003830,28,249.21874835035348
61,NCT02764541,29,248.93097684066186
61,NCT01901094,30,248.83267665215658
61,NCT01853748,31,248.8191089332946
61,NCT04578106,32,248.80406308203416
61,NCT00130533,33,248.27309303557806
61,NCT02464774,34,248.11631974959874
61,NCT02789657,35,247.8857384177008
61,NCT02685332,36,247.80808929979176
61,NCT03878342,37,247.6372683415814
61,NCT03542175,38,246.9848992766842
61,NCT04457596,39,246.97040092009675
61,NCT00925652,40,246.92308255292747
61,NCT01670877,41,246.6122629015176
61,NCT00041119,42,246.32911891337778
61,NCT01272037,43,246.0492414435454
61,NCT03412643,44,245.91045144019893
61,NCT01352091,45,245.66010797513258
61,NCT01953588,46,245.54853299842415
61,NCT00005970,47,245.3967732036392
61,NCT03473639,48,245.36009277533466
61,NCT02003209,49,245.06192078414858
61,NCT03130439,50,244.77097369459784
61,NCT04425018,51,244.5408294763184
61,NCT04502680,52,244.47587078655638
61,NCT00066690,53,244.19592604991612
61,NCT02347449,54,244.12315777440358
61,NCT01869192,55,243.76888272469677
61,NCT04595565,56,243.52290797635396
61,NCT01368263,57,243.45264321405855
61,NCT00433511,58,243.28979704136927
61,NCT02206984,59,243.24330141708006
61,NCT01839838,60,243.13064481240886
61,NCT01982448,61,242.8156869095774
61,NCT02445391,62,242.76108230707717
61,NCT04584255,63,242.6855067684203
61,NCT03442504,64,242.6150463117626
61,NCT02945579,65,242.54760342622038
61,NCT02515110,66,242.54029309459185
61,NCT02926911,67,242.39067993173458
61,NCT00325598,68,242.26708196825177
61,NCT03725059,69,242.26044639703173
61,NCT02876640,70,242.11022179043758
61,NCT02625441,71,241.8750338002036
61,NCT00174655,72,241.73153469404997
61,NCT02131064,73,241.72863210205173
61,NCT02453737,74,241.7142658899637
61,NCT02564848,75,241.64599432530346
61,NCT04297267,76,241.6445487915682
61,NCT00593346,77,241.52353967492536
61,NCT01147016,78,241.50874327082434
61,NCT04301375,79,241.48272790108874
61,NCT00493649,80,241.29573324288936
61,NCT00527293,81,241.1475377737238
61,NCT00902954,82,240.63460358690975
61,NCT00911716,83,240.51440196532076
61,NCT03289039,84,240.4779354455208
61,NCT01278212,85,240.47444020166364
61,NCT02441933,86,240.45945874646426
61,NCT00365365,87,240.35406757810935
61,NCT00009945,88,240.13064724644127
61,NCT00374322,89,239.987303029595
61,NCT04266249,90,239.81965951115723
61,NCT03820830,91,239.80056361476898
61,NCT01766297,92,239.76676614215367
61,NCT00014612,93,239.71659369832946
61,NCT00119262,94,239.63184691756683
61,NCT03101683,95,239.34922810483127
61,NCT01864746,96,239.0371440257188
61,NCT00999804,97,238.73043332626307
61,NCT04052555,98,238.68938076147762
61,NCT01009437,99,238.68563902445734
61,NCT02125344,100,238.68446480928296
62,NCT00231231,1,564.3219689047202
62,NCT00178672,2,555.520303973368
62,NCT02089217,3,540.8464707373882
62,NCT03228459,4,532.7791807962776
62,NCT04290767,5,525.2722890086153
62,NCT00715273,6,524.3752437746439
62,NCT00147251,7,522.7237052098354
62,NCT02487615,8,522.5092129994108
62,NCT01264419,9,522.0913853765029
62,NCT03921827,10,520.2312716461184
62,NCT03425383,11,519.7144428668004
62,NCT01613898,12,519.0007439609243
62,NCT04738864,13,518.5415132739593
62,NCT02524106,14,518.1845356928477
62,NCT03758092,15,518.1768971335975
62,NCT03828422,16,517.3485892487665
62,NCT04040634,17,517.0434094886434
62,NCT03169257,18,516.7628068223906
62,NCT04825080,19,516.51059416993
62,NCT02992301,20,515.397589211755
62,NCT04036409,21,514.8574660687314
62,NCT04201132,22,514.6387713496513
62,NCT04176978,23,514.2367473067641
62,NCT03011775,24,512.8783188863282
62,NCT03929354,25,511.7849726837178
62,NCT03764306,26,511.0819641324763
62,NCT03464851,27,510.2266363611659
62,NCT00005696,28,510.1646260044323
62,NCT01284933,29,509.32056005579864
62,NCT00011258,30,508.09820102390694
62,NCT02062554,31,507.1796237139151
62,NCT03317652,32,506.68767130017403
62,NCT02546323,33,506.5701323134304
62,NCT01575249,34,504.4421949219471
62,NCT02069964,35,504.4142229675661
62,NCT02224339,36,502.7183261893091
62,NCT03291093,37,502.66037387842715
62,NCT03591523,38,502.3740337155224
62,NCT01389388,39,502.0200725488966
62,NCT02022618,40,501.8959840924078
62,NCT00772278,41,501.82932177524646
62,NCT03381534,42,501.13210509472475
62,NCT00307307,43,500.4846615606346
62,NCT04294316,44,500.2728367263532
62,NCT03646019,45,499.78011677593156
62,NCT04291430,46,499.6386518626359
62,NCT04087382,47,499.5958289882224
62,NCT03773172,48,499.23182344370065
62,NCT00744523,49,498.92378501772095
62,NCT00106938,50,498.86737011585865
62,NCT00005108,51,497.88871333957616
62,NCT02850588,52,497.2547561900757
62,NCT03309917,53,497.25124750852325
62,NCT03027674,54,497.1450951198515
62,NCT01170585,55,497.0621320280145
62,NCT03936881,56,496.91870506974334
62,NCT01132768,57,496.49664313157535
62,NCT04679727,58,496.1804438186539
62,NCT03223441,59,495.7137271202417
62,NCT04150315,60,495.3424511396648
62,NCT00228176,61,494.6709291524051
62,NCT03939351,62,494.21279041380507
62,NCT00005928,63,494.0973579516644
62,NCT00005479,64,494.0513122484003
62,NCT00225264,65,493.98963203575653
62,NCT00388713,66,493.8990954321429
62,NCT04095767,67,493.7138438642165
62,NCT00462475,68,493.5430606431015
62,NCT00904254,69,493.178054040313
62,NCT03721523,70,492.6737853533825
62,NCT03737175,71,492.51692680904375
62,NCT04347434,72,492.2337128254622
62,NCT00029146,73,492.1111177572282
62,NCT00660790,74,491.9284594276118
62,NCT02318628,75,491.7809607636614
62,NCT00983632,76,491.77105907077475
62,NCT01212900,77,491.69842397518687
62,NCT03596437,78,491.60842181087577
62,NCT02622750,79,491.39613457519806
62,NCT03273738,80,491.10318738196804
62,NCT02060643,81,491.05932301389385
62,NCT03982420,82,490.531411296908
62,NCT01770210,83,490.2808146781577
62,NCT02136758,84,490.2331842448743
62,NCT00659256,85,490.1002511924412
62,NCT03639545,86,490.0948536752113
62,NCT03920683,87,490.0351820251651
62,NCT00497094,88,489.1824544983634
62,NCT02476006,89,489.0939722261923
62,NCT00231270,90,488.7365388737539
62,NCT02476396,91,488.3283881461532
62,NCT00000469,92,488.3238101916226
62,NCT02732340,93,488.31541896854344
62,NCT01819597,94,487.6217868373976
62,NCT00180518,95,487.5804868268181
62,NCT00385385,96,486.9536183408136
62,NCT02775318,97,486.9389238204383
62,NCT04117750,98,486.8333418045258
62,NCT04730973,99,486.54132394636093
62,NCT03538327,100,486.508141289998
63,NCT00863642,1,368.4229430223119
63,NCT03591419,2,348.9312998165836
63,NCT02472509,3,347.04956633518395
63,NCT01190280,4,344.833174456388
63,NCT00161083,5,344.8276558653332
63,NCT04688463,6,343.47189416016715
63,NCT02155244,7,336.7752493197082
63,NCT03999333,8,335.81391672855483
63,NCT04030741,9,335.4500267698399
63,NCT02511522,10,334.30454827004553
63,NCT03323489,11,333.5527568976549
63,NCT00682565,12,332.1107543870802
63,NCT00504010,13,331.97596079966274
63,NCT00182078,14,331.21961177562974
63,NCT01553318,15,331.0231572259756
63,NCT03141359,16,330.9859096603487
63,NCT01311102,17,330.67502080639065
63,NCT02769962,18,330.50561334712074
63,NCT00553059,19,329.59764551006134
63,NCT03158805,20,329.41333121200347
63,NCT04350346,21,329.02536509635985
63,NCT01425177,22,328.814162976591
63,NCT01893047,23,328.5890646330601
63,NCT01599975,24,328.06379501518285
63,NCT00738621,25,327.9015513655591
63,NCT04290897,26,326.7144721267949
63,NCT01492790,27,326.4010113413372
63,NCT04033822,28,326.13292177883665
63,NCT00941681,29,325.9154465897678
63,NCT03900923,30,325.68655502847133
63,NCT04308265,31,325.59844004243274
63,NCT04482244,32,325.4381500869025
63,NCT00326443,33,325.41499486722165
63,NCT02682368,34,325.406677268823
63,NCT03380715,35,325.35263357674233
63,NCT02582307,36,325.3232376895504
63,NCT03529955,37,325.17382772509194
63,NCT02190695,38,325.10055534980893
63,NCT04134117,39,324.60657480490624
63,NCT03527186,40,324.35850897115205
63,NCT01775917,41,324.13700759517735
63,NCT00539994,42,324.01697659771423
63,NCT04234035,43,323.7339950849242
63,NCT02897622,44,323.5489929515632
63,NCT02069366,45,323.2760829099516
63,NCT02414529,46,323.0796320218358
63,NCT04555499,47,322.7836345083296
63,NCT04133480,48,322.6537584215329
63,NCT00342706,49,322.5107133769122
63,NCT02569437,50,322.24008506023534
63,NCT04237181,51,322.16238281134696
63,NCT01768546,52,322.0454366089583
63,NCT02067520,53,322.0212603616077
63,NCT00771108,54,321.9728130958072
63,NCT01624155,55,321.9351563661918
63,NCT00879190,56,321.56853961166695
63,NCT02146924,57,321.53430053468094
63,NCT00678132,58,321.44889380023193
63,NCT04717050,59,321.3860746567225
63,NCT00439179,60,321.36933561905175
63,NCT04474626,61,321.2892648799809
63,NCT04592549,62,320.9684929466403
63,NCT02185456,63,320.642149835449
63,NCT00468858,64,320.57430084056864
63,NCT03336203,65,320.5288190527389
63,NCT02546193,66,320.4310358766465
63,NCT02498964,67,320.32027700934634
63,NCT02066532,68,320.2828010716998
63,NCT00000862,69,320.2135739406881
63,NCT00666380,70,319.97657958400464
63,NCT04437043,71,319.8731068219032
63,NCT03709030,72,319.820604062449
63,NCT03008005,73,319.79845539074506
63,NCT01811069,74,319.7084139416696
63,NCT03647631,75,319.63936873001666
63,NCT01715220,76,319.628387562473
63,NCT02156947,77,319.58381491769666
63,NCT02743364,78,319.3636133897532
63,NCT02099006,79,319.3204769925145
63,NCT02768766,80,319.2565359343672
63,NCT03980717,81,319.1922274257023
63,NCT04592354,82,319.1107168495069
63,NCT04024046,83,319.0816656546861
63,NCT03974217,84,319.0357724454567
63,NCT01827657,85,318.8721634650075
63,NCT03945266,86,318.8192183497017
63,NCT04246398,87,318.80387624869866
63,NCT03595917,88,318.77577056716063
63,NCT01687751,89,318.7179689504625
63,NCT02379728,90,318.61545224319593
63,NCT03869788,91,318.56117898755997
63,NCT02836860,92,318.41250205323223
63,NCT00385047,93,318.15491498885933
63,NCT04691960,94,318.1188201849575
63,NCT00656942,95,317.92845774341197
63,NCT02658396,96,317.87554123488695
63,NCT00836810,97,317.8383985394434
63,NCT02407080,98,317.7440317723528
63,NCT03661047,99,317.518797381932
63,NCT01891149,100,317.49580219394045
64,NCT01896609,1,365.6484314134588
64,NCT00489385,2,361.99767080816525
64,NCT01455090,3,358.5613273671687
64,NCT01185028,4,357.91974592677246
64,NCT02060058,5,356.29762524335774
64,NCT00117533,6,355.6461203341603
64,NCT01732796,7,353.3844325760944
64,NCT01336010,8,352.97013774416934
64,NCT01443923,9,352.3707132587277
64,NCT01949168,10,351.29595991836175
64,NCT01995266,11,351.05193430607005
64,NCT00179413,12,349.421255133466
64,NCT02634008,13,348.9913567432232
64,NCT01441180,14,347.92572318848545
64,NCT02888106,15,347.60683505372316
64,NCT00973219,16,346.6553355985579
64,NCT02641379,17,346.25797230887
64,NCT00275938,18,346.21354249608794
64,NCT01750515,19,346.1483182784074
64,NCT02124044,20,345.8375240058538
64,NCT01350648,21,345.70281648712
64,NCT00039962,22,345.2609674285417
64,NCT03612973,23,345.2174635346716
64,NCT00310336,24,344.0660119862868
64,NCT00085917,25,344.01536340236066
64,NCT01805882,26,343.88280824339466
64,NCT00154869,27,343.65431570934584
64,NCT02952924,28,343.5680371970217
64,NCT00882193,29,343.4568035387205
64,NCT01297270,30,342.90947634257924
64,NCT01937728,31,342.66339174077865
64,NCT01391117,32,342.5850968190519
64,NCT02483156,33,342.58220116834707
64,NCT00300807,34,342.39306084837125
64,NCT01899092,35,342.20079345967025
64,NCT03496233,36,342.0690821336781
64,NCT00502970,37,341.68469478401096
64,NCT02340962,38,341.50414460474394
64,NCT04365868,39,341.48774376783723
64,NCT00188240,40,341.37361945415944
64,NCT03520660,41,341.0979206392567
64,NCT01858961,42,340.51843151760994
64,NCT00226382,43,340.47123801557626
64,NCT00854802,44,340.36525697073523
64,NCT00803309,45,340.26684559286724
64,NCT00629967,46,340.22289354098467
64,NCT03852433,47,340.1627790358661
64,NCT02734173,48,340.08404295937737
64,NCT01878799,49,339.8880304129749
64,NCT01500616,50,339.8713319750122
64,NCT00015652,51,339.52361865016275
64,NCT02397395,52,339.3784150774254
64,NCT00207311,53,339.2264524156108
64,NCT02594293,54,339.1823678454059
64,NCT00834860,55,339.14102795279484
64,NCT01273948,56,339.1289695964477
64,NCT01908335,57,338.849054783325
64,NCT00040027,58,338.7601607346263
64,NCT00225537,59,338.5229670980234
64,NCT01608737,60,338.51538620570307
64,NCT03603327,61,338.2738161082423
64,NCT00001729,62,338.13510864137555
64,NCT00540345,63,337.55632166310215
64,NCT00892697,64,337.22158750608315
64,NCT01425970,65,337.06580280727115
64,NCT02099604,66,337.0453588271956
64,NCT03296930,67,336.96758453759924
64,NCT00188201,68,336.71862884562825
64,NCT01343888,69,336.53892456187026
64,NCT02858050,70,336.49810148558174
64,NCT00630084,71,336.3421447711566
64,NCT03482102,72,336.04186012869945
64,NCT01605513,73,335.9199581758436
64,NCT00524173,74,335.8705988724976
64,NCT04857684,75,335.5251259373641
64,NCT01368497,76,335.4246312520925
64,NCT00441584,77,335.3974278843404
64,NCT02644538,78,335.2480570258879
64,NCT02973503,79,335.12532627384826
64,NCT02262728,80,334.98220587934514
64,NCT00680173,81,334.9465158189742
64,NCT02646163,82,334.9419888919651
64,NCT00687544,83,334.8534327337536
64,NCT01055821,84,334.57111634615353
64,NCT01636778,85,334.5430799920708
64,NCT00926120,86,334.41912852266205
64,NCT01717326,87,334.20319937009685
64,NCT01371578,88,334.1746722136962
64,NCT02068365,89,334.12569973229256
64,NCT00575627,90,334.08709608650594
64,NCT00686777,91,334.02288244848074
64,NCT02371408,92,333.955243468712
64,NCT01498068,93,333.9364135299681
64,NCT00189163,94,333.7163835200361
64,NCT02156570,95,333.71518914194934
64,NCT04155515,96,333.60327758053353
64,NCT02349048,97,333.5968384970336
64,NCT01579474,98,333.50101314297683
64,NCT02625909,99,333.2270690344931
64,NCT01517308,100,333.20958713884795
65,NCT01354262,1,303.33481818419693
65,NCT03336203,2,301.00246923124274
65,NCT00300976,3,295.81100129168243
65,NCT02856113,4,295.18595225872843
65,NCT01609582,5,294.29577025853695
65,NCT00419562,6,293.31456918381866
65,NCT01249677,7,293.06445625052714
65,NCT02524106,8,292.4368960357748
65,NCT01897363,9,292.32123583685734
65,NCT00128687,10,292.30949406432325
65,NCT01265576,11,291.8755458732212
65,NCT02280174,12,290.82440078395985
65,NCT04316546,13,290.6431323971975
65,NCT00298545,14,290.15601667988216
65,NCT00445627,15,289.9388404210399
65,NCT00120289,16,289.9168913792079
65,NCT04030247,17,289.66763066669773
65,NCT00354159,18,289.6169533455445
65,NCT02835872,19,289.55830452808976
65,NCT03867318,20,289.31707819315704
65,NCT01423188,21,289.10218333373916
65,NCT04604223,22,288.3908719638867
65,NCT03207945,23,287.8399385405654
65,NCT03658031,24,287.72755135279084
65,NCT02250222,25,287.43020765031525
65,NCT01578980,26,287.03268016586327
65,NCT01582139,27,286.38138783781756
65,NCT01697150,28,285.9578348553059
65,NCT04749693,29,285.5930122609849
65,NCT01095822,30,285.5240492712684
65,NCT00701727,31,285.3669370491796
65,NCT03011450,32,285.30688427829114
65,NCT00822172,33,285.2716980158337
65,NCT00708981,34,285.2573204777349
65,NCT00760344,35,285.2336458094645
65,NCT01067820,36,285.1978295040856
65,NCT00441480,37,285.076138769508
65,NCT03867110,38,285.0212174350711
65,NCT01510847,39,284.78893662538337
65,NCT02512523,40,284.60896061004325
65,NCT01687998,41,284.4806675637129
65,NCT02735837,42,283.87394024828114
65,NCT02586155,43,283.74848593052707
65,NCT03961763,44,283.56677363397654
65,NCT01896609,45,283.52151575143387
65,NCT00897975,46,283.3718235851099
65,NCT03097107,47,283.0180533356676
65,NCT02221973,48,283.0070999006316
65,NCT00459745,49,282.94744576412194
65,NCT02845024,50,282.8989686514313
65,NCT03499704,51,282.867382991535
65,NCT01770210,52,282.48476433317705
65,NCT03240432,53,281.9261488337755
65,NCT01524159,54,281.8907626458176
65,NCT00658463,55,281.8848664900924
65,NCT04681170,56,281.8796984760229
65,NCT02833844,57,281.8712272727804
65,NCT00785005,58,281.81662432460234
65,NCT00736996,59,281.7995478320347
65,NCT04618744,60,281.71480552013213
65,NCT03781895,61,281.65597011391213
65,NCT01386853,62,281.60105208134206
65,NCT00653185,63,281.5187146985477
65,NCT01469715,64,281.5104726897978
65,NCT00408148,65,281.4298031359542
65,NCT02620670,66,281.38542791173995
65,NCT02948569,67,281.28368097871316
65,NCT00196989,68,281.2473930399963
65,NCT02125682,69,281.1066928031739
65,NCT00817843,70,281.097352586523
65,NCT02501850,71,280.99847197709386
65,NCT02015780,72,280.8836573007243
65,NCT03894527,73,280.5926948149099
65,NCT01597232,74,280.5520249756583
65,NCT02496000,75,280.5458696794302
65,NCT01977417,76,280.5218733297948
65,NCT01661634,77,280.5192370620991
65,NCT04701242,78,280.1732178131506
65,NCT00456963,79,280.1530571480407
65,NCT01500850,80,280.14194318832267
65,NCT00887510,81,279.9036142299905
65,NCT02587169,82,279.7107477519744
65,NCT00728910,83,279.66191230362404
65,NCT04157738,84,279.64198960189714
65,NCT01890954,85,279.58742084524664
65,NCT02714972,86,279.5363532371488
65,NCT03565666,87,279.53098246964106
65,NCT02049814,88,279.4715140340741
65,NCT02437084,89,279.31486896710715
65,NCT04397653,90,279.22021776380956
65,NCT02438189,91,279.1557418852759
65,NCT02269046,92,279.14058635781475
65,NCT00965315,93,279.1245469187078
65,NCT00827177,94,279.10011261223383
65,NCT01842282,95,279.0870825921633
65,NCT00498537,96,279.07773682279566
65,NCT02719028,97,279.0657139530363
65,NCT00186537,98,278.99238555809546
65,NCT04823611,99,278.90083705958324
65,NCT01014832,100,278.87379238227345
66,NCT03986021,1,202.39799801482198
66,NCT03336203,2,200.73945522046898
66,NCT03422809,3,198.806159327755
66,NCT00604825,4,195.50778760196766
66,NCT01688466,5,194.38046793026803
66,NCT02546193,6,191.9201047795723
66,NCT00922233,7,191.02939201401819
66,NCT02185456,8,190.81535721093948
66,NCT04233632,9,190.81325938898874
66,NCT03008824,10,190.69120375550298
66,NCT02696889,11,190.26144368532928
66,NCT04428671,12,189.91720558938542
66,NCT00572858,13,188.8220168193027
66,NCT00342706,14,188.73196980952488
66,NCT02414529,15,188.71087965477173
66,NCT00498719,16,188.45039130419042
66,NCT02769962,17,188.3416410146209
66,NCT04805112,18,188.1238604336202
66,NCT04537390,19,187.6082313658802
66,NCT01553318,20,187.52641956035387
66,NCT02400359,21,187.4471662209603
66,NCT01223313,22,187.3064506090347
66,NCT01893047,23,187.28392522902624
66,NCT04262869,24,186.65868709657383
66,NCT04701034,25,186.5613584331644
66,NCT04691960,26,186.54673275870033
66,NCT02173808,27,186.51134430266634
66,NCT03477240,28,186.35291637303084
66,NCT03945266,29,186.1767188081056
66,NCT00569660,30,186.158602464289
66,NCT04172714,31,186.00156739804157
66,NCT04568005,32,185.87343904358448
66,NCT02658396,33,185.7369815152115
66,NCT03463408,34,185.6854769824633
66,NCT00433680,35,185.52101349205245
66,NCT00455156,36,185.42723419471542
66,NCT02088866,37,185.23798884226892
66,NCT00000862,38,185.2265465667734
66,NCT00405756,39,185.21580397597228
66,NCT03325816,40,185.13397908537632
66,NCT04720209,41,184.9430643232683
66,NCT01775501,42,184.70235261035506
66,NCT03050450,43,184.64119435683241
66,NCT01160536,44,184.58762302411853
66,NCT03034330,45,184.5609224238958
66,NCT04249271,46,184.54313871733842
66,NCT01097083,47,184.46557324714277
66,NCT03044613,48,184.45113896497722
66,NCT00001621,49,184.3592762756049
66,NCT04676087,50,183.8938190386087
66,NCT03197025,51,183.77125877140705
66,NCT04541251,52,183.6955098943876
66,NCT03605719,53,183.69499408141334
66,NCT02844816,54,183.5440197888211
66,NCT04548752,55,183.5002510548746
66,NCT01896999,56,183.47612206330263
66,NCT00799214,57,183.38257795970858
66,NCT01306331,58,183.18582893270894
66,NCT00682994,59,183.15474311234777
66,NCT01624155,60,183.15279529763455
66,NCT03243305,61,183.1186215764648
66,NCT02569697,62,182.84642710338127
66,NCT04776395,63,182.8178207589473
66,NCT04134559,64,182.719515760408
66,NCT04717050,65,182.47186234845265
66,NCT00555477,66,182.3622125227612
66,NCT02170064,67,182.34160630413854
66,NCT03782064,68,182.26733078870916
66,NCT02569320,69,182.114591456242
66,NCT00367627,70,182.01045245560195
66,NCT01768546,71,181.9867941561166
66,NCT04329715,72,181.69832631178613
66,NCT04754945,73,181.3986582600214
66,NCT03532139,74,181.21175563210588
66,NCT01338298,75,181.20263727838875
66,NCT03405155,76,181.10946080746223
66,NCT00908570,77,181.07827205044907
66,NCT00071994,78,180.91619393588996
66,NCT01572480,79,180.91564640247643
66,NCT03929029,80,180.91437834465427
66,NCT00953420,81,180.85270971713803
66,NCT01684397,82,180.82559749929018
66,NCT02429349,83,180.8194847834559
66,NCT00903461,84,180.73840138719592
66,NCT01853748,85,180.7240689956977
66,NCT02211027,86,180.68835998067567
66,NCT03718767,87,180.64424199715378
66,NCT04134117,88,180.64196237610489
66,NCT03732664,89,180.61292805169705
66,NCT00498238,90,180.59307818072946
66,NCT03918252,91,180.57356838302763
66,NCT03106935,92,180.53305046580928
66,NCT01905072,93,180.4699750247542
66,NCT04633252,94,180.2750165759299
66,NCT01853618,95,180.2645423818305
66,NCT02411916,96,180.20356654091702
66,NCT04447872,97,180.15533271815846
66,NCT04001413,98,180.06462413093737
66,NCT00172172,99,179.90981802924512
66,NCT01553071,100,179.901128845188
67,NCT03243305,1,151.78543222920808
67,NCT00799214,2,147.99569220922263
67,NCT03196180,3,146.6298451577266
67,NCT03903562,4,141.84358450994205
67,NCT02714439,5,141.4355636324429
67,NCT03052556,6,139.85706128873386
67,NCT01624155,7,138.46533399290243
67,NCT01953679,8,137.90975782847374
67,NCT04472377,9,136.86695675377422
67,NCT02481414,10,136.78209012158902
67,NCT02884960,11,136.6793056313577
67,NCT04411134,12,136.3554688758383
67,NCT00933140,13,136.1260134027708
67,NCT03937791,14,136.02193270258795
67,NCT03998254,15,135.87869865404423
67,NCT03546842,16,135.30000769380462
67,NCT03197025,17,134.51073547315747
67,NCT04057924,18,133.89402898720928
67,NCT04772937,19,133.4273500566266
67,NCT01347632,20,133.22242130767464
67,NCT00122681,21,133.14757780409607
67,NCT02185456,22,132.7491187789094
67,NCT01645384,23,131.80730210469852
67,NCT00443313,24,131.7840933138026
67,NCT00604825,25,131.48878116545418
67,NCT02546193,26,130.93671884811334
67,NCT03493542,27,130.66435032327345
67,NCT04624568,28,130.36458287042927
67,NCT01245764,29,129.9246718253857
67,NCT00467818,30,129.7725945386332
67,NCT00529464,31,129.71063522149532
67,NCT02477254,32,129.3791540646051
67,NCT00274261,33,128.30118761054882
67,NCT03427411,34,127.66098375703407
67,NCT00922233,35,127.23654121728636
67,NCT00689741,36,127.11967395873421
67,NCT01599975,37,126.56652523894509
67,NCT00000862,38,126.39231102994154
67,NCT00342706,39,126.34928830504035
67,NCT04266275,40,126.08777667902972
67,NCT03286335,41,125.93509144485152
67,NCT00423046,42,125.83757081474823
67,NCT03560882,43,125.47807225788786
67,NCT00201370,44,125.46390789287268
67,NCT02293213,45,125.32104767814026
67,NCT00534638,46,125.31322200784592
67,NCT02554344,47,125.26365081418184
67,NCT00793611,48,125.25524771297616
67,NCT03808168,49,125.19653484167075
67,NCT02002182,50,124.84433830930531
67,NCT00911521,51,124.73896134027142
67,NCT03525210,52,124.64392081616148
67,NCT02173808,53,124.33463688951254
67,NCT00857051,54,123.87270098879335
67,NCT00001126,55,123.80595261667489
67,NCT03469583,56,123.55253166988037
67,NCT03621696,57,123.5058558904066
67,NCT03603808,58,123.22528093467167
67,NCT00312286,59,123.16934077395287
67,NCT04131413,60,123.11765401415431
67,NCT00463450,61,123.03131718644951
67,NCT00653393,62,122.91235952912663
67,NCT04134117,63,122.44790635645137
67,NCT02957747,64,122.41680523980472
67,NCT03763565,65,122.31648007803072
67,NCT02714127,66,122.27168864209493
67,NCT01421368,67,122.13146544063542
67,NCT03034330,68,122.11224066288234
67,NCT01853748,69,122.10233841055293
67,NCT01051726,70,121.99700437629131
67,NCT01223313,71,121.99267939023848
67,NCT03268993,72,121.98383579627048
67,NCT03856034,73,121.92081439183356
67,NCT01553318,74,121.80455461152225
67,NCT04852328,75,121.79650305861306
67,NCT01784809,76,121.73127502341877
67,NCT03118258,77,121.67471332788338
67,NCT01160536,78,121.65957335982706
67,NCT01166412,79,121.60886888275073
67,NCT04783805,80,121.41804065362378
67,NCT03157752,81,121.3980934345872
67,NCT03422809,82,121.34062182097205
67,NCT02520050,83,121.18897865545469
67,NCT00367627,84,121.13414902447313
67,NCT03463213,85,121.08841090224932
67,NCT01792973,86,121.03924891762495
67,NCT02769962,87,120.9990941395842
67,NCT03459469,88,120.96307914666382
67,NCT03182959,89,120.95532036285702
67,NCT03661047,90,120.89852997670151
67,NCT00005808,91,120.83995978398814
67,NCT04287868,92,120.79734170904337
67,NCT03273465,93,120.75441228407577
67,NCT03345875,94,120.71814401849593
67,NCT03466710,95,120.63056028476505
67,NCT01728454,96,120.55530605064335
67,NCT00182078,97,120.55348613230962
67,NCT00539994,98,120.53923881218793
67,NCT02573493,99,120.53423050937955
67,NCT01309919,100,120.49113337116518
68,NCT03303313,1,237.43012481849857
68,NCT03187652,2,233.86073018000388
68,NCT02205541,3,227.64922651776538
68,NCT02949128,4,222.78024404994773
68,NCT01193348,5,221.35796961678344
68,NCT03131219,6,217.85059990836604
68,NCT04743804,7,217.41327872644257
68,NCT04725812,8,216.1505857870426
68,NCT04745195,9,215.62001131847003
68,NCT01554514,10,213.79674061976465
68,NCT04859608,11,212.44681076278042
68,NCT04689191,12,212.18619812764146
68,NCT03246542,13,212.08451315367282
68,NCT03476135,14,212.0452187447358
68,NCT02464891,15,211.71990833042295
68,NCT02955797,16,210.25749213133372
68,NCT00901940,17,209.55738998289587
68,NCT01428908,18,209.10537504904224
68,NCT01593514,19,209.0041240701289
68,NCT03263403,20,208.41631956166316
68,NCT03205995,21,208.28900668515894
68,NCT04689165,22,208.2023248402202
68,NCT00356369,23,207.5218320353891
68,NCT01580033,24,206.58830632491097
68,NCT01194973,25,206.48772160396018
68,NCT03205371,26,206.484129822793
68,NCT00726544,27,206.3941367503316
68,NCT03999840,28,206.34795538832847
68,NCT01757431,29,205.8890090922713
68,NCT00907751,30,205.78918186840707
68,NCT04236843,31,205.11704911159356
68,NCT01221181,32,205.0936765820846
68,NCT00799773,33,204.827538377105
68,NCT04236960,34,204.18307497074682
68,NCT00723567,35,204.13325072435543
68,NCT02811120,36,203.95236966069174
68,NCT04749810,37,203.67746309278945
68,NCT03547271,38,203.57272582892614
68,NCT03714737,39,203.46213775479603
68,NCT03205358,40,203.0566163436712
68,NCT02752906,41,202.93822034702708
68,NCT00329849,42,202.92122508703326
68,NCT03269292,43,202.8530456613572
68,NCT04822090,44,202.4810623232269
68,NCT04084769,45,202.01871654468746
68,NCT04132375,46,201.924522820772
68,NCT00670774,47,201.79544285427016
68,NCT00838513,48,201.12264447611977
68,NCT04557735,49,201.07743822457783
68,NCT01725217,50,200.88931178511666
68,NCT03165617,51,200.7701659291072
68,NCT00661557,52,200.53479369085295
68,NCT00718666,53,200.47608983441785
68,NCT00844844,54,200.4405336933058
68,NCT00390143,55,199.36763003787047
68,NCT04463056,56,198.62081116598387
68,NCT01406509,57,198.5399449707364
68,NCT02398396,58,198.2957308701304
68,NCT03691610,59,198.03763903989534
68,NCT01303211,60,198.00495095265765
68,NCT01604031,61,197.80829709626343
68,NCT00518180,62,197.73109612035412
68,NCT01257269,63,197.52162799474516
68,NCT04490018,64,197.35209013387254
68,NCT04543591,65,196.87064820736686
68,NCT03690024,66,196.28360502968502
68,NCT03869866,67,196.10437616833514
68,NCT02919293,68,196.05541178908663
68,NCT03902262,69,195.83655201132973
68,NCT00772070,70,195.7564569502028
68,NCT02842853,71,195.69872178296006
68,NCT00196976,72,195.68718321416233
68,NCT01839175,73,195.48372864469906
68,NCT02904863,74,195.37370324596554
68,NCT03537508,75,195.35802489164126
68,NCT04381858,76,195.1139511634266
68,NCT01952834,77,195.09523519695787
68,NCT00715910,78,194.9574774454984
68,NCT04346797,79,194.89353322783765
68,NCT03632720,80,194.86957135057128
68,NCT01433003,81,194.86289911609757
68,NCT02842866,82,194.85834541037815
68,NCT01266993,83,194.69770387001523
68,NCT00126984,84,194.67790490021216
68,NCT01722578,85,194.65562447955
68,NCT00262028,86,194.62605376674563
68,NCT03922308,87,194.17237550237888
68,NCT03157635,88,194.04552683806716
68,NCT00503165,89,194.03735435158066
68,NCT00251277,90,193.935217671307
68,NCT00392808,91,193.92071812716352
68,NCT03580941,92,193.88151339907563
68,NCT02199691,93,193.8620215718384
68,NCT01705379,94,193.76672274393474
68,NCT02869672,95,193.51074230160023
68,NCT00427908,96,193.4414758562375
68,NCT00844428,97,193.39375015159717
68,NCT00488683,98,193.31487888823253
68,NCT03673462,99,193.25626420488595
68,NCT04143061,100,193.24634297713948
69,NCT01599975,1,207.93824826687026
69,NCT01775501,2,203.99079181527802
69,NCT00000862,3,200.98985475948353
69,NCT03422809,4,200.5566877531364
69,NCT02546193,5,200.4605720543954
69,NCT01813825,6,198.72214978185917
69,NCT01436370,7,198.12571767237398
69,NCT03986021,8,197.69573559552282
69,NCT00182078,9,197.0768368825814
69,NCT02088866,10,196.75149401726557
69,NCT01553318,11,196.14272683385943
69,NCT00799214,12,194.90444932390614
69,NCT01853748,13,194.84943409155102
69,NCT00878826,14,194.44580384331542
69,NCT00342706,15,194.12079313222134
69,NCT03477240,16,193.1745437779249
69,NCT03661047,17,192.1445017422296
69,NCT02769962,18,192.1335043605438
69,NCT00941681,19,192.11623283743654
69,NCT00122681,20,191.61450826823224
69,NCT00682994,21,191.41525475366652
69,NCT00434512,22,190.48754750307762
69,NCT01173211,23,190.47470269982628
69,NCT01893047,24,190.137006439412
69,NCT00682565,25,190.06429133297075
69,NCT02775851,26,189.51816822334936
69,NCT03728426,27,189.4839901123307
69,NCT04216251,28,189.4263028674901
69,NCT01728753,29,189.29871658800747
69,NCT00922233,30,189.29599908187674
69,NCT04278118,31,189.26536657559862
69,NCT01160536,32,189.22401293105986
69,NCT02185456,33,188.98959925905092
69,NCT01506050,34,188.98806847379376
69,NCT00498719,35,188.83598793545931
69,NCT01506037,36,188.7964725055153
69,NCT02999477,37,188.5565237952463
69,NCT04548752,38,188.39707682744006
69,NCT02647671,39,188.37687104069016
69,NCT03034330,40,188.21809705535628
69,NCT04329715,41,188.1965442359778
69,NCT00752258,42,187.93913560215847
69,NCT00715910,43,187.87965016593927
69,NCT03405155,44,187.87380481686543
69,NCT01781507,45,187.86286095856337
69,NCT04233632,46,187.70076950310735
69,NCT03772678,47,187.6744941124325
69,NCT04134117,48,187.64865210158243
69,NCT01109849,49,187.57853764155146
69,NCT00857051,50,187.54728224145364
69,NCT04246398,51,187.5245058347534
69,NCT04703426,52,187.5042540583602
69,NCT00093860,53,187.46892175460906
69,NCT02414529,54,187.4493175726585
69,NCT04290897,55,187.41600033271314
69,NCT00021671,56,187.33273851574978
69,NCT02190695,57,187.3138291878982
69,NCT00793611,58,187.09167622062313
69,NCT03057002,59,187.08473458144564
69,NCT04318717,60,187.06878709056974
69,NCT01645384,61,187.0136466183016
69,NCT01624155,62,186.93151226941822
69,NCT02109952,63,186.77195239469225
69,NCT02099006,64,186.6586286548316
69,NCT03050450,65,186.09024321893457
69,NCT04701034,66,186.06673690934147
69,NCT00330993,67,186.04576506644298
69,NCT04298606,68,186.01839986740728
69,NCT01506791,69,186.00678319864974
69,NCT03976687,70,186.0060423305751
69,NCT03582969,71,185.90421027300965
69,NCT03500679,72,185.70502457482408
69,NCT00467818,73,185.61123965619626
69,NCT00005009,74,185.594117983509
69,NCT04404881,75,185.57784380803432
69,NCT04071756,76,185.53542620167772
69,NCT04497142,77,185.44568098366656
69,NCT01314339,78,185.41992679989028
69,NCT02569437,79,185.39898983748148
69,NCT00775905,80,185.38781196553072
69,NCT02411916,81,185.36914405539883
69,NCT01314352,82,185.35717602134133
69,NCT00341250,83,185.3570388506218
69,NCT02700776,84,185.07296080977295
69,NCT03425331,85,185.02679768838368
69,NCT04668157,86,185.0181463558092
69,NCT00597506,87,185.00977486457032
69,NCT00661557,88,185.009002872458
69,NCT01910805,89,184.90542438155094
69,NCT00653393,90,184.87522134986202
69,NCT04428671,91,184.86359409667227
69,NCT04172714,92,184.71550562666772
69,NCT04676360,93,184.69074275739916
69,NCT00951379,94,184.6867265217827
69,NCT04339140,95,184.67421800125973
69,NCT03529955,96,184.61681448093952
69,NCT03835819,97,184.59963382003434
69,NCT00775151,98,184.50774588344905
69,NCT00367627,99,184.47172227041614
69,NCT00530907,100,184.42745597261757
70,NCT00799214,1,378.17719220741867
70,NCT00342706,2,373.954448029592
70,NCT01599975,3,371.8905586773274
70,NCT02546193,4,369.4502374234894
70,NCT01775501,5,369.3848643932498
70,NCT01160536,6,368.8223961896736
70,NCT03529955,7,366.05193198744035
70,NCT00182078,8,365.3913358906837
70,NCT01853748,9,365.37912055110877
70,NCT01624155,10,364.23550394038716
70,NCT02769962,11,363.9557591838232
70,NCT01553318,12,363.8803443320813
70,NCT01311102,13,363.71470137089784
70,NCT03008005,14,363.108347909997
70,NCT00922233,15,361.9312198038687
70,NCT04701034,16,360.59176952009693
70,NCT03034330,17,360.25924282961404
70,NCT00498719,18,360.16857592653287
70,NCT02185456,19,359.9647643129112
70,NCT01893047,20,359.6608345780561
70,NCT02190695,21,358.63588305793905
70,NCT02069366,22,358.26443643954156
70,NCT03422809,23,358.2625885416789
70,NCT01328613,24,358.00635164825025
70,NCT00006180,25,357.8591049609755
70,NCT03388606,26,357.7472342455731
70,NCT02047136,27,357.65598644042876
70,NCT02099006,28,357.2383407589004
70,NCT04826614,29,357.1093206802011
70,NCT03212079,30,357.03249849586064
70,NCT01728753,31,356.3750293002433
70,NCT04134117,32,356.2445206635429
70,NCT00467818,33,355.41498470755505
70,NCT04559620,34,355.3518820577693
70,NCT01370733,35,355.07961291928603
70,NCT00044174,36,354.5228216667988
70,NCT04329715,37,354.3763020366659
70,NCT03286335,38,354.10074007518597
70,NCT03661047,39,353.9839578773402
70,NCT03018288,40,353.9017117012377
70,NCT04246398,41,353.80713382581166
70,NCT00367627,42,353.7888895093747
70,NCT00495170,43,353.63989308407184
70,NCT00571051,44,353.21778754836066
70,NCT02492347,45,353.1553380005896
70,NCT03336203,46,352.9524678867733
70,NCT02700776,47,352.8075533569604
70,NCT00879190,48,352.6220537513339
70,NCT02411734,49,352.53857188079087
70,NCT00878826,50,352.3335042411871
70,NCT00793611,51,352.3329004447491
70,NCT00433680,52,352.32329568895716
70,NCT03363919,53,352.09895755692764
70,NCT00463450,54,351.9872618779192
70,NCT04614142,55,351.5018446401149
70,NCT01109849,56,351.32824289835844
70,NCT00857051,57,350.9543852824975
70,NCT02414529,58,350.3177426491821
70,NCT01569061,59,350.15561050424805
70,NCT02178241,60,349.67979379584426
70,NCT04216251,61,349.5523435086763
70,NCT03223662,62,349.43907387529794
70,NCT00682994,63,348.7988255527631
70,NCT02379728,64,348.73917762889346
70,NCT03389568,65,348.49797548259215
70,NCT03663933,66,348.3910913953373
70,NCT02691845,67,348.36687279049585
70,NCT02535325,68,348.23048947511984
70,NCT02623972,69,348.148973518699
70,NCT03050450,70,347.98530775329624
70,NCT04034251,71,347.9555168944797
70,NCT02059265,72,347.77784862521656
70,NCT01849263,73,347.7657955146313
70,NCT04541355,74,347.6562872332909
70,NCT00682565,75,347.43896821851155
70,NCT01688466,76,347.3618109053552
70,NCT03357042,77,347.3523731761652
70,NCT02123966,78,347.31997365634413
70,NCT00000862,79,347.3056661852271
70,NCT02693990,80,347.1846863178318
70,NCT04262869,81,346.78877598499497
70,NCT00597506,82,346.6707625758514
70,NCT00330993,83,346.5587297538636
70,NCT00093860,84,346.48911215749166
70,NCT00025935,85,346.47466088943696
70,NCT02647671,86,346.47202202843306
70,NCT02960230,87,346.2392053786777
70,NCT01907334,88,345.7709224200406
70,NCT03008824,89,345.6477332598017
70,NCT03728426,90,345.5641738595867
70,NCT03945266,91,345.55233853704283
70,NCT00530907,92,345.4869923062509
70,NCT02569437,93,345.4322156662535
70,NCT02442739,94,344.8076835296936
70,NCT03015324,95,344.7185348319537
70,NCT03974217,96,344.6974555588809
70,NCT01088373,97,344.573526510486
70,NCT03888495,98,344.52939143929353
70,NCT01405326,99,344.268086270725
70,NCT04060927,100,344.1053864951069
71,NCT03422809,1,388.60229101969
71,NCT03336203,2,379.73415048412915
71,NCT02400359,3,378.0849679835703
71,NCT01624155,4,377.7141657865596
71,NCT02546193,5,375.19585851201475
71,NCT00000862,6,373.68034117953977
71,NCT00433680,7,372.25643202122416
71,NCT01893047,8,371.4195748767461
71,NCT00748579,9,368.9768444298057
71,NCT00922233,10,368.515510415287
71,NCT03034330,11,368.21679602939844
71,NCT01553318,12,367.4706838788922
71,NCT01645384,13,366.0721659218188
71,NCT04691960,14,365.44523063862084
71,NCT04701034,15,365.3779769015898
71,NCT01109849,16,364.99210033367075
71,NCT04822363,17,364.05423451664774
71,NCT00367627,18,363.3726035786717
71,NCT00342706,19,363.2140938440454
71,NCT02658396,20,363.1752531387208
71,NCT03405155,21,363.1091922326427
71,NCT01562678,22,363.04664267435453
71,NCT04172714,23,362.0920820006336
71,NCT01811069,24,362.04799134068946
71,NCT03529955,25,361.9398272850147
71,NCT01599975,26,361.8602058060656
71,NCT02598531,27,361.30953749497684
71,NCT02193191,28,360.2867702774861
71,NCT01470794,29,359.74656623876945
71,NCT03158805,30,359.1280063709583
71,NCT00682565,31,358.7272766638009
71,NCT00878826,32,358.6685059349813
71,NCT03986021,33,357.4672657061724
71,NCT00799214,34,357.30611440596573
71,NCT02733744,35,357.13723701094966
71,NCT02411734,36,356.8960443289527
71,NCT01985256,37,356.5168709235245
71,NCT01854684,38,355.9736255549121
71,NCT02769962,39,355.85277259927454
71,NCT00957307,40,355.6033365033969
71,NCT00330993,41,355.5899618933618
71,NCT02190695,42,354.86183203073944
71,NCT04767984,43,354.66699583079276
71,NCT02526459,44,354.2747258137634
71,NCT00941681,45,353.9758870190276
71,NCT01702064,46,353.6465487070479
71,NCT01688466,47,353.5490654596471
71,NCT00951379,48,353.4900459392261
71,NCT00463450,49,353.33873201781324
71,NCT00680979,50,353.33813614389516
71,NCT04034251,51,353.2687402813648
71,NCT00667498,52,353.1296750896298
71,NCT03732664,53,353.08884500341554
71,NCT02088866,54,352.7802257786948
71,NCT04605484,55,352.4016967368006
71,NCT04134117,56,352.1433816590996
71,NCT00653393,57,352.10351700449354
71,NCT03704649,58,352.024778449058
71,NCT02379728,59,351.9050183540478
71,NCT03092518,60,351.8995443647633
71,NCT04836429,61,351.8688492268798
71,NCT02068157,62,351.66943603605495
71,NCT00682994,63,351.5043020079019
71,NCT03015324,64,351.03505041712066
71,NCT03945266,65,351.0338536753361
71,NCT04442724,66,350.9680687688871
71,NCT03279237,67,350.885461098128
71,NCT00934401,68,350.77240752942873
71,NCT01160536,69,350.74450919562287
71,NCT02520050,70,350.6666897233067
71,NCT00182078,71,350.660895868311
71,NCT03720392,72,350.52375799373846
71,NCT03532139,73,350.5127011206901
71,NCT02429349,74,350.46495816274955
71,NCT03678350,75,350.38648372933864
71,NCT01314339,76,349.96642385013064
71,NCT04290897,77,349.9074556043615
71,NCT01314352,78,349.8750081109225
71,NCT04329715,79,349.8219306234214
71,NCT01853748,80,349.7256386405117
71,NCT01089010,81,349.7186117042325
71,NCT03918252,82,349.6732218672729
71,NCT00295100,83,349.66925545782294
71,NCT01684397,84,349.55187827876836
71,NCT01861106,85,349.497238089183
71,NCT01506050,86,349.45819850386914
71,NCT04676360,87,349.36312256040196
71,NCT02223819,88,349.2771359462319
71,NCT03018288,89,349.2532574475963
71,NCT02211027,90,349.208649230743
71,NCT03197025,91,349.05081399822615
71,NCT03738800,92,349.00338461843734
71,NCT00498719,93,348.9943270052765
71,NCT01828554,94,348.85509365085727
71,NCT02414529,95,348.80014927420655
71,NCT02173808,96,348.685086204776
71,NCT01218217,97,348.6343893622739
71,NCT03008824,98,348.55331789895945
71,NCT04720209,99,348.4475282047005
71,NCT00857051,100,348.4275200349402
72,NCT04182984,1,248.49520772961512
72,NCT03918252,2,235.04796274357287
72,NCT00799214,3,234.60641200547377
72,NCT02960230,4,233.38074190550572
72,NCT03405155,5,231.54527775792613
72,NCT03732664,6,230.57356008079273
72,NCT04676360,7,230.02724332924325
72,NCT02999477,8,229.21646943268217
72,NCT00922233,9,228.53888856082355
72,NCT02259621,10,228.08297056463374
72,NCT02274987,11,227.92678340033748
72,NCT02950155,12,227.8430438832545
72,NCT04855695,13,227.41706714600517
72,NCT03782064,14,226.51487829974104
72,NCT02658396,15,226.40290666755052
72,NCT04172714,16,225.60255320243752
72,NCT03197025,17,225.49484323354142
72,NCT04001413,18,225.3890995135052
72,NCT03805932,19,225.2351766359655
72,NCT04817254,20,225.11524137383728
72,NCT02769962,21,225.1044741883593
72,NCT03451773,22,225.02934001503763
72,NCT04691960,23,224.89407177525598
72,NCT03605719,24,224.72416823184838
72,NCT04134117,25,224.61516498306838
72,NCT04428671,26,224.17120844059392
72,NCT02936752,27,223.95322177003814
72,NCT03473639,28,223.56965803710932
72,NCT01218217,29,223.48536148342086
72,NCT00447122,30,223.3507845952106
72,NCT02101944,31,223.24078907090777
72,NCT03459469,32,223.2091459484558
72,NCT04134559,33,222.97973345460898
72,NCT03929029,34,222.88389010627236
72,NCT01896609,35,222.8741566484232
72,NCT01688466,36,222.85050471526748
72,NCT02569320,37,222.73588247128885
72,NCT03718767,38,222.597204244369
72,NCT03331250,39,222.40345537905065
72,NCT01849263,40,222.24896855093516
72,NCT02985554,41,222.23851712307564
72,NCT04290546,42,221.82405413229188
72,NCT03044613,43,221.80234451010497
72,NCT03719430,44,221.6932941683329
72,NCT03086616,45,221.58938770598542
72,NCT04548752,46,221.42833823497187
72,NCT04701034,47,221.4060778292603
72,NCT04776395,48,221.18262756757926
72,NCT00495066,49,221.17661730099408
72,NCT03610711,50,221.11584442870685
72,NCT01728753,51,221.10351894658126
72,NCT02871323,52,220.88933059760004
72,NCT02451423,53,220.82528450756095
72,NCT03937791,54,220.82474411215642
72,NCT04313075,55,220.65019597601125
72,NCT01599975,56,220.64895413759143
72,NCT03425331,57,220.62302814492966
72,NCT03495323,58,220.60376475408495
72,NCT03291054,59,220.56913344405578
72,NCT02939807,60,220.47155900370277
72,NCT03336203,61,220.4700283422461
72,NCT03326258,62,220.37411325734732
72,NCT03277482,63,220.37300287016618
72,NCT03057145,64,220.28714680075328
72,NCT04688658,65,220.17934676055347
72,NCT02484430,66,220.15667644114188
72,NCT01964924,67,220.14094549382833
72,NCT02787369,68,220.07165722015245
72,NCT01572480,69,220.06251565898498
72,NCT02693535,70,220.01035921612979
72,NCT01553071,71,219.77473056611336
72,NCT03018288,72,219.77193628725334
72,NCT02029950,73,219.68019631476253
72,NCT00574964,74,219.59319046632055
72,NCT01961115,75,219.40800926554604
72,NCT00405756,76,219.3792697045265
72,NCT02185456,77,219.30852237393552
72,NCT00387894,78,219.29598286551752
72,NCT03502733,79,219.26264682965956
72,NCT01713972,80,219.2206739021701
72,NCT03070002,81,219.11621066784573
72,NCT02123966,82,219.06490626711863
72,NCT04652960,83,219.03541139125767
72,NCT04487886,84,218.91108655161383
72,NCT02623972,85,218.81101415459977
72,NCT02169284,86,218.79600542530463
72,NCT03529955,87,218.74856339397775
72,NCT04633252,88,218.5632995340247
72,NCT02912572,89,218.56154216309815
72,NCT02879695,90,218.5354211059056
72,NCT04339140,91,218.45202461338303
72,NCT03418961,92,218.41094401443434
72,NCT02275533,93,218.41060815368746
72,NCT04327986,94,218.40504968554313
72,NCT01853748,95,218.3593764161183
72,NCT02978625,96,218.35669760568024
72,NCT04413123,97,218.35187627209368
72,NCT03130439,98,218.34625739838108
72,NCT04476251,99,218.30220863230107
72,NCT02369458,100,218.25679864949916
73,NCT01874561,1,328.3964766210689
73,NCT00201318,2,325.3136700919133
73,NCT02250885,3,321.1745444927335
73,NCT02960230,4,320.96970636335675
73,NCT03866187,5,320.72633573690433
73,NCT01637376,6,320.3410451432468
73,NCT02471573,7,317.76925952809376
73,NCT02157259,8,317.6855572979214
73,NCT01887327,9,317.19438198589825
73,NCT00784394,10,317.0673100989052
73,NCT03945825,11,317.0615540820584
73,NCT03867487,12,317.00467593701404
73,NCT02780583,13,316.8828462423207
73,NCT03824379,14,316.5014250440482
73,NCT04289558,15,314.0228200075884
73,NCT02117661,16,313.5897925393326
73,NCT00107783,17,313.02243662316124
73,NCT00362414,18,312.9008967477215
73,NCT02820155,19,312.07532217179863
73,NCT00997958,20,312.03382916944
73,NCT01609582,21,311.8913237273787
73,NCT02274987,22,311.3941556840892
73,NCT02507765,23,311.3823122297865
73,NCT00828971,24,311.3455944868693
73,NCT00906334,25,311.33630819280097
73,NCT00158743,26,311.1232963952698
73,NCT04660201,27,310.95116769798165
73,NCT01415986,28,310.2877805655297
73,NCT01434693,29,310.2852518653575
73,NCT01096043,30,310.2844501445882
73,NCT00346879,31,310.14240599886233
73,NCT03436420,32,309.76666556781566
73,NCT03283813,33,309.73084964422196
73,NCT02363309,34,309.4310006108702
73,NCT02625688,35,308.6695912897262
73,NCT00317720,36,308.4339647218741
73,NCT01881971,37,308.38647446251855
73,NCT01453283,38,308.07696736458445
73,NCT00472550,39,307.85711902523434
73,NCT01042041,40,307.5982266121311
73,NCT02520609,41,307.40365772306194
73,NCT00765102,42,307.35962314271944
73,NCT02612428,43,306.95146364414563
73,NCT04235205,44,306.9471840384579
73,NCT00954993,45,306.7979280025396
73,NCT00854945,46,306.52074191555465
73,NCT04216329,47,306.4084414959036
73,NCT03111446,48,306.3443903206259
73,NCT02211027,49,305.8555126789258
73,NCT03261466,50,305.77008202155497
73,NCT03891901,51,305.73930560260163
73,NCT02361788,52,305.6607622803396
73,NCT04095689,53,305.55015846374977
73,NCT00316186,54,305.38384550734366
73,NCT01855295,55,305.2369152806313
73,NCT00262210,56,305.04204957118014
73,NCT02205554,57,304.793595258249
73,NCT02390843,58,304.3531162546883
73,NCT02594904,59,304.1741718188019
73,NCT01649167,60,304.0544162718327
73,NCT02716207,61,303.99933350735665
73,NCT03929029,62,303.98678304343696
73,NCT03217851,63,303.95288581951445
73,NCT01158885,64,303.8555622694182
73,NCT03631420,65,303.50062786085914
73,NCT01813227,66,303.3842912948624
73,NCT03030053,67,303.37955024521074
73,NCT02948569,68,303.22220650209914
73,NCT02459652,69,303.1993815430007
73,NCT04725812,70,303.0963853787102
73,NCT02658396,71,302.9917998292424
73,NCT04380493,72,302.87227027253203
73,NCT02442674,73,302.8298125385922
73,NCT03227432,74,302.72739683312165
73,NCT04653246,75,302.5957540138957
73,NCT00241839,76,302.4481219370191
73,NCT03448952,77,302.40329423642476
73,NCT01835379,78,302.2606520583744
73,NCT04339777,79,302.252840503666
73,NCT00416702,80,302.2335235728198
73,NCT00295308,81,301.9826928885469
73,NCT02285101,82,301.9532701220743
73,NCT04782687,83,301.9278192649428
73,NCT01225029,84,301.85937205170825
73,NCT04398745,85,301.84757844555116
73,NCT02443259,86,301.7186229098039
73,NCT01756755,87,301.64512338422276
73,NCT03110822,88,301.6429835742108
73,NCT01277016,89,301.62376015210765
73,NCT04364139,90,301.35046294876565
73,NCT04062760,91,301.22784928028454
73,NCT00373594,92,301.06407712652106
73,NCT02936167,93,300.87448856727246
73,NCT02257684,94,300.8339262172318
73,NCT04855695,95,300.7585067092467
73,NCT02624765,96,300.71131426155335
73,NCT01189266,97,300.66618753001717
73,NCT03719443,98,300.66020322850244
73,NCT03099564,99,300.512606124521
73,NCT01652859,100,300.46612328153805
74,NCT02802384,1,373.4543327639491
74,NCT00306046,2,352.8510225527346
74,NCT00747994,3,348.5894618444512
74,NCT00239629,4,339.4809309693233
74,NCT01375010,5,336.4783014417429
74,NCT04850547,6,336.4368857672225
74,NCT01852799,7,333.4287259291436
74,NCT01360099,8,333.24505123486875
74,NCT02014467,9,333.1570186735344
74,NCT01176344,10,332.6300257614104
74,NCT00781261,11,331.9278672140946
74,NCT03710889,12,331.6172508949643
74,NCT04169698,13,331.5437107020947
74,NCT02232724,14,331.01118923831956
74,NCT01932931,15,330.50742398216175
74,NCT00324259,16,329.81332403440655
74,NCT00006180,17,329.7860730846031
74,NCT04533984,18,329.644655157709
74,NCT00140738,19,329.27540673751264
74,NCT00587925,20,329.1202615631011
74,NCT01535027,21,329.03499057867873
74,NCT00730210,22,328.8668827678542
74,NCT00685971,23,328.7315949464867
74,NCT02232685,24,328.5793852295031
74,NCT03859895,25,328.26318193554835
74,NCT00150969,26,328.19623746912856
74,NCT02603042,27,328.1558048620579
74,NCT00471237,28,327.77306876700203
74,NCT03678467,29,327.5009514253
74,NCT01370941,30,326.8601211725189
74,NCT00172172,31,326.70593098125346
74,NCT00381914,32,326.4759448440191
74,NCT00395538,33,326.1999098351028
74,NCT02916771,34,326.0304141608841
74,NCT02390934,35,326.0138416985509
74,NCT04055220,36,325.3560583483631
74,NCT02186275,37,325.25561451778975
74,NCT04295174,38,325.2032707579003
74,NCT01476501,39,325.17411572325966
74,NCT00755911,40,324.643165355134
74,NCT03433287,41,324.4619689349891
74,NCT00593580,42,324.4466495808956
74,NCT01900860,43,324.2826364263598
74,NCT02069990,44,323.7138111313506
74,NCT03778580,45,323.58960668855053
74,NCT01153568,46,323.5106342146444
74,NCT01192828,47,323.4668948957989
74,NCT00172107,48,323.42792268912825
74,NCT00424619,49,323.309720080535
74,NCT02301520,50,323.1639732400285
74,NCT00426517,51,323.1433571763757
74,NCT00548496,52,323.07781854914765
74,NCT02439112,53,322.7150586642198
74,NCT03076203,54,322.70094382533784
74,NCT03294954,55,322.69717049111495
74,NCT00603967,56,322.5355007149324
74,NCT03325816,57,322.42411311989
74,NCT00359385,58,322.3038974141844
74,NCT01418040,59,322.25220539297374
74,NCT00853723,60,321.99068502672196
74,NCT03032107,61,321.89667228188864
74,NCT00050193,62,321.7976644302109
74,NCT04438525,63,321.6649313523543
74,NCT04782687,64,321.61939945929106
74,NCT01968590,65,321.6065656298443
74,NCT02232672,66,321.5271118167321
74,NCT04713774,67,321.4696395534715
74,NCT00479037,68,321.4153644535613
74,NCT03457818,69,321.3075778928965
74,NCT02154581,70,321.25618982357116
74,NCT03994172,71,321.07372179738474
74,NCT01062230,72,321.0171357239696
74,NCT01641757,73,320.95852551061006
74,NCT04751877,74,320.9378870326986
74,NCT00694824,75,320.92023657892065
74,NCT00068146,76,320.8784857481591
74,NCT00009945,77,320.7904510815918
74,NCT04297904,78,320.7847317089505
74,NCT04003467,79,320.70326789660953
74,NCT01585402,80,320.68588897278937
74,NCT02903381,81,320.64988281769087
74,NCT00277706,82,320.6175596675678
74,NCT03986203,83,320.60671277905794
74,NCT02242604,84,320.58971564433614
74,NCT03721497,85,320.5855965536433
74,NCT00697463,86,320.51665045233494
74,NCT00047918,87,320.5026352683265
74,NCT02387892,88,320.49752014036187
74,NCT03525210,89,320.3949576881168
74,NCT04208230,90,320.3444947844524
74,NCT02404727,91,320.3022070636032
74,NCT00566618,92,320.2611231941518
74,NCT01293292,93,320.24990570351565
74,NCT00001728,94,320.1976621919764
74,NCT00757393,95,320.10137914639347
74,NCT02575157,96,319.97989344298423
74,NCT01692496,97,319.9192599103768
74,NCT00858819,98,319.83967115195776
74,NCT02414529,99,319.8017760885883
74,NCT00264420,100,319.78469348112367
75,NCT00975546,1,338.8440457813862
75,NCT01506791,2,338.71321097642334
75,NCT00865462,3,338.3259334736523
75,NCT00865371,4,338.043913034436
75,NCT00653393,5,337.34037991422923
75,NCT04056000,6,336.49614582577755
75,NCT01506050,7,336.05166996780264
75,NCT01506037,8,335.76887896596804
75,NCT00775905,9,334.63599195157263
75,NCT00863941,10,334.397604098501
75,NCT00865410,11,334.08039592164295
75,NCT00775151,12,333.92081813363177
75,NCT04851639,13,329.32905714700377
75,NCT00682994,14,329.1264392981418
75,NCT02411734,15,329.11467058434874
75,NCT04236843,16,328.95778002228036
75,NCT00865111,17,328.91375249375307
75,NCT01952834,18,328.8502464981998
75,NCT01314352,19,328.7019085756921
75,NCT01314339,20,328.6976529285955
75,NCT04342520,21,326.5566813356835
75,NCT02088866,22,325.4890109575298
75,NCT01160536,23,325.2434642200497
75,NCT03585257,24,325.1553102887452
75,NCT01722578,25,324.66040006441614
75,NCT01599975,26,323.9398471372922
75,NCT03336203,27,322.6349973061094
75,NCT01599546,28,322.0219758351637
75,NCT01760226,29,321.82833359639255
75,NCT03034330,30,321.58267653781036
75,NCT00215787,31,321.395054964663
75,NCT00723567,32,321.1242377813695
75,NCT00467818,33,321.0002419976628
75,NCT03670719,34,320.55240153249326
75,NCT01161966,35,319.8749399372698
75,NCT01161979,36,319.56236488655037
75,NCT01775501,37,319.31300722633154
75,NCT00367627,38,318.9687157867122
75,NCT00281502,39,318.80546521148773
75,NCT01110447,40,318.6400752405415
75,NCT01645384,41,318.5842049816082
75,NCT02109952,42,318.44890346029933
75,NCT02414529,43,317.92288795731525
75,NCT03008005,44,317.92000478749446
75,NCT01553318,45,316.5926542176026
75,NCT00291265,46,316.51294570424363
75,NCT02543905,47,316.48595558559634
75,NCT02284334,48,316.3269853105203
75,NCT03279991,49,316.2787545327753
75,NCT03987269,50,315.7775341509852
75,NCT03023059,51,315.16498256644365
75,NCT00244582,52,314.93757348107897
75,NCT03876652,53,314.8645953299333
75,NCT01961219,54,314.6783712429491
75,NCT01882855,55,314.0312660312743
75,NCT01109849,56,314.0212212175671
75,NCT00654563,57,314.01682951958657
75,NCT00301405,58,313.5509311550319
75,NCT04082780,59,313.3640262555962
75,NCT03796598,60,312.93211680788386
75,NCT00040196,61,312.77998273684955
75,NCT00498719,62,312.4114232674806
75,NCT03149692,63,312.0302600048485
75,NCT02069366,64,311.8069119459812
75,NCT04807803,65,311.34957413290283
75,NCT01604031,66,310.92908485151906
75,NCT02666989,67,310.6341077492297
75,NCT00092937,68,310.42009921685747
75,NCT00216515,69,309.25874030203124
75,NCT03501004,70,309.06660128705875
75,NCT02190695,71,308.26618324994786
75,NCT00593606,72,308.2299149176008
75,NCT03355404,73,307.6864320934075
75,NCT02528799,74,307.5277455225674
75,NCT03152188,75,307.4594220101898
75,NCT03108612,76,307.36436046266283
75,NCT01950624,77,307.2196298716125
75,NCT03080168,78,307.20395115012343
75,NCT00994422,79,307.1948269640899
75,NCT01523301,80,307.03451176597156
75,NCT00517842,81,306.7740724984275
75,NCT03878316,82,306.2413730063575
75,NCT02653664,83,306.24072011386136
75,NCT01769105,84,306.0791104380604
75,NCT01766856,85,306.0397653555054
75,NCT02068118,86,305.9979874666302
75,NCT00914056,87,305.95226201288466
75,NCT00603447,88,305.38335350134884
75,NCT02156232,89,305.3813691779204
75,NCT00655096,90,305.36805839710183
75,NCT03599037,91,305.266257446325
75,NCT00106691,92,305.1914881053914
75,NCT01700829,93,305.0814327518867
75,NCT00042159,94,305.0516091596029
75,NCT00645385,95,305.0229075331799
75,NCT04858074,96,305.01050034745714
75,NCT04436601,97,304.814392260716
75,NCT02304302,98,304.7400715442354
75,NCT03003208,99,304.70874817243043
75,NCT03286101,100,304.61463813914827
