query_id,doc_id,rank,score,run_name
1,NCT00003537,1,-2.8132004737854004,bm25_top100_crossenc_minilm
1,NCT01392209,2,-3.352217674255371,bm25_top100_crossenc_minilm
1,NCT00783393,3,-3.4323861598968506,bm25_top100_crossenc_minilm
1,NCT03224104,4,-3.4327549934387207,bm25_top100_crossenc_minilm
1,NCT03043391,5,-3.4716715812683105,bm25_top100_crossenc_minilm
1,NCT03513679,6,-3.498931407928467,bm25_top100_crossenc_minilm
1,NCT03022578,7,-3.5566537380218506,bm25_top100_crossenc_minilm
1,NCT00004259,8,-3.6503748893737793,bm25_top100_crossenc_minilm
1,NCT03633552,9,-3.682610511779785,bm25_top100_crossenc_minilm
1,NCT03603405,10,-3.7008581161499023,bm25_top100_crossenc_minilm
1,NCT03234595,11,-3.7288832664489746,bm25_top100_crossenc_minilm
1,NCT00526812,12,-3.8130834102630615,bm25_top100_crossenc_minilm
1,NCT01466686,13,-3.860851764678955,bm25_top100_crossenc_minilm
1,NCT00052624,14,-3.9545350074768066,bm25_top100_crossenc_minilm
1,NCT00734682,15,-4.005786418914795,bm25_top100_crossenc_minilm
1,NCT01577966,16,-4.275564193725586,bm25_top100_crossenc_minilm
1,NCT00360828,17,-4.340362071990967,bm25_top100_crossenc_minilm
1,NCT04047303,18,-4.425424098968506,bm25_top100_crossenc_minilm
1,NCT00003176,19,-4.46923828125,bm25_top100_crossenc_minilm
1,NCT02879461,20,-4.526617527008057,bm25_top100_crossenc_minilm
1,NCT02022644,21,-4.549419403076172,bm25_top100_crossenc_minilm
1,NCT02005081,22,-4.606861114501953,bm25_top100_crossenc_minilm
1,NCT00761280,23,-4.609292507171631,bm25_top100_crossenc_minilm
1,NCT03020602,24,-4.647420883178711,bm25_top100_crossenc_minilm
1,NCT01721577,25,-4.904399394989014,bm25_top100_crossenc_minilm
1,NCT00028795,26,-4.931732177734375,bm25_top100_crossenc_minilm
1,NCT01502241,27,-5.103585720062256,bm25_top100_crossenc_minilm
1,NCT00841555,28,-5.240441799163818,bm25_top100_crossenc_minilm
1,NCT00976313,29,-5.260526657104492,bm25_top100_crossenc_minilm
1,NCT03784729,30,-5.389996528625488,bm25_top100_crossenc_minilm
1,NCT03193658,31,-5.642757415771484,bm25_top100_crossenc_minilm
1,NCT00704080,32,-5.692778587341309,bm25_top100_crossenc_minilm
1,NCT04197934,33,-5.693721771240234,bm25_top100_crossenc_minilm
1,NCT00458731,34,-5.726398468017578,bm25_top100_crossenc_minilm
1,NCT01011231,35,-5.728747844696045,bm25_top100_crossenc_minilm
1,NCT02700594,36,-5.80734395980835,bm25_top100_crossenc_minilm
1,NCT01256554,37,-5.81682014465332,bm25_top100_crossenc_minilm
1,NCT00626990,38,-5.829015731811523,bm25_top100_crossenc_minilm
1,NCT03906448,39,-5.860836505889893,bm25_top100_crossenc_minilm
1,NCT04611464,40,-5.926914215087891,bm25_top100_crossenc_minilm
1,NCT00360945,41,-5.959259033203125,bm25_top100_crossenc_minilm
1,NCT00968240,42,-6.098540306091309,bm25_top100_crossenc_minilm
1,NCT03743740,43,-6.166398048400879,bm25_top100_crossenc_minilm
1,NCT01180816,44,-6.2183308601379395,bm25_top100_crossenc_minilm
1,NCT04771936,45,-6.218998432159424,bm25_top100_crossenc_minilm
1,NCT00389090,46,-6.285938262939453,bm25_top100_crossenc_minilm
1,NCT00504660,47,-6.446053504943848,bm25_top100_crossenc_minilm
1,NCT00089427,48,-6.44639778137207,bm25_top100_crossenc_minilm
1,NCT01837862,49,-6.593975067138672,bm25_top100_crossenc_minilm
1,NCT03528642,50,-6.648438453674316,bm25_top100_crossenc_minilm
1,NCT02942264,51,-6.668811798095703,bm25_top100_crossenc_minilm
1,NCT02592642,52,-6.73402214050293,bm25_top100_crossenc_minilm
1,NCT03896568,53,-6.863613605499268,bm25_top100_crossenc_minilm
1,NCT03919071,54,-6.910375118255615,bm25_top100_crossenc_minilm
1,NCT01475006,55,-6.932677745819092,bm25_top100_crossenc_minilm
1,NCT01597791,56,-6.9739990234375,bm25_top100_crossenc_minilm
1,NCT02453360,57,-6.9745659828186035,bm25_top100_crossenc_minilm
1,NCT02174770,58,-6.97667932510376,bm25_top100_crossenc_minilm
1,NCT00606008,59,-7.054738998413086,bm25_top100_crossenc_minilm
1,NCT00859222,60,-7.377150535583496,bm25_top100_crossenc_minilm
1,NCT01110876,61,-7.483221054077148,bm25_top100_crossenc_minilm
1,NCT00002944,62,-7.493376731872559,bm25_top100_crossenc_minilm
1,NCT00272350,63,-7.594668388366699,bm25_top100_crossenc_minilm
1,NCT00047879,64,-7.7764458656311035,bm25_top100_crossenc_minilm
1,NCT04267978,65,-7.77903938293457,bm25_top100_crossenc_minilm
1,NCT02343406,66,-7.947570323944092,bm25_top100_crossenc_minilm
1,NCT00922974,67,-8.030961990356445,bm25_top100_crossenc_minilm
1,NCT03696355,68,-8.03454875946045,bm25_top100_crossenc_minilm
1,NCT02761070,69,-8.05341911315918,bm25_top100_crossenc_minilm
1,NCT00100802,70,-8.05451488494873,bm25_top100_crossenc_minilm
1,NCT01281982,71,-8.111790657043457,bm25_top100_crossenc_minilm
1,NCT03879512,72,-8.16518783569336,bm25_top100_crossenc_minilm
1,NCT03355794,73,-8.169757843017578,bm25_top100_crossenc_minilm
1,NCT00990652,74,-8.257131576538086,bm25_top100_crossenc_minilm
1,NCT01189266,75,-8.368915557861328,bm25_top100_crossenc_minilm
1,NCT01517776,76,-8.375619888305664,bm25_top100_crossenc_minilm
1,NCT02015819,77,-8.427988052368164,bm25_top100_crossenc_minilm
1,NCT00683761,78,-8.463332176208496,bm25_top100_crossenc_minilm
1,NCT04623931,79,-8.530774116516113,bm25_top100_crossenc_minilm
1,NCT00869050,80,-8.549729347229004,bm25_top100_crossenc_minilm
1,NCT03605550,81,-8.593154907226562,bm25_top100_crossenc_minilm
1,NCT00268385,82,-8.621267318725586,bm25_top100_crossenc_minilm
1,NCT02607124,83,-8.626423835754395,bm25_top100_crossenc_minilm
1,NCT03514069,84,-8.628424644470215,bm25_top100_crossenc_minilm
1,NCT00272870,85,-8.78679084777832,bm25_top100_crossenc_minilm
1,NCT03152318,86,-8.822521209716797,bm25_top100_crossenc_minilm
1,NCT00114140,87,-8.841382026672363,bm25_top100_crossenc_minilm
1,NCT01434602,88,-8.84853744506836,bm25_top100_crossenc_minilm
1,NCT01514201,89,-8.908123016357422,bm25_top100_crossenc_minilm
1,NCT03581292,90,-8.936616897583008,bm25_top100_crossenc_minilm
1,NCT00412542,91,-8.971623420715332,bm25_top100_crossenc_minilm
1,NCT01051557,92,-9.027284622192383,bm25_top100_crossenc_minilm
1,NCT01922076,93,-9.029858589172363,bm25_top100_crossenc_minilm
1,NCT01781468,94,-9.116451263427734,bm25_top100_crossenc_minilm
1,NCT01119599,95,-9.118077278137207,bm25_top100_crossenc_minilm
1,NCT00281905,96,-9.13386058807373,bm25_top100_crossenc_minilm
1,NCT02055196,97,-9.135833740234375,bm25_top100_crossenc_minilm
1,NCT00516282,98,-9.19314956665039,bm25_top100_crossenc_minilm
1,NCT02991456,99,-9.316743850708008,bm25_top100_crossenc_minilm
1,NCT00275067,100,-9.342005729675293,bm25_top100_crossenc_minilm
2,NCT01202721,1,-5.1871771812438965,bm25_top100_crossenc_minilm
2,NCT02071849,2,-5.211931228637695,bm25_top100_crossenc_minilm
2,NCT03575039,3,-5.627762317657471,bm25_top100_crossenc_minilm
2,NCT03004599,4,-5.638725757598877,bm25_top100_crossenc_minilm
2,NCT00412386,5,-5.72907829284668,bm25_top100_crossenc_minilm
2,NCT03474159,6,-5.797418117523193,bm25_top100_crossenc_minilm
2,NCT03043404,7,-5.80421257019043,bm25_top100_crossenc_minilm
2,NCT03635424,8,-5.863332748413086,bm25_top100_crossenc_minilm
2,NCT02687035,9,-5.875065803527832,bm25_top100_crossenc_minilm
2,NCT02679261,10,-5.916211128234863,bm25_top100_crossenc_minilm
2,NCT03352089,11,-5.937851905822754,bm25_top100_crossenc_minilm
2,NCT02661451,12,-6.051429748535156,bm25_top100_crossenc_minilm
2,NCT03025971,13,-6.072959899902344,bm25_top100_crossenc_minilm
2,NCT03667365,14,-6.118077754974365,bm25_top100_crossenc_minilm
2,NCT01272388,15,-6.130426406860352,bm25_top100_crossenc_minilm
2,NCT02838680,16,-6.158166408538818,bm25_top100_crossenc_minilm
2,NCT00294775,17,-6.173169136047363,bm25_top100_crossenc_minilm
2,NCT03585933,18,-6.21014404296875,bm25_top100_crossenc_minilm
2,NCT02713932,19,-6.227581024169922,bm25_top100_crossenc_minilm
2,NCT02799823,20,-6.250072956085205,bm25_top100_crossenc_minilm
2,NCT02806310,21,-6.268245697021484,bm25_top100_crossenc_minilm
2,NCT03618095,22,-6.27543306350708,bm25_top100_crossenc_minilm
2,NCT02675114,23,-6.2773027420043945,bm25_top100_crossenc_minilm
2,NCT03628313,24,-6.279300689697266,bm25_top100_crossenc_minilm
2,NCT01437098,25,-6.316309928894043,bm25_top100_crossenc_minilm
2,NCT03315832,26,-6.3256635665893555,bm25_top100_crossenc_minilm
2,NCT03883490,27,-6.40537166595459,bm25_top100_crossenc_minilm
2,NCT01679431,28,-6.417865753173828,bm25_top100_crossenc_minilm
2,NCT02395107,29,-6.434295654296875,bm25_top100_crossenc_minilm
2,NCT01275339,30,-6.492915630340576,bm25_top100_crossenc_minilm
2,NCT00252317,31,-6.495011329650879,bm25_top100_crossenc_minilm
2,NCT00535899,32,-6.5597004890441895,bm25_top100_crossenc_minilm
2,NCT01503671,33,-6.560249328613281,bm25_top100_crossenc_minilm
2,NCT01932099,34,-6.574699878692627,bm25_top100_crossenc_minilm
2,NCT01638156,35,-6.613580703735352,bm25_top100_crossenc_minilm
2,NCT03549052,36,-6.617716312408447,bm25_top100_crossenc_minilm
2,NCT01240902,37,-6.672987937927246,bm25_top100_crossenc_minilm
2,NCT02283970,38,-6.678288459777832,bm25_top100_crossenc_minilm
2,NCT00590135,39,-6.716847896575928,bm25_top100_crossenc_minilm
2,NCT02986737,40,-6.73735237121582,bm25_top100_crossenc_minilm
2,NCT01051518,41,-6.743087291717529,bm25_top100_crossenc_minilm
2,NCT04160130,42,-6.77675724029541,bm25_top100_crossenc_minilm
2,NCT01634269,43,-6.789944648742676,bm25_top100_crossenc_minilm
2,NCT03972644,44,-6.795614242553711,bm25_top100_crossenc_minilm
2,NCT04521452,45,-6.831295013427734,bm25_top100_crossenc_minilm
2,NCT04663334,46,-6.852386474609375,bm25_top100_crossenc_minilm
2,NCT02338154,47,-6.894420146942139,bm25_top100_crossenc_minilm
2,NCT04331769,48,-6.895837783813477,bm25_top100_crossenc_minilm
2,NCT04344353,49,-6.914186000823975,bm25_top100_crossenc_minilm
2,NCT04618718,50,-6.92054557800293,bm25_top100_crossenc_minilm
2,NCT02624934,51,-6.986111640930176,bm25_top100_crossenc_minilm
2,NCT04729933,52,-7.035288333892822,bm25_top100_crossenc_minilm
2,NCT03863132,53,-7.056120872497559,bm25_top100_crossenc_minilm
2,NCT02132026,54,-7.058772087097168,bm25_top100_crossenc_minilm
2,NCT01635244,55,-7.086822032928467,bm25_top100_crossenc_minilm
2,NCT01675440,56,-7.101025581359863,bm25_top100_crossenc_minilm
2,NCT01531374,57,-7.104194164276123,bm25_top100_crossenc_minilm
2,NCT04157920,58,-7.150938034057617,bm25_top100_crossenc_minilm
2,NCT01400841,59,-7.158355236053467,bm25_top100_crossenc_minilm
2,NCT01057173,60,-7.159738540649414,bm25_top100_crossenc_minilm
2,NCT02146755,61,-7.165849685668945,bm25_top100_crossenc_minilm
2,NCT04242225,62,-7.170747756958008,bm25_top100_crossenc_minilm
2,NCT03788590,63,-7.176772594451904,bm25_top100_crossenc_minilm
2,NCT02673697,64,-7.189402103424072,bm25_top100_crossenc_minilm
2,NCT04310046,65,-7.201183319091797,bm25_top100_crossenc_minilm
2,NCT04514250,66,-7.221160888671875,bm25_top100_crossenc_minilm
2,NCT02950428,67,-7.234740257263184,bm25_top100_crossenc_minilm
2,NCT01589380,68,-7.244321823120117,bm25_top100_crossenc_minilm
2,NCT02854319,69,-7.258868217468262,bm25_top100_crossenc_minilm
2,NCT04068740,70,-7.276978969573975,bm25_top100_crossenc_minilm
2,NCT00005199,71,-7.346683979034424,bm25_top100_crossenc_minilm
2,NCT03557242,72,-7.350454807281494,bm25_top100_crossenc_minilm
2,NCT02436655,73,-7.382801532745361,bm25_top100_crossenc_minilm
2,NCT04275726,74,-7.401232719421387,bm25_top100_crossenc_minilm
2,NCT01586910,75,-7.404519081115723,bm25_top100_crossenc_minilm
2,NCT02163850,76,-7.429896354675293,bm25_top100_crossenc_minilm
2,NCT04861805,77,-7.456148624420166,bm25_top100_crossenc_minilm
2,NCT01383720,78,-7.499946594238281,bm25_top100_crossenc_minilm
2,NCT03604913,79,-7.509653091430664,bm25_top100_crossenc_minilm
2,NCT02241109,80,-7.52810001373291,bm25_top100_crossenc_minilm
2,NCT02792452,81,-7.533761978149414,bm25_top100_crossenc_minilm
2,NCT01575249,82,-7.595156192779541,bm25_top100_crossenc_minilm
2,NCT02628899,83,-7.630670547485352,bm25_top100_crossenc_minilm
2,NCT04517955,84,-7.675654411315918,bm25_top100_crossenc_minilm
2,NCT03633383,85,-7.693179607391357,bm25_top100_crossenc_minilm
2,NCT00710775,86,-7.70904541015625,bm25_top100_crossenc_minilm
2,NCT02907463,87,-7.803685188293457,bm25_top100_crossenc_minilm
2,NCT02825134,88,-7.821136474609375,bm25_top100_crossenc_minilm
2,NCT01052428,89,-7.826190948486328,bm25_top100_crossenc_minilm
2,NCT02448927,90,-7.828585147857666,bm25_top100_crossenc_minilm
2,NCT02910349,91,-7.839094161987305,bm25_top100_crossenc_minilm
2,NCT03112980,92,-7.971654891967773,bm25_top100_crossenc_minilm
2,NCT04634240,93,-8.07461929321289,bm25_top100_crossenc_minilm
2,NCT01837160,94,-8.07744026184082,bm25_top100_crossenc_minilm
2,NCT02214277,95,-8.081799507141113,bm25_top100_crossenc_minilm
2,NCT04281771,96,-8.118799209594727,bm25_top100_crossenc_minilm
2,NCT03280433,97,-8.132844924926758,bm25_top100_crossenc_minilm
2,NCT00722748,98,-8.228708267211914,bm25_top100_crossenc_minilm
2,NCT04299971,99,-8.529363632202148,bm25_top100_crossenc_minilm
2,NCT04300686,100,-8.60627269744873,bm25_top100_crossenc_minilm
3,NCT04352218,1,-6.904452323913574,bm25_top100_crossenc_minilm
3,NCT03410628,2,-6.989907741546631,bm25_top100_crossenc_minilm
3,NCT01792817,3,-7.286582946777344,bm25_top100_crossenc_minilm
3,NCT00142090,4,-7.305617332458496,bm25_top100_crossenc_minilm
3,NCT01118988,5,-7.508245468139648,bm25_top100_crossenc_minilm
3,NCT03026101,6,-7.575578212738037,bm25_top100_crossenc_minilm
3,NCT03264612,7,-7.803863525390625,bm25_top100_crossenc_minilm
3,NCT00203190,8,-8.033965110778809,bm25_top100_crossenc_minilm
3,NCT03647631,9,-8.06427001953125,bm25_top100_crossenc_minilm
3,NCT00564096,10,-8.087418556213379,bm25_top100_crossenc_minilm
3,NCT01804517,11,-8.18004035949707,bm25_top100_crossenc_minilm
3,NCT01856270,12,-8.250310897827148,bm25_top100_crossenc_minilm
3,NCT03142945,13,-8.271703720092773,bm25_top100_crossenc_minilm
3,NCT00799214,14,-8.274713516235352,bm25_top100_crossenc_minilm
3,NCT03665142,15,-8.354973793029785,bm25_top100_crossenc_minilm
3,NCT04661098,16,-8.40390682220459,bm25_top100_crossenc_minilm
3,NCT01859507,17,-8.504159927368164,bm25_top100_crossenc_minilm
3,NCT00418275,18,-8.583879470825195,bm25_top100_crossenc_minilm
3,NCT04284501,19,-8.620229721069336,bm25_top100_crossenc_minilm
3,NCT02099006,20,-8.698673248291016,bm25_top100_crossenc_minilm
3,NCT00881660,21,-8.710464477539062,bm25_top100_crossenc_minilm
3,NCT03572998,22,-8.711967468261719,bm25_top100_crossenc_minilm
3,NCT02819479,23,-8.749734878540039,bm25_top100_crossenc_minilm
3,NCT03980717,24,-8.787243843078613,bm25_top100_crossenc_minilm
3,NCT03754725,25,-8.881260871887207,bm25_top100_crossenc_minilm
3,NCT02903680,26,-8.927007675170898,bm25_top100_crossenc_minilm
3,NCT03995823,27,-8.941655158996582,bm25_top100_crossenc_minilm
3,NCT00093860,28,-8.983749389648438,bm25_top100_crossenc_minilm
3,NCT01602107,29,-9.009445190429688,bm25_top100_crossenc_minilm
3,NCT03573778,30,-9.020811080932617,bm25_top100_crossenc_minilm
3,NCT04614142,31,-9.037171363830566,bm25_top100_crossenc_minilm
3,NCT00434564,32,-9.076329231262207,bm25_top100_crossenc_minilm
3,NCT00463450,33,-9.100847244262695,bm25_top100_crossenc_minilm
3,NCT02400034,34,-9.104969024658203,bm25_top100_crossenc_minilm
3,NCT02249624,35,-9.107643127441406,bm25_top100_crossenc_minilm
3,NCT04471285,36,-9.137224197387695,bm25_top100_crossenc_minilm
3,NCT02069366,37,-9.148857116699219,bm25_top100_crossenc_minilm
3,NCT01311102,38,-9.166820526123047,bm25_top100_crossenc_minilm
3,NCT04798248,39,-9.183553695678711,bm25_top100_crossenc_minilm
3,NCT00857051,40,-9.18382453918457,bm25_top100_crossenc_minilm
3,NCT02492347,41,-9.20562744140625,bm25_top100_crossenc_minilm
3,NCT03008005,42,-9.231597900390625,bm25_top100_crossenc_minilm
3,NCT03085212,43,-9.240795135498047,bm25_top100_crossenc_minilm
3,NCT03491436,44,-9.2637939453125,bm25_top100_crossenc_minilm
3,NCT02185456,45,-9.281600952148438,bm25_top100_crossenc_minilm
3,NCT02226731,46,-9.287345886230469,bm25_top100_crossenc_minilm
3,NCT02434536,47,-9.293535232543945,bm25_top100_crossenc_minilm
3,NCT02982213,48,-9.318735122680664,bm25_top100_crossenc_minilm
3,NCT04701034,49,-9.33337688446045,bm25_top100_crossenc_minilm
3,NCT04559620,50,-9.390868186950684,bm25_top100_crossenc_minilm
3,NCT02379728,51,-9.409711837768555,bm25_top100_crossenc_minilm
3,NCT01599975,52,-9.427437782287598,bm25_top100_crossenc_minilm
3,NCT00182078,53,-9.458078384399414,bm25_top100_crossenc_minilm
3,NCT00667498,54,-9.461941719055176,bm25_top100_crossenc_minilm
3,NCT01160536,55,-9.470739364624023,bm25_top100_crossenc_minilm
3,NCT02897622,56,-9.481858253479004,bm25_top100_crossenc_minilm
3,NCT02411734,57,-9.495622634887695,bm25_top100_crossenc_minilm
3,NCT01775917,58,-9.511064529418945,bm25_top100_crossenc_minilm
3,NCT00975546,59,-9.51404094696045,bm25_top100_crossenc_minilm
3,NCT00922233,60,-9.522782325744629,bm25_top100_crossenc_minilm
3,NCT03862729,61,-9.5479097366333,bm25_top100_crossenc_minilm
3,NCT03252028,62,-9.548796653747559,bm25_top100_crossenc_minilm
3,NCT02293213,63,-9.551769256591797,bm25_top100_crossenc_minilm
3,NCT03529955,64,-9.569846153259277,bm25_top100_crossenc_minilm
3,NCT00953420,65,-9.575733184814453,bm25_top100_crossenc_minilm
3,NCT00291044,66,-9.585420608520508,bm25_top100_crossenc_minilm
3,NCT03280849,67,-9.587946891784668,bm25_top100_crossenc_minilm
3,NCT02411916,68,-9.606821060180664,bm25_top100_crossenc_minilm
3,NCT04463524,69,-9.616995811462402,bm25_top100_crossenc_minilm
3,NCT03420339,70,-9.632665634155273,bm25_top100_crossenc_minilm
3,NCT03888495,71,-9.656808853149414,bm25_top100_crossenc_minilm
3,NCT03025984,72,-9.680826187133789,bm25_top100_crossenc_minilm
3,NCT02753920,73,-9.692209243774414,bm25_top100_crossenc_minilm
3,NCT01624155,74,-9.720783233642578,bm25_top100_crossenc_minilm
3,NCT00983749,75,-9.728438377380371,bm25_top100_crossenc_minilm
3,NCT02109952,76,-9.743369102478027,bm25_top100_crossenc_minilm
3,NCT03422809,77,-9.745195388793945,bm25_top100_crossenc_minilm
3,NCT03751423,78,-9.770463943481445,bm25_top100_crossenc_minilm
3,NCT00314431,79,-9.776739120483398,bm25_top100_crossenc_minilm
3,NCT02170064,80,-9.798855781555176,bm25_top100_crossenc_minilm
3,NCT03461640,81,-9.815103530883789,bm25_top100_crossenc_minilm
3,NCT02855294,82,-9.821542739868164,bm25_top100_crossenc_minilm
3,NCT02546193,83,-9.867774963378906,bm25_top100_crossenc_minilm
3,NCT03974217,84,-9.922237396240234,bm25_top100_crossenc_minilm
3,NCT01893047,85,-10.053374290466309,bm25_top100_crossenc_minilm
3,NCT02531906,86,-10.0814790725708,bm25_top100_crossenc_minilm
3,NCT00878826,87,-10.143400192260742,bm25_top100_crossenc_minilm
3,NCT03243305,88,-10.154940605163574,bm25_top100_crossenc_minilm
3,NCT02088866,89,-10.157859802246094,bm25_top100_crossenc_minilm
3,NCT02948491,90,-10.167475700378418,bm25_top100_crossenc_minilm
3,NCT01768546,91,-10.176474571228027,bm25_top100_crossenc_minilm
3,NCT03018288,92,-10.178838729858398,bm25_top100_crossenc_minilm
3,NCT04233632,93,-10.203640937805176,bm25_top100_crossenc_minilm
3,NCT00682994,94,-10.206676483154297,bm25_top100_crossenc_minilm
3,NCT01553318,95,-10.238531112670898,bm25_top100_crossenc_minilm
3,NCT03940365,96,-10.2822904586792,bm25_top100_crossenc_minilm
3,NCT02084680,97,-10.284551620483398,bm25_top100_crossenc_minilm
3,NCT03704649,98,-10.350831031799316,bm25_top100_crossenc_minilm
3,NCT02526459,99,-10.387316703796387,bm25_top100_crossenc_minilm
3,NCT03141359,100,-10.469419479370117,bm25_top100_crossenc_minilm
4,NCT01854372,1,-6.3351263999938965,bm25_top100_crossenc_minilm
4,NCT03793140,2,-6.492745399475098,bm25_top100_crossenc_minilm
4,NCT04626908,3,-7.15478515625,bm25_top100_crossenc_minilm
4,NCT00226304,4,-7.254683494567871,bm25_top100_crossenc_minilm
4,NCT02228512,5,-7.401392936706543,bm25_top100_crossenc_minilm
4,NCT00290498,6,-7.545681953430176,bm25_top100_crossenc_minilm
4,NCT02911142,7,-7.988981246948242,bm25_top100_crossenc_minilm
4,NCT04314843,8,-8.175755500793457,bm25_top100_crossenc_minilm
4,NCT04002947,9,-8.256101608276367,bm25_top100_crossenc_minilm
4,NCT00669877,10,-8.259754180908203,bm25_top100_crossenc_minilm
4,NCT00040690,11,-8.282387733459473,bm25_top100_crossenc_minilm
4,NCT03943901,12,-8.35257339477539,bm25_top100_crossenc_minilm
4,NCT04546620,13,-8.366564750671387,bm25_top100_crossenc_minilm
4,NCT03287817,14,-8.413033485412598,bm25_top100_crossenc_minilm
4,NCT02390869,15,-8.438661575317383,bm25_top100_crossenc_minilm
4,NCT04232826,16,-8.49399185180664,bm25_top100_crossenc_minilm
4,NCT03036904,17,-8.534568786621094,bm25_top100_crossenc_minilm
4,NCT03418441,18,-8.538118362426758,bm25_top100_crossenc_minilm
4,NCT01234766,19,-8.550545692443848,bm25_top100_crossenc_minilm
4,NCT02763319,20,-8.552452087402344,bm25_top100_crossenc_minilm
4,NCT00052936,21,-8.567726135253906,bm25_top100_crossenc_minilm
4,NCT02710643,22,-8.632265090942383,bm25_top100_crossenc_minilm
4,NCT03379493,23,-8.638545989990234,bm25_top100_crossenc_minilm
4,NCT02128061,24,-8.640931129455566,bm25_top100_crossenc_minilm
4,NCT04112238,25,-8.644784927368164,bm25_top100_crossenc_minilm
4,NCT00267865,26,-8.679510116577148,bm25_top100_crossenc_minilm
4,NCT04836195,27,-8.710901260375977,bm25_top100_crossenc_minilm
4,NCT04160195,28,-8.77572250366211,bm25_top100_crossenc_minilm
4,NCT01626352,29,-8.824434280395508,bm25_top100_crossenc_minilm
4,NCT02625480,30,-8.824583053588867,bm25_top100_crossenc_minilm
4,NCT03293173,31,-8.82905101776123,bm25_top100_crossenc_minilm
4,NCT04656431,32,-8.844139099121094,bm25_top100_crossenc_minilm
4,NCT01046825,33,-8.859434127807617,bm25_top100_crossenc_minilm
4,NCT03263026,34,-8.881179809570312,bm25_top100_crossenc_minilm
4,NCT02659943,35,-8.901790618896484,bm25_top100_crossenc_minilm
4,NCT03076437,36,-8.921014785766602,bm25_top100_crossenc_minilm
4,NCT04150913,37,-8.9490385055542,bm25_top100_crossenc_minilm
4,NCT02498951,38,-8.97292423248291,bm25_top100_crossenc_minilm
4,NCT01458366,39,-8.995185852050781,bm25_top100_crossenc_minilm
4,NCT00338520,40,-9.010299682617188,bm25_top100_crossenc_minilm
4,NCT03277729,41,-9.014474868774414,bm25_top100_crossenc_minilm
4,NCT03559439,42,-9.03390121459961,bm25_top100_crossenc_minilm
4,NCT01092182,43,-9.05041217803955,bm25_top100_crossenc_minilm
4,NCT00074607,44,-9.076349258422852,bm25_top100_crossenc_minilm
4,NCT01078922,45,-9.09687328338623,bm25_top100_crossenc_minilm
4,NCT03252028,46,-9.108945846557617,bm25_top100_crossenc_minilm
4,NCT00062868,47,-9.11555290222168,bm25_top100_crossenc_minilm
4,NCT03589469,48,-9.119919776916504,bm25_top100_crossenc_minilm
4,NCT01285765,49,-9.127665519714355,bm25_top100_crossenc_minilm
4,NCT00022581,50,-9.128938674926758,bm25_top100_crossenc_minilm
4,NCT02750670,51,-9.149862289428711,bm25_top100_crossenc_minilm
4,NCT04668768,52,-9.154260635375977,bm25_top100_crossenc_minilm
4,NCT02456350,53,-9.176712036132812,bm25_top100_crossenc_minilm
4,NCT02532192,54,-9.183801651000977,bm25_top100_crossenc_minilm
4,NCT04794881,55,-9.198040008544922,bm25_top100_crossenc_minilm
4,NCT04855695,56,-9.237677574157715,bm25_top100_crossenc_minilm
4,NCT01875588,57,-9.241304397583008,bm25_top100_crossenc_minilm
4,NCT03666000,58,-9.262274742126465,bm25_top100_crossenc_minilm
4,NCT04323956,59,-9.265192031860352,bm25_top100_crossenc_minilm
4,NCT04697940,60,-9.265898704528809,bm25_top100_crossenc_minilm
4,NCT03984448,61,-9.283082962036133,bm25_top100_crossenc_minilm
4,NCT04215016,62,-9.296618461608887,bm25_top100_crossenc_minilm
4,NCT04553393,63,-9.305281639099121,bm25_top100_crossenc_minilm
4,NCT02071056,64,-9.328105926513672,bm25_top100_crossenc_minilm
4,NCT03132584,65,-9.328575134277344,bm25_top100_crossenc_minilm
4,NCT01555541,66,-9.370834350585938,bm25_top100_crossenc_minilm
4,NCT04608487,67,-9.372177124023438,bm25_top100_crossenc_minilm
4,NCT01856192,68,-9.375447273254395,bm25_top100_crossenc_minilm
4,NCT04049383,69,-9.377058982849121,bm25_top100_crossenc_minilm
4,NCT04007029,70,-9.393535614013672,bm25_top100_crossenc_minilm
4,NCT03125642,71,-9.395795822143555,bm25_top100_crossenc_minilm
4,NCT03118180,72,-9.396137237548828,bm25_top100_crossenc_minilm
4,NCT04432506,73,-9.396284103393555,bm25_top100_crossenc_minilm
4,NCT04186520,74,-9.414101600646973,bm25_top100_crossenc_minilm
4,NCT04486872,75,-9.421690940856934,bm25_top100_crossenc_minilm
4,NCT02436707,76,-9.425834655761719,bm25_top100_crossenc_minilm
4,NCT04223765,77,-9.450984954833984,bm25_top100_crossenc_minilm
4,NCT02213913,78,-9.473360061645508,bm25_top100_crossenc_minilm
4,NCT03241940,79,-9.484837532043457,bm25_top100_crossenc_minilm
4,NCT03484702,80,-9.500561714172363,bm25_top100_crossenc_minilm
4,NCT04283006,81,-9.505325317382812,bm25_top100_crossenc_minilm
4,NCT00674674,82,-9.511948585510254,bm25_top100_crossenc_minilm
4,NCT04088864,83,-9.533550262451172,bm25_top100_crossenc_minilm
4,NCT00392834,84,-9.537347793579102,bm25_top100_crossenc_minilm
4,NCT00135200,85,-9.545807838439941,bm25_top100_crossenc_minilm
4,NCT03019055,86,-9.561548233032227,bm25_top100_crossenc_minilm
4,NCT00924326,87,-9.619564056396484,bm25_top100_crossenc_minilm
4,NCT03081910,88,-9.620909690856934,bm25_top100_crossenc_minilm
4,NCT04545762,89,-9.6274995803833,bm25_top100_crossenc_minilm
4,NCT04074330,90,-9.64198112487793,bm25_top100_crossenc_minilm
4,NCT03233854,91,-9.65251350402832,bm25_top100_crossenc_minilm
4,NCT02481310,92,-9.674367904663086,bm25_top100_crossenc_minilm
4,NCT03188198,93,-9.682025909423828,bm25_top100_crossenc_minilm
4,NCT03049449,94,-9.69700813293457,bm25_top100_crossenc_minilm
4,NCT03391466,95,-9.725866317749023,bm25_top100_crossenc_minilm
4,NCT01193842,96,-9.735737800598145,bm25_top100_crossenc_minilm
4,NCT03593109,97,-9.783872604370117,bm25_top100_crossenc_minilm
4,NCT03097770,98,-9.829449653625488,bm25_top100_crossenc_minilm
4,NCT00310037,99,-10.145532608032227,bm25_top100_crossenc_minilm
4,NCT01871675,100,-10.211051940917969,bm25_top100_crossenc_minilm
5,NCT02139189,1,-2.700739860534668,bm25_top100_crossenc_minilm
5,NCT04354740,2,-3.4092512130737305,bm25_top100_crossenc_minilm
5,NCT00086450,3,-4.395200729370117,bm25_top100_crossenc_minilm
5,NCT00157716,4,-4.783222198486328,bm25_top100_crossenc_minilm
5,NCT00402506,5,-4.877426624298096,bm25_top100_crossenc_minilm
5,NCT02100722,6,-5.07769775390625,bm25_top100_crossenc_minilm
5,NCT02334826,7,-5.240999221801758,bm25_top100_crossenc_minilm
5,NCT00046410,8,-5.268069744110107,bm25_top100_crossenc_minilm
5,NCT01755520,9,-5.28110408782959,bm25_top100_crossenc_minilm
5,NCT00321022,10,-5.4043660163879395,bm25_top100_crossenc_minilm
5,NCT03702244,11,-5.436788558959961,bm25_top100_crossenc_minilm
5,NCT03521193,12,-5.705179214477539,bm25_top100_crossenc_minilm
5,NCT03646019,13,-5.710578441619873,bm25_top100_crossenc_minilm
5,NCT03721523,14,-5.721172332763672,bm25_top100_crossenc_minilm
5,NCT02504762,15,-5.755934715270996,bm25_top100_crossenc_minilm
5,NCT02968329,16,-5.853423118591309,bm25_top100_crossenc_minilm
5,NCT00217178,17,-6.002060890197754,bm25_top100_crossenc_minilm
5,NCT01252875,18,-6.033915996551514,bm25_top100_crossenc_minilm
5,NCT03477890,19,-6.508213520050049,bm25_top100_crossenc_minilm
5,NCT03950947,20,-6.519339084625244,bm25_top100_crossenc_minilm
5,NCT02398734,21,-6.547728061676025,bm25_top100_crossenc_minilm
5,NCT04140019,22,-6.592591762542725,bm25_top100_crossenc_minilm
5,NCT00125671,23,-6.6310014724731445,bm25_top100_crossenc_minilm
5,NCT02791087,24,-6.6646728515625,bm25_top100_crossenc_minilm
5,NCT03329365,25,-6.715401649475098,bm25_top100_crossenc_minilm
5,NCT03142867,26,-6.715741157531738,bm25_top100_crossenc_minilm
5,NCT02355288,27,-6.741204261779785,bm25_top100_crossenc_minilm
5,NCT00576693,28,-6.858922958374023,bm25_top100_crossenc_minilm
5,NCT02898896,29,-6.873452186584473,bm25_top100_crossenc_minilm
5,NCT03138603,30,-6.874284744262695,bm25_top100_crossenc_minilm
5,NCT01084239,31,-6.90817928314209,bm25_top100_crossenc_minilm
5,NCT03176420,32,-7.0117268562316895,bm25_top100_crossenc_minilm
5,NCT04059679,33,-7.046957015991211,bm25_top100_crossenc_minilm
5,NCT00821821,34,-7.1375932693481445,bm25_top100_crossenc_minilm
5,NCT01056445,35,-7.235841274261475,bm25_top100_crossenc_minilm
5,NCT04057755,36,-7.2886552810668945,bm25_top100_crossenc_minilm
5,NCT03921827,37,-7.3688530921936035,bm25_top100_crossenc_minilm
5,NCT01257880,38,-7.374630928039551,bm25_top100_crossenc_minilm
5,NCT01117506,39,-7.391767978668213,bm25_top100_crossenc_minilm
5,NCT04825080,40,-7.469529151916504,bm25_top100_crossenc_minilm
5,NCT04261478,41,-7.531774997711182,bm25_top100_crossenc_minilm
5,NCT01174550,42,-7.534221172332764,bm25_top100_crossenc_minilm
5,NCT01819597,43,-7.64601469039917,bm25_top100_crossenc_minilm
5,NCT03192332,44,-7.722712516784668,bm25_top100_crossenc_minilm
5,NCT00321295,45,-7.829576015472412,bm25_top100_crossenc_minilm
5,NCT00126139,46,-7.8407135009765625,bm25_top100_crossenc_minilm
5,NCT02527044,47,-7.87232780456543,bm25_top100_crossenc_minilm
5,NCT03381534,48,-7.904645919799805,bm25_top100_crossenc_minilm
5,NCT00004728,49,-7.912825584411621,bm25_top100_crossenc_minilm
5,NCT04201132,50,-7.936534404754639,bm25_top100_crossenc_minilm
5,NCT01763320,51,-7.988884925842285,bm25_top100_crossenc_minilm
5,NCT00544102,52,-7.994430065155029,bm25_top100_crossenc_minilm
5,NCT03179774,53,-8.01131534576416,bm25_top100_crossenc_minilm
5,NCT00316108,54,-8.035146713256836,bm25_top100_crossenc_minilm
5,NCT00106938,55,-8.07702922821045,bm25_top100_crossenc_minilm
5,NCT02536378,56,-8.089470863342285,bm25_top100_crossenc_minilm
5,NCT00180518,57,-8.094999313354492,bm25_top100_crossenc_minilm
5,NCT02802072,58,-8.104392051696777,bm25_top100_crossenc_minilm
5,NCT03493035,59,-8.111459732055664,bm25_top100_crossenc_minilm
5,NCT02118233,60,-8.11147403717041,bm25_top100_crossenc_minilm
5,NCT01758614,61,-8.136170387268066,bm25_top100_crossenc_minilm
5,NCT01264419,62,-8.136174201965332,bm25_top100_crossenc_minilm
5,NCT03208166,63,-8.153079986572266,bm25_top100_crossenc_minilm
5,NCT03785678,64,-8.18028450012207,bm25_top100_crossenc_minilm
5,NCT03978988,65,-8.198936462402344,bm25_top100_crossenc_minilm
5,NCT03344276,66,-8.205769538879395,bm25_top100_crossenc_minilm
5,NCT00402740,67,-8.226316452026367,bm25_top100_crossenc_minilm
5,NCT03729817,68,-8.250131607055664,bm25_top100_crossenc_minilm
5,NCT02750644,69,-8.31095027923584,bm25_top100_crossenc_minilm
5,NCT02800174,70,-8.363609313964844,bm25_top100_crossenc_minilm
5,NCT01458860,71,-8.38691520690918,bm25_top100_crossenc_minilm
5,NCT01591005,72,-8.410965919494629,bm25_top100_crossenc_minilm
5,NCT00385385,73,-8.47031021118164,bm25_top100_crossenc_minilm
5,NCT01678144,74,-8.512285232543945,bm25_top100_crossenc_minilm
5,NCT00600327,75,-8.512592315673828,bm25_top100_crossenc_minilm
5,NCT00011258,76,-8.529541015625,bm25_top100_crossenc_minilm
5,NCT01050361,77,-8.54073429107666,bm25_top100_crossenc_minilm
5,NCT01783639,78,-8.551441192626953,bm25_top100_crossenc_minilm
5,NCT04087382,79,-8.563639640808105,bm25_top100_crossenc_minilm
5,NCT01994161,80,-8.585261344909668,bm25_top100_crossenc_minilm
5,NCT03464851,81,-8.659038543701172,bm25_top100_crossenc_minilm
5,NCT00177346,82,-8.678645133972168,bm25_top100_crossenc_minilm
5,NCT03062319,83,-8.711580276489258,bm25_top100_crossenc_minilm
5,NCT00178672,84,-8.758539199829102,bm25_top100_crossenc_minilm
5,NCT00590434,85,-8.777999877929688,bm25_top100_crossenc_minilm
5,NCT03985774,86,-8.795727729797363,bm25_top100_crossenc_minilm
5,NCT04142541,87,-8.812112808227539,bm25_top100_crossenc_minilm
5,NCT01273337,88,-8.866287231445312,bm25_top100_crossenc_minilm
5,NCT02129413,89,-8.890188217163086,bm25_top100_crossenc_minilm
5,NCT01070771,90,-8.904119491577148,bm25_top100_crossenc_minilm
5,NCT00215696,91,-8.912343978881836,bm25_top100_crossenc_minilm
5,NCT02657707,92,-8.9199857711792,bm25_top100_crossenc_minilm
5,NCT03105141,93,-8.984548568725586,bm25_top100_crossenc_minilm
5,NCT02089217,94,-9.003484725952148,bm25_top100_crossenc_minilm
5,NCT01685567,95,-9.037568092346191,bm25_top100_crossenc_minilm
5,NCT00744523,96,-9.097187995910645,bm25_top100_crossenc_minilm
5,NCT03210623,97,-9.133636474609375,bm25_top100_crossenc_minilm
5,NCT01414387,98,-9.159442901611328,bm25_top100_crossenc_minilm
5,NCT04318171,99,-9.185556411743164,bm25_top100_crossenc_minilm
5,NCT03982420,100,-9.238889694213867,bm25_top100_crossenc_minilm
6,NCT04614142,1,-4.74669075012207,bm25_top100_crossenc_minilm
6,NCT02112630,2,-5.080918312072754,bm25_top100_crossenc_minilm
6,NCT02646436,3,-5.207826614379883,bm25_top100_crossenc_minilm
6,NCT01678365,4,-7.089298248291016,bm25_top100_crossenc_minilm
6,NCT02101788,5,-7.189023971557617,bm25_top100_crossenc_minilm
6,NCT04715971,6,-7.22528076171875,bm25_top100_crossenc_minilm
6,NCT01739894,7,-7.2652106285095215,bm25_top100_crossenc_minilm
6,NCT02772627,8,-7.481947422027588,bm25_top100_crossenc_minilm
6,NCT02778594,9,-7.606671333312988,bm25_top100_crossenc_minilm
6,NCT00231855,10,-7.6636199951171875,bm25_top100_crossenc_minilm
6,NCT03647995,11,-8.013426780700684,bm25_top100_crossenc_minilm
6,NCT00177970,12,-8.201683044433594,bm25_top100_crossenc_minilm
6,NCT01378481,13,-8.23083209991455,bm25_top100_crossenc_minilm
6,NCT03252028,14,-8.239041328430176,bm25_top100_crossenc_minilm
6,NCT01630096,15,-8.262645721435547,bm25_top100_crossenc_minilm
6,NCT04064957,16,-8.274131774902344,bm25_top100_crossenc_minilm
6,NCT00740805,17,-8.351221084594727,bm25_top100_crossenc_minilm
6,NCT01868373,18,-8.407745361328125,bm25_top100_crossenc_minilm
6,NCT01309750,19,-8.410041809082031,bm25_top100_crossenc_minilm
6,NCT02776202,20,-8.486991882324219,bm25_top100_crossenc_minilm
6,NCT00304889,21,-8.491547584533691,bm25_top100_crossenc_minilm
6,NCT00096395,22,-8.520519256591797,bm25_top100_crossenc_minilm
6,NCT02112279,23,-8.583843231201172,bm25_top100_crossenc_minilm
6,NCT02208375,24,-8.603384017944336,bm25_top100_crossenc_minilm
6,NCT03592082,25,-8.63450813293457,bm25_top100_crossenc_minilm
6,NCT02193685,26,-8.639936447143555,bm25_top100_crossenc_minilm
6,NCT04752163,27,-8.64090633392334,bm25_top100_crossenc_minilm
6,NCT03091543,28,-8.667646408081055,bm25_top100_crossenc_minilm
6,NCT04558125,29,-8.706096649169922,bm25_top100_crossenc_minilm
6,NCT04244474,30,-8.72598934173584,bm25_top100_crossenc_minilm
6,NCT00324285,31,-8.740836143493652,bm25_top100_crossenc_minilm
6,NCT00131716,32,-8.741425514221191,bm25_top100_crossenc_minilm
6,NCT02684422,33,-8.79456901550293,bm25_top100_crossenc_minilm
6,NCT04492891,34,-8.833945274353027,bm25_top100_crossenc_minilm
6,NCT02200328,35,-8.845695495605469,bm25_top100_crossenc_minilm
6,NCT04347057,36,-8.915214538574219,bm25_top100_crossenc_minilm
6,NCT03529955,37,-8.9164457321167,bm25_top100_crossenc_minilm
6,NCT01346059,38,-8.917648315429688,bm25_top100_crossenc_minilm
6,NCT02707198,39,-8.918787002563477,bm25_top100_crossenc_minilm
6,NCT02224781,40,-8.951933860778809,bm25_top100_crossenc_minilm
6,NCT03014297,41,-8.965386390686035,bm25_top100_crossenc_minilm
6,NCT03094156,42,-8.968801498413086,bm25_top100_crossenc_minilm
6,NCT02134392,43,-8.980659484863281,bm25_top100_crossenc_minilm
6,NCT03937947,44,-9.00428581237793,bm25_top100_crossenc_minilm
6,NCT03555474,45,-9.042886734008789,bm25_top100_crossenc_minilm
6,NCT04014608,46,-9.057944297790527,bm25_top100_crossenc_minilm
6,NCT04463524,47,-9.06512451171875,bm25_top100_crossenc_minilm
6,NCT03097211,48,-9.069123268127441,bm25_top100_crossenc_minilm
6,NCT01670877,49,-9.121444702148438,bm25_top100_crossenc_minilm
6,NCT02097225,50,-9.190788269042969,bm25_top100_crossenc_minilm
6,NCT00177775,51,-9.193872451782227,bm25_top100_crossenc_minilm
6,NCT02434536,52,-9.216931343078613,bm25_top100_crossenc_minilm
6,NCT01275664,53,-9.227679252624512,bm25_top100_crossenc_minilm
6,NCT03562741,54,-9.229255676269531,bm25_top100_crossenc_minilm
6,NCT02237859,55,-9.254922866821289,bm25_top100_crossenc_minilm
6,NCT02996487,56,-9.280231475830078,bm25_top100_crossenc_minilm
6,NCT00514618,57,-9.305839538574219,bm25_top100_crossenc_minilm
6,NCT00313560,58,-9.326555252075195,bm25_top100_crossenc_minilm
6,NCT01174290,59,-9.329366683959961,bm25_top100_crossenc_minilm
6,NCT00067808,60,-9.334400177001953,bm25_top100_crossenc_minilm
6,NCT01344031,61,-9.334600448608398,bm25_top100_crossenc_minilm
6,NCT01472978,62,-9.336421966552734,bm25_top100_crossenc_minilm
6,NCT01567709,63,-9.360679626464844,bm25_top100_crossenc_minilm
6,NCT02535338,64,-9.369311332702637,bm25_top100_crossenc_minilm
6,NCT02258763,65,-9.38746166229248,bm25_top100_crossenc_minilm
6,NCT04301076,66,-9.408897399902344,bm25_top100_crossenc_minilm
6,NCT03900949,67,-9.419097900390625,bm25_top100_crossenc_minilm
6,NCT02394197,68,-9.436355590820312,bm25_top100_crossenc_minilm
6,NCT03747718,69,-9.454938888549805,bm25_top100_crossenc_minilm
6,NCT03629977,70,-9.48026180267334,bm25_top100_crossenc_minilm
6,NCT04220008,71,-9.483060836791992,bm25_top100_crossenc_minilm
6,NCT00425503,72,-9.53686237335205,bm25_top100_crossenc_minilm
6,NCT04324112,73,-9.5396146774292,bm25_top100_crossenc_minilm
6,NCT01660711,74,-9.539787292480469,bm25_top100_crossenc_minilm
6,NCT04310397,75,-9.557205200195312,bm25_top100_crossenc_minilm
6,NCT01713972,76,-9.56563949584961,bm25_top100_crossenc_minilm
6,NCT04358406,77,-9.589630126953125,bm25_top100_crossenc_minilm
6,NCT02861456,78,-9.590594291687012,bm25_top100_crossenc_minilm
6,NCT03031730,79,-9.624968528747559,bm25_top100_crossenc_minilm
6,NCT00273676,80,-9.65050220489502,bm25_top100_crossenc_minilm
6,NCT03952741,81,-9.667534828186035,bm25_top100_crossenc_minilm
6,NCT01049776,82,-9.728658676147461,bm25_top100_crossenc_minilm
6,NCT02530502,83,-9.732837677001953,bm25_top100_crossenc_minilm
6,NCT04546399,84,-9.765915870666504,bm25_top100_crossenc_minilm
6,NCT04530565,85,-9.766901016235352,bm25_top100_crossenc_minilm
6,NCT00467272,86,-9.768089294433594,bm25_top100_crossenc_minilm
6,NCT03145584,87,-9.784107208251953,bm25_top100_crossenc_minilm
6,NCT01366144,88,-9.810226440429688,bm25_top100_crossenc_minilm
6,NCT02287727,89,-9.818178176879883,bm25_top100_crossenc_minilm
6,NCT02828553,90,-9.820701599121094,bm25_top100_crossenc_minilm
6,NCT04548752,91,-9.831910133361816,bm25_top100_crossenc_minilm
6,NCT02691910,92,-9.851262092590332,bm25_top100_crossenc_minilm
6,NCT01668719,93,-9.871028900146484,bm25_top100_crossenc_minilm
6,NCT00792948,94,-9.927692413330078,bm25_top100_crossenc_minilm
6,NCT03724084,95,-9.932077407836914,bm25_top100_crossenc_minilm
6,NCT03301584,96,-9.966084480285645,bm25_top100_crossenc_minilm
6,NCT03338530,97,-10.003761291503906,bm25_top100_crossenc_minilm
6,NCT02531906,98,-10.05672836303711,bm25_top100_crossenc_minilm
6,NCT01415882,99,-10.061596870422363,bm25_top100_crossenc_minilm
6,NCT01218620,100,-10.102408409118652,bm25_top100_crossenc_minilm
7,NCT03155282,1,-3.221804618835449,bm25_top100_crossenc_minilm
7,NCT04365868,2,-3.414722442626953,bm25_top100_crossenc_minilm
7,NCT01931826,3,-3.4563381671905518,bm25_top100_crossenc_minilm
7,NCT02066649,4,-4.026752471923828,bm25_top100_crossenc_minilm
7,NCT00587197,5,-4.1203742027282715,bm25_top100_crossenc_minilm
7,NCT02024347,6,-4.284698486328125,bm25_top100_crossenc_minilm
7,NCT03748563,7,-4.595628261566162,bm25_top100_crossenc_minilm
7,NCT00965744,8,-4.845035076141357,bm25_top100_crossenc_minilm
7,NCT03513887,9,-4.85142707824707,bm25_top100_crossenc_minilm
7,NCT03910413,10,-4.855003833770752,bm25_top100_crossenc_minilm
7,NCT02377947,11,-4.878617286682129,bm25_top100_crossenc_minilm
7,NCT00281502,12,-4.885652542114258,bm25_top100_crossenc_minilm
7,NCT02649335,13,-4.954189300537109,bm25_top100_crossenc_minilm
7,NCT00252642,14,-4.988997459411621,bm25_top100_crossenc_minilm
7,NCT03776955,15,-5.10380744934082,bm25_top100_crossenc_minilm
7,NCT00312910,16,-5.295385360717773,bm25_top100_crossenc_minilm
7,NCT04044248,17,-5.339953422546387,bm25_top100_crossenc_minilm
7,NCT03547895,18,-5.361831188201904,bm25_top100_crossenc_minilm
7,NCT02446678,19,-5.639119625091553,bm25_top100_crossenc_minilm
7,NCT01287702,20,-5.801387786865234,bm25_top100_crossenc_minilm
7,NCT04082780,21,-5.8068342208862305,bm25_top100_crossenc_minilm
7,NCT03269877,22,-5.882115364074707,bm25_top100_crossenc_minilm
7,NCT01722578,23,-5.891620635986328,bm25_top100_crossenc_minilm
7,NCT00911131,24,-5.97891902923584,bm25_top100_crossenc_minilm
7,NCT00290316,25,-6.014185428619385,bm25_top100_crossenc_minilm
7,NCT02377141,26,-6.064597129821777,bm25_top100_crossenc_minilm
7,NCT02462967,27,-6.202025890350342,bm25_top100_crossenc_minilm
7,NCT02939807,28,-6.268218040466309,bm25_top100_crossenc_minilm
7,NCT03402334,29,-6.327552795410156,bm25_top100_crossenc_minilm
7,NCT03152188,30,-6.415972709655762,bm25_top100_crossenc_minilm
7,NCT04244877,31,-6.440694808959961,bm25_top100_crossenc_minilm
7,NCT04675775,32,-6.518711090087891,bm25_top100_crossenc_minilm
7,NCT02821377,33,-6.573966026306152,bm25_top100_crossenc_minilm
7,NCT03791814,34,-6.6511077880859375,bm25_top100_crossenc_minilm
7,NCT02944643,35,-6.651280879974365,bm25_top100_crossenc_minilm
7,NCT02470533,36,-6.707822322845459,bm25_top100_crossenc_minilm
7,NCT01846806,37,-6.7350263595581055,bm25_top100_crossenc_minilm
7,NCT01528878,38,-6.748258113861084,bm25_top100_crossenc_minilm
7,NCT02086825,39,-6.7645344734191895,bm25_top100_crossenc_minilm
7,NCT03778411,40,-6.814225196838379,bm25_top100_crossenc_minilm
7,NCT00493610,41,-6.873600482940674,bm25_top100_crossenc_minilm
7,NCT02371408,42,-6.873911380767822,bm25_top100_crossenc_minilm
7,NCT04064957,43,-6.893943786621094,bm25_top100_crossenc_minilm
7,NCT03306095,44,-6.8965630531311035,bm25_top100_crossenc_minilm
7,NCT04155099,45,-6.939201354980469,bm25_top100_crossenc_minilm
7,NCT02107365,46,-6.946326732635498,bm25_top100_crossenc_minilm
7,NCT01288794,47,-6.948969841003418,bm25_top100_crossenc_minilm
7,NCT04273750,48,-7.070460319519043,bm25_top100_crossenc_minilm
7,NCT00039962,49,-7.071410179138184,bm25_top100_crossenc_minilm
7,NCT00040027,50,-7.073363304138184,bm25_top100_crossenc_minilm
7,NCT00211848,51,-7.240787506103516,bm25_top100_crossenc_minilm
7,NCT03520660,52,-7.263495922088623,bm25_top100_crossenc_minilm
7,NCT01827657,53,-7.272425651550293,bm25_top100_crossenc_minilm
7,NCT03796598,54,-7.314049243927002,bm25_top100_crossenc_minilm
7,NCT04436601,55,-7.568653583526611,bm25_top100_crossenc_minilm
7,NCT03114813,56,-7.5738444328308105,bm25_top100_crossenc_minilm
7,NCT02156232,57,-7.67349100112915,bm25_top100_crossenc_minilm
7,NCT01002547,58,-7.756412506103516,bm25_top100_crossenc_minilm
7,NCT03987893,59,-7.7635650634765625,bm25_top100_crossenc_minilm
7,NCT00028093,60,-7.786622047424316,bm25_top100_crossenc_minilm
7,NCT00211692,61,-7.808143138885498,bm25_top100_crossenc_minilm
7,NCT03837444,62,-7.810848712921143,bm25_top100_crossenc_minilm
7,NCT00001729,63,-7.81364107131958,bm25_top100_crossenc_minilm
7,NCT03641872,64,-7.83775520324707,bm25_top100_crossenc_minilm
7,NCT02215525,65,-7.854204177856445,bm25_top100_crossenc_minilm
7,NCT02457637,66,-7.866629123687744,bm25_top100_crossenc_minilm
7,NCT02349048,67,-7.873292922973633,bm25_top100_crossenc_minilm
7,NCT03091738,68,-7.894463539123535,bm25_top100_crossenc_minilm
7,NCT00001854,69,-7.899214267730713,bm25_top100_crossenc_minilm
7,NCT03585257,70,-7.91443395614624,bm25_top100_crossenc_minilm
7,NCT01185028,71,-7.9194793701171875,bm25_top100_crossenc_minilm
7,NCT01769040,72,-7.954272270202637,bm25_top100_crossenc_minilm
7,NCT02118012,73,-8.004956245422363,bm25_top100_crossenc_minilm
7,NCT00489385,74,-8.016826629638672,bm25_top100_crossenc_minilm
7,NCT02717949,75,-8.035176277160645,bm25_top100_crossenc_minilm
7,NCT03420482,76,-8.04117488861084,bm25_top100_crossenc_minilm
7,NCT00188201,77,-8.074418067932129,bm25_top100_crossenc_minilm
7,NCT00475176,78,-8.084802627563477,bm25_top100_crossenc_minilm
7,NCT02636647,79,-8.202043533325195,bm25_top100_crossenc_minilm
7,NCT04055389,80,-8.223355293273926,bm25_top100_crossenc_minilm
7,NCT03513900,81,-8.25365924835205,bm25_top100_crossenc_minilm
7,NCT00085917,82,-8.297718048095703,bm25_top100_crossenc_minilm
7,NCT00164073,83,-8.315242767333984,bm25_top100_crossenc_minilm
7,NCT02262728,84,-8.319925308227539,bm25_top100_crossenc_minilm
7,NCT01701687,85,-8.335159301757812,bm25_top100_crossenc_minilm
7,NCT01409356,86,-8.432598114013672,bm25_top100_crossenc_minilm
7,NCT03142867,87,-8.4708251953125,bm25_top100_crossenc_minilm
7,NCT01882855,88,-8.471138000488281,bm25_top100_crossenc_minilm
7,NCT00023322,89,-8.499094009399414,bm25_top100_crossenc_minilm
7,NCT01375569,90,-8.505836486816406,bm25_top100_crossenc_minilm
7,NCT00242502,91,-8.51345443725586,bm25_top100_crossenc_minilm
7,NCT00179413,92,-8.577125549316406,bm25_top100_crossenc_minilm
7,NCT01441180,93,-8.732135772705078,bm25_top100_crossenc_minilm
7,NCT02417740,94,-8.791488647460938,bm25_top100_crossenc_minilm
7,NCT01306058,95,-8.805309295654297,bm25_top100_crossenc_minilm
7,NCT02940496,96,-8.881208419799805,bm25_top100_crossenc_minilm
7,NCT00586313,97,-9.075258255004883,bm25_top100_crossenc_minilm
7,NCT00326482,98,-9.128520965576172,bm25_top100_crossenc_minilm
7,NCT01495585,99,-9.330533981323242,bm25_top100_crossenc_minilm
7,NCT01180959,100,-9.616233825683594,bm25_top100_crossenc_minilm
8,NCT01604031,1,-4.1605095863342285,bm25_top100_crossenc_minilm
8,NCT02050347,2,-4.8966755867004395,bm25_top100_crossenc_minilm
8,NCT00751296,3,-4.985330581665039,bm25_top100_crossenc_minilm
8,NCT04008706,4,-4.9887285232543945,bm25_top100_crossenc_minilm
8,NCT01853631,5,-5.053855895996094,bm25_top100_crossenc_minilm
8,NCT03573024,6,-5.223498821258545,bm25_top100_crossenc_minilm
8,NCT00609869,7,-5.413651466369629,bm25_top100_crossenc_minilm
8,NCT01225679,8,-5.613651275634766,bm25_top100_crossenc_minilm
8,NCT03876652,9,-5.849643707275391,bm25_top100_crossenc_minilm
8,NCT01760226,10,-5.851992130279541,bm25_top100_crossenc_minilm
8,NCT04155099,11,-5.936927795410156,bm25_top100_crossenc_minilm
8,NCT00215787,12,-5.9730544090271,bm25_top100_crossenc_minilm
8,NCT00092937,13,-6.023934841156006,bm25_top100_crossenc_minilm
8,NCT03521583,14,-6.0276103019714355,bm25_top100_crossenc_minilm
8,NCT02156232,15,-6.146142959594727,bm25_top100_crossenc_minilm
8,NCT04568005,16,-6.407794952392578,bm25_top100_crossenc_minilm
8,NCT03742297,17,-6.48358678817749,bm25_top100_crossenc_minilm
8,NCT01722578,18,-6.498477458953857,bm25_top100_crossenc_minilm
8,NCT02474940,19,-6.532620429992676,bm25_top100_crossenc_minilm
8,NCT03264131,20,-6.539273262023926,bm25_top100_crossenc_minilm
8,NCT04463524,21,-6.5954084396362305,bm25_top100_crossenc_minilm
8,NCT00244582,22,-6.607745170593262,bm25_top100_crossenc_minilm
8,NCT01800604,23,-6.6262617111206055,bm25_top100_crossenc_minilm
8,NCT00953420,24,-6.669823169708252,bm25_top100_crossenc_minilm
8,NCT03152188,25,-6.670806884765625,bm25_top100_crossenc_minilm
8,NCT02759731,26,-6.670814037322998,bm25_top100_crossenc_minilm
8,NCT00281502,27,-6.69952392578125,bm25_top100_crossenc_minilm
8,NCT02016248,28,-6.726995468139648,bm25_top100_crossenc_minilm
8,NCT03355404,29,-6.745912075042725,bm25_top100_crossenc_minilm
8,NCT01118988,30,-6.8235883712768555,bm25_top100_crossenc_minilm
8,NCT01110447,31,-6.848520278930664,bm25_top100_crossenc_minilm
8,NCT01945619,32,-6.867951393127441,bm25_top100_crossenc_minilm
8,NCT00603447,33,-6.88486385345459,bm25_top100_crossenc_minilm
8,NCT01961843,34,-6.91046142578125,bm25_top100_crossenc_minilm
8,NCT00478296,35,-6.9735941886901855,bm25_top100_crossenc_minilm
8,NCT02190695,36,-7.000758171081543,bm25_top100_crossenc_minilm
8,NCT03796598,37,-7.007809638977051,bm25_top100_crossenc_minilm
8,NCT01599975,38,-7.02439546585083,bm25_top100_crossenc_minilm
8,NCT00686920,39,-7.039785385131836,bm25_top100_crossenc_minilm
8,NCT00290511,40,-7.081718444824219,bm25_top100_crossenc_minilm
8,NCT00966498,41,-7.148516654968262,bm25_top100_crossenc_minilm
8,NCT03585257,42,-7.154995441436768,bm25_top100_crossenc_minilm
8,NCT01314352,43,-7.229642868041992,bm25_top100_crossenc_minilm
8,NCT00473460,44,-7.231729030609131,bm25_top100_crossenc_minilm
8,NCT00120978,45,-7.299201965332031,bm25_top100_crossenc_minilm
8,NCT01882855,46,-7.346435546875,bm25_top100_crossenc_minilm
8,NCT04851639,47,-7.356513977050781,bm25_top100_crossenc_minilm
8,NCT02170064,48,-7.378628730773926,bm25_top100_crossenc_minilm
8,NCT02304302,49,-7.379708290100098,bm25_top100_crossenc_minilm
8,NCT03738254,50,-7.389684677124023,bm25_top100_crossenc_minilm
8,NCT00914056,51,-7.396346092224121,bm25_top100_crossenc_minilm
8,NCT00723567,52,-7.410457611083984,bm25_top100_crossenc_minilm
8,NCT00775151,53,-7.4495391845703125,bm25_top100_crossenc_minilm
8,NCT01506037,54,-7.451915740966797,bm25_top100_crossenc_minilm
8,NCT01506050,55,-7.455704689025879,bm25_top100_crossenc_minilm
8,NCT02146924,56,-7.487613677978516,bm25_top100_crossenc_minilm
8,NCT00367627,57,-7.532086372375488,bm25_top100_crossenc_minilm
8,NCT00373074,58,-7.542352676391602,bm25_top100_crossenc_minilm
8,NCT01506791,59,-7.584537506103516,bm25_top100_crossenc_minilm
8,NCT00058812,60,-7.600061416625977,bm25_top100_crossenc_minilm
8,NCT01314339,61,-7.602198600769043,bm25_top100_crossenc_minilm
8,NCT00467818,62,-7.605367660522461,bm25_top100_crossenc_minilm
8,NCT00775905,63,-7.702316761016846,bm25_top100_crossenc_minilm
8,NCT02666989,64,-7.716033458709717,bm25_top100_crossenc_minilm
8,NCT01161966,65,-7.7189226150512695,bm25_top100_crossenc_minilm
8,NCT01306331,66,-7.764488220214844,bm25_top100_crossenc_minilm
8,NCT00975546,67,-7.805685520172119,bm25_top100_crossenc_minilm
8,NCT03336203,68,-7.83221435546875,bm25_top100_crossenc_minilm
8,NCT01961219,69,-7.855065822601318,bm25_top100_crossenc_minilm
8,NCT01161979,70,-7.871116638183594,bm25_top100_crossenc_minilm
8,NCT01952834,71,-7.881803512573242,bm25_top100_crossenc_minilm
8,NCT00593892,72,-7.909372806549072,bm25_top100_crossenc_minilm
8,NCT00106691,73,-7.9127655029296875,bm25_top100_crossenc_minilm
8,NCT01601262,74,-7.918692588806152,bm25_top100_crossenc_minilm
8,NCT02414529,75,-7.9339213371276855,bm25_top100_crossenc_minilm
8,NCT02069366,76,-8.004732131958008,bm25_top100_crossenc_minilm
8,NCT00006066,77,-8.009053230285645,bm25_top100_crossenc_minilm
8,NCT01814527,78,-8.010189056396484,bm25_top100_crossenc_minilm
8,NCT03008005,79,-8.079375267028809,bm25_top100_crossenc_minilm
8,NCT00865371,80,-8.181380271911621,bm25_top100_crossenc_minilm
8,NCT01775501,81,-8.1848726272583,bm25_top100_crossenc_minilm
8,NCT00865111,82,-8.190679550170898,bm25_top100_crossenc_minilm
8,NCT00865410,83,-8.19337272644043,bm25_top100_crossenc_minilm
8,NCT02109952,84,-8.221148490905762,bm25_top100_crossenc_minilm
8,NCT02411734,85,-8.241179466247559,bm25_top100_crossenc_minilm
8,NCT02068118,86,-8.243118286132812,bm25_top100_crossenc_minilm
8,NCT01937650,87,-8.266963958740234,bm25_top100_crossenc_minilm
8,NCT01553318,88,-8.293900489807129,bm25_top100_crossenc_minilm
8,NCT01370954,89,-8.30710220336914,bm25_top100_crossenc_minilm
8,NCT00306072,90,-8.323049545288086,bm25_top100_crossenc_minilm
8,NCT02088866,91,-8.41312026977539,bm25_top100_crossenc_minilm
8,NCT01369030,92,-8.417684555053711,bm25_top100_crossenc_minilm
8,NCT00865462,93,-8.432754516601562,bm25_top100_crossenc_minilm
8,NCT00492219,94,-8.455560684204102,bm25_top100_crossenc_minilm
8,NCT02653664,95,-8.462614059448242,bm25_top100_crossenc_minilm
8,NCT00042159,96,-8.469512939453125,bm25_top100_crossenc_minilm
8,NCT00863941,97,-8.534684181213379,bm25_top100_crossenc_minilm
8,NCT01700829,98,-8.605728149414062,bm25_top100_crossenc_minilm
8,NCT00682994,99,-8.62453842163086,bm25_top100_crossenc_minilm
8,NCT01223313,100,-9.138023376464844,bm25_top100_crossenc_minilm
9,NCT03478982,1,-3.7744028568267822,bm25_top100_crossenc_minilm
9,NCT01969851,2,-4.40894079208374,bm25_top100_crossenc_minilm
9,NCT00236704,3,-4.996092796325684,bm25_top100_crossenc_minilm
9,NCT01320670,4,-5.050145626068115,bm25_top100_crossenc_minilm
9,NCT00236418,5,-5.160581588745117,bm25_top100_crossenc_minilm
9,NCT01730313,6,-5.619042873382568,bm25_top100_crossenc_minilm
9,NCT00056576,7,-5.635140419006348,bm25_top100_crossenc_minilm
9,NCT03179891,8,-5.719814300537109,bm25_top100_crossenc_minilm
9,NCT01244724,9,-5.8868303298950195,bm25_top100_crossenc_minilm
9,NCT02261753,10,-5.993608474731445,bm25_top100_crossenc_minilm
9,NCT00564096,11,-5.998918056488037,bm25_top100_crossenc_minilm
9,NCT00085683,12,-6.038748264312744,bm25_top100_crossenc_minilm
9,NCT03374384,13,-6.067644119262695,bm25_top100_crossenc_minilm
9,NCT00236860,14,-6.098043441772461,bm25_top100_crossenc_minilm
9,NCT03790137,15,-6.162667274475098,bm25_top100_crossenc_minilm
9,NCT00465517,16,-6.181209564208984,bm25_top100_crossenc_minilm
9,NCT00236873,17,-6.188718795776367,bm25_top100_crossenc_minilm
9,NCT01533649,18,-6.196968078613281,bm25_top100_crossenc_minilm
9,NCT01498822,19,-6.235503196716309,bm25_top100_crossenc_minilm
9,NCT02383407,20,-6.243193626403809,bm25_top100_crossenc_minilm
9,NCT00439387,21,-6.2520294189453125,bm25_top100_crossenc_minilm
9,NCT00007670,22,-6.3413543701171875,bm25_top100_crossenc_minilm
9,NCT02497443,23,-6.385542869567871,bm25_top100_crossenc_minilm
9,NCT02126774,24,-6.440877437591553,bm25_top100_crossenc_minilm
9,NCT02495844,25,-6.490167617797852,bm25_top100_crossenc_minilm
9,NCT00931619,26,-6.507571220397949,bm25_top100_crossenc_minilm
9,NCT01793532,27,-6.555821418762207,bm25_top100_crossenc_minilm
9,NCT02899611,28,-6.572442531585693,bm25_top100_crossenc_minilm
9,NCT03636958,29,-6.633440971374512,bm25_top100_crossenc_minilm
9,NCT02700412,30,-6.663870811462402,bm25_top100_crossenc_minilm
9,NCT00236847,31,-6.690133094787598,bm25_top100_crossenc_minilm
9,NCT01190098,32,-6.692080497741699,bm25_top100_crossenc_minilm
9,NCT00344877,33,-6.710798263549805,bm25_top100_crossenc_minilm
9,NCT04770337,34,-6.737636566162109,bm25_top100_crossenc_minilm
9,NCT00208520,35,-6.768718242645264,bm25_top100_crossenc_minilm
9,NCT03054961,36,-6.790953159332275,bm25_top100_crossenc_minilm
9,NCT00165828,37,-6.813920974731445,bm25_top100_crossenc_minilm
9,NCT00040326,38,-6.814516544342041,bm25_top100_crossenc_minilm
9,NCT03474770,39,-6.832466125488281,bm25_top100_crossenc_minilm
9,NCT03946618,40,-6.8378825187683105,bm25_top100_crossenc_minilm
9,NCT01710657,41,-6.839837074279785,bm25_top100_crossenc_minilm
9,NCT03590197,42,-6.874795913696289,bm25_top100_crossenc_minilm
9,NCT04218812,43,-6.878692626953125,bm25_top100_crossenc_minilm
9,NCT03531008,44,-6.88607120513916,bm25_top100_crossenc_minilm
9,NCT01663545,45,-6.910919189453125,bm25_top100_crossenc_minilm
9,NCT02201251,46,-6.91400146484375,bm25_top100_crossenc_minilm
9,NCT01745952,47,-6.92948579788208,bm25_top100_crossenc_minilm
9,NCT00438451,48,-6.943354606628418,bm25_top100_crossenc_minilm
9,NCT00144690,49,-6.949880599975586,bm25_top100_crossenc_minilm
9,NCT02098759,50,-6.9521260261535645,bm25_top100_crossenc_minilm
9,NCT03517423,51,-6.97147798538208,bm25_top100_crossenc_minilm
9,NCT00101933,52,-6.97276496887207,bm25_top100_crossenc_minilm
9,NCT00048490,53,-6.973215579986572,bm25_top100_crossenc_minilm
9,NCT01273129,54,-6.98079252243042,bm25_top100_crossenc_minilm
9,NCT02695537,55,-6.983682632446289,bm25_top100_crossenc_minilm
9,NCT01749046,56,-6.993007183074951,bm25_top100_crossenc_minilm
9,NCT04153175,57,-7.013158798217773,bm25_top100_crossenc_minilm
9,NCT01521130,58,-7.021348476409912,bm25_top100_crossenc_minilm
9,NCT00266591,59,-7.0312275886535645,bm25_top100_crossenc_minilm
9,NCT02332655,60,-7.05092716217041,bm25_top100_crossenc_minilm
9,NCT02639325,61,-7.122305870056152,bm25_top100_crossenc_minilm
9,NCT02866240,62,-7.133573532104492,bm25_top100_crossenc_minilm
9,NCT00236743,63,-7.167707443237305,bm25_top100_crossenc_minilm
9,NCT00044252,64,-7.203514099121094,bm25_top100_crossenc_minilm
9,NCT01243177,65,-7.205592155456543,bm25_top100_crossenc_minilm
9,NCT00860145,66,-7.215750694274902,bm25_top100_crossenc_minilm
9,NCT03052998,67,-7.240996360778809,bm25_top100_crossenc_minilm
9,NCT00982787,68,-7.283158302307129,bm25_top100_crossenc_minilm
9,NCT00236730,69,-7.288772106170654,bm25_top100_crossenc_minilm
9,NCT04274179,70,-7.290836811065674,bm25_top100_crossenc_minilm
9,NCT03900468,71,-7.307353496551514,bm25_top100_crossenc_minilm
9,NCT02268578,72,-7.322939395904541,bm25_top100_crossenc_minilm
9,NCT03657056,73,-7.335119247436523,bm25_top100_crossenc_minilm
9,NCT00524134,74,-7.362094879150391,bm25_top100_crossenc_minilm
9,NCT02804230,75,-7.368808269500732,bm25_top100_crossenc_minilm
9,NCT03868293,76,-7.385000228881836,bm25_top100_crossenc_minilm
9,NCT00264810,77,-7.42400598526001,bm25_top100_crossenc_minilm
9,NCT03803046,78,-7.440469741821289,bm25_top100_crossenc_minilm
9,NCT04542629,79,-7.507130146026611,bm25_top100_crossenc_minilm
9,NCT04716673,80,-7.552981376647949,bm25_top100_crossenc_minilm
9,NCT02424123,81,-7.578214645385742,bm25_top100_crossenc_minilm
9,NCT00079781,82,-7.578697204589844,bm25_top100_crossenc_minilm
9,NCT03941613,83,-7.582123279571533,bm25_top100_crossenc_minilm
9,NCT03595072,84,-7.606420516967773,bm25_top100_crossenc_minilm
9,NCT00510783,85,-7.606849670410156,bm25_top100_crossenc_minilm
9,NCT04102254,86,-7.612852096557617,bm25_top100_crossenc_minilm
9,NCT00194870,87,-7.659225940704346,bm25_top100_crossenc_minilm
9,NCT02089243,88,-7.712190628051758,bm25_top100_crossenc_minilm
9,NCT00866775,89,-7.783385276794434,bm25_top100_crossenc_minilm
9,NCT04054453,90,-7.791417121887207,bm25_top100_crossenc_minilm
9,NCT01118455,91,-7.879817008972168,bm25_top100_crossenc_minilm
9,NCT01891890,92,-7.97236967086792,bm25_top100_crossenc_minilm
9,NCT01963208,93,-8.087165832519531,bm25_top100_crossenc_minilm
9,NCT01521754,94,-8.089054107666016,bm25_top100_crossenc_minilm
9,NCT01431976,95,-8.248580932617188,bm25_top100_crossenc_minilm
9,NCT03108729,96,-8.277092933654785,bm25_top100_crossenc_minilm
9,NCT00001932,97,-8.3924560546875,bm25_top100_crossenc_minilm
9,NCT01689649,98,-8.468685150146484,bm25_top100_crossenc_minilm
9,NCT00566254,99,-8.836111068725586,bm25_top100_crossenc_minilm
9,NCT02224560,100,-9.190945625305176,bm25_top100_crossenc_minilm
10,NCT00429533,1,-6.143374443054199,bm25_top100_crossenc_minilm
10,NCT01385826,2,-6.919286251068115,bm25_top100_crossenc_minilm
10,NCT00172081,3,-6.959778785705566,bm25_top100_crossenc_minilm
10,NCT01773616,4,-7.048516750335693,bm25_top100_crossenc_minilm
10,NCT02591654,5,-7.950263023376465,bm25_top100_crossenc_minilm
10,NCT03377101,6,-7.953984260559082,bm25_top100_crossenc_minilm
10,NCT04232085,7,-7.987126350402832,bm25_top100_crossenc_minilm
10,NCT03529955,8,-8.073212623596191,bm25_top100_crossenc_minilm
10,NCT00113503,9,-8.115827560424805,bm25_top100_crossenc_minilm
10,NCT04701034,10,-8.400436401367188,bm25_top100_crossenc_minilm
10,NCT00794040,11,-8.455489158630371,bm25_top100_crossenc_minilm
10,NCT03336203,12,-8.575082778930664,bm25_top100_crossenc_minilm
10,NCT04691960,13,-8.593505859375,bm25_top100_crossenc_minilm
10,NCT04614142,14,-8.652506828308105,bm25_top100_crossenc_minilm
10,NCT02294253,15,-8.667570114135742,bm25_top100_crossenc_minilm
10,NCT00296244,16,-8.727703094482422,bm25_top100_crossenc_minilm
10,NCT04776395,17,-8.847479820251465,bm25_top100_crossenc_minilm
10,NCT03141372,18,-8.958150863647461,bm25_top100_crossenc_minilm
10,NCT03237611,19,-8.961316108703613,bm25_top100_crossenc_minilm
10,NCT02129582,20,-8.962430000305176,bm25_top100_crossenc_minilm
10,NCT00413309,21,-8.965826034545898,bm25_top100_crossenc_minilm
10,NCT04816877,22,-9.007683753967285,bm25_top100_crossenc_minilm
10,NCT01118624,23,-9.01379680633545,bm25_top100_crossenc_minilm
10,NCT00006180,24,-9.031381607055664,bm25_top100_crossenc_minilm
10,NCT01789255,25,-9.031633377075195,bm25_top100_crossenc_minilm
10,NCT03418961,26,-9.041424751281738,bm25_top100_crossenc_minilm
10,NCT02492347,27,-9.04985523223877,bm25_top100_crossenc_minilm
10,NCT02776202,28,-9.072528839111328,bm25_top100_crossenc_minilm
10,NCT04262869,29,-9.094796180725098,bm25_top100_crossenc_minilm
10,NCT00953420,30,-9.114049911499023,bm25_top100_crossenc_minilm
10,NCT04676087,31,-9.116841316223145,bm25_top100_crossenc_minilm
10,NCT00740805,32,-9.133996963500977,bm25_top100_crossenc_minilm
10,NCT03115853,33,-9.144524574279785,bm25_top100_crossenc_minilm
10,NCT04428671,34,-9.202768325805664,bm25_top100_crossenc_minilm
10,NCT02220985,35,-9.212447166442871,bm25_top100_crossenc_minilm
10,NCT04464512,36,-9.268844604492188,bm25_top100_crossenc_minilm
10,NCT02897622,37,-9.269865036010742,bm25_top100_crossenc_minilm
10,NCT02159495,38,-9.276026725769043,bm25_top100_crossenc_minilm
10,NCT04652960,39,-9.28836727142334,bm25_top100_crossenc_minilm
10,NCT04633252,40,-9.2900390625,bm25_top100_crossenc_minilm
10,NCT03422809,41,-9.291899681091309,bm25_top100_crossenc_minilm
10,NCT04323046,42,-9.291997909545898,bm25_top100_crossenc_minilm
10,NCT02029950,43,-9.307210922241211,bm25_top100_crossenc_minilm
10,NCT00399529,44,-9.311151504516602,bm25_top100_crossenc_minilm
10,NCT02224781,45,-9.314835548400879,bm25_top100_crossenc_minilm
10,NCT04139577,46,-9.325550079345703,bm25_top100_crossenc_minilm
10,NCT00001475,47,-9.32820987701416,bm25_top100_crossenc_minilm
10,NCT00402662,48,-9.378124237060547,bm25_top100_crossenc_minilm
10,NCT00005988,49,-9.378456115722656,bm25_top100_crossenc_minilm
10,NCT04138368,50,-9.41126823425293,bm25_top100_crossenc_minilm
10,NCT02318082,51,-9.417718887329102,bm25_top100_crossenc_minilm
10,NCT01896999,52,-9.42131233215332,bm25_top100_crossenc_minilm
10,NCT04277442,53,-9.426305770874023,bm25_top100_crossenc_minilm
10,NCT04850495,54,-9.440253257751465,bm25_top100_crossenc_minilm
10,NCT01624805,55,-9.463346481323242,bm25_top100_crossenc_minilm
10,NCT04329715,56,-9.497858047485352,bm25_top100_crossenc_minilm
10,NCT00172172,57,-9.508621215820312,bm25_top100_crossenc_minilm
10,NCT00805493,58,-9.511861801147461,bm25_top100_crossenc_minilm
10,NCT01861106,59,-9.531757354736328,bm25_top100_crossenc_minilm
10,NCT02796352,60,-9.534622192382812,bm25_top100_crossenc_minilm
10,NCT00318097,61,-9.534902572631836,bm25_top100_crossenc_minilm
10,NCT02890329,62,-9.570123672485352,bm25_top100_crossenc_minilm
10,NCT02528877,63,-9.586910247802734,bm25_top100_crossenc_minilm
10,NCT02535325,64,-9.591404914855957,bm25_top100_crossenc_minilm
10,NCT04207190,65,-9.62603759765625,bm25_top100_crossenc_minilm
10,NCT04056442,66,-9.627005577087402,bm25_top100_crossenc_minilm
10,NCT02535312,67,-9.637626647949219,bm25_top100_crossenc_minilm
10,NCT00579085,68,-9.641571044921875,bm25_top100_crossenc_minilm
10,NCT03798678,69,-9.6502685546875,bm25_top100_crossenc_minilm
10,NCT00182078,70,-9.655467987060547,bm25_top100_crossenc_minilm
10,NCT03900949,71,-9.656804084777832,bm25_top100_crossenc_minilm
10,NCT01218620,72,-9.657957077026367,bm25_top100_crossenc_minilm
10,NCT02474173,73,-9.668670654296875,bm25_top100_crossenc_minilm
10,NCT02340676,74,-9.673683166503906,bm25_top100_crossenc_minilm
10,NCT02334124,75,-9.684221267700195,bm25_top100_crossenc_minilm
10,NCT03605719,76,-9.702890396118164,bm25_top100_crossenc_minilm
10,NCT03139916,77,-9.731966972351074,bm25_top100_crossenc_minilm
10,NCT04301076,78,-9.742024421691895,bm25_top100_crossenc_minilm
10,NCT02917096,79,-9.750960350036621,bm25_top100_crossenc_minilm
10,NCT00342706,80,-9.759364128112793,bm25_top100_crossenc_minilm
10,NCT01937468,81,-9.76646614074707,bm25_top100_crossenc_minilm
10,NCT03751423,82,-9.778003692626953,bm25_top100_crossenc_minilm
10,NCT03520790,83,-9.781593322753906,bm25_top100_crossenc_minilm
10,NCT03403634,84,-9.810057640075684,bm25_top100_crossenc_minilm
10,NCT04339777,85,-9.811517715454102,bm25_top100_crossenc_minilm
10,NCT00878826,86,-9.82252311706543,bm25_top100_crossenc_minilm
10,NCT02379728,87,-9.824043273925781,bm25_top100_crossenc_minilm
10,NCT01907334,88,-9.830991744995117,bm25_top100_crossenc_minilm
10,NCT04166487,89,-9.833464622497559,bm25_top100_crossenc_minilm
10,NCT01935947,90,-9.84600830078125,bm25_top100_crossenc_minilm
10,NCT01149083,91,-9.846803665161133,bm25_top100_crossenc_minilm
10,NCT02769962,92,-9.863101959228516,bm25_top100_crossenc_minilm
10,NCT00514618,93,-9.909685134887695,bm25_top100_crossenc_minilm
10,NCT01515176,94,-9.936077117919922,bm25_top100_crossenc_minilm
10,NCT00263562,95,-9.939769744873047,bm25_top100_crossenc_minilm
10,NCT03948386,96,-9.960172653198242,bm25_top100_crossenc_minilm
10,NCT03192397,97,-10.003297805786133,bm25_top100_crossenc_minilm
10,NCT01932788,98,-10.079785346984863,bm25_top100_crossenc_minilm
10,NCT01553318,99,-10.25304126739502,bm25_top100_crossenc_minilm
10,NCT02546193,100,-10.3648042678833,bm25_top100_crossenc_minilm
11,NCT03830242,1,-3.250720977783203,bm25_top100_crossenc_minilm
11,NCT03813706,2,-3.4572906494140625,bm25_top100_crossenc_minilm
11,NCT02724176,3,-3.884319543838501,bm25_top100_crossenc_minilm
11,NCT03470259,4,-4.060037612915039,bm25_top100_crossenc_minilm
11,NCT03359668,5,-4.1432366371154785,bm25_top100_crossenc_minilm
11,NCT03367884,6,-4.143290042877197,bm25_top100_crossenc_minilm
11,NCT03432299,7,-4.205417633056641,bm25_top100_crossenc_minilm
11,NCT04290663,8,-4.222155570983887,bm25_top100_crossenc_minilm
11,NCT04128631,9,-4.262271881103516,bm25_top100_crossenc_minilm
11,NCT00319839,10,-4.56907844543457,bm25_top100_crossenc_minilm
11,NCT04129411,11,-4.570958137512207,bm25_top100_crossenc_minilm
11,NCT02609685,12,-4.644959449768066,bm25_top100_crossenc_minilm
11,NCT01137097,13,-4.647289752960205,bm25_top100_crossenc_minilm
11,NCT00103155,14,-4.741670608520508,bm25_top100_crossenc_minilm
11,NCT01730651,15,-4.84592342376709,bm25_top100_crossenc_minilm
11,NCT01510002,16,-5.011599540710449,bm25_top100_crossenc_minilm
11,NCT00101114,17,-5.04880428314209,bm25_top100_crossenc_minilm
11,NCT01974284,18,-5.092195987701416,bm25_top100_crossenc_minilm
11,NCT02952612,19,-5.11191463470459,bm25_top100_crossenc_minilm
11,NCT01837745,20,-5.1764397621154785,bm25_top100_crossenc_minilm
11,NCT02347683,21,-5.368100166320801,bm25_top100_crossenc_minilm
11,NCT00506103,22,-5.376574516296387,bm25_top100_crossenc_minilm
11,NCT04691804,23,-5.405031204223633,bm25_top100_crossenc_minilm
11,NCT02015169,24,-5.422173976898193,bm25_top100_crossenc_minilm
11,NCT01648569,25,-5.430991172790527,bm25_top100_crossenc_minilm
11,NCT02449837,26,-5.467953681945801,bm25_top100_crossenc_minilm
11,NCT00168181,27,-5.503437519073486,bm25_top100_crossenc_minilm
11,NCT02207660,28,-5.508129119873047,bm25_top100_crossenc_minilm
11,NCT01565486,29,-5.5127716064453125,bm25_top100_crossenc_minilm
11,NCT03500666,30,-5.55678653717041,bm25_top100_crossenc_minilm
11,NCT02408887,31,-5.583302021026611,bm25_top100_crossenc_minilm
11,NCT04336696,32,-5.661701202392578,bm25_top100_crossenc_minilm
11,NCT04522570,33,-5.667198181152344,bm25_top100_crossenc_minilm
11,NCT03841617,34,-5.826388835906982,bm25_top100_crossenc_minilm
11,NCT03570021,35,-5.9389729499816895,bm25_top100_crossenc_minilm
11,NCT02768753,36,-5.982696533203125,bm25_top100_crossenc_minilm
11,NCT01778400,37,-5.986061096191406,bm25_top100_crossenc_minilm
11,NCT01398085,38,-5.98923397064209,bm25_top100_crossenc_minilm
11,NCT04842942,39,-6.041960716247559,bm25_top100_crossenc_minilm
11,NCT03327636,40,-6.079959392547607,bm25_top100_crossenc_minilm
11,NCT04624477,41,-6.0946807861328125,bm25_top100_crossenc_minilm
11,NCT03454464,42,-6.12220573425293,bm25_top100_crossenc_minilm
11,NCT02645786,43,-6.137151718139648,bm25_top100_crossenc_minilm
11,NCT00251316,44,-6.163632392883301,bm25_top100_crossenc_minilm
11,NCT02689609,45,-6.231683254241943,bm25_top100_crossenc_minilm
11,NCT01415674,46,-6.285841464996338,bm25_top100_crossenc_minilm
11,NCT00736944,47,-6.317261695861816,bm25_top100_crossenc_minilm
11,NCT01106443,48,-6.366884231567383,bm25_top100_crossenc_minilm
11,NCT00088907,49,-6.368810653686523,bm25_top100_crossenc_minilm
11,NCT03271892,50,-6.435596466064453,bm25_top100_crossenc_minilm
11,NCT04675528,51,-6.58563756942749,bm25_top100_crossenc_minilm
11,NCT04444869,52,-6.5858612060546875,bm25_top100_crossenc_minilm
11,NCT02658552,53,-6.590122222900391,bm25_top100_crossenc_minilm
11,NCT04379804,54,-6.603316783905029,bm25_top100_crossenc_minilm
11,NCT04690842,55,-6.605319976806641,bm25_top100_crossenc_minilm
11,NCT04354324,56,-6.66163444519043,bm25_top100_crossenc_minilm
11,NCT00196729,57,-6.72074556350708,bm25_top100_crossenc_minilm
11,NCT04811027,58,-6.768188953399658,bm25_top100_crossenc_minilm
11,NCT02073032,59,-6.822419166564941,bm25_top100_crossenc_minilm
11,NCT00573989,60,-6.982684135437012,bm25_top100_crossenc_minilm
11,NCT00615537,61,-7.0727081298828125,bm25_top100_crossenc_minilm
11,NCT01853670,62,-7.109137058258057,bm25_top100_crossenc_minilm
11,NCT04666103,63,-7.1957573890686035,bm25_top100_crossenc_minilm
11,NCT01075269,64,-7.207709789276123,bm25_top100_crossenc_minilm
11,NCT03297957,65,-7.42584228515625,bm25_top100_crossenc_minilm
11,NCT00629265,66,-7.474440574645996,bm25_top100_crossenc_minilm
11,NCT03574103,67,-7.5143327713012695,bm25_top100_crossenc_minilm
11,NCT00004109,68,-7.53026008605957,bm25_top100_crossenc_minilm
11,NCT02159508,69,-7.5381059646606445,bm25_top100_crossenc_minilm
11,NCT03081897,70,-7.600312232971191,bm25_top100_crossenc_minilm
11,NCT03013257,71,-7.644983291625977,bm25_top100_crossenc_minilm
11,NCT04502407,72,-7.659958839416504,bm25_top100_crossenc_minilm
11,NCT04794257,73,-7.745477199554443,bm25_top100_crossenc_minilm
11,NCT04595149,74,-7.755427837371826,bm25_top100_crossenc_minilm
11,NCT02685514,75,-7.898894786834717,bm25_top100_crossenc_minilm
11,NCT02138214,76,-7.901673793792725,bm25_top100_crossenc_minilm
11,NCT04647006,77,-7.94830322265625,bm25_top100_crossenc_minilm
11,NCT04034849,78,-7.956403732299805,bm25_top100_crossenc_minilm
11,NCT00439127,79,-7.969550132751465,bm25_top100_crossenc_minilm
11,NCT04842994,80,-8.012062072753906,bm25_top100_crossenc_minilm
11,NCT03269396,81,-8.024517059326172,bm25_top100_crossenc_minilm
11,NCT02136459,82,-8.076643943786621,bm25_top100_crossenc_minilm
11,NCT02004639,83,-8.118958473205566,bm25_top100_crossenc_minilm
11,NCT01307761,84,-8.183372497558594,bm25_top100_crossenc_minilm
11,NCT03669432,85,-8.224906921386719,bm25_top100_crossenc_minilm
11,NCT03011775,86,-8.33077335357666,bm25_top100_crossenc_minilm
11,NCT00471692,87,-8.435186386108398,bm25_top100_crossenc_minilm
11,NCT03976011,88,-8.48062801361084,bm25_top100_crossenc_minilm
11,NCT00340314,89,-8.495370864868164,bm25_top100_crossenc_minilm
11,NCT00506324,90,-8.52430534362793,bm25_top100_crossenc_minilm
11,NCT00499681,91,-8.55816650390625,bm25_top100_crossenc_minilm
11,NCT02140476,92,-8.605972290039062,bm25_top100_crossenc_minilm
11,NCT02584985,93,-8.710917472839355,bm25_top100_crossenc_minilm
11,NCT03333226,94,-8.736978530883789,bm25_top100_crossenc_minilm
11,NCT01770275,95,-8.838165283203125,bm25_top100_crossenc_minilm
11,NCT04086355,96,-8.869626998901367,bm25_top100_crossenc_minilm
11,NCT04338412,97,-9.134300231933594,bm25_top100_crossenc_minilm
11,NCT01006083,98,-9.248956680297852,bm25_top100_crossenc_minilm
11,NCT00557115,99,-9.337608337402344,bm25_top100_crossenc_minilm
11,NCT03230058,100,-9.964740753173828,bm25_top100_crossenc_minilm
12,NCT03975998,1,-0.013128936290740967,bm25_top100_crossenc_minilm
12,NCT03842397,2,-0.43634963035583496,bm25_top100_crossenc_minilm
12,NCT03389542,3,-0.45516541600227356,bm25_top100_crossenc_minilm
12,NCT01678144,4,-0.4718875288963318,bm25_top100_crossenc_minilm
12,NCT04820764,5,-0.6087399125099182,bm25_top100_crossenc_minilm
12,NCT04382612,6,-0.7008260488510132,bm25_top100_crossenc_minilm
12,NCT04098328,7,-0.7625186443328857,bm25_top100_crossenc_minilm
12,NCT04375332,8,-0.8309096693992615,bm25_top100_crossenc_minilm
12,NCT02925819,9,-0.8533858060836792,bm25_top100_crossenc_minilm
12,NCT04080362,10,-0.8974603414535522,bm25_top100_crossenc_minilm
12,NCT04299334,11,-0.9405039548873901,bm25_top100_crossenc_minilm
12,NCT02771275,12,-0.954651951789856,bm25_top100_crossenc_minilm
12,NCT02432196,13,-1.0100055932998657,bm25_top100_crossenc_minilm
12,NCT00799565,14,-1.027787446975708,bm25_top100_crossenc_minilm
12,NCT01708265,15,-1.0568532943725586,bm25_top100_crossenc_minilm
12,NCT04852731,16,-1.136800765991211,bm25_top100_crossenc_minilm
12,NCT04078867,17,-1.2032434940338135,bm25_top100_crossenc_minilm
12,NCT02961647,18,-1.2327964305877686,bm25_top100_crossenc_minilm
12,NCT03706833,19,-1.3594954013824463,bm25_top100_crossenc_minilm
12,NCT02879825,20,-1.3830106258392334,bm25_top100_crossenc_minilm
12,NCT00807040,21,-1.383486032485962,bm25_top100_crossenc_minilm
12,NCT02675244,22,-1.3965932130813599,bm25_top100_crossenc_minilm
12,NCT04051411,23,-1.4423441886901855,bm25_top100_crossenc_minilm
12,NCT03968601,24,-1.4720242023468018,bm25_top100_crossenc_minilm
12,NCT03511716,25,-1.5038790702819824,bm25_top100_crossenc_minilm
12,NCT02996552,26,-1.5212786197662354,bm25_top100_crossenc_minilm
12,NCT03521921,27,-1.530720591545105,bm25_top100_crossenc_minilm
12,NCT02604745,28,-1.539177417755127,bm25_top100_crossenc_minilm
12,NCT04775108,29,-1.5693707466125488,bm25_top100_crossenc_minilm
12,NCT03714412,30,-1.6119961738586426,bm25_top100_crossenc_minilm
12,NCT04464876,31,-1.6964929103851318,bm25_top100_crossenc_minilm
12,NCT01400841,32,-1.7059755325317383,bm25_top100_crossenc_minilm
12,NCT02806570,33,-1.7333409786224365,bm25_top100_crossenc_minilm
12,NCT04156295,34,-1.747410535812378,bm25_top100_crossenc_minilm
12,NCT04666467,35,-1.7858493328094482,bm25_top100_crossenc_minilm
12,NCT03012178,36,-1.794020652770996,bm25_top100_crossenc_minilm
12,NCT03958773,37,-1.813382625579834,bm25_top100_crossenc_minilm
12,NCT03525041,38,-1.8610124588012695,bm25_top100_crossenc_minilm
12,NCT03292497,39,-1.9229530096054077,bm25_top100_crossenc_minilm
12,NCT04666480,40,-1.9475245475769043,bm25_top100_crossenc_minilm
12,NCT04679662,41,-1.9476433992385864,bm25_top100_crossenc_minilm
12,NCT02371863,42,-1.984703540802002,bm25_top100_crossenc_minilm
12,NCT02768402,43,-1.9935840368270874,bm25_top100_crossenc_minilm
12,NCT01899573,44,-1.9971767663955688,bm25_top100_crossenc_minilm
12,NCT04822675,45,-2.0050997734069824,bm25_top100_crossenc_minilm
12,NCT03661398,46,-2.052548885345459,bm25_top100_crossenc_minilm
12,NCT03129737,47,-2.0585811138153076,bm25_top100_crossenc_minilm
12,NCT03366649,48,-2.0873308181762695,bm25_top100_crossenc_minilm
12,NCT00209339,49,-2.1331076622009277,bm25_top100_crossenc_minilm
12,NCT00554151,50,-2.1457161903381348,bm25_top100_crossenc_minilm
12,NCT04734756,51,-2.1545984745025635,bm25_top100_crossenc_minilm
12,NCT03908983,52,-2.1910347938537598,bm25_top100_crossenc_minilm
12,NCT04679714,53,-2.1977157592773438,bm25_top100_crossenc_minilm
12,NCT02829749,54,-2.2120423316955566,bm25_top100_crossenc_minilm
12,NCT03285724,55,-2.23167085647583,bm25_top100_crossenc_minilm
12,NCT02370511,56,-2.303746223449707,bm25_top100_crossenc_minilm
12,NCT04518709,57,-2.324070453643799,bm25_top100_crossenc_minilm
12,NCT00483236,58,-2.338979959487915,bm25_top100_crossenc_minilm
12,NCT01835054,59,-2.35636568069458,bm25_top100_crossenc_minilm
12,NCT00608140,60,-2.4192280769348145,bm25_top100_crossenc_minilm
12,NCT03183895,61,-2.439314126968384,bm25_top100_crossenc_minilm
12,NCT02355418,62,-2.4606010913848877,bm25_top100_crossenc_minilm
12,NCT00800046,63,-2.4681081771850586,bm25_top100_crossenc_minilm
12,NCT04414358,64,-2.4790005683898926,bm25_top100_crossenc_minilm
12,NCT04147884,65,-2.4838547706604004,bm25_top100_crossenc_minilm
12,NCT02803957,66,-2.486565113067627,bm25_top100_crossenc_minilm
12,NCT03066050,67,-2.529202938079834,bm25_top100_crossenc_minilm
12,NCT04396379,68,-2.548163890838623,bm25_top100_crossenc_minilm
12,NCT02981953,69,-2.652512550354004,bm25_top100_crossenc_minilm
12,NCT03470155,70,-2.7266204357147217,bm25_top100_crossenc_minilm
12,NCT00806988,71,-2.750115394592285,bm25_top100_crossenc_minilm
12,NCT04198870,72,-2.809359550476074,bm25_top100_crossenc_minilm
12,NCT04097145,73,-2.840914249420166,bm25_top100_crossenc_minilm
12,NCT02552771,74,-2.8581478595733643,bm25_top100_crossenc_minilm
12,NCT00428103,75,-2.8648521900177,bm25_top100_crossenc_minilm
12,NCT04646811,76,-2.8999040126800537,bm25_top100_crossenc_minilm
12,NCT00613548,77,-2.9950456619262695,bm25_top100_crossenc_minilm
12,NCT01811537,78,-3.0063724517822266,bm25_top100_crossenc_minilm
12,NCT03705312,79,-3.013683319091797,bm25_top100_crossenc_minilm
12,NCT03891823,80,-3.076666831970215,bm25_top100_crossenc_minilm
12,NCT02985268,81,-3.154339551925659,bm25_top100_crossenc_minilm
12,NCT03560167,82,-3.2286345958709717,bm25_top100_crossenc_minilm
12,NCT02768870,83,-3.2651143074035645,bm25_top100_crossenc_minilm
12,NCT01852149,84,-3.316903829574585,bm25_top100_crossenc_minilm
12,NCT04343313,85,-3.455343723297119,bm25_top100_crossenc_minilm
12,NCT01694251,86,-3.4761295318603516,bm25_top100_crossenc_minilm
12,NCT00120276,87,-3.506714344024658,bm25_top100_crossenc_minilm
12,NCT04528576,88,-3.5085785388946533,bm25_top100_crossenc_minilm
12,NCT02153892,89,-3.6412434577941895,bm25_top100_crossenc_minilm
12,NCT02703311,90,-3.687899112701416,bm25_top100_crossenc_minilm
12,NCT03962023,91,-3.7296853065490723,bm25_top100_crossenc_minilm
12,NCT03549052,92,-3.7679476737976074,bm25_top100_crossenc_minilm
12,NCT00209274,93,-3.775954008102417,bm25_top100_crossenc_minilm
12,NCT03155373,94,-3.8537087440490723,bm25_top100_crossenc_minilm
12,NCT04279678,95,-4.283648490905762,bm25_top100_crossenc_minilm
12,NCT01246947,96,-4.566096305847168,bm25_top100_crossenc_minilm
12,NCT01646541,97,-4.73354434967041,bm25_top100_crossenc_minilm
12,NCT04068740,98,-4.850360870361328,bm25_top100_crossenc_minilm
12,NCT01242397,99,-5.505259037017822,bm25_top100_crossenc_minilm
12,NCT01931956,100,-5.522066593170166,bm25_top100_crossenc_minilm
13,NCT03573726,1,-2.1287760734558105,bm25_top100_crossenc_minilm
13,NCT03447639,2,-2.598808765411377,bm25_top100_crossenc_minilm
13,NCT03785262,3,-2.706768035888672,bm25_top100_crossenc_minilm
13,NCT02922647,4,-3.5887808799743652,bm25_top100_crossenc_minilm
13,NCT03987126,5,-3.7840375900268555,bm25_top100_crossenc_minilm
13,NCT00458471,6,-3.8291406631469727,bm25_top100_crossenc_minilm
13,NCT00318591,7,-3.8430089950561523,bm25_top100_crossenc_minilm
13,NCT00309114,8,-4.160767555236816,bm25_top100_crossenc_minilm
13,NCT02728427,9,-4.605232238769531,bm25_top100_crossenc_minilm
13,NCT02727322,10,-4.663631916046143,bm25_top100_crossenc_minilm
13,NCT03066999,11,-4.67825984954834,bm25_top100_crossenc_minilm
13,NCT04709601,12,-4.737194061279297,bm25_top100_crossenc_minilm
13,NCT00037921,13,-4.828965663909912,bm25_top100_crossenc_minilm
13,NCT01931605,14,-5.049771308898926,bm25_top100_crossenc_minilm
13,NCT04528784,15,-5.185356140136719,bm25_top100_crossenc_minilm
13,NCT02157415,16,-5.193183898925781,bm25_top100_crossenc_minilm
13,NCT03187795,17,-5.198444366455078,bm25_top100_crossenc_minilm
13,NCT03955484,18,-5.227368354797363,bm25_top100_crossenc_minilm
13,NCT02044510,19,-5.283473968505859,bm25_top100_crossenc_minilm
13,NCT03574610,20,-5.338026523590088,bm25_top100_crossenc_minilm
13,NCT01771159,21,-5.339041709899902,bm25_top100_crossenc_minilm
13,NCT01263392,22,-5.345432758331299,bm25_top100_crossenc_minilm
13,NCT04359069,23,-5.614823818206787,bm25_top100_crossenc_minilm
13,NCT00293839,24,-5.666738986968994,bm25_top100_crossenc_minilm
13,NCT04763382,25,-5.756866931915283,bm25_top100_crossenc_minilm
13,NCT04070898,26,-5.803365230560303,bm25_top100_crossenc_minilm
13,NCT03619486,27,-5.815595626831055,bm25_top100_crossenc_minilm
13,NCT01275261,28,-5.843783378601074,bm25_top100_crossenc_minilm
13,NCT02591901,29,-5.888388633728027,bm25_top100_crossenc_minilm
13,NCT02026908,30,-5.982685089111328,bm25_top100_crossenc_minilm
13,NCT02135341,31,-5.984747886657715,bm25_top100_crossenc_minilm
13,NCT03287089,32,-5.992368221282959,bm25_top100_crossenc_minilm
13,NCT03258658,33,-6.009981632232666,bm25_top100_crossenc_minilm
13,NCT00335660,34,-6.103309154510498,bm25_top100_crossenc_minilm
13,NCT00662207,35,-6.177777290344238,bm25_top100_crossenc_minilm
13,NCT03163394,36,-6.2459821701049805,bm25_top100_crossenc_minilm
13,NCT00662350,37,-6.263265132904053,bm25_top100_crossenc_minilm
13,NCT03239951,38,-6.307718276977539,bm25_top100_crossenc_minilm
13,NCT02054013,39,-6.402649879455566,bm25_top100_crossenc_minilm
13,NCT00826527,40,-6.412120819091797,bm25_top100_crossenc_minilm
13,NCT00252941,41,-6.550189018249512,bm25_top100_crossenc_minilm
13,NCT04791579,42,-6.637450218200684,bm25_top100_crossenc_minilm
13,NCT03851952,43,-6.675468444824219,bm25_top100_crossenc_minilm
13,NCT03178292,44,-6.739954471588135,bm25_top100_crossenc_minilm
13,NCT04789135,45,-6.777258396148682,bm25_top100_crossenc_minilm
13,NCT01969773,46,-6.790897369384766,bm25_top100_crossenc_minilm
13,NCT03498794,47,-6.793091773986816,bm25_top100_crossenc_minilm
13,NCT00676533,48,-6.8166913986206055,bm25_top100_crossenc_minilm
13,NCT04529369,49,-6.844906806945801,bm25_top100_crossenc_minilm
13,NCT03499964,50,-6.875578880310059,bm25_top100_crossenc_minilm
13,NCT03818321,51,-6.882368564605713,bm25_top100_crossenc_minilm
13,NCT01367886,52,-6.902074813842773,bm25_top100_crossenc_minilm
13,NCT04588857,53,-6.921447277069092,bm25_top100_crossenc_minilm
13,NCT01747577,54,-6.922971248626709,bm25_top100_crossenc_minilm
13,NCT03266770,55,-6.956045627593994,bm25_top100_crossenc_minilm
13,NCT04561505,56,-7.0336713790893555,bm25_top100_crossenc_minilm
13,NCT03043222,57,-7.067964553833008,bm25_top100_crossenc_minilm
13,NCT00669994,58,-7.081971645355225,bm25_top100_crossenc_minilm
13,NCT04268810,59,-7.086491584777832,bm25_top100_crossenc_minilm
13,NCT02930889,60,-7.091992378234863,bm25_top100_crossenc_minilm
13,NCT03142295,61,-7.1454081535339355,bm25_top100_crossenc_minilm
13,NCT04726345,62,-7.205837726593018,bm25_top100_crossenc_minilm
13,NCT04340934,63,-7.244399547576904,bm25_top100_crossenc_minilm
13,NCT01733290,64,-7.247040748596191,bm25_top100_crossenc_minilm
13,NCT00767988,65,-7.302661895751953,bm25_top100_crossenc_minilm
13,NCT02434068,66,-7.3109588623046875,bm25_top100_crossenc_minilm
13,NCT01912339,67,-7.333953857421875,bm25_top100_crossenc_minilm
13,NCT03568942,68,-7.341857433319092,bm25_top100_crossenc_minilm
13,NCT02202044,69,-7.424346446990967,bm25_top100_crossenc_minilm
13,NCT03367910,70,-7.442847728729248,bm25_top100_crossenc_minilm
13,NCT01808755,71,-7.457958221435547,bm25_top100_crossenc_minilm
13,NCT04147793,72,-7.48634147644043,bm25_top100_crossenc_minilm
13,NCT02246270,73,-7.491113662719727,bm25_top100_crossenc_minilm
13,NCT02384200,74,-7.558424472808838,bm25_top100_crossenc_minilm
13,NCT04807010,75,-7.595275402069092,bm25_top100_crossenc_minilm
13,NCT04096820,76,-7.6063432693481445,bm25_top100_crossenc_minilm
13,NCT04557748,77,-7.620966911315918,bm25_top100_crossenc_minilm
13,NCT01696227,78,-7.631955146789551,bm25_top100_crossenc_minilm
13,NCT03605745,79,-7.711823463439941,bm25_top100_crossenc_minilm
13,NCT03996057,80,-7.7462921142578125,bm25_top100_crossenc_minilm
13,NCT00481689,81,-7.795478820800781,bm25_top100_crossenc_minilm
13,NCT01043588,82,-7.863581657409668,bm25_top100_crossenc_minilm
13,NCT03032510,83,-7.895665645599365,bm25_top100_crossenc_minilm
13,NCT02944825,84,-7.943516731262207,bm25_top100_crossenc_minilm
13,NCT04020341,85,-7.991054534912109,bm25_top100_crossenc_minilm
13,NCT01137929,86,-8.029248237609863,bm25_top100_crossenc_minilm
13,NCT04187144,87,-8.033447265625,bm25_top100_crossenc_minilm
13,NCT03846700,88,-8.045202255249023,bm25_top100_crossenc_minilm
13,NCT00598403,89,-8.123363494873047,bm25_top100_crossenc_minilm
13,NCT01537601,90,-8.132746696472168,bm25_top100_crossenc_minilm
13,NCT03239652,91,-8.212008476257324,bm25_top100_crossenc_minilm
13,NCT01534793,92,-8.289718627929688,bm25_top100_crossenc_minilm
13,NCT00261248,93,-8.290706634521484,bm25_top100_crossenc_minilm
13,NCT02489656,94,-8.327292442321777,bm25_top100_crossenc_minilm
13,NCT04495699,95,-8.353601455688477,bm25_top100_crossenc_minilm
13,NCT01595529,96,-8.46334457397461,bm25_top100_crossenc_minilm
13,NCT04575493,97,-8.57223129272461,bm25_top100_crossenc_minilm
13,NCT02021032,98,-8.651193618774414,bm25_top100_crossenc_minilm
13,NCT01966653,99,-8.883844375610352,bm25_top100_crossenc_minilm
13,NCT01812772,100,-8.961746215820312,bm25_top100_crossenc_minilm
14,NCT01427673,1,-2.0262351036071777,bm25_top100_crossenc_minilm
14,NCT03925610,2,-2.902599811553955,bm25_top100_crossenc_minilm
14,NCT01944020,3,-4.137960433959961,bm25_top100_crossenc_minilm
14,NCT00938977,4,-4.391332149505615,bm25_top100_crossenc_minilm
14,NCT00371293,5,-4.411755084991455,bm25_top100_crossenc_minilm
14,NCT00211614,6,-4.56097412109375,bm25_top100_crossenc_minilm
14,NCT04647383,7,-4.6257147789001465,bm25_top100_crossenc_minilm
14,NCT02387476,8,-4.885621547698975,bm25_top100_crossenc_minilm
14,NCT04854759,9,-5.003244400024414,bm25_top100_crossenc_minilm
14,NCT00244192,10,-5.119085311889648,bm25_top100_crossenc_minilm
14,NCT02725632,11,-5.463099002838135,bm25_top100_crossenc_minilm
14,NCT04388683,12,-5.580252647399902,bm25_top100_crossenc_minilm
14,NCT02693977,13,-5.618621826171875,bm25_top100_crossenc_minilm
14,NCT01044628,14,-5.850620269775391,bm25_top100_crossenc_minilm
14,NCT03930875,15,-5.86009407043457,bm25_top100_crossenc_minilm
14,NCT00874913,16,-5.86220645904541,bm25_top100_crossenc_minilm
14,NCT03890224,17,-5.915658473968506,bm25_top100_crossenc_minilm
14,NCT01293006,18,-5.972696304321289,bm25_top100_crossenc_minilm
14,NCT04370873,19,-6.182598114013672,bm25_top100_crossenc_minilm
14,NCT03158805,20,-6.209850788116455,bm25_top100_crossenc_minilm
14,NCT02519608,21,-6.223479270935059,bm25_top100_crossenc_minilm
14,NCT03810183,22,-6.4094038009643555,bm25_top100_crossenc_minilm
14,NCT01457014,23,-6.459819793701172,bm25_top100_crossenc_minilm
14,NCT04327336,24,-6.507373332977295,bm25_top100_crossenc_minilm
14,NCT01214200,25,-6.569809913635254,bm25_top100_crossenc_minilm
14,NCT04732572,26,-6.575939178466797,bm25_top100_crossenc_minilm
14,NCT03113461,27,-6.582770347595215,bm25_top100_crossenc_minilm
14,NCT02664441,28,-6.712214469909668,bm25_top100_crossenc_minilm
14,NCT01656005,29,-6.734677314758301,bm25_top100_crossenc_minilm
14,NCT03959982,30,-6.759720802307129,bm25_top100_crossenc_minilm
14,NCT01300455,31,-6.760550498962402,bm25_top100_crossenc_minilm
14,NCT01362777,32,-6.780137538909912,bm25_top100_crossenc_minilm
14,NCT03675022,33,-6.786746978759766,bm25_top100_crossenc_minilm
14,NCT04844970,34,-6.835838317871094,bm25_top100_crossenc_minilm
14,NCT04504032,35,-6.863828659057617,bm25_top100_crossenc_minilm
14,NCT02796846,36,-6.8719682693481445,bm25_top100_crossenc_minilm
14,NCT01383564,37,-6.918050765991211,bm25_top100_crossenc_minilm
14,NCT01554488,38,-6.941556930541992,bm25_top100_crossenc_minilm
14,NCT04136093,39,-6.988713264465332,bm25_top100_crossenc_minilm
14,NCT01892579,40,-6.992031097412109,bm25_top100_crossenc_minilm
14,NCT02544373,41,-7.055809497833252,bm25_top100_crossenc_minilm
14,NCT04193995,42,-7.08034610748291,bm25_top100_crossenc_minilm
14,NCT02798744,43,-7.08379602432251,bm25_top100_crossenc_minilm
14,NCT01164683,44,-7.203801155090332,bm25_top100_crossenc_minilm
14,NCT04604223,45,-7.206559181213379,bm25_top100_crossenc_minilm
14,NCT02517346,46,-7.224376201629639,bm25_top100_crossenc_minilm
14,NCT00194259,47,-7.224780082702637,bm25_top100_crossenc_minilm
14,NCT00852124,48,-7.271127700805664,bm25_top100_crossenc_minilm
14,NCT04413643,49,-7.285947799682617,bm25_top100_crossenc_minilm
14,NCT03743051,50,-7.299187660217285,bm25_top100_crossenc_minilm
14,NCT03743064,51,-7.299187660217285,bm25_top100_crossenc_minilm
14,NCT03846284,52,-7.30921745300293,bm25_top100_crossenc_minilm
14,NCT04091425,53,-7.3122711181640625,bm25_top100_crossenc_minilm
14,NCT03765294,54,-7.452298164367676,bm25_top100_crossenc_minilm
14,NCT00261898,55,-7.457980155944824,bm25_top100_crossenc_minilm
14,NCT02860975,56,-7.604740142822266,bm25_top100_crossenc_minilm
14,NCT03522207,57,-7.666630268096924,bm25_top100_crossenc_minilm
14,NCT00705952,58,-7.6840715408325195,bm25_top100_crossenc_minilm
14,NCT03601169,59,-7.7558207511901855,bm25_top100_crossenc_minilm
14,NCT03085641,60,-7.771848678588867,bm25_top100_crossenc_minilm
14,NCT02525991,61,-7.790793418884277,bm25_top100_crossenc_minilm
14,NCT01513655,62,-7.794504165649414,bm25_top100_crossenc_minilm
14,NCT03254212,63,-7.811262130737305,bm25_top100_crossenc_minilm
14,NCT03531684,64,-7.923449516296387,bm25_top100_crossenc_minilm
14,NCT04549168,65,-7.978887557983398,bm25_top100_crossenc_minilm
14,NCT03110315,66,-8.002805709838867,bm25_top100_crossenc_minilm
14,NCT02886156,67,-8.003843307495117,bm25_top100_crossenc_minilm
14,NCT01940328,68,-8.061092376708984,bm25_top100_crossenc_minilm
14,NCT03328676,69,-8.091498374938965,bm25_top100_crossenc_minilm
14,NCT04699513,70,-8.12127685546875,bm25_top100_crossenc_minilm
14,NCT03315403,71,-8.124624252319336,bm25_top100_crossenc_minilm
14,NCT02474823,72,-8.168866157531738,bm25_top100_crossenc_minilm
14,NCT02275936,73,-8.21450424194336,bm25_top100_crossenc_minilm
14,NCT04794491,74,-8.245453834533691,bm25_top100_crossenc_minilm
14,NCT00312598,75,-8.246041297912598,bm25_top100_crossenc_minilm
14,NCT00488072,76,-8.26193904876709,bm25_top100_crossenc_minilm
14,NCT04575610,77,-8.296913146972656,bm25_top100_crossenc_minilm
14,NCT03738774,78,-8.436800003051758,bm25_top100_crossenc_minilm
14,NCT03729973,79,-8.448266983032227,bm25_top100_crossenc_minilm
14,NCT03321734,80,-8.497146606445312,bm25_top100_crossenc_minilm
14,NCT04246619,81,-8.551874160766602,bm25_top100_crossenc_minilm
14,NCT02834819,82,-8.603541374206543,bm25_top100_crossenc_minilm
14,NCT04615871,83,-8.68315601348877,bm25_top100_crossenc_minilm
14,NCT04647656,84,-8.686347961425781,bm25_top100_crossenc_minilm
14,NCT02525861,85,-8.72482681274414,bm25_top100_crossenc_minilm
14,NCT01199042,86,-8.747941970825195,bm25_top100_crossenc_minilm
14,NCT00672802,87,-8.748308181762695,bm25_top100_crossenc_minilm
14,NCT00404807,88,-8.764448165893555,bm25_top100_crossenc_minilm
14,NCT04695704,89,-8.8411865234375,bm25_top100_crossenc_minilm
14,NCT00672061,90,-8.846362113952637,bm25_top100_crossenc_minilm
14,NCT00030238,91,-8.880777359008789,bm25_top100_crossenc_minilm
14,NCT04788953,92,-8.892082214355469,bm25_top100_crossenc_minilm
14,NCT04530149,93,-8.913129806518555,bm25_top100_crossenc_minilm
14,NCT04691687,94,-8.913227081298828,bm25_top100_crossenc_minilm
14,NCT04024787,95,-9.027093887329102,bm25_top100_crossenc_minilm
14,NCT03580044,96,-9.077834129333496,bm25_top100_crossenc_minilm
14,NCT03720223,97,-9.083208084106445,bm25_top100_crossenc_minilm
14,NCT00635206,98,-9.122493743896484,bm25_top100_crossenc_minilm
14,NCT02522442,99,-9.134831428527832,bm25_top100_crossenc_minilm
14,NCT03007745,100,-9.24483871459961,bm25_top100_crossenc_minilm
15,NCT00487279,1,-5.705262184143066,bm25_top100_crossenc_minilm
15,NCT03142867,2,-5.924760818481445,bm25_top100_crossenc_minilm
15,NCT00765401,3,-6.210370063781738,bm25_top100_crossenc_minilm
15,NCT01149408,4,-6.359779357910156,bm25_top100_crossenc_minilm
15,NCT04311385,5,-6.401548862457275,bm25_top100_crossenc_minilm
15,NCT00587132,6,-6.608040809631348,bm25_top100_crossenc_minilm
15,NCT03583320,7,-6.708688735961914,bm25_top100_crossenc_minilm
15,NCT02933554,8,-6.718416213989258,bm25_top100_crossenc_minilm
15,NCT03525041,9,-6.807009696960449,bm25_top100_crossenc_minilm
15,NCT00004547,10,-7.148381233215332,bm25_top100_crossenc_minilm
15,NCT03234296,11,-7.226054668426514,bm25_top100_crossenc_minilm
15,NCT00117936,12,-7.257174015045166,bm25_top100_crossenc_minilm
15,NCT01710254,13,-7.369549751281738,bm25_top100_crossenc_minilm
15,NCT04160130,14,-7.447166442871094,bm25_top100_crossenc_minilm
15,NCT00052962,15,-7.477782249450684,bm25_top100_crossenc_minilm
15,NCT00586313,16,-7.537217617034912,bm25_top100_crossenc_minilm
15,NCT03323489,17,-7.5466437339782715,bm25_top100_crossenc_minilm
15,NCT02459041,18,-7.565852165222168,bm25_top100_crossenc_minilm
15,NCT02502981,19,-7.577364921569824,bm25_top100_crossenc_minilm
15,NCT02710812,20,-7.58877420425415,bm25_top100_crossenc_minilm
15,NCT03358576,21,-7.629064559936523,bm25_top100_crossenc_minilm
15,NCT00290316,22,-7.773264408111572,bm25_top100_crossenc_minilm
15,NCT03392571,23,-7.791667461395264,bm25_top100_crossenc_minilm
15,NCT03085004,24,-7.798011302947998,bm25_top100_crossenc_minilm
15,NCT03528785,25,-7.81841516494751,bm25_top100_crossenc_minilm
15,NCT01362790,26,-7.867674350738525,bm25_top100_crossenc_minilm
15,NCT01526590,27,-7.871440887451172,bm25_top100_crossenc_minilm
15,NCT00701818,28,-7.952755451202393,bm25_top100_crossenc_minilm
15,NCT03147768,29,-7.966728210449219,bm25_top100_crossenc_minilm
15,NCT02422147,30,-7.971841812133789,bm25_top100_crossenc_minilm
15,NCT03610100,31,-7.9786882400512695,bm25_top100_crossenc_minilm
15,NCT02458118,32,-8.0056791305542,bm25_top100_crossenc_minilm
15,NCT03402282,33,-8.051732063293457,bm25_top100_crossenc_minilm
15,NCT01868139,34,-8.057052612304688,bm25_top100_crossenc_minilm
15,NCT02426944,35,-8.087590217590332,bm25_top100_crossenc_minilm
15,NCT01015378,36,-8.09482192993164,bm25_top100_crossenc_minilm
15,NCT04113499,37,-8.096524238586426,bm25_top100_crossenc_minilm
15,NCT00081731,38,-8.101662635803223,bm25_top100_crossenc_minilm
15,NCT04128891,39,-8.109010696411133,bm25_top100_crossenc_minilm
15,NCT02716207,40,-8.109650611877441,bm25_top100_crossenc_minilm
15,NCT02580422,41,-8.161094665527344,bm25_top100_crossenc_minilm
15,NCT02524106,42,-8.196120262145996,bm25_top100_crossenc_minilm
15,NCT01660711,43,-8.216413497924805,bm25_top100_crossenc_minilm
15,NCT04570943,44,-8.240673065185547,bm25_top100_crossenc_minilm
15,NCT02086721,45,-8.287421226501465,bm25_top100_crossenc_minilm
15,NCT04713631,46,-8.291105270385742,bm25_top100_crossenc_minilm
15,NCT03167112,47,-8.3115234375,bm25_top100_crossenc_minilm
15,NCT00729937,48,-8.324504852294922,bm25_top100_crossenc_minilm
15,NCT03138720,49,-8.388202667236328,bm25_top100_crossenc_minilm
15,NCT04344353,50,-8.388532638549805,bm25_top100_crossenc_minilm
15,NCT04347330,51,-8.417463302612305,bm25_top100_crossenc_minilm
15,NCT00336648,52,-8.442776679992676,bm25_top100_crossenc_minilm
15,NCT03529955,53,-8.483458518981934,bm25_top100_crossenc_minilm
15,NCT01298011,54,-8.511153221130371,bm25_top100_crossenc_minilm
15,NCT00888043,55,-8.521553039550781,bm25_top100_crossenc_minilm
15,NCT02399800,56,-8.527254104614258,bm25_top100_crossenc_minilm
15,NCT04030741,57,-8.535170555114746,bm25_top100_crossenc_minilm
15,NCT01893775,58,-8.540191650390625,bm25_top100_crossenc_minilm
15,NCT04753255,59,-8.542811393737793,bm25_top100_crossenc_minilm
15,NCT00460174,60,-8.612855911254883,bm25_top100_crossenc_minilm
15,NCT03665441,61,-8.61683177947998,bm25_top100_crossenc_minilm
15,NCT02487277,62,-8.640506744384766,bm25_top100_crossenc_minilm
15,NCT03580044,63,-8.664743423461914,bm25_top100_crossenc_minilm
15,NCT00591838,64,-8.729374885559082,bm25_top100_crossenc_minilm
15,NCT00113230,65,-8.738377571105957,bm25_top100_crossenc_minilm
15,NCT00506155,66,-8.745745658874512,bm25_top100_crossenc_minilm
15,NCT00005926,67,-8.74835205078125,bm25_top100_crossenc_minilm
15,NCT01062230,68,-8.759029388427734,bm25_top100_crossenc_minilm
15,NCT03093961,69,-8.788264274597168,bm25_top100_crossenc_minilm
15,NCT04030000,70,-8.801824569702148,bm25_top100_crossenc_minilm
15,NCT01971281,71,-8.821451187133789,bm25_top100_crossenc_minilm
15,NCT01784393,72,-8.826620101928711,bm25_top100_crossenc_minilm
15,NCT00525915,73,-8.904831886291504,bm25_top100_crossenc_minilm
15,NCT01591096,74,-8.916543960571289,bm25_top100_crossenc_minilm
15,NCT00002561,75,-8.91981315612793,bm25_top100_crossenc_minilm
15,NCT02024009,76,-8.9581880569458,bm25_top100_crossenc_minilm
15,NCT03377491,77,-8.968939781188965,bm25_top100_crossenc_minilm
15,NCT01755624,78,-9.00720500946045,bm25_top100_crossenc_minilm
15,NCT00536978,79,-9.034677505493164,bm25_top100_crossenc_minilm
15,NCT04003246,80,-9.041338920593262,bm25_top100_crossenc_minilm
15,NCT02718092,81,-9.059516906738281,bm25_top100_crossenc_minilm
15,NCT00766636,82,-9.086444854736328,bm25_top100_crossenc_minilm
15,NCT00338039,83,-9.098082542419434,bm25_top100_crossenc_minilm
15,NCT02620800,84,-9.127666473388672,bm25_top100_crossenc_minilm
15,NCT00831493,85,-9.139764785766602,bm25_top100_crossenc_minilm
15,NCT00997516,86,-9.152984619140625,bm25_top100_crossenc_minilm
15,NCT01867892,87,-9.157469749450684,bm25_top100_crossenc_minilm
15,NCT02800785,88,-9.163993835449219,bm25_top100_crossenc_minilm
15,NCT02810418,89,-9.164022445678711,bm25_top100_crossenc_minilm
15,NCT00426829,90,-9.23526382446289,bm25_top100_crossenc_minilm
15,NCT02668770,91,-9.371238708496094,bm25_top100_crossenc_minilm
15,NCT01146054,92,-9.4321928024292,bm25_top100_crossenc_minilm
15,NCT00149578,93,-9.43794059753418,bm25_top100_crossenc_minilm
15,NCT02239900,94,-9.4755859375,bm25_top100_crossenc_minilm
15,NCT02529852,95,-9.49631404876709,bm25_top100_crossenc_minilm
15,NCT02730546,96,-9.560129165649414,bm25_top100_crossenc_minilm
15,NCT00614653,97,-9.569080352783203,bm25_top100_crossenc_minilm
15,NCT02562716,98,-9.611527442932129,bm25_top100_crossenc_minilm
15,NCT00543842,99,-9.634904861450195,bm25_top100_crossenc_minilm
15,NCT01630590,100,-9.700516700744629,bm25_top100_crossenc_minilm
16,NCT04370990,1,-3.461604118347168,bm25_top100_crossenc_minilm
16,NCT00461162,2,-3.5367722511291504,bm25_top100_crossenc_minilm
16,NCT02060799,3,-3.5578699111938477,bm25_top100_crossenc_minilm
16,NCT01940328,4,-4.042542934417725,bm25_top100_crossenc_minilm
16,NCT02514798,5,-4.280386447906494,bm25_top100_crossenc_minilm
16,NCT00561223,6,-4.567821502685547,bm25_top100_crossenc_minilm
16,NCT02632552,7,-4.642284393310547,bm25_top100_crossenc_minilm
16,NCT01513655,8,-4.659599304199219,bm25_top100_crossenc_minilm
16,NCT01726049,9,-4.676572799682617,bm25_top100_crossenc_minilm
16,NCT04375917,10,-4.762085914611816,bm25_top100_crossenc_minilm
16,NCT03221387,11,-4.807609558105469,bm25_top100_crossenc_minilm
16,NCT01044628,12,-4.814532279968262,bm25_top100_crossenc_minilm
16,NCT03030235,13,-4.815208435058594,bm25_top100_crossenc_minilm
16,NCT02552485,14,-5.058248519897461,bm25_top100_crossenc_minilm
16,NCT02652559,15,-5.162059783935547,bm25_top100_crossenc_minilm
16,NCT00848731,16,-5.2815327644348145,bm25_top100_crossenc_minilm
16,NCT01494896,17,-5.347164154052734,bm25_top100_crossenc_minilm
16,NCT00846404,18,-5.658658981323242,bm25_top100_crossenc_minilm
16,NCT04647383,19,-5.683441638946533,bm25_top100_crossenc_minilm
16,NCT00145938,20,-5.687015533447266,bm25_top100_crossenc_minilm
16,NCT00133679,21,-5.738091468811035,bm25_top100_crossenc_minilm
16,NCT01628198,22,-5.815682411193848,bm25_top100_crossenc_minilm
16,NCT04123730,23,-5.93472957611084,bm25_top100_crossenc_minilm
16,NCT01168609,24,-5.943866729736328,bm25_top100_crossenc_minilm
16,NCT04035460,25,-5.982094764709473,bm25_top100_crossenc_minilm
16,NCT04231760,26,-6.036983489990234,bm25_top100_crossenc_minilm
16,NCT01261377,27,-6.183211803436279,bm25_top100_crossenc_minilm
16,NCT00586794,28,-6.1910014152526855,bm25_top100_crossenc_minilm
16,NCT02648984,29,-6.197700023651123,bm25_top100_crossenc_minilm
16,NCT00763867,30,-6.321998596191406,bm25_top100_crossenc_minilm
16,NCT01116063,31,-6.348967552185059,bm25_top100_crossenc_minilm
16,NCT01354613,32,-6.418686866760254,bm25_top100_crossenc_minilm
16,NCT03431103,33,-6.466303825378418,bm25_top100_crossenc_minilm
16,NCT04163861,34,-6.495334148406982,bm25_top100_crossenc_minilm
16,NCT00840463,35,-6.548801898956299,bm25_top100_crossenc_minilm
16,NCT03674541,36,-6.585709571838379,bm25_top100_crossenc_minilm
16,NCT00557115,37,-6.59255313873291,bm25_top100_crossenc_minilm
16,NCT01307722,38,-6.675601959228516,bm25_top100_crossenc_minilm
16,NCT00679549,39,-6.680581569671631,bm25_top100_crossenc_minilm
16,NCT00998114,40,-6.799393653869629,bm25_top100_crossenc_minilm
16,NCT00352430,41,-6.844089508056641,bm25_top100_crossenc_minilm
16,NCT04646811,42,-6.8667378425598145,bm25_top100_crossenc_minilm
16,NCT03772626,43,-6.88400411605835,bm25_top100_crossenc_minilm
16,NCT04413643,44,-6.911698818206787,bm25_top100_crossenc_minilm
16,NCT03904290,45,-6.912199974060059,bm25_top100_crossenc_minilm
16,NCT03647462,46,-6.959869861602783,bm25_top100_crossenc_minilm
16,NCT01172184,47,-6.979953765869141,bm25_top100_crossenc_minilm
16,NCT03775161,48,-6.986906051635742,bm25_top100_crossenc_minilm
16,NCT04042168,49,-6.98940896987915,bm25_top100_crossenc_minilm
16,NCT01642407,50,-7.010773658752441,bm25_top100_crossenc_minilm
16,NCT02178566,51,-7.018823146820068,bm25_top100_crossenc_minilm
16,NCT01862536,52,-7.054444313049316,bm25_top100_crossenc_minilm
16,NCT02403908,53,-7.097657203674316,bm25_top100_crossenc_minilm
16,NCT02060487,54,-7.107976913452148,bm25_top100_crossenc_minilm
16,NCT03565471,55,-7.147548198699951,bm25_top100_crossenc_minilm
16,NCT02053493,56,-7.170144081115723,bm25_top100_crossenc_minilm
16,NCT02126254,57,-7.191068172454834,bm25_top100_crossenc_minilm
16,NCT01812460,58,-7.199663162231445,bm25_top100_crossenc_minilm
16,NCT03353064,59,-7.408249855041504,bm25_top100_crossenc_minilm
16,NCT03549052,60,-7.424842834472656,bm25_top100_crossenc_minilm
16,NCT04572867,61,-7.425384998321533,bm25_top100_crossenc_minilm
16,NCT03662438,62,-7.435187339782715,bm25_top100_crossenc_minilm
16,NCT04729933,63,-7.445882797241211,bm25_top100_crossenc_minilm
16,NCT04388683,64,-7.469470977783203,bm25_top100_crossenc_minilm
16,NCT02754232,65,-7.472487449645996,bm25_top100_crossenc_minilm
16,NCT00159913,66,-7.489731788635254,bm25_top100_crossenc_minilm
16,NCT01218607,67,-7.529414176940918,bm25_top100_crossenc_minilm
16,NCT01332331,68,-7.616373062133789,bm25_top100_crossenc_minilm
16,NCT01824290,69,-7.652976989746094,bm25_top100_crossenc_minilm
16,NCT04531280,70,-7.656538009643555,bm25_top100_crossenc_minilm
16,NCT03135860,71,-7.696656703948975,bm25_top100_crossenc_minilm
16,NCT02965638,72,-7.70512580871582,bm25_top100_crossenc_minilm
16,NCT00603213,73,-7.740962982177734,bm25_top100_crossenc_minilm
16,NCT02267655,74,-7.742168426513672,bm25_top100_crossenc_minilm
16,NCT00270374,75,-7.781293869018555,bm25_top100_crossenc_minilm
16,NCT00023296,76,-7.787315845489502,bm25_top100_crossenc_minilm
16,NCT04801056,77,-7.863842964172363,bm25_top100_crossenc_minilm
16,NCT01735916,78,-7.969366073608398,bm25_top100_crossenc_minilm
16,NCT01179334,79,-7.98604154586792,bm25_top100_crossenc_minilm
16,NCT02771561,80,-7.991683006286621,bm25_top100_crossenc_minilm
16,NCT04232371,81,-8.01327133178711,bm25_top100_crossenc_minilm
16,NCT03437148,82,-8.133732795715332,bm25_top100_crossenc_minilm
16,NCT03093961,83,-8.163837432861328,bm25_top100_crossenc_minilm
16,NCT00608140,84,-8.177384376525879,bm25_top100_crossenc_minilm
16,NCT00121901,85,-8.268463134765625,bm25_top100_crossenc_minilm
16,NCT03359161,86,-8.303129196166992,bm25_top100_crossenc_minilm
16,NCT01743001,87,-8.332206726074219,bm25_top100_crossenc_minilm
16,NCT03891823,88,-8.423428535461426,bm25_top100_crossenc_minilm
16,NCT04148625,89,-8.428825378417969,bm25_top100_crossenc_minilm
16,NCT00934128,90,-8.534120559692383,bm25_top100_crossenc_minilm
16,NCT03867708,91,-8.596121788024902,bm25_top100_crossenc_minilm
16,NCT00052026,92,-8.69032096862793,bm25_top100_crossenc_minilm
16,NCT04488120,93,-8.73751163482666,bm25_top100_crossenc_minilm
16,NCT00270387,94,-8.781623840332031,bm25_top100_crossenc_minilm
16,NCT02204774,95,-8.807256698608398,bm25_top100_crossenc_minilm
16,NCT03146741,96,-8.847250938415527,bm25_top100_crossenc_minilm
16,NCT04581863,97,-8.877265930175781,bm25_top100_crossenc_minilm
16,NCT02035566,98,-9.024130821228027,bm25_top100_crossenc_minilm
16,NCT01678144,99,-9.306808471679688,bm25_top100_crossenc_minilm
16,NCT04406961,100,-9.570282936096191,bm25_top100_crossenc_minilm
17,NCT02308280,1,0.2977485656738281,bm25_top100_crossenc_minilm
17,NCT00564200,2,0.2134721875190735,bm25_top100_crossenc_minilm
17,NCT00619684,3,-0.18196864426136017,bm25_top100_crossenc_minilm
17,NCT00007995,4,-0.4282951354980469,bm25_top100_crossenc_minilm
17,NCT00306813,5,-0.7476698756217957,bm25_top100_crossenc_minilm
17,NCT00064337,6,-0.8246548175811768,bm25_top100_crossenc_minilm
17,NCT00892346,7,-0.91499263048172,bm25_top100_crossenc_minilm
17,NCT00948922,8,-1.0054590702056885,bm25_top100_crossenc_minilm
17,NCT02145715,9,-1.1976770162582397,bm25_top100_crossenc_minilm
17,NCT01264315,10,-1.4128390550613403,bm25_top100_crossenc_minilm
17,NCT00003954,11,-1.5319023132324219,bm25_top100_crossenc_minilm
17,NCT00670631,12,-1.5651546716690063,bm25_top100_crossenc_minilm
17,NCT00002630,13,-1.6527048349380493,bm25_top100_crossenc_minilm
17,NCT00793572,14,-1.7115356922149658,bm25_top100_crossenc_minilm
17,NCT00720603,15,-1.8043017387390137,bm25_top100_crossenc_minilm
17,NCT00981708,16,-1.8097416162490845,bm25_top100_crossenc_minilm
17,NCT00378755,17,-1.8561758995056152,bm25_top100_crossenc_minilm
17,NCT03030261,18,-1.8802030086517334,bm25_top100_crossenc_minilm
17,NCT00040937,19,-1.913026213645935,bm25_top100_crossenc_minilm
17,NCT01055301,20,-1.9147567749023438,bm25_top100_crossenc_minilm
17,NCT03792620,21,-1.9742918014526367,bm25_top100_crossenc_minilm
17,NCT01605032,22,-2.1035890579223633,bm25_top100_crossenc_minilm
17,NCT00002548,23,-2.157451629638672,bm25_top100_crossenc_minilm
17,NCT00112827,24,-2.164339303970337,bm25_top100_crossenc_minilm
17,NCT01207765,25,-2.1992383003234863,bm25_top100_crossenc_minilm
17,NCT02504359,26,-2.233086109161377,bm25_top100_crossenc_minilm
17,NCT01142232,27,-2.2584142684936523,bm25_top100_crossenc_minilm
17,NCT00804947,28,-2.2994420528411865,bm25_top100_crossenc_minilm
17,NCT01050790,29,-2.3584203720092773,bm25_top100_crossenc_minilm
17,NCT01954784,30,-2.371506690979004,bm25_top100_crossenc_minilm
17,NCT00843310,31,-2.4117467403411865,bm25_top100_crossenc_minilm
17,NCT01484626,32,-2.4181199073791504,bm25_top100_crossenc_minilm
17,NCT02655458,33,-2.4699478149414062,bm25_top100_crossenc_minilm
17,NCT01653418,34,-2.4762463569641113,bm25_top100_crossenc_minilm
17,NCT00507416,35,-2.484692335128784,bm25_top100_crossenc_minilm
17,NCT00536601,36,-2.515909433364868,bm25_top100_crossenc_minilm
17,NCT00747877,37,-2.523461103439331,bm25_top100_crossenc_minilm
17,NCT00586014,38,-2.533834934234619,bm25_top100_crossenc_minilm
17,NCT02045017,39,-2.5367579460144043,bm25_top100_crossenc_minilm
17,NCT00792142,40,-2.541480541229248,bm25_top100_crossenc_minilm
17,NCT00706953,41,-2.5567679405212402,bm25_top100_crossenc_minilm
17,NCT00182663,42,-2.5861902236938477,bm25_top100_crossenc_minilm
17,NCT00135200,43,-2.694289207458496,bm25_top100_crossenc_minilm
17,NCT00570180,44,-2.7639505863189697,bm25_top100_crossenc_minilm
17,NCT00008229,45,-2.7751128673553467,bm25_top100_crossenc_minilm
17,NCT03430011,46,-2.8135664463043213,bm25_top100_crossenc_minilm
17,NCT04483206,47,-2.8457024097442627,bm25_top100_crossenc_minilm
17,NCT00003196,48,-2.8879663944244385,bm25_top100_crossenc_minilm
17,NCT03896737,49,-2.888813018798828,bm25_top100_crossenc_minilm
17,NCT01296503,50,-2.89721417427063,bm25_top100_crossenc_minilm
17,NCT00441168,51,-2.901517391204834,bm25_top100_crossenc_minilm
17,NCT00004088,52,-2.928779125213623,bm25_top100_crossenc_minilm
17,NCT00790647,53,-2.9341440200805664,bm25_top100_crossenc_minilm
17,NCT01849783,54,-2.9681596755981445,bm25_top100_crossenc_minilm
17,NCT00028886,55,-2.9962515830993652,bm25_top100_crossenc_minilm
17,NCT00477971,56,-3.031214714050293,bm25_top100_crossenc_minilm
17,NCT01008462,57,-3.0380136966705322,bm25_top100_crossenc_minilm
17,NCT00083876,58,-3.081693172454834,bm25_top100_crossenc_minilm
17,NCT02728102,59,-3.1176435947418213,bm25_top100_crossenc_minilm
17,NCT03417284,60,-3.1568329334259033,bm25_top100_crossenc_minilm
17,NCT02253316,61,-3.210996150970459,bm25_top100_crossenc_minilm
17,NCT03100877,62,-3.2713170051574707,bm25_top100_crossenc_minilm
17,NCT01548573,63,-3.2793350219726562,bm25_top100_crossenc_minilm
17,NCT02135406,64,-3.3132431507110596,bm25_top100_crossenc_minilm
17,NCT00504101,65,-3.323575019836426,bm25_top100_crossenc_minilm
17,NCT00799539,66,-3.3263473510742188,bm25_top100_crossenc_minilm
17,NCT00083564,67,-3.384526252746582,bm25_top100_crossenc_minilm
17,NCT02353572,68,-3.4238269329071045,bm25_top100_crossenc_minilm
17,NCT00499577,69,-3.484372138977051,bm25_top100_crossenc_minilm
17,NCT00406978,70,-3.490356922149658,bm25_top100_crossenc_minilm
17,NCT01163357,71,-3.514068603515625,bm25_top100_crossenc_minilm
17,NCT02506959,72,-3.533336877822876,bm25_top100_crossenc_minilm
17,NCT01936090,73,-3.579279899597168,bm25_top100_crossenc_minilm
17,NCT00882895,74,-3.6858677864074707,bm25_top100_crossenc_minilm
17,NCT01527032,75,-3.6874160766601562,bm25_top100_crossenc_minilm
17,NCT02112175,76,-3.91237211227417,bm25_top100_crossenc_minilm
17,NCT00602641,77,-3.93782377243042,bm25_top100_crossenc_minilm
17,NCT01090921,78,-3.9965217113494873,bm25_top100_crossenc_minilm
17,NCT03695744,79,-4.101058006286621,bm25_top100_crossenc_minilm
17,NCT02545907,80,-4.118742942810059,bm25_top100_crossenc_minilm
17,NCT01134484,81,-4.146945953369141,bm25_top100_crossenc_minilm
17,NCT01842308,82,-4.215212821960449,bm25_top100_crossenc_minilm
17,NCT00006251,83,-4.25299072265625,bm25_top100_crossenc_minilm
17,NCT01114282,84,-4.254688739776611,bm25_top100_crossenc_minilm
17,NCT00358020,85,-4.390047073364258,bm25_top100_crossenc_minilm
17,NCT03192397,86,-4.637725830078125,bm25_top100_crossenc_minilm
17,NCT02155634,87,-4.700929641723633,bm25_top100_crossenc_minilm
17,NCT00045136,88,-4.761896133422852,bm25_top100_crossenc_minilm
17,NCT00116961,89,-4.772207260131836,bm25_top100_crossenc_minilm
17,NCT01554852,90,-4.792008399963379,bm25_top100_crossenc_minilm
17,NCT04466475,91,-4.835213661193848,bm25_top100_crossenc_minilm
17,NCT00334932,92,-5.213126182556152,bm25_top100_crossenc_minilm
17,NCT00723658,93,-5.398953914642334,bm25_top100_crossenc_minilm
17,NCT01063179,94,-5.442502975463867,bm25_top100_crossenc_minilm
17,NCT02204553,95,-5.579678058624268,bm25_top100_crossenc_minilm
17,NCT00911859,96,-5.88200569152832,bm25_top100_crossenc_minilm
17,NCT00014235,97,-5.997164726257324,bm25_top100_crossenc_minilm
17,NCT03143036,98,-6.054299831390381,bm25_top100_crossenc_minilm
17,NCT02489500,99,-6.480794906616211,bm25_top100_crossenc_minilm
17,NCT02342782,100,-6.632776260375977,bm25_top100_crossenc_minilm
18,NCT03955484,1,-2.2542452812194824,bm25_top100_crossenc_minilm
18,NCT02244294,2,-2.554615020751953,bm25_top100_crossenc_minilm
18,NCT03423979,3,-2.6546316146850586,bm25_top100_crossenc_minilm
18,NCT03991429,4,-3.2827610969543457,bm25_top100_crossenc_minilm
18,NCT02737241,5,-3.659660577774048,bm25_top100_crossenc_minilm
18,NCT03239951,6,-3.661787986755371,bm25_top100_crossenc_minilm
18,NCT03258658,7,-3.7411508560180664,bm25_top100_crossenc_minilm
18,NCT01421719,8,-3.9695286750793457,bm25_top100_crossenc_minilm
18,NCT00431626,9,-4.13491678237915,bm25_top100_crossenc_minilm
18,NCT04529369,10,-4.137884616851807,bm25_top100_crossenc_minilm
18,NCT01931605,11,-4.2352118492126465,bm25_top100_crossenc_minilm
18,NCT02977832,12,-4.321969509124756,bm25_top100_crossenc_minilm
18,NCT02006303,13,-4.452796459197998,bm25_top100_crossenc_minilm
18,NCT00252941,14,-4.476164817810059,bm25_top100_crossenc_minilm
18,NCT00743184,15,-4.508111476898193,bm25_top100_crossenc_minilm
18,NCT03014726,16,-4.5604424476623535,bm25_top100_crossenc_minilm
18,NCT03043222,17,-4.7145280838012695,bm25_top100_crossenc_minilm
18,NCT02326454,18,-4.728089332580566,bm25_top100_crossenc_minilm
18,NCT01777269,19,-4.798611640930176,bm25_top100_crossenc_minilm
18,NCT04715971,20,-4.996161460876465,bm25_top100_crossenc_minilm
18,NCT00628615,21,-5.023345470428467,bm25_top100_crossenc_minilm
18,NCT01896973,22,-5.073615074157715,bm25_top100_crossenc_minilm
18,NCT02150083,23,-5.145160675048828,bm25_top100_crossenc_minilm
18,NCT03141372,24,-5.246255874633789,bm25_top100_crossenc_minilm
18,NCT00564135,25,-5.247873306274414,bm25_top100_crossenc_minilm
18,NCT03066999,26,-5.288484573364258,bm25_top100_crossenc_minilm
18,NCT03713411,27,-5.318045139312744,bm25_top100_crossenc_minilm
18,NCT00169767,28,-5.393271446228027,bm25_top100_crossenc_minilm
18,NCT04555343,29,-5.53456449508667,bm25_top100_crossenc_minilm
18,NCT02400034,30,-5.542322158813477,bm25_top100_crossenc_minilm
18,NCT03339076,31,-5.54793643951416,bm25_top100_crossenc_minilm
18,NCT04454970,32,-5.585452079772949,bm25_top100_crossenc_minilm
18,NCT02193451,33,-5.648678302764893,bm25_top100_crossenc_minilm
18,NCT01494337,34,-5.719883441925049,bm25_top100_crossenc_minilm
18,NCT03335865,35,-5.726205825805664,bm25_top100_crossenc_minilm
18,NCT04595344,36,-5.80739164352417,bm25_top100_crossenc_minilm
18,NCT01520441,37,-5.811846733093262,bm25_top100_crossenc_minilm
18,NCT01771159,38,-5.891446113586426,bm25_top100_crossenc_minilm
18,NCT03076762,39,-5.90789794921875,bm25_top100_crossenc_minilm
18,NCT01186237,40,-5.92458438873291,bm25_top100_crossenc_minilm
18,NCT04339920,41,-5.938293933868408,bm25_top100_crossenc_minilm
18,NCT02717975,42,-5.956033229827881,bm25_top100_crossenc_minilm
18,NCT04731961,43,-5.956329822540283,bm25_top100_crossenc_minilm
18,NCT03373773,44,-6.074975490570068,bm25_top100_crossenc_minilm
18,NCT01597791,45,-6.086888313293457,bm25_top100_crossenc_minilm
18,NCT04147793,46,-6.108892440795898,bm25_top100_crossenc_minilm
18,NCT01011777,47,-6.162042140960693,bm25_top100_crossenc_minilm
18,NCT00804557,48,-6.219673156738281,bm25_top100_crossenc_minilm
18,NCT02551783,49,-6.2768144607543945,bm25_top100_crossenc_minilm
18,NCT02741531,50,-6.337536811828613,bm25_top100_crossenc_minilm
18,NCT03163394,51,-6.400675296783447,bm25_top100_crossenc_minilm
18,NCT04307537,52,-6.402458190917969,bm25_top100_crossenc_minilm
18,NCT02591381,53,-6.40875768661499,bm25_top100_crossenc_minilm
18,NCT03499964,54,-6.423549652099609,bm25_top100_crossenc_minilm
18,NCT04209192,55,-6.479717254638672,bm25_top100_crossenc_minilm
18,NCT03009968,56,-6.513896942138672,bm25_top100_crossenc_minilm
18,NCT03428113,57,-6.538455963134766,bm25_top100_crossenc_minilm
18,NCT02713633,58,-6.588153839111328,bm25_top100_crossenc_minilm
18,NCT00194636,59,-6.711535453796387,bm25_top100_crossenc_minilm
18,NCT02477241,60,-6.714468479156494,bm25_top100_crossenc_minilm
18,NCT00169754,61,-6.72159481048584,bm25_top100_crossenc_minilm
18,NCT04688541,62,-6.726181983947754,bm25_top100_crossenc_minilm
18,NCT03108079,63,-6.806921005249023,bm25_top100_crossenc_minilm
18,NCT03061344,64,-6.814661026000977,bm25_top100_crossenc_minilm
18,NCT01800799,65,-6.8466973304748535,bm25_top100_crossenc_minilm
18,NCT03127280,66,-6.863980293273926,bm25_top100_crossenc_minilm
18,NCT04516434,67,-6.88005256652832,bm25_top100_crossenc_minilm
18,NCT00839969,68,-6.8829240798950195,bm25_top100_crossenc_minilm
18,NCT00605319,69,-6.914562225341797,bm25_top100_crossenc_minilm
18,NCT01733290,70,-6.937713623046875,bm25_top100_crossenc_minilm
18,NCT02912624,71,-7.0367841720581055,bm25_top100_crossenc_minilm
18,NCT03673202,72,-7.036792278289795,bm25_top100_crossenc_minilm
18,NCT04070898,73,-7.05875301361084,bm25_top100_crossenc_minilm
18,NCT04846387,74,-7.068581581115723,bm25_top100_crossenc_minilm
18,NCT04726748,75,-7.075551986694336,bm25_top100_crossenc_minilm
18,NCT03702777,76,-7.080867767333984,bm25_top100_crossenc_minilm
18,NCT02634619,77,-7.114842414855957,bm25_top100_crossenc_minilm
18,NCT03302936,78,-7.145950794219971,bm25_top100_crossenc_minilm
18,NCT01275261,79,-7.191206455230713,bm25_top100_crossenc_minilm
18,NCT00994825,80,-7.210309028625488,bm25_top100_crossenc_minilm
18,NCT00872495,81,-7.262784004211426,bm25_top100_crossenc_minilm
18,NCT00924482,82,-7.280339241027832,bm25_top100_crossenc_minilm
18,NCT04359069,83,-7.309776782989502,bm25_top100_crossenc_minilm
18,NCT03479931,84,-7.351109504699707,bm25_top100_crossenc_minilm
18,NCT03314259,85,-7.358797550201416,bm25_top100_crossenc_minilm
18,NCT03498794,86,-7.387313365936279,bm25_top100_crossenc_minilm
18,NCT01197248,87,-7.393761157989502,bm25_top100_crossenc_minilm
18,NCT01619735,88,-7.476910591125488,bm25_top100_crossenc_minilm
18,NCT02806167,89,-7.514448642730713,bm25_top100_crossenc_minilm
18,NCT04763837,90,-7.682897567749023,bm25_top100_crossenc_minilm
18,NCT02944825,91,-7.700936794281006,bm25_top100_crossenc_minilm
18,NCT02687308,92,-7.803431510925293,bm25_top100_crossenc_minilm
18,NCT03071211,93,-7.937891006469727,bm25_top100_crossenc_minilm
18,NCT02823431,94,-8.165505409240723,bm25_top100_crossenc_minilm
18,NCT02016248,95,-8.169120788574219,bm25_top100_crossenc_minilm
18,NCT01812772,96,-8.221780776977539,bm25_top100_crossenc_minilm
18,NCT03637582,97,-8.279672622680664,bm25_top100_crossenc_minilm
18,NCT00422708,98,-8.338364601135254,bm25_top100_crossenc_minilm
18,NCT02189291,99,-8.65530776977539,bm25_top100_crossenc_minilm
18,NCT04087642,100,-8.680849075317383,bm25_top100_crossenc_minilm
19,NCT01114269,1,-2.708792209625244,bm25_top100_crossenc_minilm
19,NCT03531502,2,-4.169959545135498,bm25_top100_crossenc_minilm
19,NCT00487279,3,-4.458306312561035,bm25_top100_crossenc_minilm
19,NCT03528616,4,-4.499660015106201,bm25_top100_crossenc_minilm
19,NCT04540354,5,-4.523333549499512,bm25_top100_crossenc_minilm
19,NCT00000518,6,-4.827443599700928,bm25_top100_crossenc_minilm
19,NCT04246450,7,-4.914524078369141,bm25_top100_crossenc_minilm
19,NCT00825435,8,-4.917706489562988,bm25_top100_crossenc_minilm
19,NCT02686307,9,-4.9582695960998535,bm25_top100_crossenc_minilm
19,NCT03388905,10,-5.089006423950195,bm25_top100_crossenc_minilm
19,NCT00187291,11,-5.158185005187988,bm25_top100_crossenc_minilm
19,NCT04747353,12,-5.204831600189209,bm25_top100_crossenc_minilm
19,NCT00708786,13,-5.393383026123047,bm25_top100_crossenc_minilm
19,NCT02301390,14,-5.443930625915527,bm25_top100_crossenc_minilm
19,NCT04765943,15,-5.466290473937988,bm25_top100_crossenc_minilm
19,NCT02216760,16,-5.475715160369873,bm25_top100_crossenc_minilm
19,NCT04140019,17,-5.476863861083984,bm25_top100_crossenc_minilm
19,NCT02848781,18,-5.491406440734863,bm25_top100_crossenc_minilm
19,NCT03588286,19,-5.4957804679870605,bm25_top100_crossenc_minilm
19,NCT00005202,20,-5.527408123016357,bm25_top100_crossenc_minilm
19,NCT00925522,21,-5.581294059753418,bm25_top100_crossenc_minilm
19,NCT00382928,22,-5.635893821716309,bm25_top100_crossenc_minilm
19,NCT02344277,23,-5.6744303703308105,bm25_top100_crossenc_minilm
19,NCT04162171,24,-5.688445091247559,bm25_top100_crossenc_minilm
19,NCT02830360,25,-5.750707149505615,bm25_top100_crossenc_minilm
19,NCT04533425,26,-5.758468151092529,bm25_top100_crossenc_minilm
19,NCT04757688,27,-5.791794300079346,bm25_top100_crossenc_minilm
19,NCT02683174,28,-5.836265563964844,bm25_top100_crossenc_minilm
19,NCT03779165,29,-6.069208145141602,bm25_top100_crossenc_minilm
19,NCT00096902,30,-6.159249305725098,bm25_top100_crossenc_minilm
19,NCT04575376,31,-6.167019844055176,bm25_top100_crossenc_minilm
19,NCT00000531,32,-6.173281669616699,bm25_top100_crossenc_minilm
19,NCT02373306,33,-6.217893600463867,bm25_top100_crossenc_minilm
19,NCT04159454,34,-6.269583702087402,bm25_top100_crossenc_minilm
19,NCT01747837,35,-6.287817001342773,bm25_top100_crossenc_minilm
19,NCT03992677,36,-6.292992115020752,bm25_top100_crossenc_minilm
19,NCT00647257,37,-6.387706756591797,bm25_top100_crossenc_minilm
19,NCT04392193,38,-6.467897415161133,bm25_top100_crossenc_minilm
19,NCT03421834,39,-6.505627632141113,bm25_top100_crossenc_minilm
19,NCT04755101,40,-6.559910774230957,bm25_top100_crossenc_minilm
19,NCT03876652,41,-6.600247383117676,bm25_top100_crossenc_minilm
19,NCT01767220,42,-6.609238624572754,bm25_top100_crossenc_minilm
19,NCT03974412,43,-6.68942928314209,bm25_top100_crossenc_minilm
19,NCT03833843,44,-6.771760940551758,bm25_top100_crossenc_minilm
19,NCT01084239,45,-6.779172420501709,bm25_top100_crossenc_minilm
19,NCT00729703,46,-6.7936224937438965,bm25_top100_crossenc_minilm
19,NCT04798768,47,-6.828026294708252,bm25_top100_crossenc_minilm
19,NCT03903744,48,-6.8601579666137695,bm25_top100_crossenc_minilm
19,NCT01576042,49,-6.87285852432251,bm25_top100_crossenc_minilm
19,NCT03583320,50,-6.877788543701172,bm25_top100_crossenc_minilm
19,NCT00517023,51,-6.921492576599121,bm25_top100_crossenc_minilm
19,NCT00187187,52,-6.941980838775635,bm25_top100_crossenc_minilm
19,NCT02614235,53,-6.9754319190979,bm25_top100_crossenc_minilm
19,NCT00753233,54,-7.026391983032227,bm25_top100_crossenc_minilm
19,NCT00721032,55,-7.0516839027404785,bm25_top100_crossenc_minilm
19,NCT00919373,56,-7.063636302947998,bm25_top100_crossenc_minilm
19,NCT02167412,57,-7.148127555847168,bm25_top100_crossenc_minilm
19,NCT02886273,58,-7.255936622619629,bm25_top100_crossenc_minilm
19,NCT04595942,59,-7.301776885986328,bm25_top100_crossenc_minilm
19,NCT02433379,60,-7.4417595863342285,bm25_top100_crossenc_minilm
19,NCT04463524,61,-7.474941253662109,bm25_top100_crossenc_minilm
19,NCT04694079,62,-7.509437084197998,bm25_top100_crossenc_minilm
19,NCT03437408,63,-7.5129923820495605,bm25_top100_crossenc_minilm
19,NCT01271816,64,-7.615079879760742,bm25_top100_crossenc_minilm
19,NCT04264182,65,-7.643446922302246,bm25_top100_crossenc_minilm
19,NCT02874937,66,-7.652336597442627,bm25_top100_crossenc_minilm
19,NCT02009982,67,-7.667342662811279,bm25_top100_crossenc_minilm
19,NCT02786940,68,-7.732444763183594,bm25_top100_crossenc_minilm
19,NCT00236158,69,-7.777484893798828,bm25_top100_crossenc_minilm
19,NCT00617578,70,-7.8484039306640625,bm25_top100_crossenc_minilm
19,NCT03464019,71,-7.856194972991943,bm25_top100_crossenc_minilm
19,NCT00295204,72,-7.942928791046143,bm25_top100_crossenc_minilm
19,NCT00434564,73,-8.119382858276367,bm25_top100_crossenc_minilm
19,NCT04529941,74,-8.123785972595215,bm25_top100_crossenc_minilm
19,NCT03658759,75,-8.134427070617676,bm25_top100_crossenc_minilm
19,NCT03635996,76,-8.230794906616211,bm25_top100_crossenc_minilm
19,NCT04632394,77,-8.261056900024414,bm25_top100_crossenc_minilm
19,NCT04691089,78,-8.383809089660645,bm25_top100_crossenc_minilm
19,NCT02954666,79,-8.403038024902344,bm25_top100_crossenc_minilm
19,NCT01137513,80,-8.413467407226562,bm25_top100_crossenc_minilm
19,NCT04609436,81,-8.442340850830078,bm25_top100_crossenc_minilm
19,NCT02360397,82,-8.485128402709961,bm25_top100_crossenc_minilm
19,NCT02522364,83,-8.69613265991211,bm25_top100_crossenc_minilm
19,NCT02498964,84,-8.759693145751953,bm25_top100_crossenc_minilm
19,NCT02249195,85,-8.7742280960083,bm25_top100_crossenc_minilm
19,NCT01170416,86,-8.806184768676758,bm25_top100_crossenc_minilm
19,NCT03720639,87,-8.854188919067383,bm25_top100_crossenc_minilm
19,NCT04856267,88,-8.857755661010742,bm25_top100_crossenc_minilm
19,NCT04124237,89,-8.949222564697266,bm25_top100_crossenc_minilm
19,NCT00733590,90,-8.950610160827637,bm25_top100_crossenc_minilm
19,NCT00668759,91,-9.015303611755371,bm25_top100_crossenc_minilm
19,NCT02347111,92,-9.019000053405762,bm25_top100_crossenc_minilm
19,NCT04041778,93,-9.042940139770508,bm25_top100_crossenc_minilm
19,NCT04449523,94,-9.089439392089844,bm25_top100_crossenc_minilm
19,NCT02018497,95,-9.147316932678223,bm25_top100_crossenc_minilm
19,NCT03539302,96,-9.29384708404541,bm25_top100_crossenc_minilm
19,NCT00093860,97,-9.296411514282227,bm25_top100_crossenc_minilm
19,NCT03753139,98,-9.321080207824707,bm25_top100_crossenc_minilm
19,NCT02462941,99,-9.408221244812012,bm25_top100_crossenc_minilm
19,NCT04530149,100,-10.126814842224121,bm25_top100_crossenc_minilm
20,NCT03819140,1,-1.6515178680419922,bm25_top100_crossenc_minilm
20,NCT03042026,2,-3.4454050064086914,bm25_top100_crossenc_minilm
20,NCT00494208,3,-3.9905283451080322,bm25_top100_crossenc_minilm
20,NCT00171886,4,-4.014980792999268,bm25_top100_crossenc_minilm
20,NCT00182091,5,-4.728182315826416,bm25_top100_crossenc_minilm
20,NCT02052479,6,-5.041443824768066,bm25_top100_crossenc_minilm
20,NCT00921609,7,-5.09693717956543,bm25_top100_crossenc_minilm
20,NCT03395756,8,-5.530806541442871,bm25_top100_crossenc_minilm
20,NCT00463450,9,-5.663653373718262,bm25_top100_crossenc_minilm
20,NCT01122342,10,-5.699309825897217,bm25_top100_crossenc_minilm
20,NCT02696889,11,-5.960496425628662,bm25_top100_crossenc_minilm
20,NCT04556461,12,-5.983627796173096,bm25_top100_crossenc_minilm
20,NCT00117000,13,-6.38347864151001,bm25_top100_crossenc_minilm
20,NCT00111384,14,-6.448032855987549,bm25_top100_crossenc_minilm
20,NCT00461149,15,-6.453810214996338,bm25_top100_crossenc_minilm
20,NCT00690898,16,-6.521461486816406,bm25_top100_crossenc_minilm
20,NCT03422809,17,-6.52993106842041,bm25_top100_crossenc_minilm
20,NCT03710499,18,-6.600721836090088,bm25_top100_crossenc_minilm
20,NCT00175305,19,-6.603801727294922,bm25_top100_crossenc_minilm
20,NCT00915954,20,-6.62966251373291,bm25_top100_crossenc_minilm
20,NCT03252028,21,-6.651863098144531,bm25_top100_crossenc_minilm
20,NCT01029275,22,-6.773786544799805,bm25_top100_crossenc_minilm
20,NCT04701034,23,-6.816186904907227,bm25_top100_crossenc_minilm
20,NCT03141359,24,-6.968595504760742,bm25_top100_crossenc_minilm
20,NCT00376064,25,-6.971418857574463,bm25_top100_crossenc_minilm
20,NCT00922233,26,-6.9912824630737305,bm25_top100_crossenc_minilm
20,NCT04206319,27,-6.999088764190674,bm25_top100_crossenc_minilm
20,NCT03008824,28,-7.00761604309082,bm25_top100_crossenc_minilm
20,NCT03015324,29,-7.045021057128906,bm25_top100_crossenc_minilm
20,NCT00182078,30,-7.096646308898926,bm25_top100_crossenc_minilm
20,NCT04339140,31,-7.185762405395508,bm25_top100_crossenc_minilm
20,NCT00799214,32,-7.236091613769531,bm25_top100_crossenc_minilm
20,NCT00001860,33,-7.257647514343262,bm25_top100_crossenc_minilm
20,NCT04134117,34,-7.353419303894043,bm25_top100_crossenc_minilm
20,NCT02649439,35,-7.364043235778809,bm25_top100_crossenc_minilm
20,NCT03459469,36,-7.444976806640625,bm25_top100_crossenc_minilm
20,NCT00044174,37,-7.479206562042236,bm25_top100_crossenc_minilm
20,NCT01051726,38,-7.4948248863220215,bm25_top100_crossenc_minilm
20,NCT02411734,39,-7.507111549377441,bm25_top100_crossenc_minilm
20,NCT03529955,40,-7.575381278991699,bm25_top100_crossenc_minilm
20,NCT04487886,41,-7.586845874786377,bm25_top100_crossenc_minilm
20,NCT03092518,42,-7.597367286682129,bm25_top100_crossenc_minilm
20,NCT02316249,43,-7.640215873718262,bm25_top100_crossenc_minilm
20,NCT02429349,44,-7.6872735023498535,bm25_top100_crossenc_minilm
20,NCT02141490,45,-7.697451591491699,bm25_top100_crossenc_minilm
20,NCT04750928,46,-7.764647006988525,bm25_top100_crossenc_minilm
20,NCT03719430,47,-7.764968395233154,bm25_top100_crossenc_minilm
20,NCT03877302,48,-7.805128574371338,bm25_top100_crossenc_minilm
20,NCT02201095,49,-7.830523490905762,bm25_top100_crossenc_minilm
20,NCT01204476,50,-7.860909938812256,bm25_top100_crossenc_minilm
20,NCT02693535,51,-7.866367816925049,bm25_top100_crossenc_minilm
20,NCT03882034,52,-7.870153427124023,bm25_top100_crossenc_minilm
20,NCT04447872,53,-7.889532089233398,bm25_top100_crossenc_minilm
20,NCT03380715,54,-7.910282135009766,bm25_top100_crossenc_minilm
20,NCT03986021,55,-8.04104232788086,bm25_top100_crossenc_minilm
20,NCT04329715,56,-8.051453590393066,bm25_top100_crossenc_minilm
20,NCT02185456,57,-8.066194534301758,bm25_top100_crossenc_minilm
20,NCT02897622,58,-8.0970458984375,bm25_top100_crossenc_minilm
20,NCT04428671,59,-8.1007719039917,bm25_top100_crossenc_minilm
20,NCT00342706,60,-8.118254661560059,bm25_top100_crossenc_minilm
20,NCT03860987,61,-8.127494812011719,bm25_top100_crossenc_minilm
20,NCT02569437,62,-8.139849662780762,bm25_top100_crossenc_minilm
20,NCT00627796,63,-8.158775329589844,bm25_top100_crossenc_minilm
20,NCT04803526,64,-8.20380973815918,bm25_top100_crossenc_minilm
20,NCT02855294,65,-8.215412139892578,bm25_top100_crossenc_minilm
20,NCT02496663,66,-8.22470474243164,bm25_top100_crossenc_minilm
20,NCT01599975,67,-8.233050346374512,bm25_top100_crossenc_minilm
20,NCT00667498,68,-8.238258361816406,bm25_top100_crossenc_minilm
20,NCT03336203,69,-8.249960899353027,bm25_top100_crossenc_minilm
20,NCT03041701,70,-8.366204261779785,bm25_top100_crossenc_minilm
20,NCT01309919,71,-8.374655723571777,bm25_top100_crossenc_minilm
20,NCT03641326,72,-8.390413284301758,bm25_top100_crossenc_minilm
20,NCT04407182,73,-8.410158157348633,bm25_top100_crossenc_minilm
20,NCT01540682,74,-8.422513961791992,bm25_top100_crossenc_minilm
20,NCT02379728,75,-8.433985710144043,bm25_top100_crossenc_minilm
20,NCT03018288,76,-8.489103317260742,bm25_top100_crossenc_minilm
20,NCT02503709,77,-8.512267112731934,bm25_top100_crossenc_minilm
20,NCT01311102,78,-8.515636444091797,bm25_top100_crossenc_minilm
20,NCT02047136,79,-8.525897979736328,bm25_top100_crossenc_minilm
20,NCT02400359,80,-8.52888298034668,bm25_top100_crossenc_minilm
20,NCT01253317,81,-8.62696647644043,bm25_top100_crossenc_minilm
20,NCT01893047,82,-8.697667121887207,bm25_top100_crossenc_minilm
20,NCT00447499,83,-8.70357608795166,bm25_top100_crossenc_minilm
20,NCT04233632,84,-8.720072746276855,bm25_top100_crossenc_minilm
20,NCT04559620,85,-8.841286659240723,bm25_top100_crossenc_minilm
20,NCT02414529,86,-8.862247467041016,bm25_top100_crossenc_minilm
20,NCT00678132,87,-8.947576522827148,bm25_top100_crossenc_minilm
20,NCT03331250,88,-8.97378158569336,bm25_top100_crossenc_minilm
20,NCT00498719,89,-9.017372131347656,bm25_top100_crossenc_minilm
20,NCT02429375,90,-9.130830764770508,bm25_top100_crossenc_minilm
20,NCT02905994,91,-9.180805206298828,bm25_top100_crossenc_minilm
20,NCT03057509,92,-9.194214820861816,bm25_top100_crossenc_minilm
20,NCT01775501,93,-9.234049797058105,bm25_top100_crossenc_minilm
20,NCT01553071,94,-9.286869049072266,bm25_top100_crossenc_minilm
20,NCT01553318,95,-9.293259620666504,bm25_top100_crossenc_minilm
20,NCT03139916,96,-9.3148193359375,bm25_top100_crossenc_minilm
20,NCT02769962,97,-9.425097465515137,bm25_top100_crossenc_minilm
20,NCT03455764,98,-9.536287307739258,bm25_top100_crossenc_minilm
20,NCT02546193,99,-9.605948448181152,bm25_top100_crossenc_minilm
20,NCT00878826,100,-9.612190246582031,bm25_top100_crossenc_minilm
21,NCT00373074,1,-4.942465782165527,bm25_top100_crossenc_minilm
21,NCT01118988,2,-5.1321539878845215,bm25_top100_crossenc_minilm
21,NCT00112333,3,-6.206407070159912,bm25_top100_crossenc_minilm
21,NCT02266199,4,-6.546760559082031,bm25_top100_crossenc_minilm
21,NCT04236843,5,-6.854856967926025,bm25_top100_crossenc_minilm
21,NCT02396446,6,-7.237094402313232,bm25_top100_crossenc_minilm
21,NCT01878019,7,-7.321576118469238,bm25_top100_crossenc_minilm
21,NCT04601207,8,-7.469424247741699,bm25_top100_crossenc_minilm
21,NCT03001050,9,-7.592118263244629,bm25_top100_crossenc_minilm
21,NCT02533999,10,-7.603930473327637,bm25_top100_crossenc_minilm
21,NCT04253275,11,-7.665962219238281,bm25_top100_crossenc_minilm
21,NCT04851639,12,-7.692370414733887,bm25_top100_crossenc_minilm
21,NCT00339469,13,-7.703449726104736,bm25_top100_crossenc_minilm
21,NCT00865462,14,-7.729669094085693,bm25_top100_crossenc_minilm
21,NCT04750044,15,-7.746269226074219,bm25_top100_crossenc_minilm
21,NCT00865371,16,-7.818016052246094,bm25_top100_crossenc_minilm
21,NCT03888235,17,-7.8853759765625,bm25_top100_crossenc_minilm
21,NCT02159625,18,-7.910013198852539,bm25_top100_crossenc_minilm
21,NCT03151863,19,-7.973106384277344,bm25_top100_crossenc_minilm
21,NCT00863642,20,-7.995932579040527,bm25_top100_crossenc_minilm
21,NCT01047800,21,-8.004853248596191,bm25_top100_crossenc_minilm
21,NCT02163044,22,-8.010628700256348,bm25_top100_crossenc_minilm
21,NCT04003701,23,-8.0620756149292,bm25_top100_crossenc_minilm
21,NCT04473872,24,-8.07853889465332,bm25_top100_crossenc_minilm
21,NCT04237181,25,-8.089139938354492,bm25_top100_crossenc_minilm
21,NCT00865111,26,-8.156064987182617,bm25_top100_crossenc_minilm
21,NCT00863941,27,-8.241527557373047,bm25_top100_crossenc_minilm
21,NCT01758549,28,-8.356019020080566,bm25_top100_crossenc_minilm
21,NCT01687751,29,-8.408557891845703,bm25_top100_crossenc_minilm
21,NCT03948386,30,-8.4091157913208,bm25_top100_crossenc_minilm
21,NCT00092937,31,-8.465869903564453,bm25_top100_crossenc_minilm
21,NCT04342520,32,-8.493331909179688,bm25_top100_crossenc_minilm
21,NCT04613973,33,-8.518518447875977,bm25_top100_crossenc_minilm
21,NCT02463487,34,-8.543861389160156,bm25_top100_crossenc_minilm
21,NCT00005669,35,-8.56178092956543,bm25_top100_crossenc_minilm
21,NCT00865410,36,-8.563665390014648,bm25_top100_crossenc_minilm
21,NCT04411927,37,-8.708414077758789,bm25_top100_crossenc_minilm
21,NCT00775905,38,-8.727405548095703,bm25_top100_crossenc_minilm
21,NCT03576430,39,-8.767059326171875,bm25_top100_crossenc_minilm
21,NCT03412708,40,-8.862161636352539,bm25_top100_crossenc_minilm
21,NCT00653393,41,-8.895992279052734,bm25_top100_crossenc_minilm
21,NCT02653664,42,-8.915430068969727,bm25_top100_crossenc_minilm
21,NCT00367627,43,-8.928586959838867,bm25_top100_crossenc_minilm
21,NCT03232112,44,-8.939507484436035,bm25_top100_crossenc_minilm
21,NCT01402011,45,-8.977019309997559,bm25_top100_crossenc_minilm
21,NCT04643873,46,-8.981241226196289,bm25_top100_crossenc_minilm
21,NCT03278158,47,-8.995243072509766,bm25_top100_crossenc_minilm
21,NCT02781701,48,-9.001551628112793,bm25_top100_crossenc_minilm
21,NCT01160536,49,-9.00191879272461,bm25_top100_crossenc_minilm
21,NCT01109849,50,-9.046547889709473,bm25_top100_crossenc_minilm
21,NCT04129931,51,-9.050243377685547,bm25_top100_crossenc_minilm
21,NCT03357042,52,-9.059394836425781,bm25_top100_crossenc_minilm
21,NCT01907334,53,-9.062698364257812,bm25_top100_crossenc_minilm
21,NCT04651959,54,-9.083812713623047,bm25_top100_crossenc_minilm
21,NCT04406194,55,-9.096492767333984,bm25_top100_crossenc_minilm
21,NCT03670719,56,-9.110419273376465,bm25_top100_crossenc_minilm
21,NCT04753255,57,-9.133087158203125,bm25_top100_crossenc_minilm
21,NCT01345643,58,-9.140386581420898,bm25_top100_crossenc_minilm
21,NCT01599975,59,-9.175750732421875,bm25_top100_crossenc_minilm
21,NCT03961997,60,-9.182117462158203,bm25_top100_crossenc_minilm
21,NCT00775151,61,-9.187894821166992,bm25_top100_crossenc_minilm
21,NCT04407000,62,-9.198823928833008,bm25_top100_crossenc_minilm
21,NCT04400682,63,-9.205352783203125,bm25_top100_crossenc_minilm
21,NCT04024553,64,-9.211080551147461,bm25_top100_crossenc_minilm
21,NCT02284334,65,-9.21648120880127,bm25_top100_crossenc_minilm
21,NCT01314339,66,-9.22031307220459,bm25_top100_crossenc_minilm
21,NCT01597232,67,-9.238818168640137,bm25_top100_crossenc_minilm
21,NCT01314352,68,-9.242122650146484,bm25_top100_crossenc_minilm
21,NCT01979471,69,-9.254156112670898,bm25_top100_crossenc_minilm
21,NCT02168205,70,-9.263925552368164,bm25_top100_crossenc_minilm
21,NCT04444986,71,-9.264847755432129,bm25_top100_crossenc_minilm
21,NCT02414529,72,-9.267216682434082,bm25_top100_crossenc_minilm
21,NCT02856113,73,-9.293766021728516,bm25_top100_crossenc_minilm
21,NCT01777893,74,-9.300223350524902,bm25_top100_crossenc_minilm
21,NCT03336203,75,-9.305795669555664,bm25_top100_crossenc_minilm
21,NCT04056000,76,-9.32923412322998,bm25_top100_crossenc_minilm
21,NCT02132507,77,-9.330145835876465,bm25_top100_crossenc_minilm
21,NCT03617926,78,-9.356463432312012,bm25_top100_crossenc_minilm
21,NCT01952834,79,-9.374619483947754,bm25_top100_crossenc_minilm
21,NCT04743323,80,-9.40184211730957,bm25_top100_crossenc_minilm
21,NCT01638611,81,-9.412503242492676,bm25_top100_crossenc_minilm
21,NCT00953420,82,-9.416714668273926,bm25_top100_crossenc_minilm
21,NCT03213717,83,-9.422499656677246,bm25_top100_crossenc_minilm
21,NCT03018808,84,-9.429723739624023,bm25_top100_crossenc_minilm
21,NCT03400488,85,-9.449446678161621,bm25_top100_crossenc_minilm
21,NCT03149692,86,-9.49145793914795,bm25_top100_crossenc_minilm
21,NCT02897622,87,-9.50564956665039,bm25_top100_crossenc_minilm
21,NCT00298545,88,-9.535950660705566,bm25_top100_crossenc_minilm
21,NCT04230577,89,-9.6156587600708,bm25_top100_crossenc_minilm
21,NCT02709837,90,-9.668537139892578,bm25_top100_crossenc_minilm
21,NCT01335763,91,-9.71473503112793,bm25_top100_crossenc_minilm
21,NCT01431586,92,-9.757015228271484,bm25_top100_crossenc_minilm
21,NCT01775501,93,-9.860852241516113,bm25_top100_crossenc_minilm
21,NCT01553318,94,-9.920980453491211,bm25_top100_crossenc_minilm
21,NCT01768546,95,-9.924161911010742,bm25_top100_crossenc_minilm
21,NCT01599546,96,-9.929132461547852,bm25_top100_crossenc_minilm
21,NCT01896609,97,-9.96302604675293,bm25_top100_crossenc_minilm
21,NCT00682994,98,-10.033780097961426,bm25_top100_crossenc_minilm
21,NCT00878605,99,-10.043558120727539,bm25_top100_crossenc_minilm
21,NCT02016248,100,-10.114810943603516,bm25_top100_crossenc_minilm
22,NCT03521011,1,-3.8459815979003906,bm25_top100_crossenc_minilm
22,NCT03902262,2,-3.867762565612793,bm25_top100_crossenc_minilm
22,NCT03791229,3,-4.275490760803223,bm25_top100_crossenc_minilm
22,NCT02497183,4,-4.636305809020996,bm25_top100_crossenc_minilm
22,NCT01069900,5,-4.676131248474121,bm25_top100_crossenc_minilm
22,NCT01825863,6,-4.906893730163574,bm25_top100_crossenc_minilm
22,NCT02156947,7,-4.939849853515625,bm25_top100_crossenc_minilm
22,NCT04688463,8,-5.071270942687988,bm25_top100_crossenc_minilm
22,NCT04849403,9,-5.283811569213867,bm25_top100_crossenc_minilm
22,NCT01678365,10,-5.440895080566406,bm25_top100_crossenc_minilm
22,NCT03570398,11,-5.501091957092285,bm25_top100_crossenc_minilm
22,NCT04693156,12,-5.5702033042907715,bm25_top100_crossenc_minilm
22,NCT01864473,13,-5.623537540435791,bm25_top100_crossenc_minilm
22,NCT04271826,14,-5.640940189361572,bm25_top100_crossenc_minilm
22,NCT01652170,15,-5.692142486572266,bm25_top100_crossenc_minilm
22,NCT04519086,16,-5.741997718811035,bm25_top100_crossenc_minilm
22,NCT03591419,17,-5.941417217254639,bm25_top100_crossenc_minilm
22,NCT04730752,18,-5.9850616455078125,bm25_top100_crossenc_minilm
22,NCT03017716,19,-5.998061180114746,bm25_top100_crossenc_minilm
22,NCT02712216,20,-6.1822309494018555,bm25_top100_crossenc_minilm
22,NCT00413855,21,-6.1852545738220215,bm25_top100_crossenc_minilm
22,NCT01067937,22,-6.23359489440918,bm25_top100_crossenc_minilm
22,NCT00135603,23,-6.333083629608154,bm25_top100_crossenc_minilm
22,NCT02594774,24,-6.406866073608398,bm25_top100_crossenc_minilm
22,NCT01921634,25,-6.439756393432617,bm25_top100_crossenc_minilm
22,NCT04606485,26,-6.4651079177856445,bm25_top100_crossenc_minilm
22,NCT01096927,27,-6.466493129730225,bm25_top100_crossenc_minilm
22,NCT00733603,28,-6.480156421661377,bm25_top100_crossenc_minilm
22,NCT02533869,29,-6.544510364532471,bm25_top100_crossenc_minilm
22,NCT01726751,30,-6.572955131530762,bm25_top100_crossenc_minilm
22,NCT03826446,31,-6.655874252319336,bm25_top100_crossenc_minilm
22,NCT04382209,32,-6.668127059936523,bm25_top100_crossenc_minilm
22,NCT01260064,33,-6.676654815673828,bm25_top100_crossenc_minilm
22,NCT02624089,34,-6.7024407386779785,bm25_top100_crossenc_minilm
22,NCT03323489,35,-6.734373092651367,bm25_top100_crossenc_minilm
22,NCT03087565,36,-6.750870704650879,bm25_top100_crossenc_minilm
22,NCT04281251,37,-6.7799811363220215,bm25_top100_crossenc_minilm
22,NCT03675152,38,-6.829361915588379,bm25_top100_crossenc_minilm
22,NCT04249479,39,-6.836820602416992,bm25_top100_crossenc_minilm
22,NCT02297711,40,-6.860021591186523,bm25_top100_crossenc_minilm
22,NCT00467350,41,-6.9122772216796875,bm25_top100_crossenc_minilm
22,NCT00625053,42,-6.9592204093933105,bm25_top100_crossenc_minilm
22,NCT00997516,43,-7.02609920501709,bm25_top100_crossenc_minilm
22,NCT00472134,44,-7.103187561035156,bm25_top100_crossenc_minilm
22,NCT03522207,45,-7.180769920349121,bm25_top100_crossenc_minilm
22,NCT02789865,46,-7.230264663696289,bm25_top100_crossenc_minilm
22,NCT02731924,47,-7.296370506286621,bm25_top100_crossenc_minilm
22,NCT04618666,48,-7.345664978027344,bm25_top100_crossenc_minilm
22,NCT00863642,49,-7.352718353271484,bm25_top100_crossenc_minilm
22,NCT03792802,50,-7.362277030944824,bm25_top100_crossenc_minilm
22,NCT03954561,51,-7.374303817749023,bm25_top100_crossenc_minilm
22,NCT04030741,52,-7.419928550720215,bm25_top100_crossenc_minilm
22,NCT01308554,53,-7.430215835571289,bm25_top100_crossenc_minilm
22,NCT04571827,54,-7.540807723999023,bm25_top100_crossenc_minilm
22,NCT03045107,55,-7.623225688934326,bm25_top100_crossenc_minilm
22,NCT04437043,56,-7.654458999633789,bm25_top100_crossenc_minilm
22,NCT03732365,57,-7.696224689483643,bm25_top100_crossenc_minilm
22,NCT04242576,58,-7.72997522354126,bm25_top100_crossenc_minilm
22,NCT02511522,59,-7.7792510986328125,bm25_top100_crossenc_minilm
22,NCT02848820,60,-7.803947925567627,bm25_top100_crossenc_minilm
22,NCT04559906,61,-7.829017639160156,bm25_top100_crossenc_minilm
22,NCT01203566,62,-7.840697288513184,bm25_top100_crossenc_minilm
22,NCT03159754,63,-7.8814778327941895,bm25_top100_crossenc_minilm
22,NCT03234296,64,-7.891733169555664,bm25_top100_crossenc_minilm
22,NCT03106467,65,-7.9129109382629395,bm25_top100_crossenc_minilm
22,NCT04373447,66,-7.916226387023926,bm25_top100_crossenc_minilm
22,NCT04308265,67,-7.954769134521484,bm25_top100_crossenc_minilm
22,NCT03236961,68,-8.029857635498047,bm25_top100_crossenc_minilm
22,NCT01190280,69,-8.066061973571777,bm25_top100_crossenc_minilm
22,NCT03980717,70,-8.084067344665527,bm25_top100_crossenc_minilm
22,NCT03338465,71,-8.122995376586914,bm25_top100_crossenc_minilm
22,NCT02566837,72,-8.193655967712402,bm25_top100_crossenc_minilm
22,NCT00485251,73,-8.20452880859375,bm25_top100_crossenc_minilm
22,NCT03580044,74,-8.225963592529297,bm25_top100_crossenc_minilm
22,NCT02836860,75,-8.232183456420898,bm25_top100_crossenc_minilm
22,NCT00654212,76,-8.236270904541016,bm25_top100_crossenc_minilm
22,NCT03973983,77,-8.293725967407227,bm25_top100_crossenc_minilm
22,NCT04368611,78,-8.321249008178711,bm25_top100_crossenc_minilm
22,NCT03939884,79,-8.33220386505127,bm25_top100_crossenc_minilm
22,NCT00677989,80,-8.352218627929688,bm25_top100_crossenc_minilm
22,NCT03146091,81,-8.38947868347168,bm25_top100_crossenc_minilm
22,NCT01631448,82,-8.450164794921875,bm25_top100_crossenc_minilm
22,NCT01356641,83,-8.481375694274902,bm25_top100_crossenc_minilm
22,NCT01715220,84,-8.498954772949219,bm25_top100_crossenc_minilm
22,NCT00133835,85,-8.59039306640625,bm25_top100_crossenc_minilm
22,NCT01474382,86,-8.60543155670166,bm25_top100_crossenc_minilm
22,NCT02625272,87,-8.637950897216797,bm25_top100_crossenc_minilm
22,NCT02667860,88,-8.646748542785645,bm25_top100_crossenc_minilm
22,NCT04329143,89,-8.68587875366211,bm25_top100_crossenc_minilm
22,NCT03577912,90,-8.69349479675293,bm25_top100_crossenc_minilm
22,NCT01492790,91,-8.735815048217773,bm25_top100_crossenc_minilm
22,NCT03754387,92,-8.78982925415039,bm25_top100_crossenc_minilm
22,NCT03519152,93,-8.81427001953125,bm25_top100_crossenc_minilm
22,NCT02800785,94,-8.876239776611328,bm25_top100_crossenc_minilm
22,NCT03947372,95,-8.937125205993652,bm25_top100_crossenc_minilm
22,NCT03819309,96,-8.997461318969727,bm25_top100_crossenc_minilm
22,NCT02941640,97,-9.022132873535156,bm25_top100_crossenc_minilm
22,NCT03366246,98,-9.078300476074219,bm25_top100_crossenc_minilm
22,NCT02149797,99,-9.223564147949219,bm25_top100_crossenc_minilm
22,NCT01482546,100,-9.66807746887207,bm25_top100_crossenc_minilm
23,NCT01634113,1,-2.3844025135040283,bm25_top100_crossenc_minilm
23,NCT03237221,2,-2.8513922691345215,bm25_top100_crossenc_minilm
23,NCT02141854,3,-3.2135884761810303,bm25_top100_crossenc_minilm
23,NCT02294279,4,-3.259685754776001,bm25_top100_crossenc_minilm
23,NCT02181335,5,-3.264754295349121,bm25_top100_crossenc_minilm
23,NCT02040766,6,-3.844078540802002,bm25_top100_crossenc_minilm
23,NCT02139644,7,-3.849761724472046,bm25_top100_crossenc_minilm
23,NCT02502890,8,-3.873392343521118,bm25_top100_crossenc_minilm
23,NCT01296087,9,-3.904273748397827,bm25_top100_crossenc_minilm
23,NCT00394329,10,-3.938317060470581,bm25_top100_crossenc_minilm
23,NCT02031640,11,-3.99722957611084,bm25_top100_crossenc_minilm
23,NCT03292588,12,-4.095932960510254,bm25_top100_crossenc_minilm
23,NCT02730351,13,-4.188359260559082,bm25_top100_crossenc_minilm
23,NCT00318708,14,-4.223859786987305,bm25_top100_crossenc_minilm
23,NCT04264377,15,-4.244943618774414,bm25_top100_crossenc_minilm
23,NCT03788057,16,-4.289082050323486,bm25_top100_crossenc_minilm
23,NCT00495157,17,-4.307988166809082,bm25_top100_crossenc_minilm
23,NCT00175565,18,-4.329712390899658,bm25_top100_crossenc_minilm
23,NCT04322422,19,-4.33262825012207,bm25_top100_crossenc_minilm
23,NCT00187499,20,-4.42208194732666,bm25_top100_crossenc_minilm
23,NCT00634517,21,-4.65226411819458,bm25_top100_crossenc_minilm
23,NCT02040779,22,-4.660799026489258,bm25_top100_crossenc_minilm
23,NCT02135718,23,-4.685996055603027,bm25_top100_crossenc_minilm
23,NCT00819676,24,-4.705645561218262,bm25_top100_crossenc_minilm
23,NCT03299322,25,-4.733246326446533,bm25_top100_crossenc_minilm
23,NCT00442117,26,-4.7372846603393555,bm25_top100_crossenc_minilm
23,NCT01397162,27,-4.865797519683838,bm25_top100_crossenc_minilm
23,NCT01772368,28,-4.892571449279785,bm25_top100_crossenc_minilm
23,NCT02236611,29,-4.904923915863037,bm25_top100_crossenc_minilm
23,NCT02066129,30,-4.94996452331543,bm25_top100_crossenc_minilm
23,NCT01397201,31,-4.977476119995117,bm25_top100_crossenc_minilm
23,NCT01653483,32,-5.067188262939453,bm25_top100_crossenc_minilm
23,NCT02113436,33,-5.071898460388184,bm25_top100_crossenc_minilm
23,NCT02175771,34,-5.10684871673584,bm25_top100_crossenc_minilm
23,NCT02301975,35,-5.209197998046875,bm25_top100_crossenc_minilm
23,NCT00383240,36,-5.212190628051758,bm25_top100_crossenc_minilm
23,NCT03387241,37,-5.250678062438965,bm25_top100_crossenc_minilm
23,NCT00784485,38,-5.269097328186035,bm25_top100_crossenc_minilm
23,NCT01396278,39,-5.34748649597168,bm25_top100_crossenc_minilm
23,NCT01907334,40,-5.387398719787598,bm25_top100_crossenc_minilm
23,NCT02889809,41,-5.39165735244751,bm25_top100_crossenc_minilm
23,NCT01978145,42,-5.428157806396484,bm25_top100_crossenc_minilm
23,NCT01978119,43,-5.445931434631348,bm25_top100_crossenc_minilm
23,NCT01576718,44,-5.45150089263916,bm25_top100_crossenc_minilm
23,NCT02257385,45,-5.499293804168701,bm25_top100_crossenc_minilm
23,NCT00784758,46,-5.553099632263184,bm25_top100_crossenc_minilm
23,NCT00214552,47,-5.601773738861084,bm25_top100_crossenc_minilm
23,NCT02233803,48,-5.6283979415893555,bm25_top100_crossenc_minilm
23,NCT00395304,49,-5.633388519287109,bm25_top100_crossenc_minilm
23,NCT02924688,50,-5.649395942687988,bm25_top100_crossenc_minilm
23,NCT01822899,51,-5.669327259063721,bm25_top100_crossenc_minilm
23,NCT03705325,52,-5.672381401062012,bm25_top100_crossenc_minilm
23,NCT00839189,53,-5.698646545410156,bm25_top100_crossenc_minilm
23,NCT02218762,54,-5.709130764007568,bm25_top100_crossenc_minilm
23,NCT00473460,55,-5.711264610290527,bm25_top100_crossenc_minilm
23,NCT03835871,56,-5.712928771972656,bm25_top100_crossenc_minilm
23,NCT02703467,57,-5.7331318855285645,bm25_top100_crossenc_minilm
23,NCT00801853,58,-5.747885704040527,bm25_top100_crossenc_minilm
23,NCT01687283,59,-5.770628929138184,bm25_top100_crossenc_minilm
23,NCT01817764,60,-5.770727157592773,bm25_top100_crossenc_minilm
23,NCT02257372,61,-5.7847137451171875,bm25_top100_crossenc_minilm
23,NCT01498653,62,-5.791816711425781,bm25_top100_crossenc_minilm
23,NCT01498679,63,-5.839896202087402,bm25_top100_crossenc_minilm
23,NCT03207243,64,-5.910362720489502,bm25_top100_crossenc_minilm
23,NCT03834012,65,-5.990899085998535,bm25_top100_crossenc_minilm
23,NCT01961154,66,-6.009122371673584,bm25_top100_crossenc_minilm
23,NCT00381485,67,-6.037291049957275,bm25_top100_crossenc_minilm
23,NCT00379288,68,-6.068355083465576,bm25_top100_crossenc_minilm
23,NCT00278083,69,-6.096268653869629,bm25_top100_crossenc_minilm
23,NCT00296491,70,-6.097291469573975,bm25_top100_crossenc_minilm
23,NCT03299673,71,-6.168688774108887,bm25_top100_crossenc_minilm
23,NCT03046433,72,-6.206957817077637,bm25_top100_crossenc_minilm
23,NCT01879410,73,-6.223289489746094,bm25_top100_crossenc_minilm
23,NCT00471809,74,-6.239788055419922,bm25_top100_crossenc_minilm
23,NCT01686633,75,-6.269104480743408,bm25_top100_crossenc_minilm
23,NCT03676413,76,-6.303265571594238,bm25_top100_crossenc_minilm
23,NCT04129931,77,-6.303797721862793,bm25_top100_crossenc_minilm
23,NCT02340520,78,-6.319255352020264,bm25_top100_crossenc_minilm
23,NCT00452699,79,-6.349786758422852,bm25_top100_crossenc_minilm
23,NCT00655616,80,-6.396171569824219,bm25_top100_crossenc_minilm
23,NCT00603746,81,-6.5086565017700195,bm25_top100_crossenc_minilm
23,NCT00452348,82,-6.535405158996582,bm25_top100_crossenc_minilm
23,NCT03363191,83,-6.556185245513916,bm25_top100_crossenc_minilm
23,NCT00603278,84,-6.559558868408203,bm25_top100_crossenc_minilm
23,NCT01224691,85,-6.625146389007568,bm25_top100_crossenc_minilm
23,NCT02833480,86,-6.641042709350586,bm25_top100_crossenc_minilm
23,NCT02094937,87,-6.644387245178223,bm25_top100_crossenc_minilm
23,NCT01270958,88,-6.661242485046387,bm25_top100_crossenc_minilm
23,NCT00497237,89,-6.682920932769775,bm25_top100_crossenc_minilm
23,NCT02767973,90,-6.764179706573486,bm25_top100_crossenc_minilm
23,NCT00448851,91,-6.866118907928467,bm25_top100_crossenc_minilm
23,NCT00539006,92,-6.885461807250977,bm25_top100_crossenc_minilm
23,NCT02649478,93,-6.987575054168701,bm25_top100_crossenc_minilm
23,NCT00519636,94,-6.988190650939941,bm25_top100_crossenc_minilm
23,NCT00398645,95,-7.027540683746338,bm25_top100_crossenc_minilm
23,NCT00565266,96,-7.094162940979004,bm25_top100_crossenc_minilm
23,NCT00555607,97,-7.095944404602051,bm25_top100_crossenc_minilm
23,NCT01500525,98,-7.295100212097168,bm25_top100_crossenc_minilm
23,NCT01899144,99,-7.342212677001953,bm25_top100_crossenc_minilm
23,NCT01553318,100,-7.499139785766602,bm25_top100_crossenc_minilm
24,NCT00431626,1,-1.875037670135498,bm25_top100_crossenc_minilm
24,NCT00939120,2,-2.36222505569458,bm25_top100_crossenc_minilm
24,NCT01604811,3,-2.8025755882263184,bm25_top100_crossenc_minilm
24,NCT02410135,4,-3.3485605716705322,bm25_top100_crossenc_minilm
24,NCT02808013,5,-3.731189489364624,bm25_top100_crossenc_minilm
24,NCT02505919,6,-3.913053274154663,bm25_top100_crossenc_minilm
24,NCT00540891,7,-3.981431484222412,bm25_top100_crossenc_minilm
24,NCT04807569,8,-4.094326019287109,bm25_top100_crossenc_minilm
24,NCT04758247,9,-4.3281707763671875,bm25_top100_crossenc_minilm
24,NCT00889707,10,-4.382562637329102,bm25_top100_crossenc_minilm
24,NCT04161183,11,-4.4911956787109375,bm25_top100_crossenc_minilm
24,NCT01018511,12,-4.794317722320557,bm25_top100_crossenc_minilm
24,NCT01657409,13,-4.863041877746582,bm25_top100_crossenc_minilm
24,NCT03448510,14,-4.915053844451904,bm25_top100_crossenc_minilm
24,NCT00947882,15,-4.924521446228027,bm25_top100_crossenc_minilm
24,NCT03055624,16,-5.041234016418457,bm25_top100_crossenc_minilm
24,NCT03758222,17,-5.13023042678833,bm25_top100_crossenc_minilm
24,NCT02167009,18,-5.223114013671875,bm25_top100_crossenc_minilm
24,NCT03179228,19,-5.2513628005981445,bm25_top100_crossenc_minilm
24,NCT01789840,20,-5.281601905822754,bm25_top100_crossenc_minilm
24,NCT02524236,21,-5.3003010749816895,bm25_top100_crossenc_minilm
24,NCT00435448,22,-5.320416450500488,bm25_top100_crossenc_minilm
24,NCT04309695,23,-5.404232978820801,bm25_top100_crossenc_minilm
24,NCT03014726,24,-5.482497215270996,bm25_top100_crossenc_minilm
24,NCT01457573,25,-5.544454574584961,bm25_top100_crossenc_minilm
24,NCT00237536,26,-5.581221580505371,bm25_top100_crossenc_minilm
24,NCT03270384,27,-5.581748962402344,bm25_top100_crossenc_minilm
24,NCT01966614,28,-5.637432098388672,bm25_top100_crossenc_minilm
24,NCT02167919,29,-5.788442611694336,bm25_top100_crossenc_minilm
24,NCT03788967,30,-5.819060325622559,bm25_top100_crossenc_minilm
24,NCT01716104,31,-5.840802192687988,bm25_top100_crossenc_minilm
24,NCT03955484,32,-5.881662368774414,bm25_top100_crossenc_minilm
24,NCT01661621,33,-5.939895153045654,bm25_top100_crossenc_minilm
24,NCT03912558,34,-5.954636573791504,bm25_top100_crossenc_minilm
24,NCT02786290,35,-5.95761775970459,bm25_top100_crossenc_minilm
24,NCT03372096,36,-6.084693908691406,bm25_top100_crossenc_minilm
24,NCT00696761,37,-6.104796409606934,bm25_top100_crossenc_minilm
24,NCT03395522,38,-6.108384132385254,bm25_top100_crossenc_minilm
24,NCT00687388,39,-6.274458408355713,bm25_top100_crossenc_minilm
24,NCT01967251,40,-6.402509689331055,bm25_top100_crossenc_minilm
24,NCT03264482,41,-6.428376197814941,bm25_top100_crossenc_minilm
24,NCT00827814,42,-6.462113380432129,bm25_top100_crossenc_minilm
24,NCT02006303,43,-6.548063278198242,bm25_top100_crossenc_minilm
24,NCT02943070,44,-6.574206352233887,bm25_top100_crossenc_minilm
24,NCT04131907,45,-6.613650321960449,bm25_top100_crossenc_minilm
24,NCT00743184,46,-6.6670708656311035,bm25_top100_crossenc_minilm
24,NCT02326454,47,-6.756993293762207,bm25_top100_crossenc_minilm
24,NCT02757768,48,-6.918735504150391,bm25_top100_crossenc_minilm
24,NCT02145208,49,-6.921325206756592,bm25_top100_crossenc_minilm
24,NCT03577236,50,-7.105195999145508,bm25_top100_crossenc_minilm
24,NCT02940392,51,-7.117423057556152,bm25_top100_crossenc_minilm
24,NCT03305861,52,-7.231056213378906,bm25_top100_crossenc_minilm
24,NCT00090103,53,-7.374980926513672,bm25_top100_crossenc_minilm
24,NCT01912339,54,-7.385608673095703,bm25_top100_crossenc_minilm
24,NCT00527488,55,-7.52521276473999,bm25_top100_crossenc_minilm
24,NCT02506465,56,-7.71048641204834,bm25_top100_crossenc_minilm
24,NCT01673490,57,-7.768071174621582,bm25_top100_crossenc_minilm
24,NCT00381108,58,-7.783632278442383,bm25_top100_crossenc_minilm
24,NCT00481689,59,-7.791358470916748,bm25_top100_crossenc_minilm
24,NCT01294592,60,-7.858840465545654,bm25_top100_crossenc_minilm
24,NCT03605745,61,-7.862308502197266,bm25_top100_crossenc_minilm
24,NCT01249222,62,-8.003925323486328,bm25_top100_crossenc_minilm
24,NCT03902080,63,-8.022836685180664,bm25_top100_crossenc_minilm
24,NCT01260129,64,-8.031355857849121,bm25_top100_crossenc_minilm
24,NCT03994263,65,-8.14895248413086,bm25_top100_crossenc_minilm
24,NCT02058368,66,-8.160452842712402,bm25_top100_crossenc_minilm
24,NCT01534793,67,-8.274892807006836,bm25_top100_crossenc_minilm
24,NCT02431754,68,-8.286231994628906,bm25_top100_crossenc_minilm
24,NCT01896973,69,-8.329078674316406,bm25_top100_crossenc_minilm
24,NCT00709488,70,-8.51134967803955,bm25_top100_crossenc_minilm
24,NCT00918034,71,-8.546470642089844,bm25_top100_crossenc_minilm
24,NCT00701779,72,-8.561029434204102,bm25_top100_crossenc_minilm
24,NCT03840811,73,-8.607962608337402,bm25_top100_crossenc_minilm
24,NCT01775488,74,-8.713732719421387,bm25_top100_crossenc_minilm
24,NCT02283684,75,-8.847772598266602,bm25_top100_crossenc_minilm
24,NCT03784794,76,-9.049453735351562,bm25_top100_crossenc_minilm
24,NCT01469221,77,-9.077016830444336,bm25_top100_crossenc_minilm
24,NCT00603304,78,-9.105976104736328,bm25_top100_crossenc_minilm
24,NCT01410565,79,-9.112180709838867,bm25_top100_crossenc_minilm
24,NCT03042312,80,-9.159706115722656,bm25_top100_crossenc_minilm
24,NCT00962390,81,-9.23314094543457,bm25_top100_crossenc_minilm
24,NCT03057314,82,-9.269837379455566,bm25_top100_crossenc_minilm
24,NCT00918983,83,-9.277324676513672,bm25_top100_crossenc_minilm
24,NCT00005072,84,-9.328205108642578,bm25_top100_crossenc_minilm
24,NCT02004964,85,-9.383601188659668,bm25_top100_crossenc_minilm
24,NCT02855892,86,-9.433349609375,bm25_top100_crossenc_minilm
24,NCT03595735,87,-9.492759704589844,bm25_top100_crossenc_minilm
24,NCT03246802,88,-9.518134117126465,bm25_top100_crossenc_minilm
24,NCT03297398,89,-9.528685569763184,bm25_top100_crossenc_minilm
24,NCT03423979,90,-9.545709609985352,bm25_top100_crossenc_minilm
24,NCT01411319,91,-9.591686248779297,bm25_top100_crossenc_minilm
24,NCT00972309,92,-9.654181480407715,bm25_top100_crossenc_minilm
24,NCT01931046,93,-9.678312301635742,bm25_top100_crossenc_minilm
24,NCT03503721,94,-9.688421249389648,bm25_top100_crossenc_minilm
24,NCT02820155,95,-9.71116828918457,bm25_top100_crossenc_minilm
24,NCT03373006,96,-9.885051727294922,bm25_top100_crossenc_minilm
24,NCT00002602,97,-9.90814208984375,bm25_top100_crossenc_minilm
24,NCT04032067,98,-9.977376937866211,bm25_top100_crossenc_minilm
24,NCT00694551,99,-10.219574928283691,bm25_top100_crossenc_minilm
24,NCT00004054,100,-10.282417297363281,bm25_top100_crossenc_minilm
25,NCT00324259,1,-3.323591947555542,bm25_top100_crossenc_minilm
25,NCT00128362,2,-3.758971691131592,bm25_top100_crossenc_minilm
25,NCT00382070,3,-3.868999481201172,bm25_top100_crossenc_minilm
25,NCT02564848,4,-4.025420665740967,bm25_top100_crossenc_minilm
25,NCT00952731,5,-4.343926906585693,bm25_top100_crossenc_minilm
25,NCT02515110,6,-4.406513214111328,bm25_top100_crossenc_minilm
25,NCT02926911,7,-4.583946704864502,bm25_top100_crossenc_minilm
25,NCT00789581,8,-4.589206695556641,bm25_top100_crossenc_minilm
25,NCT03940248,9,-4.731967926025391,bm25_top100_crossenc_minilm
25,NCT00902954,10,-4.751553535461426,bm25_top100_crossenc_minilm
25,NCT02750826,11,-5.016422271728516,bm25_top100_crossenc_minilm
25,NCT04084730,12,-5.110759735107422,bm25_top100_crossenc_minilm
25,NCT01953588,13,-5.209244251251221,bm25_top100_crossenc_minilm
25,NCT00265759,14,-5.237969398498535,bm25_top100_crossenc_minilm
25,NCT01352091,15,-5.251243591308594,bm25_top100_crossenc_minilm
25,NCT00016432,16,-5.272129058837891,bm25_top100_crossenc_minilm
25,NCT00325598,17,-5.347113609313965,bm25_top100_crossenc_minilm
25,NCT00374322,18,-5.393637180328369,bm25_top100_crossenc_minilm
25,NCT03812393,19,-5.521531581878662,bm25_top100_crossenc_minilm
25,NCT04046159,20,-5.529915809631348,bm25_top100_crossenc_minilm
25,NCT04301375,21,-5.559159755706787,bm25_top100_crossenc_minilm
25,NCT02441933,22,-5.562695503234863,bm25_top100_crossenc_minilm
25,NCT00130533,23,-5.636281967163086,bm25_top100_crossenc_minilm
25,NCT02453737,24,-5.661920547485352,bm25_top100_crossenc_minilm
25,NCT03437837,25,-5.786171913146973,bm25_top100_crossenc_minilm
25,NCT00581529,26,-5.816320896148682,bm25_top100_crossenc_minilm
25,NCT03616626,27,-5.879119873046875,bm25_top100_crossenc_minilm
25,NCT00050167,28,-5.9827165603637695,bm25_top100_crossenc_minilm
25,NCT03647631,29,-5.987044811248779,bm25_top100_crossenc_minilm
25,NCT03460067,30,-6.050032615661621,bm25_top100_crossenc_minilm
25,NCT02489617,31,-6.052084922790527,bm25_top100_crossenc_minilm
25,NCT04578106,32,-6.275238037109375,bm25_top100_crossenc_minilm
25,NCT01670877,33,-6.284968376159668,bm25_top100_crossenc_minilm
25,NCT02700386,34,-6.295295238494873,bm25_top100_crossenc_minilm
25,NCT03878342,35,-6.295987606048584,bm25_top100_crossenc_minilm
25,NCT00493649,36,-6.369077682495117,bm25_top100_crossenc_minilm
25,NCT01008150,37,-6.370948314666748,bm25_top100_crossenc_minilm
25,NCT01872975,38,-6.397594928741455,bm25_top100_crossenc_minilm
25,NCT00087178,39,-6.447836875915527,bm25_top100_crossenc_minilm
25,NCT02907918,40,-6.487825393676758,bm25_top100_crossenc_minilm
25,NCT01368263,41,-6.540044784545898,bm25_top100_crossenc_minilm
25,NCT04425018,42,-6.611474514007568,bm25_top100_crossenc_minilm
25,NCT01839838,43,-6.628169059753418,bm25_top100_crossenc_minilm
25,NCT02131064,44,-6.6315813064575195,bm25_top100_crossenc_minilm
25,NCT01646346,45,-6.710437297821045,bm25_top100_crossenc_minilm
25,NCT00103181,46,-6.78275203704834,bm25_top100_crossenc_minilm
25,NCT01982448,47,-6.8238115310668945,bm25_top100_crossenc_minilm
25,NCT01901094,48,-6.8923187255859375,bm25_top100_crossenc_minilm
25,NCT00093795,49,-6.896012783050537,bm25_top100_crossenc_minilm
25,NCT00394251,50,-6.913639545440674,bm25_top100_crossenc_minilm
25,NCT02876640,51,-7.012731075286865,bm25_top100_crossenc_minilm
25,NCT02954874,52,-7.066153526306152,bm25_top100_crossenc_minilm
25,NCT01278212,53,-7.089507102966309,bm25_top100_crossenc_minilm
25,NCT03505372,54,-7.0993242263793945,bm25_top100_crossenc_minilm
25,NCT04595565,55,-7.10361909866333,bm25_top100_crossenc_minilm
25,NCT02685332,56,-7.1311540603637695,bm25_top100_crossenc_minilm
25,NCT02141490,57,-7.192884922027588,bm25_top100_crossenc_minilm
25,NCT01757327,58,-7.23939323425293,bm25_top100_crossenc_minilm
25,NCT01674140,59,-7.252145290374756,bm25_top100_crossenc_minilm
25,NCT01642771,60,-7.252719879150391,bm25_top100_crossenc_minilm
25,NCT04722718,61,-7.266473770141602,bm25_top100_crossenc_minilm
25,NCT01082211,62,-7.2848334312438965,bm25_top100_crossenc_minilm
25,NCT00005970,63,-7.29775857925415,bm25_top100_crossenc_minilm
25,NCT01009437,64,-7.301026821136475,bm25_top100_crossenc_minilm
25,NCT04852887,65,-7.302347660064697,bm25_top100_crossenc_minilm
25,NCT00004067,66,-7.303089141845703,bm25_top100_crossenc_minilm
25,NCT02701244,67,-7.395735263824463,bm25_top100_crossenc_minilm
25,NCT03285412,68,-7.419254779815674,bm25_top100_crossenc_minilm
25,NCT01818999,69,-7.436222076416016,bm25_top100_crossenc_minilm
25,NCT04266249,70,-7.4534525871276855,bm25_top100_crossenc_minilm
25,NCT01245712,71,-7.454178810119629,bm25_top100_crossenc_minilm
25,NCT03391388,72,-7.470800399780273,bm25_top100_crossenc_minilm
25,NCT03437395,73,-7.534546852111816,bm25_top100_crossenc_minilm
25,NCT00009945,74,-7.5892534255981445,bm25_top100_crossenc_minilm
25,NCT01349322,75,-7.603665828704834,bm25_top100_crossenc_minilm
25,NCT00041119,76,-7.61196231842041,bm25_top100_crossenc_minilm
25,NCT01509963,77,-7.637607574462891,bm25_top100_crossenc_minilm
25,NCT04313075,78,-7.655025005340576,bm25_top100_crossenc_minilm
25,NCT00493870,79,-7.718153953552246,bm25_top100_crossenc_minilm
25,NCT04569747,80,-7.723045349121094,bm25_top100_crossenc_minilm
25,NCT02926196,81,-7.765128135681152,bm25_top100_crossenc_minilm
25,NCT00119262,82,-7.821197032928467,bm25_top100_crossenc_minilm
25,NCT00003830,83,-7.8297014236450195,bm25_top100_crossenc_minilm
25,NCT02957968,84,-7.85333251953125,bm25_top100_crossenc_minilm
25,NCT01203839,85,-7.877048015594482,bm25_top100_crossenc_minilm
25,NCT01766297,86,-7.932457447052002,bm25_top100_crossenc_minilm
25,NCT04040569,87,-7.997872352600098,bm25_top100_crossenc_minilm
25,NCT00882089,88,-8.026941299438477,bm25_top100_crossenc_minilm
25,NCT03587740,89,-8.030573844909668,bm25_top100_crossenc_minilm
25,NCT01272037,90,-8.096271514892578,bm25_top100_crossenc_minilm
25,NCT03281954,91,-8.134050369262695,bm25_top100_crossenc_minilm
25,NCT00433511,92,-8.162361145019531,bm25_top100_crossenc_minilm
25,NCT04443348,93,-8.18509292602539,bm25_top100_crossenc_minilm
25,NCT04457596,94,-8.248735427856445,bm25_top100_crossenc_minilm
25,NCT03581136,95,-8.291703224182129,bm25_top100_crossenc_minilm
25,NCT00038402,96,-8.318239212036133,bm25_top100_crossenc_minilm
25,NCT01853748,97,-8.393699645996094,bm25_top100_crossenc_minilm
25,NCT04185311,98,-8.486215591430664,bm25_top100_crossenc_minilm
25,NCT00925652,99,-8.539436340332031,bm25_top100_crossenc_minilm
25,NCT01697293,100,-8.750513076782227,bm25_top100_crossenc_minilm
26,NCT00738621,1,-4.819178581237793,bm25_top100_crossenc_minilm
26,NCT04368195,2,-4.9263410568237305,bm25_top100_crossenc_minilm
26,NCT01719705,3,-5.521982192993164,bm25_top100_crossenc_minilm
26,NCT04731961,4,-5.522452354431152,bm25_top100_crossenc_minilm
26,NCT03613649,5,-6.056052207946777,bm25_top100_crossenc_minilm
26,NCT04350346,6,-6.3657612800598145,bm25_top100_crossenc_minilm
26,NCT03665142,7,-6.408428192138672,bm25_top100_crossenc_minilm
26,NCT00274170,8,-6.418493747711182,bm25_top100_crossenc_minilm
26,NCT03240081,9,-6.4396796226501465,bm25_top100_crossenc_minilm
26,NCT02731924,10,-6.511170387268066,bm25_top100_crossenc_minilm
26,NCT02806297,11,-6.539073944091797,bm25_top100_crossenc_minilm
26,NCT03404167,12,-6.642650127410889,bm25_top100_crossenc_minilm
26,NCT04609709,13,-6.685969352722168,bm25_top100_crossenc_minilm
26,NCT02833103,14,-6.779754638671875,bm25_top100_crossenc_minilm
26,NCT03591419,15,-6.834012985229492,bm25_top100_crossenc_minilm
26,NCT03999333,16,-6.870643615722656,bm25_top100_crossenc_minilm
26,NCT01373372,17,-6.896413803100586,bm25_top100_crossenc_minilm
26,NCT04530149,18,-7.085518836975098,bm25_top100_crossenc_minilm
26,NCT04688463,19,-7.143608093261719,bm25_top100_crossenc_minilm
26,NCT03948594,20,-7.210597991943359,bm25_top100_crossenc_minilm
26,NCT04693156,21,-7.25836181640625,bm25_top100_crossenc_minilm
26,NCT04030741,22,-7.270904064178467,bm25_top100_crossenc_minilm
26,NCT02146521,23,-7.323122024536133,bm25_top100_crossenc_minilm
26,NCT04592549,24,-7.445364475250244,bm25_top100_crossenc_minilm
26,NCT04373447,25,-7.548084259033203,bm25_top100_crossenc_minilm
26,NCT00553059,26,-7.553752899169922,bm25_top100_crossenc_minilm
26,NCT00413855,27,-7.578165531158447,bm25_top100_crossenc_minilm
26,NCT02099006,28,-7.616703033447266,bm25_top100_crossenc_minilm
26,NCT01602575,29,-7.636130332946777,bm25_top100_crossenc_minilm
26,NCT02069366,30,-7.644946098327637,bm25_top100_crossenc_minilm
26,NCT00557453,31,-7.67543888092041,bm25_top100_crossenc_minilm
26,NCT00586313,32,-7.681390285491943,bm25_top100_crossenc_minilm
26,NCT00443131,33,-7.726950645446777,bm25_top100_crossenc_minilm
26,NCT00863642,34,-7.799533843994141,bm25_top100_crossenc_minilm
26,NCT01887184,35,-7.827089309692383,bm25_top100_crossenc_minilm
26,NCT03877302,36,-7.856372356414795,bm25_top100_crossenc_minilm
26,NCT03323489,37,-7.894209384918213,bm25_top100_crossenc_minilm
26,NCT01715220,38,-7.996906757354736,bm25_top100_crossenc_minilm
26,NCT02950480,39,-8.011683464050293,bm25_top100_crossenc_minilm
26,NCT01119833,40,-8.09740161895752,bm25_top100_crossenc_minilm
26,NCT04437043,41,-8.104233741760254,bm25_top100_crossenc_minilm
26,NCT03751423,42,-8.126547813415527,bm25_top100_crossenc_minilm
26,NCT02347280,43,-8.171635627746582,bm25_top100_crossenc_minilm
26,NCT04308265,44,-8.202342987060547,bm25_top100_crossenc_minilm
26,NCT02590978,45,-8.212779998779297,bm25_top100_crossenc_minilm
26,NCT02067520,46,-8.21354866027832,bm25_top100_crossenc_minilm
26,NCT01492790,47,-8.231612205505371,bm25_top100_crossenc_minilm
26,NCT03529955,48,-8.238056182861328,bm25_top100_crossenc_minilm
26,NCT01599975,49,-8.303861618041992,bm25_top100_crossenc_minilm
26,NCT01311102,50,-8.313397407531738,bm25_top100_crossenc_minilm
26,NCT02472509,51,-8.379711151123047,bm25_top100_crossenc_minilm
26,NCT04368611,52,-8.387470245361328,bm25_top100_crossenc_minilm
26,NCT03883464,53,-8.454227447509766,bm25_top100_crossenc_minilm
26,NCT00733603,54,-8.463540077209473,bm25_top100_crossenc_minilm
26,NCT00684242,55,-8.509725570678711,bm25_top100_crossenc_minilm
26,NCT02498964,56,-8.576044082641602,bm25_top100_crossenc_minilm
26,NCT02533999,57,-8.603864669799805,bm25_top100_crossenc_minilm
26,NCT02569437,58,-8.620182037353516,bm25_top100_crossenc_minilm
26,NCT04461327,59,-8.621017456054688,bm25_top100_crossenc_minilm
26,NCT04134117,60,-8.625816345214844,bm25_top100_crossenc_minilm
26,NCT00161083,61,-8.642526626586914,bm25_top100_crossenc_minilm
26,NCT04133480,62,-8.690164566040039,bm25_top100_crossenc_minilm
26,NCT03869788,63,-8.703302383422852,bm25_top100_crossenc_minilm
26,NCT03533322,64,-8.735541343688965,bm25_top100_crossenc_minilm
26,NCT01553318,65,-8.746198654174805,bm25_top100_crossenc_minilm
26,NCT01485926,66,-8.747087478637695,bm25_top100_crossenc_minilm
26,NCT02838394,67,-8.75843620300293,bm25_top100_crossenc_minilm
26,NCT02776202,68,-8.787910461425781,bm25_top100_crossenc_minilm
26,NCT03527186,69,-8.802950859069824,bm25_top100_crossenc_minilm
26,NCT00182078,70,-8.830978393554688,bm25_top100_crossenc_minilm
26,NCT01472978,71,-8.835494995117188,bm25_top100_crossenc_minilm
26,NCT03380715,72,-8.889703750610352,bm25_top100_crossenc_minilm
26,NCT02156947,73,-8.896294593811035,bm25_top100_crossenc_minilm
26,NCT03176459,74,-8.908293724060059,bm25_top100_crossenc_minilm
26,NCT04033822,75,-8.929375648498535,bm25_top100_crossenc_minilm
26,NCT02682368,76,-8.93739128112793,bm25_top100_crossenc_minilm
26,NCT03141359,77,-8.984853744506836,bm25_top100_crossenc_minilm
26,NCT00682565,78,-8.992782592773438,bm25_top100_crossenc_minilm
26,NCT02743364,79,-8.995744705200195,bm25_top100_crossenc_minilm
26,NCT04324515,80,-9.002699851989746,bm25_top100_crossenc_minilm
26,NCT00342706,81,-9.003841400146484,bm25_top100_crossenc_minilm
26,NCT03336203,82,-9.014623641967773,bm25_top100_crossenc_minilm
26,NCT02769962,83,-9.040664672851562,bm25_top100_crossenc_minilm
26,NCT03922490,84,-9.046209335327148,bm25_top100_crossenc_minilm
26,NCT01203566,85,-9.052273750305176,bm25_top100_crossenc_minilm
26,NCT03981315,86,-9.054886817932129,bm25_top100_crossenc_minilm
26,NCT02897622,87,-9.056741714477539,bm25_top100_crossenc_minilm
26,NCT04003701,88,-9.087690353393555,bm25_top100_crossenc_minilm
26,NCT01190280,89,-9.15159797668457,bm25_top100_crossenc_minilm
26,NCT03473639,90,-9.171058654785156,bm25_top100_crossenc_minilm
26,NCT04316793,91,-9.307918548583984,bm25_top100_crossenc_minilm
26,NCT04555499,92,-9.315693855285645,bm25_top100_crossenc_minilm
26,NCT04329143,93,-9.428849220275879,bm25_top100_crossenc_minilm
26,NCT02511522,94,-9.478382110595703,bm25_top100_crossenc_minilm
26,NCT02836860,95,-9.509511947631836,bm25_top100_crossenc_minilm
26,NCT00326443,96,-9.554952621459961,bm25_top100_crossenc_minilm
26,NCT00468858,97,-9.741792678833008,bm25_top100_crossenc_minilm
26,NCT01893047,98,-9.847488403320312,bm25_top100_crossenc_minilm
26,NCT00504010,99,-9.918989181518555,bm25_top100_crossenc_minilm
26,NCT00666380,100,-10.060857772827148,bm25_top100_crossenc_minilm
27,NCT01858961,1,-1.54254150390625,bm25_top100_crossenc_minilm
27,NCT01343888,2,-1.5563536882400513,bm25_top100_crossenc_minilm
27,NCT01805882,3,-1.5673766136169434,bm25_top100_crossenc_minilm
27,NCT01297270,4,-1.587531566619873,bm25_top100_crossenc_minilm
27,NCT01732796,5,-1.8815385103225708,bm25_top100_crossenc_minilm
27,NCT03341988,6,-1.9186797142028809,bm25_top100_crossenc_minilm
27,NCT03296930,7,-2.0664279460906982,bm25_top100_crossenc_minilm
27,NCT00275938,8,-2.0842232704162598,bm25_top100_crossenc_minilm
27,NCT00502970,9,-2.0888755321502686,bm25_top100_crossenc_minilm
27,NCT00207311,10,-2.1065711975097656,bm25_top100_crossenc_minilm
27,NCT00085917,11,-2.1378307342529297,bm25_top100_crossenc_minilm
27,NCT00143000,12,-2.1800220012664795,bm25_top100_crossenc_minilm
27,NCT01605513,13,-2.2010929584503174,bm25_top100_crossenc_minilm
27,NCT03520660,14,-2.2238054275512695,bm25_top100_crossenc_minilm
27,NCT02124044,15,-2.3111541271209717,bm25_top100_crossenc_minilm
27,NCT01878799,16,-2.383800745010376,bm25_top100_crossenc_minilm
27,NCT01608737,17,-2.3895084857940674,bm25_top100_crossenc_minilm
27,NCT01336010,18,-2.406334400177002,bm25_top100_crossenc_minilm
27,NCT00629824,19,-2.437105417251587,bm25_top100_crossenc_minilm
27,NCT01455090,20,-2.4421098232269287,bm25_top100_crossenc_minilm
27,NCT01623336,21,-2.4598639011383057,bm25_top100_crossenc_minilm
27,NCT02641379,22,-2.468198299407959,bm25_top100_crossenc_minilm
27,NCT00225537,23,-2.4685864448547363,bm25_top100_crossenc_minilm
27,NCT01579474,24,-2.5948262214660645,bm25_top100_crossenc_minilm
27,NCT02646163,25,-2.6001181602478027,bm25_top100_crossenc_minilm
27,NCT00489385,26,-2.601067066192627,bm25_top100_crossenc_minilm
27,NCT01995266,27,-2.6092846393585205,bm25_top100_crossenc_minilm
27,NCT03593447,28,-2.6847474575042725,bm25_top100_crossenc_minilm
27,NCT03458481,29,-2.742558479309082,bm25_top100_crossenc_minilm
27,NCT00154869,30,-2.867445945739746,bm25_top100_crossenc_minilm
27,NCT02060058,31,-2.872471332550049,bm25_top100_crossenc_minilm
27,NCT02825212,32,-2.9325175285339355,bm25_top100_crossenc_minilm
27,NCT00039962,33,-3.0070087909698486,bm25_top100_crossenc_minilm
27,NCT04155515,34,-3.016493558883667,bm25_top100_crossenc_minilm
27,NCT02634008,35,-3.0222084522247314,bm25_top100_crossenc_minilm
27,NCT00300807,36,-3.0705974102020264,bm25_top100_crossenc_minilm
27,NCT02734173,37,-3.0831079483032227,bm25_top100_crossenc_minilm
27,NCT01949168,38,-3.091705322265625,bm25_top100_crossenc_minilm
27,NCT01899092,39,-3.1541366577148438,bm25_top100_crossenc_minilm
27,NCT01353911,40,-3.2244668006896973,bm25_top100_crossenc_minilm
27,NCT01197157,41,-3.2447781562805176,bm25_top100_crossenc_minilm
27,NCT01195181,42,-3.2844579219818115,bm25_top100_crossenc_minilm
27,NCT00040027,43,-3.3402256965637207,bm25_top100_crossenc_minilm
27,NCT01443923,44,-3.449260711669922,bm25_top100_crossenc_minilm
27,NCT00179413,45,-3.472787380218506,bm25_top100_crossenc_minilm
27,NCT01185028,46,-3.5001630783081055,bm25_top100_crossenc_minilm
27,NCT02874066,47,-3.5385828018188477,bm25_top100_crossenc_minilm
27,NCT02371408,48,-3.5870087146759033,bm25_top100_crossenc_minilm
27,NCT03420300,49,-3.6037821769714355,bm25_top100_crossenc_minilm
27,NCT00686777,50,-3.6704113483428955,bm25_top100_crossenc_minilm
27,NCT02349048,51,-3.6804075241088867,bm25_top100_crossenc_minilm
27,NCT01273948,52,-3.7159171104431152,bm25_top100_crossenc_minilm
27,NCT00226382,53,-3.7599406242370605,bm25_top100_crossenc_minilm
27,NCT03496233,54,-3.760134696960449,bm25_top100_crossenc_minilm
27,NCT01368497,55,-3.7745165824890137,bm25_top100_crossenc_minilm
27,NCT00028275,56,-3.789036750793457,bm25_top100_crossenc_minilm
27,NCT03852433,57,-3.7892708778381348,bm25_top100_crossenc_minilm
27,NCT00735969,58,-3.7947754859924316,bm25_top100_crossenc_minilm
27,NCT00446134,59,-3.8575291633605957,bm25_top100_crossenc_minilm
27,NCT01500616,60,-3.880321979522705,bm25_top100_crossenc_minilm
27,NCT01890200,61,-3.880819320678711,bm25_top100_crossenc_minilm
27,NCT02262728,62,-3.8938794136047363,bm25_top100_crossenc_minilm
27,NCT00803309,63,-3.919877052307129,bm25_top100_crossenc_minilm
27,NCT00973219,64,-3.9526782035827637,bm25_top100_crossenc_minilm
27,NCT01833845,65,-3.9808974266052246,bm25_top100_crossenc_minilm
27,NCT01648140,66,-3.985589027404785,bm25_top100_crossenc_minilm
27,NCT00980161,67,-4.025994300842285,bm25_top100_crossenc_minilm
27,NCT00834860,68,-4.087384223937988,bm25_top100_crossenc_minilm
27,NCT00310336,69,-4.122557640075684,bm25_top100_crossenc_minilm
27,NCT02340962,70,-4.168882369995117,bm25_top100_crossenc_minilm
27,NCT00630084,71,-4.286716461181641,bm25_top100_crossenc_minilm
27,NCT01750515,72,-4.287702560424805,bm25_top100_crossenc_minilm
27,NCT00188240,73,-4.317885398864746,bm25_top100_crossenc_minilm
27,NCT04070235,74,-4.395646095275879,bm25_top100_crossenc_minilm
27,NCT00382798,75,-4.4050116539001465,bm25_top100_crossenc_minilm
27,NCT00540345,76,-4.506310939788818,bm25_top100_crossenc_minilm
27,NCT02483156,77,-4.521846294403076,bm25_top100_crossenc_minilm
27,NCT02973503,78,-4.619889259338379,bm25_top100_crossenc_minilm
27,NCT00854802,79,-4.629899978637695,bm25_top100_crossenc_minilm
27,NCT01498068,80,-4.780693054199219,bm25_top100_crossenc_minilm
27,NCT01465516,81,-4.791080474853516,bm25_top100_crossenc_minilm
27,NCT02397395,82,-4.797438144683838,bm25_top100_crossenc_minilm
27,NCT00629967,83,-4.9623260498046875,bm25_top100_crossenc_minilm
27,NCT01896609,84,-4.972378730773926,bm25_top100_crossenc_minilm
27,NCT01391117,85,-5.042055130004883,bm25_top100_crossenc_minilm
27,NCT00882193,86,-5.0443220138549805,bm25_top100_crossenc_minilm
27,NCT00001729,87,-5.0727996826171875,bm25_top100_crossenc_minilm
27,NCT00117533,88,-5.156988143920898,bm25_top100_crossenc_minilm
27,NCT01937728,89,-5.252144813537598,bm25_top100_crossenc_minilm
27,NCT04365868,90,-5.281447410583496,bm25_top100_crossenc_minilm
27,NCT01636778,91,-5.292991638183594,bm25_top100_crossenc_minilm
27,NCT02118012,92,-5.453824996948242,bm25_top100_crossenc_minilm
27,NCT00221286,93,-5.485846519470215,bm25_top100_crossenc_minilm
27,NCT00441584,94,-5.55692720413208,bm25_top100_crossenc_minilm
27,NCT01441180,95,-5.629724025726318,bm25_top100_crossenc_minilm
27,NCT02099604,96,-5.786473274230957,bm25_top100_crossenc_minilm
27,NCT02888106,97,-6.375367164611816,bm25_top100_crossenc_minilm
27,NCT00958724,98,-6.406214237213135,bm25_top100_crossenc_minilm
27,NCT03482102,99,-6.763533115386963,bm25_top100_crossenc_minilm
27,NCT02940496,100,-6.8074564933776855,bm25_top100_crossenc_minilm
28,NCT00117182,1,-5.110657691955566,bm25_top100_crossenc_minilm
28,NCT00461162,2,-5.751363754272461,bm25_top100_crossenc_minilm
28,NCT00394329,3,-6.493533134460449,bm25_top100_crossenc_minilm
28,NCT04264377,4,-7.211037635803223,bm25_top100_crossenc_minilm
28,NCT02266199,5,-7.226070880889893,bm25_top100_crossenc_minilm
28,NCT01782326,6,-7.3727922439575195,bm25_top100_crossenc_minilm
28,NCT02203474,7,-7.4449687004089355,bm25_top100_crossenc_minilm
28,NCT00883584,8,-7.667200088500977,bm25_top100_crossenc_minilm
28,NCT02014480,9,-7.689499855041504,bm25_top100_crossenc_minilm
28,NCT04236843,10,-7.834152698516846,bm25_top100_crossenc_minilm
28,NCT02490358,11,-7.8664774894714355,bm25_top100_crossenc_minilm
28,NCT01110200,12,-7.899658679962158,bm25_top100_crossenc_minilm
28,NCT00478738,13,-7.942012310028076,bm25_top100_crossenc_minilm
28,NCT04342520,14,-7.984659671783447,bm25_top100_crossenc_minilm
28,NCT04529499,15,-8.023758888244629,bm25_top100_crossenc_minilm
28,NCT03788057,16,-8.104514122009277,bm25_top100_crossenc_minilm
28,NCT00473460,17,-8.130728721618652,bm25_top100_crossenc_minilm
28,NCT01879410,18,-8.148025512695312,bm25_top100_crossenc_minilm
28,NCT03645434,19,-8.15726375579834,bm25_top100_crossenc_minilm
28,NCT02730351,20,-8.196704864501953,bm25_top100_crossenc_minilm
28,NCT03781895,21,-8.290262222290039,bm25_top100_crossenc_minilm
28,NCT00555607,22,-8.296876907348633,bm25_top100_crossenc_minilm
28,NCT01419158,23,-8.324851036071777,bm25_top100_crossenc_minilm
28,NCT03357042,24,-8.33077621459961,bm25_top100_crossenc_minilm
28,NCT01521390,25,-8.341455459594727,bm25_top100_crossenc_minilm
28,NCT00819676,26,-8.342388153076172,bm25_top100_crossenc_minilm
28,NCT00865462,27,-8.3475341796875,bm25_top100_crossenc_minilm
28,NCT03368365,28,-8.365042686462402,bm25_top100_crossenc_minilm
28,NCT00848406,29,-8.394815444946289,bm25_top100_crossenc_minilm
28,NCT04129931,30,-8.439946174621582,bm25_top100_crossenc_minilm
28,NCT01160536,31,-8.467496871948242,bm25_top100_crossenc_minilm
28,NCT04186286,32,-8.492338180541992,bm25_top100_crossenc_minilm
28,NCT00441701,33,-8.49905014038086,bm25_top100_crossenc_minilm
28,NCT03024723,34,-8.549627304077148,bm25_top100_crossenc_minilm
28,NCT00674817,35,-8.551426887512207,bm25_top100_crossenc_minilm
28,NCT03317262,36,-8.57882308959961,bm25_top100_crossenc_minilm
28,NCT02340520,37,-8.582849502563477,bm25_top100_crossenc_minilm
28,NCT00863941,38,-8.620380401611328,bm25_top100_crossenc_minilm
28,NCT01013948,39,-8.665163040161133,bm25_top100_crossenc_minilm
28,NCT02573870,40,-8.700084686279297,bm25_top100_crossenc_minilm
28,NCT03643874,41,-8.714141845703125,bm25_top100_crossenc_minilm
28,NCT01899742,42,-8.767241477966309,bm25_top100_crossenc_minilm
28,NCT00865371,43,-8.894044876098633,bm25_top100_crossenc_minilm
28,NCT01500525,44,-8.898660659790039,bm25_top100_crossenc_minilm
28,NCT01627925,45,-8.900049209594727,bm25_top100_crossenc_minilm
28,NCT01811069,46,-8.945759773254395,bm25_top100_crossenc_minilm
28,NCT01636713,47,-8.954754829406738,bm25_top100_crossenc_minilm
28,NCT02275052,48,-8.958402633666992,bm25_top100_crossenc_minilm
28,NCT00382447,49,-8.977256774902344,bm25_top100_crossenc_minilm
28,NCT01772147,50,-8.979949951171875,bm25_top100_crossenc_minilm
28,NCT00775905,51,-9.042190551757812,bm25_top100_crossenc_minilm
28,NCT00731822,52,-9.072921752929688,bm25_top100_crossenc_minilm
28,NCT00865410,53,-9.110179901123047,bm25_top100_crossenc_minilm
28,NCT04142957,54,-9.112081527709961,bm25_top100_crossenc_minilm
28,NCT04786990,55,-9.117573738098145,bm25_top100_crossenc_minilm
28,NCT02864342,56,-9.119991302490234,bm25_top100_crossenc_minilm
28,NCT02299375,57,-9.140522003173828,bm25_top100_crossenc_minilm
28,NCT01978145,58,-9.150060653686523,bm25_top100_crossenc_minilm
28,NCT01817764,59,-9.16071605682373,bm25_top100_crossenc_minilm
28,NCT01822899,60,-9.174373626708984,bm25_top100_crossenc_minilm
28,NCT01907334,61,-9.200366020202637,bm25_top100_crossenc_minilm
28,NCT02975843,62,-9.221118927001953,bm25_top100_crossenc_minilm
28,NCT02814656,63,-9.223743438720703,bm25_top100_crossenc_minilm
28,NCT01772134,64,-9.229793548583984,bm25_top100_crossenc_minilm
28,NCT00367627,65,-9.251568794250488,bm25_top100_crossenc_minilm
28,NCT01952834,66,-9.251855850219727,bm25_top100_crossenc_minilm
28,NCT02207452,67,-9.26809024810791,bm25_top100_crossenc_minilm
28,NCT01599975,68,-9.320005416870117,bm25_top100_crossenc_minilm
28,NCT03012061,69,-9.334945678710938,bm25_top100_crossenc_minilm
28,NCT00865111,70,-9.357837677001953,bm25_top100_crossenc_minilm
28,NCT03243760,71,-9.374691009521484,bm25_top100_crossenc_minilm
28,NCT00775151,72,-9.38752555847168,bm25_top100_crossenc_minilm
28,NCT03135860,73,-9.425065040588379,bm25_top100_crossenc_minilm
28,NCT02094937,74,-9.44862174987793,bm25_top100_crossenc_minilm
28,NCT02786927,75,-9.462762832641602,bm25_top100_crossenc_minilm
28,NCT02257372,76,-9.467880249023438,bm25_top100_crossenc_minilm
28,NCT00092937,77,-9.508926391601562,bm25_top100_crossenc_minilm
28,NCT02887911,78,-9.51171875,bm25_top100_crossenc_minilm
28,NCT02411734,79,-9.515708923339844,bm25_top100_crossenc_minilm
28,NCT02534064,80,-9.51860237121582,bm25_top100_crossenc_minilm
28,NCT02897622,81,-9.58687973022461,bm25_top100_crossenc_minilm
28,NCT02498964,82,-9.598381042480469,bm25_top100_crossenc_minilm
28,NCT00653393,83,-9.625373840332031,bm25_top100_crossenc_minilm
28,NCT01314352,84,-9.630653381347656,bm25_top100_crossenc_minilm
28,NCT01314339,85,-9.6317138671875,bm25_top100_crossenc_minilm
28,NCT00682994,86,-9.634949684143066,bm25_top100_crossenc_minilm
28,NCT01921894,87,-9.742338180541992,bm25_top100_crossenc_minilm
28,NCT02653664,88,-9.860512733459473,bm25_top100_crossenc_minilm
28,NCT04056000,89,-9.866547584533691,bm25_top100_crossenc_minilm
28,NCT00975546,90,-9.958562850952148,bm25_top100_crossenc_minilm
28,NCT01345643,91,-9.993829727172852,bm25_top100_crossenc_minilm
28,NCT01896609,92,-9.99600601196289,bm25_top100_crossenc_minilm
28,NCT03149692,93,-10.059639930725098,bm25_top100_crossenc_minilm
28,NCT03498053,94,-10.089590072631836,bm25_top100_crossenc_minilm
28,NCT03336203,95,-10.094595909118652,bm25_top100_crossenc_minilm
28,NCT02414529,96,-10.138511657714844,bm25_top100_crossenc_minilm
28,NCT00723567,97,-10.175146102905273,bm25_top100_crossenc_minilm
28,NCT01599546,98,-10.23617935180664,bm25_top100_crossenc_minilm
28,NCT03670719,99,-10.247907638549805,bm25_top100_crossenc_minilm
28,NCT02543905,100,-10.487363815307617,bm25_top100_crossenc_minilm
29,NCT02714972,1,-1.8708317279815674,bm25_top100_crossenc_minilm
29,NCT00663624,2,-2.4143271446228027,bm25_top100_crossenc_minilm
29,NCT01890954,3,-2.60878586769104,bm25_top100_crossenc_minilm
29,NCT01742741,4,-2.690070152282715,bm25_top100_crossenc_minilm
29,NCT02438189,5,-2.700929641723633,bm25_top100_crossenc_minilm
29,NCT01727817,6,-2.773899555206299,bm25_top100_crossenc_minilm
29,NCT03565666,7,-2.897099494934082,bm25_top100_crossenc_minilm
29,NCT01697150,8,-2.939563035964966,bm25_top100_crossenc_minilm
29,NCT03899402,9,-3.0224952697753906,bm25_top100_crossenc_minilm
29,NCT02500979,10,-3.039886474609375,bm25_top100_crossenc_minilm
29,NCT03107208,11,-3.0545718669891357,bm25_top100_crossenc_minilm
29,NCT00797069,12,-3.093919277191162,bm25_top100_crossenc_minilm
29,NCT01249677,13,-3.13187575340271,bm25_top100_crossenc_minilm
29,NCT02092051,14,-3.2661426067352295,bm25_top100_crossenc_minilm
29,NCT00115570,15,-3.2711470127105713,bm25_top100_crossenc_minilm
29,NCT00607087,16,-3.465742826461792,bm25_top100_crossenc_minilm
29,NCT01469715,17,-3.5202980041503906,bm25_top100_crossenc_minilm
29,NCT01792830,18,-3.5575127601623535,bm25_top100_crossenc_minilm
29,NCT02455076,19,-3.5642967224121094,bm25_top100_crossenc_minilm
29,NCT01535612,20,-3.572298049926758,bm25_top100_crossenc_minilm
29,NCT04460326,21,-3.6057989597320557,bm25_top100_crossenc_minilm
29,NCT01468987,22,-3.607753038406372,bm25_top100_crossenc_minilm
29,NCT00582309,23,-3.6544508934020996,bm25_top100_crossenc_minilm
29,NCT00287456,24,-3.6549084186553955,bm25_top100_crossenc_minilm
29,NCT02987738,25,-3.684274196624756,bm25_top100_crossenc_minilm
29,NCT03040414,26,-3.7432847023010254,bm25_top100_crossenc_minilm
29,NCT00590044,27,-3.8257668018341064,bm25_top100_crossenc_minilm
29,NCT04061746,28,-3.8516790866851807,bm25_top100_crossenc_minilm
29,NCT00789945,29,-3.906627655029297,bm25_top100_crossenc_minilm
29,NCT01578980,30,-4.01556396484375,bm25_top100_crossenc_minilm
29,NCT01270191,31,-4.027035236358643,bm25_top100_crossenc_minilm
29,NCT01269008,32,-4.055008888244629,bm25_top100_crossenc_minilm
29,NCT04190277,33,-4.055368423461914,bm25_top100_crossenc_minilm
29,NCT01014832,34,-4.059887409210205,bm25_top100_crossenc_minilm
29,NCT01823341,35,-4.071873664855957,bm25_top100_crossenc_minilm
29,NCT01919489,36,-4.128876686096191,bm25_top100_crossenc_minilm
29,NCT01798238,37,-4.185864448547363,bm25_top100_crossenc_minilm
29,NCT01705899,38,-4.258552551269531,bm25_top100_crossenc_minilm
29,NCT01481779,39,-4.279206275939941,bm25_top100_crossenc_minilm
29,NCT02302963,40,-4.298587799072266,bm25_top100_crossenc_minilm
29,NCT00760344,41,-4.3106865882873535,bm25_top100_crossenc_minilm
29,NCT00975286,42,-4.329523086547852,bm25_top100_crossenc_minilm
29,NCT03881995,43,-4.33071231842041,bm25_top100_crossenc_minilm
29,NCT02004366,44,-4.376764297485352,bm25_top100_crossenc_minilm
29,NCT01939834,45,-4.3856635093688965,bm25_top100_crossenc_minilm
29,NCT02836704,46,-4.386847019195557,bm25_top100_crossenc_minilm
29,NCT00590226,47,-4.389963150024414,bm25_top100_crossenc_minilm
29,NCT00979628,48,-4.424670696258545,bm25_top100_crossenc_minilm
29,NCT01203111,49,-4.458034038543701,bm25_top100_crossenc_minilm
29,NCT02752412,50,-4.518362998962402,bm25_top100_crossenc_minilm
29,NCT02597309,51,-4.611266613006592,bm25_top100_crossenc_minilm
29,NCT03336528,52,-4.6408371925354,bm25_top100_crossenc_minilm
29,NCT01378117,53,-4.652631759643555,bm25_top100_crossenc_minilm
29,NCT01845831,54,-4.669162750244141,bm25_top100_crossenc_minilm
29,NCT01839370,55,-4.675739288330078,bm25_top100_crossenc_minilm
29,NCT00596687,56,-4.6854352951049805,bm25_top100_crossenc_minilm
29,NCT01714505,57,-4.720491409301758,bm25_top100_crossenc_minilm
29,NCT03798080,58,-4.781327247619629,bm25_top100_crossenc_minilm
29,NCT01335763,59,-4.787027835845947,bm25_top100_crossenc_minilm
29,NCT02856113,60,-4.790156364440918,bm25_top100_crossenc_minilm
29,NCT04834362,61,-4.803745269775391,bm25_top100_crossenc_minilm
29,NCT00394407,62,-4.822294235229492,bm25_top100_crossenc_minilm
29,NCT04112069,63,-4.843945026397705,bm25_top100_crossenc_minilm
29,NCT01645696,64,-4.882481098175049,bm25_top100_crossenc_minilm
29,NCT01805830,65,-4.887121677398682,bm25_top100_crossenc_minilm
29,NCT00976391,66,-4.919055461883545,bm25_top100_crossenc_minilm
29,NCT00306072,67,-4.95515251159668,bm25_top100_crossenc_minilm
29,NCT01582139,68,-4.957737922668457,bm25_top100_crossenc_minilm
29,NCT01371747,69,-4.964656829833984,bm25_top100_crossenc_minilm
29,NCT03349840,70,-4.99478816986084,bm25_top100_crossenc_minilm
29,NCT02520050,71,-4.9971160888671875,bm25_top100_crossenc_minilm
29,NCT02414529,72,-5.065195560455322,bm25_top100_crossenc_minilm
29,NCT00287430,73,-5.094992160797119,bm25_top100_crossenc_minilm
29,NCT01591902,74,-5.1607160568237305,bm25_top100_crossenc_minilm
29,NCT03798054,75,-5.194665908813477,bm25_top100_crossenc_minilm
29,NCT02250794,76,-5.213440895080566,bm25_top100_crossenc_minilm
29,NCT02558491,77,-5.25706672668457,bm25_top100_crossenc_minilm
29,NCT03001323,78,-5.2975754737854,bm25_top100_crossenc_minilm
29,NCT01178476,79,-5.308239459991455,bm25_top100_crossenc_minilm
29,NCT03700801,80,-5.327552795410156,bm25_top100_crossenc_minilm
29,NCT02746432,81,-5.3478240966796875,bm25_top100_crossenc_minilm
29,NCT03686657,82,-5.373644828796387,bm25_top100_crossenc_minilm
29,NCT01208649,83,-5.388478755950928,bm25_top100_crossenc_minilm
29,NCT00069784,84,-5.441678047180176,bm25_top100_crossenc_minilm
29,NCT02222623,85,-5.470970153808594,bm25_top100_crossenc_minilm
29,NCT01353391,86,-5.568904876708984,bm25_top100_crossenc_minilm
29,NCT00667498,87,-5.5945234298706055,bm25_top100_crossenc_minilm
29,NCT03043131,88,-5.642848968505859,bm25_top100_crossenc_minilm
29,NCT01591681,89,-5.672369956970215,bm25_top100_crossenc_minilm
29,NCT04604223,90,-5.711004257202148,bm25_top100_crossenc_minilm
29,NCT04315350,91,-5.730027675628662,bm25_top100_crossenc_minilm
29,NCT03279263,92,-5.774226188659668,bm25_top100_crossenc_minilm
29,NCT01002547,93,-5.838315010070801,bm25_top100_crossenc_minilm
29,NCT01722578,94,-5.844602584838867,bm25_top100_crossenc_minilm
29,NCT03526536,95,-5.929023742675781,bm25_top100_crossenc_minilm
29,NCT03336203,96,-6.042970657348633,bm25_top100_crossenc_minilm
29,NCT00603447,97,-6.144092559814453,bm25_top100_crossenc_minilm
29,NCT01952834,98,-6.612195014953613,bm25_top100_crossenc_minilm
29,NCT03344341,99,-6.750466346740723,bm25_top100_crossenc_minilm
29,NCT01553318,100,-7.275154113769531,bm25_top100_crossenc_minilm
30,NCT04795947,1,-5.059913158416748,bm25_top100_crossenc_minilm
30,NCT03905941,2,-6.08343505859375,bm25_top100_crossenc_minilm
30,NCT02399475,3,-6.54936408996582,bm25_top100_crossenc_minilm
30,NCT03905603,4,-6.558657646179199,bm25_top100_crossenc_minilm
30,NCT00498238,5,-6.77451753616333,bm25_top100_crossenc_minilm
30,NCT02645786,6,-6.801291465759277,bm25_top100_crossenc_minilm
30,NCT02725879,7,-6.8192548751831055,bm25_top100_crossenc_minilm
30,NCT00388297,8,-6.86396598815918,bm25_top100_crossenc_minilm
30,NCT02750826,9,-6.930974960327148,bm25_top100_crossenc_minilm
30,NCT04249271,10,-6.999634742736816,bm25_top100_crossenc_minilm
30,NCT01276782,11,-7.031926155090332,bm25_top100_crossenc_minilm
30,NCT00604825,12,-7.0607500076293945,bm25_top100_crossenc_minilm
30,NCT04178928,13,-7.0765814781188965,bm25_top100_crossenc_minilm
30,NCT03641638,14,-7.107402801513672,bm25_top100_crossenc_minilm
30,NCT03158805,15,-7.147801399230957,bm25_top100_crossenc_minilm
30,NCT01486667,16,-7.211781024932861,bm25_top100_crossenc_minilm
30,NCT04613323,17,-7.255301475524902,bm25_top100_crossenc_minilm
30,NCT04364087,18,-7.276623725891113,bm25_top100_crossenc_minilm
30,NCT01354262,19,-7.28083610534668,bm25_top100_crossenc_minilm
30,NCT02696889,20,-7.304821014404297,bm25_top100_crossenc_minilm
30,NCT03548103,21,-7.324252128601074,bm25_top100_crossenc_minilm
30,NCT02013479,22,-7.334195137023926,bm25_top100_crossenc_minilm
30,NCT03106935,23,-7.337502479553223,bm25_top100_crossenc_minilm
30,NCT02467244,24,-7.338579177856445,bm25_top100_crossenc_minilm
30,NCT01773772,25,-7.428645133972168,bm25_top100_crossenc_minilm
30,NCT02548715,26,-7.454783916473389,bm25_top100_crossenc_minilm
30,NCT02126683,27,-7.497288703918457,bm25_top100_crossenc_minilm
30,NCT01465867,28,-7.49965763092041,bm25_top100_crossenc_minilm
30,NCT04723862,29,-7.5186920166015625,bm25_top100_crossenc_minilm
30,NCT00111735,30,-7.614898681640625,bm25_top100_crossenc_minilm
30,NCT03986021,31,-7.616593360900879,bm25_top100_crossenc_minilm
30,NCT00606957,32,-7.641556262969971,bm25_top100_crossenc_minilm
30,NCT03377218,33,-7.723263740539551,bm25_top100_crossenc_minilm
30,NCT04803474,34,-7.728241920471191,bm25_top100_crossenc_minilm
30,NCT00565864,35,-7.730768203735352,bm25_top100_crossenc_minilm
30,NCT02491320,36,-7.731795787811279,bm25_top100_crossenc_minilm
30,NCT02168660,37,-7.733894348144531,bm25_top100_crossenc_minilm
30,NCT00497575,38,-7.7666850090026855,bm25_top100_crossenc_minilm
30,NCT02633475,39,-7.7816386222839355,bm25_top100_crossenc_minilm
30,NCT01832753,40,-7.836571216583252,bm25_top100_crossenc_minilm
30,NCT04860622,41,-7.860540390014648,bm25_top100_crossenc_minilm
30,NCT04701034,42,-7.878610610961914,bm25_top100_crossenc_minilm
30,NCT03987854,43,-7.888229846954346,bm25_top100_crossenc_minilm
30,NCT00497458,44,-7.909903526306152,bm25_top100_crossenc_minilm
30,NCT00172107,45,-7.946719169616699,bm25_top100_crossenc_minilm
30,NCT00630760,46,-7.964677810668945,bm25_top100_crossenc_minilm
30,NCT04565873,47,-7.974617958068848,bm25_top100_crossenc_minilm
30,NCT00106119,48,-8.007842063903809,bm25_top100_crossenc_minilm
30,NCT01379170,49,-8.01551628112793,bm25_top100_crossenc_minilm
30,NCT03281083,50,-8.032846450805664,bm25_top100_crossenc_minilm
30,NCT00818896,51,-8.035996437072754,bm25_top100_crossenc_minilm
30,NCT04236232,52,-8.04393196105957,bm25_top100_crossenc_minilm
30,NCT04633252,53,-8.053752899169922,bm25_top100_crossenc_minilm
30,NCT04119206,54,-8.065035820007324,bm25_top100_crossenc_minilm
30,NCT01760421,55,-8.113006591796875,bm25_top100_crossenc_minilm
30,NCT04646759,56,-8.114416122436523,bm25_top100_crossenc_minilm
30,NCT03699098,57,-8.14272689819336,bm25_top100_crossenc_minilm
30,NCT03038113,58,-8.190624237060547,bm25_top100_crossenc_minilm
30,NCT01335802,59,-8.232261657714844,bm25_top100_crossenc_minilm
30,NCT00719186,60,-8.25987434387207,bm25_top100_crossenc_minilm
30,NCT03754621,61,-8.265144348144531,bm25_top100_crossenc_minilm
30,NCT01562678,62,-8.293366432189941,bm25_top100_crossenc_minilm
30,NCT00567554,63,-8.303709030151367,bm25_top100_crossenc_minilm
30,NCT01428089,64,-8.319162368774414,bm25_top100_crossenc_minilm
30,NCT02644707,65,-8.342901229858398,bm25_top100_crossenc_minilm
30,NCT02567877,66,-8.354473114013672,bm25_top100_crossenc_minilm
30,NCT01916018,67,-8.360084533691406,bm25_top100_crossenc_minilm
30,NCT04470440,68,-8.36319351196289,bm25_top100_crossenc_minilm
30,NCT04447872,69,-8.369933128356934,bm25_top100_crossenc_minilm
30,NCT04541251,70,-8.43447494506836,bm25_top100_crossenc_minilm
30,NCT00439127,71,-8.434592247009277,bm25_top100_crossenc_minilm
30,NCT00328926,72,-8.49441146850586,bm25_top100_crossenc_minilm
30,NCT03463408,73,-8.507342338562012,bm25_top100_crossenc_minilm
30,NCT00924287,74,-8.532583236694336,bm25_top100_crossenc_minilm
30,NCT03860987,75,-8.575736999511719,bm25_top100_crossenc_minilm
30,NCT02014467,76,-8.632328987121582,bm25_top100_crossenc_minilm
30,NCT01084265,77,-8.63818073272705,bm25_top100_crossenc_minilm
30,NCT04573907,78,-8.639910697937012,bm25_top100_crossenc_minilm
30,NCT01097083,79,-8.656871795654297,bm25_top100_crossenc_minilm
30,NCT04841213,80,-8.762243270874023,bm25_top100_crossenc_minilm
30,NCT03283813,81,-8.779914855957031,bm25_top100_crossenc_minilm
30,NCT00150111,82,-8.81008529663086,bm25_top100_crossenc_minilm
30,NCT01925820,83,-8.81014633178711,bm25_top100_crossenc_minilm
30,NCT02411253,84,-8.822559356689453,bm25_top100_crossenc_minilm
30,NCT01998763,85,-8.838789939880371,bm25_top100_crossenc_minilm
30,NCT02301520,86,-8.886052131652832,bm25_top100_crossenc_minilm
30,NCT03418961,87,-8.89791202545166,bm25_top100_crossenc_minilm
30,NCT02393183,88,-8.909526824951172,bm25_top100_crossenc_minilm
30,NCT03336203,89,-8.926965713500977,bm25_top100_crossenc_minilm
30,NCT01485926,90,-8.97624683380127,bm25_top100_crossenc_minilm
30,NCT01592721,91,-9.017589569091797,bm25_top100_crossenc_minilm
30,NCT00878826,92,-9.048837661743164,bm25_top100_crossenc_minilm
30,NCT04428671,93,-9.087024688720703,bm25_top100_crossenc_minilm
30,NCT02977780,94,-9.124948501586914,bm25_top100_crossenc_minilm
30,NCT03473639,95,-9.187776565551758,bm25_top100_crossenc_minilm
30,NCT03365882,96,-9.267436027526855,bm25_top100_crossenc_minilm
30,NCT03130790,97,-9.376959800720215,bm25_top100_crossenc_minilm
30,NCT01553071,98,-9.544164657592773,bm25_top100_crossenc_minilm
30,NCT00903461,99,-9.62999439239502,bm25_top100_crossenc_minilm
30,NCT02769962,100,-9.800692558288574,bm25_top100_crossenc_minilm
31,NCT03856684,1,-0.18509522080421448,bm25_top100_crossenc_minilm
31,NCT04591977,2,-1.3165404796600342,bm25_top100_crossenc_minilm
31,NCT00342511,3,-1.5333173274993896,bm25_top100_crossenc_minilm
31,NCT02749110,4,-1.6711570024490356,bm25_top100_crossenc_minilm
31,NCT04155294,5,-1.6904528141021729,bm25_top100_crossenc_minilm
31,NCT01843478,6,-1.7668342590332031,bm25_top100_crossenc_minilm
31,NCT00443313,7,-1.9993224143981934,bm25_top100_crossenc_minilm
31,NCT03118258,8,-2.5312552452087402,bm25_top100_crossenc_minilm
31,NCT00693966,9,-2.601388454437256,bm25_top100_crossenc_minilm
31,NCT03837028,10,-2.6744065284729004,bm25_top100_crossenc_minilm
31,NCT02477254,11,-2.756481885910034,bm25_top100_crossenc_minilm
31,NCT04746872,12,-2.787335157394409,bm25_top100_crossenc_minilm
31,NCT00263744,13,-2.790038585662842,bm25_top100_crossenc_minilm
31,NCT04312178,14,-2.795182228088379,bm25_top100_crossenc_minilm
31,NCT02714439,15,-2.91454815864563,bm25_top100_crossenc_minilm
31,NCT03345875,16,-2.9954710006713867,bm25_top100_crossenc_minilm
31,NCT03663959,17,-3.3762941360473633,bm25_top100_crossenc_minilm
31,NCT03546842,18,-3.429537534713745,bm25_top100_crossenc_minilm
31,NCT03324009,19,-3.498138904571533,bm25_top100_crossenc_minilm
31,NCT02363244,20,-3.5039777755737305,bm25_top100_crossenc_minilm
31,NCT03998254,21,-3.642195701599121,bm25_top100_crossenc_minilm
31,NCT01588301,22,-3.6572165489196777,bm25_top100_crossenc_minilm
31,NCT01984502,23,-3.7595479488372803,bm25_top100_crossenc_minilm
31,NCT01014026,24,-3.9401731491088867,bm25_top100_crossenc_minilm
31,NCT01728753,25,-4.511562347412109,bm25_top100_crossenc_minilm
31,NCT03493542,26,-4.566563129425049,bm25_top100_crossenc_minilm
31,NCT03548285,27,-4.585961818695068,bm25_top100_crossenc_minilm
31,NCT02328872,28,-4.655081272125244,bm25_top100_crossenc_minilm
31,NCT00006444,29,-4.8261823654174805,bm25_top100_crossenc_minilm
31,NCT01299714,30,-4.831230163574219,bm25_top100_crossenc_minilm
31,NCT03903562,31,-4.893985748291016,bm25_top100_crossenc_minilm
31,NCT04044950,32,-4.914459228515625,bm25_top100_crossenc_minilm
31,NCT04015336,33,-4.972200870513916,bm25_top100_crossenc_minilm
31,NCT03252769,34,-5.093973636627197,bm25_top100_crossenc_minilm
31,NCT03763565,35,-5.251946926116943,bm25_top100_crossenc_minilm
31,NCT00933140,36,-5.262320518493652,bm25_top100_crossenc_minilm
31,NCT00439179,37,-5.407226085662842,bm25_top100_crossenc_minilm
31,NCT02481414,38,-5.43583869934082,bm25_top100_crossenc_minilm
31,NCT01852565,39,-5.470889091491699,bm25_top100_crossenc_minilm
31,NCT00534638,40,-5.49676513671875,bm25_top100_crossenc_minilm
31,NCT03553654,41,-5.506903171539307,bm25_top100_crossenc_minilm
31,NCT04679623,42,-5.555427551269531,bm25_top100_crossenc_minilm
31,NCT00652938,43,-5.559439659118652,bm25_top100_crossenc_minilm
31,NCT04476251,44,-5.605207920074463,bm25_top100_crossenc_minilm
31,NCT04258449,45,-5.607811450958252,bm25_top100_crossenc_minilm
31,NCT03243305,46,-5.609098434448242,bm25_top100_crossenc_minilm
31,NCT03477240,47,-5.637511730194092,bm25_top100_crossenc_minilm
31,NCT00122681,48,-5.650092124938965,bm25_top100_crossenc_minilm
31,NCT00294047,49,-5.663756370544434,bm25_top100_crossenc_minilm
31,NCT00001560,50,-5.8533244132995605,bm25_top100_crossenc_minilm
31,NCT04411134,51,-5.85831356048584,bm25_top100_crossenc_minilm
31,NCT00793611,52,-6.0854878425598145,bm25_top100_crossenc_minilm
31,NCT00478621,53,-6.1504058837890625,bm25_top100_crossenc_minilm
31,NCT01311102,54,-6.172266006469727,bm25_top100_crossenc_minilm
31,NCT00423046,55,-6.206813812255859,bm25_top100_crossenc_minilm
31,NCT02594098,56,-6.270791053771973,bm25_top100_crossenc_minilm
31,NCT00689741,57,-6.323177814483643,bm25_top100_crossenc_minilm
31,NCT02625636,58,-6.375544548034668,bm25_top100_crossenc_minilm
31,NCT03398200,59,-6.391655921936035,bm25_top100_crossenc_minilm
31,NCT03813576,60,-6.473487377166748,bm25_top100_crossenc_minilm
31,NCT03675256,61,-6.53090763092041,bm25_top100_crossenc_minilm
31,NCT00799214,62,-6.55244255065918,bm25_top100_crossenc_minilm
31,NCT02569697,63,-6.594489574432373,bm25_top100_crossenc_minilm
31,NCT01624155,64,-6.699490547180176,bm25_top100_crossenc_minilm
31,NCT03560882,65,-6.705758571624756,bm25_top100_crossenc_minilm
31,NCT01309919,66,-6.816329479217529,bm25_top100_crossenc_minilm
31,NCT00539994,67,-6.937836170196533,bm25_top100_crossenc_minilm
31,NCT03196180,68,-6.950716018676758,bm25_top100_crossenc_minilm
31,NCT01029990,69,-6.962459564208984,bm25_top100_crossenc_minilm
31,NCT01245764,70,-7.074060440063477,bm25_top100_crossenc_minilm
31,NCT01205178,71,-7.118949890136719,bm25_top100_crossenc_minilm
31,NCT03937791,72,-7.176940441131592,bm25_top100_crossenc_minilm
31,NCT02543398,73,-7.218616485595703,bm25_top100_crossenc_minilm
31,NCT04363957,74,-7.224952220916748,bm25_top100_crossenc_minilm
31,NCT02185456,75,-7.244796276092529,bm25_top100_crossenc_minilm
31,NCT02520050,76,-7.323249340057373,bm25_top100_crossenc_minilm
31,NCT03197025,77,-7.4092841148376465,bm25_top100_crossenc_minilm
31,NCT04805112,78,-7.446496963500977,bm25_top100_crossenc_minilm
31,NCT02629133,79,-7.602059364318848,bm25_top100_crossenc_minilm
31,NCT00148200,80,-7.653676509857178,bm25_top100_crossenc_minilm
31,NCT02293213,81,-7.6702423095703125,bm25_top100_crossenc_minilm
31,NCT01645384,82,-7.683027267456055,bm25_top100_crossenc_minilm
31,NCT02173808,83,-7.820602893829346,bm25_top100_crossenc_minilm
31,NCT03525210,84,-7.851412296295166,bm25_top100_crossenc_minilm
31,NCT02569437,85,-7.939179420471191,bm25_top100_crossenc_minilm
31,NCT04798248,86,-7.995210647583008,bm25_top100_crossenc_minilm
31,NCT01347632,87,-8.018089294433594,bm25_top100_crossenc_minilm
31,NCT03036930,88,-8.053388595581055,bm25_top100_crossenc_minilm
31,NCT02957747,89,-8.155994415283203,bm25_top100_crossenc_minilm
31,NCT03022916,90,-8.240756034851074,bm25_top100_crossenc_minilm
31,NCT01599975,91,-8.420692443847656,bm25_top100_crossenc_minilm
31,NCT02884960,92,-8.492423057556152,bm25_top100_crossenc_minilm
31,NCT01194791,93,-8.539981842041016,bm25_top100_crossenc_minilm
31,NCT00715910,94,-8.616477966308594,bm25_top100_crossenc_minilm
31,NCT01166412,95,-8.844161987304688,bm25_top100_crossenc_minilm
31,NCT00441701,96,-8.94594955444336,bm25_top100_crossenc_minilm
31,NCT01853748,97,-9.006311416625977,bm25_top100_crossenc_minilm
31,NCT01088373,98,-9.110666275024414,bm25_top100_crossenc_minilm
31,NCT02546193,99,-9.210503578186035,bm25_top100_crossenc_minilm
31,NCT02025179,100,-9.778495788574219,bm25_top100_crossenc_minilm
32,NCT04182490,1,-2.4893202781677246,bm25_top100_crossenc_minilm
32,NCT03902262,2,-4.614480495452881,bm25_top100_crossenc_minilm
32,NCT03788967,3,-4.905620574951172,bm25_top100_crossenc_minilm
32,NCT00025805,4,-6.160672187805176,bm25_top100_crossenc_minilm
32,NCT03883607,5,-6.619168281555176,bm25_top100_crossenc_minilm
32,NCT02336516,6,-6.81245756149292,bm25_top100_crossenc_minilm
32,NCT00936585,7,-6.845797538757324,bm25_top100_crossenc_minilm
32,NCT00138476,8,-6.926468849182129,bm25_top100_crossenc_minilm
32,NCT00953667,9,-7.0959625244140625,bm25_top100_crossenc_minilm
32,NCT02988999,10,-7.584358215332031,bm25_top100_crossenc_minilm
32,NCT03275792,11,-7.650214195251465,bm25_top100_crossenc_minilm
32,NCT02856113,12,-7.687731742858887,bm25_top100_crossenc_minilm
32,NCT00362869,13,-7.772359848022461,bm25_top100_crossenc_minilm
32,NCT01561248,14,-7.786059379577637,bm25_top100_crossenc_minilm
32,NCT01881971,15,-7.815255641937256,bm25_top100_crossenc_minilm
32,NCT02364336,16,-7.816936016082764,bm25_top100_crossenc_minilm
32,NCT04132375,17,-7.837318420410156,bm25_top100_crossenc_minilm
32,NCT03342417,18,-7.83806037902832,bm25_top100_crossenc_minilm
32,NCT01434693,19,-7.845890045166016,bm25_top100_crossenc_minilm
32,NCT02736968,20,-7.891490936279297,bm25_top100_crossenc_minilm
32,NCT03737448,21,-7.9515509605407715,bm25_top100_crossenc_minilm
32,NCT00739986,22,-8.001643180847168,bm25_top100_crossenc_minilm
32,NCT02205541,23,-8.115764617919922,bm25_top100_crossenc_minilm
32,NCT03939364,24,-8.136381149291992,bm25_top100_crossenc_minilm
32,NCT01085591,25,-8.141183853149414,bm25_top100_crossenc_minilm
32,NCT00666965,26,-8.158956527709961,bm25_top100_crossenc_minilm
32,NCT01252199,27,-8.169530868530273,bm25_top100_crossenc_minilm
32,NCT03246542,28,-8.183418273925781,bm25_top100_crossenc_minilm
32,NCT01956669,29,-8.185896873474121,bm25_top100_crossenc_minilm
32,NCT00489528,30,-8.319587707519531,bm25_top100_crossenc_minilm
32,NCT01056198,31,-8.357359886169434,bm25_top100_crossenc_minilm
32,NCT01757431,32,-8.357452392578125,bm25_top100_crossenc_minilm
32,NCT00755911,33,-8.360136985778809,bm25_top100_crossenc_minilm
32,NCT03922308,34,-8.384547233581543,bm25_top100_crossenc_minilm
32,NCT00863642,35,-8.530101776123047,bm25_top100_crossenc_minilm
32,NCT01368029,36,-8.554293632507324,bm25_top100_crossenc_minilm
32,NCT00784394,37,-8.579121589660645,bm25_top100_crossenc_minilm
32,NCT00603447,38,-8.598292350769043,bm25_top100_crossenc_minilm
32,NCT00455325,39,-8.622078895568848,bm25_top100_crossenc_minilm
32,NCT00439660,40,-8.634050369262695,bm25_top100_crossenc_minilm
32,NCT01868373,41,-8.636561393737793,bm25_top100_crossenc_minilm
32,NCT02059135,42,-8.657245635986328,bm25_top100_crossenc_minilm
32,NCT01937806,43,-8.681548118591309,bm25_top100_crossenc_minilm
32,NCT00866242,44,-8.696971893310547,bm25_top100_crossenc_minilm
32,NCT02746432,45,-8.699285507202148,bm25_top100_crossenc_minilm
32,NCT02473341,46,-8.70971965789795,bm25_top100_crossenc_minilm
32,NCT04072822,47,-8.709903717041016,bm25_top100_crossenc_minilm
32,NCT00698828,48,-8.71170425415039,bm25_top100_crossenc_minilm
32,NCT00866476,49,-8.718372344970703,bm25_top100_crossenc_minilm
32,NCT01858532,50,-8.725648880004883,bm25_top100_crossenc_minilm
32,NCT03420482,51,-8.730705261230469,bm25_top100_crossenc_minilm
32,NCT01616953,52,-8.816573143005371,bm25_top100_crossenc_minilm
32,NCT01129453,53,-8.820724487304688,bm25_top100_crossenc_minilm
32,NCT03110822,54,-8.82487964630127,bm25_top100_crossenc_minilm
32,NCT00606008,55,-8.841203689575195,bm25_top100_crossenc_minilm
32,NCT02870751,56,-8.861518859863281,bm25_top100_crossenc_minilm
32,NCT02685826,57,-8.899746894836426,bm25_top100_crossenc_minilm
32,NCT03900377,58,-8.931123733520508,bm25_top100_crossenc_minilm
32,NCT01226498,59,-8.960505485534668,bm25_top100_crossenc_minilm
32,NCT00117936,60,-9.016374588012695,bm25_top100_crossenc_minilm
32,NCT01227967,61,-9.048593521118164,bm25_top100_crossenc_minilm
32,NCT00474929,62,-9.069700241088867,bm25_top100_crossenc_minilm
32,NCT03329742,63,-9.110823631286621,bm25_top100_crossenc_minilm
32,NCT02111291,64,-9.122224807739258,bm25_top100_crossenc_minilm
32,NCT02026232,65,-9.128256797790527,bm25_top100_crossenc_minilm
32,NCT01529502,66,-9.129444122314453,bm25_top100_crossenc_minilm
32,NCT04116775,67,-9.172479629516602,bm25_top100_crossenc_minilm
32,NCT02780583,68,-9.178667068481445,bm25_top100_crossenc_minilm
32,NCT01189266,69,-9.182108879089355,bm25_top100_crossenc_minilm
32,NCT01627067,70,-9.256549835205078,bm25_top100_crossenc_minilm
32,NCT04689594,71,-9.288582801818848,bm25_top100_crossenc_minilm
32,NCT02601976,72,-9.325071334838867,bm25_top100_crossenc_minilm
32,NCT01062230,73,-9.329057693481445,bm25_top100_crossenc_minilm
32,NCT02771730,74,-9.345048904418945,bm25_top100_crossenc_minilm
32,NCT03850899,75,-9.367386817932129,bm25_top100_crossenc_minilm
32,NCT03627091,76,-9.390274047851562,bm25_top100_crossenc_minilm
32,NCT02581488,77,-9.397279739379883,bm25_top100_crossenc_minilm
32,NCT01822275,78,-9.399806022644043,bm25_top100_crossenc_minilm
32,NCT00362414,79,-9.402823448181152,bm25_top100_crossenc_minilm
32,NCT02394665,80,-9.450704574584961,bm25_top100_crossenc_minilm
32,NCT04782687,81,-9.462194442749023,bm25_top100_crossenc_minilm
32,NCT02505893,82,-9.47460651397705,bm25_top100_crossenc_minilm
32,NCT02601937,83,-9.481788635253906,bm25_top100_crossenc_minilm
32,NCT04519476,84,-9.495355606079102,bm25_top100_crossenc_minilm
32,NCT01324947,85,-9.510534286499023,bm25_top100_crossenc_minilm
32,NCT00003138,86,-9.517889976501465,bm25_top100_crossenc_minilm
32,NCT01896609,87,-9.55340576171875,bm25_top100_crossenc_minilm
32,NCT00906334,88,-9.56375789642334,bm25_top100_crossenc_minilm
32,NCT01048892,89,-9.57197093963623,bm25_top100_crossenc_minilm
32,NCT00933985,90,-9.605804443359375,bm25_top100_crossenc_minilm
32,NCT03821792,91,-9.605859756469727,bm25_top100_crossenc_minilm
32,NCT00392834,92,-9.627042770385742,bm25_top100_crossenc_minilm
32,NCT00924326,93,-9.638797760009766,bm25_top100_crossenc_minilm
32,NCT00332085,94,-9.65969467163086,bm25_top100_crossenc_minilm
32,NCT00527761,95,-9.728471755981445,bm25_top100_crossenc_minilm
32,NCT03111446,96,-9.852273941040039,bm25_top100_crossenc_minilm
32,NCT01088763,97,-9.857630729675293,bm25_top100_crossenc_minilm
32,NCT00085098,98,-9.8976411819458,bm25_top100_crossenc_minilm
32,NCT00720083,99,-9.983777046203613,bm25_top100_crossenc_minilm
32,NCT00262210,100,-10.001843452453613,bm25_top100_crossenc_minilm
33,NCT01436370,1,-6.315062999725342,bm25_top100_crossenc_minilm
33,NCT00941681,2,-6.542129993438721,bm25_top100_crossenc_minilm
33,NCT00799214,3,-6.668269157409668,bm25_top100_crossenc_minilm
33,NCT02700776,4,-6.750041961669922,bm25_top100_crossenc_minilm
33,NCT00653393,5,-6.883944511413574,bm25_top100_crossenc_minilm
33,NCT03422809,6,-6.979981899261475,bm25_top100_crossenc_minilm
33,NCT00922233,7,-7.0129475593566895,bm25_top100_crossenc_minilm
33,NCT00793611,8,-7.013669490814209,bm25_top100_crossenc_minilm
33,NCT00983424,9,-7.043701171875,bm25_top100_crossenc_minilm
33,NCT03469583,10,-7.096591472625732,bm25_top100_crossenc_minilm
33,NCT03986021,11,-7.115020751953125,bm25_top100_crossenc_minilm
33,NCT01624155,12,-7.129483222961426,bm25_top100_crossenc_minilm
33,NCT03273465,13,-7.168051719665527,bm25_top100_crossenc_minilm
33,NCT01941264,14,-7.183849334716797,bm25_top100_crossenc_minilm
33,NCT01223313,15,-7.276235103607178,bm25_top100_crossenc_minilm
33,NCT02185456,16,-7.434516906738281,bm25_top100_crossenc_minilm
33,NCT02099006,17,-7.545363426208496,bm25_top100_crossenc_minilm
33,NCT01688466,18,-7.5809736251831055,bm25_top100_crossenc_minilm
33,NCT04318717,19,-7.6524577140808105,bm25_top100_crossenc_minilm
33,NCT00957307,20,-7.667754173278809,bm25_top100_crossenc_minilm
33,NCT03582969,21,-7.799910545349121,bm25_top100_crossenc_minilm
33,NCT04701034,22,-7.8505167961120605,bm25_top100_crossenc_minilm
33,NCT03223662,23,-7.856180667877197,bm25_top100_crossenc_minilm
33,NCT03018288,24,-7.927700519561768,bm25_top100_crossenc_minilm
33,NCT02693990,25,-8.028844833374023,bm25_top100_crossenc_minilm
33,NCT03728426,26,-8.042463302612305,bm25_top100_crossenc_minilm
33,NCT04474626,27,-8.052322387695312,bm25_top100_crossenc_minilm
33,NCT02569320,28,-8.095033645629883,bm25_top100_crossenc_minilm
33,NCT04081259,29,-8.124349594116211,bm25_top100_crossenc_minilm
33,NCT00182078,30,-8.156305313110352,bm25_top100_crossenc_minilm
33,NCT04717050,31,-8.159357070922852,bm25_top100_crossenc_minilm
33,NCT02569697,32,-8.212461471557617,bm25_top100_crossenc_minilm
33,NCT02569437,33,-8.252147674560547,bm25_top100_crossenc_minilm
33,NCT03286335,34,-8.323516845703125,bm25_top100_crossenc_minilm
33,NCT02919670,35,-8.327083587646484,bm25_top100_crossenc_minilm
33,NCT04134117,36,-8.33825969696045,bm25_top100_crossenc_minilm
33,NCT04703426,37,-8.350564002990723,bm25_top100_crossenc_minilm
33,NCT02190695,38,-8.362062454223633,bm25_top100_crossenc_minilm
33,NCT02123966,39,-8.382553100585938,bm25_top100_crossenc_minilm
33,NCT04139577,40,-8.382750511169434,bm25_top100_crossenc_minilm
33,NCT04135807,41,-8.385852813720703,bm25_top100_crossenc_minilm
33,NCT04691960,42,-8.394758224487305,bm25_top100_crossenc_minilm
33,NCT00330993,43,-8.428234100341797,bm25_top100_crossenc_minilm
33,NCT04290897,44,-8.431869506835938,bm25_top100_crossenc_minilm
33,NCT02201095,45,-8.45754623413086,bm25_top100_crossenc_minilm
33,NCT02088866,46,-8.459501266479492,bm25_top100_crossenc_minilm
33,NCT03974217,47,-8.477554321289062,bm25_top100_crossenc_minilm
33,NCT02844816,48,-8.48694133758545,bm25_top100_crossenc_minilm
33,NCT01645384,49,-8.509346008300781,bm25_top100_crossenc_minilm
33,NCT02769962,50,-8.530597686767578,bm25_top100_crossenc_minilm
33,NCT00000862,51,-8.547752380371094,bm25_top100_crossenc_minilm
33,NCT04676360,52,-8.576248168945312,bm25_top100_crossenc_minilm
33,NCT04278118,53,-8.587251663208008,bm25_top100_crossenc_minilm
33,NCT04339140,54,-8.590398788452148,bm25_top100_crossenc_minilm
33,NCT00682994,55,-8.593591690063477,bm25_top100_crossenc_minilm
33,NCT04216251,56,-8.59442138671875,bm25_top100_crossenc_minilm
33,NCT01088373,57,-8.607189178466797,bm25_top100_crossenc_minilm
33,NCT01109849,58,-8.61534595489502,bm25_top100_crossenc_minilm
33,NCT04386057,59,-8.627674102783203,bm25_top100_crossenc_minilm
33,NCT02142530,60,-8.647614479064941,bm25_top100_crossenc_minilm
33,NCT01853748,61,-8.682340621948242,bm25_top100_crossenc_minilm
33,NCT04430699,62,-8.705514907836914,bm25_top100_crossenc_minilm
33,NCT04329715,63,-8.706680297851562,bm25_top100_crossenc_minilm
33,NCT02999477,64,-8.709334373474121,bm25_top100_crossenc_minilm
33,NCT04043845,65,-8.793566703796387,bm25_top100_crossenc_minilm
33,NCT01599975,66,-8.813129425048828,bm25_top100_crossenc_minilm
33,NCT01553318,67,-8.855241775512695,bm25_top100_crossenc_minilm
33,NCT01813825,68,-8.875405311584473,bm25_top100_crossenc_minilm
33,NCT02775851,69,-8.8917875289917,bm25_top100_crossenc_minilm
33,NCT00342706,70,-8.959228515625,bm25_top100_crossenc_minilm
33,NCT04428671,71,-8.97101879119873,bm25_top100_crossenc_minilm
33,NCT04233632,72,-8.987926483154297,bm25_top100_crossenc_minilm
33,NCT00903461,73,-8.994817733764648,bm25_top100_crossenc_minilm
33,NCT01775501,74,-8.999225616455078,bm25_top100_crossenc_minilm
33,NCT02867384,75,-9.017118453979492,bm25_top100_crossenc_minilm
33,NCT03316573,76,-9.029947280883789,bm25_top100_crossenc_minilm
33,NCT03594045,77,-9.079978942871094,bm25_top100_crossenc_minilm
33,NCT03698019,78,-9.091985702514648,bm25_top100_crossenc_minilm
33,NCT02414529,79,-9.139871597290039,bm25_top100_crossenc_minilm
33,NCT03661047,80,-9.141501426696777,bm25_top100_crossenc_minilm
33,NCT04298606,81,-9.16714096069336,bm25_top100_crossenc_minilm
33,NCT03144804,82,-9.183772087097168,bm25_top100_crossenc_minilm
33,NCT04497142,83,-9.190607070922852,bm25_top100_crossenc_minilm
33,NCT02546193,84,-9.198963165283203,bm25_top100_crossenc_minilm
33,NCT04548752,85,-9.225701332092285,bm25_top100_crossenc_minilm
33,NCT04071756,86,-9.285016059875488,bm25_top100_crossenc_minilm
33,NCT03405155,87,-9.299722671508789,bm25_top100_crossenc_minilm
33,NCT03057509,88,-9.357473373413086,bm25_top100_crossenc_minilm
33,NCT03139916,89,-9.385917663574219,bm25_top100_crossenc_minilm
33,NCT03057002,90,-9.425985336303711,bm25_top100_crossenc_minilm
33,NCT03720392,91,-9.460086822509766,bm25_top100_crossenc_minilm
33,NCT03034330,92,-9.4674072265625,bm25_top100_crossenc_minilm
33,NCT02069366,93,-9.475130081176758,bm25_top100_crossenc_minilm
33,NCT00878826,94,-9.49021053314209,bm25_top100_crossenc_minilm
33,NCT00093860,95,-9.542078971862793,bm25_top100_crossenc_minilm
33,NCT04172714,96,-9.62975788116455,bm25_top100_crossenc_minilm
33,NCT01160536,97,-9.647927284240723,bm25_top100_crossenc_minilm
33,NCT04221893,98,-9.786540031433105,bm25_top100_crossenc_minilm
33,NCT00498719,99,-10.012009620666504,bm25_top100_crossenc_minilm
33,NCT01893047,100,-10.538509368896484,bm25_top100_crossenc_minilm
34,NCT03008005,1,-3.344477653503418,bm25_top100_crossenc_minilm
34,NCT02069366,2,-4.065208435058594,bm25_top100_crossenc_minilm
34,NCT00044174,3,-4.916378974914551,bm25_top100_crossenc_minilm
34,NCT03357042,4,-5.358211040496826,bm25_top100_crossenc_minilm
34,NCT03389568,5,-5.484048843383789,bm25_top100_crossenc_minilm
34,NCT04329715,6,-5.511717319488525,bm25_top100_crossenc_minilm
34,NCT00799214,7,-5.843719005584717,bm25_top100_crossenc_minilm
34,NCT00463450,8,-6.02025032043457,bm25_top100_crossenc_minilm
34,NCT04614142,9,-6.0270586013793945,bm25_top100_crossenc_minilm
34,NCT00342706,10,-6.029550552368164,bm25_top100_crossenc_minilm
34,NCT04701034,11,-6.042271614074707,bm25_top100_crossenc_minilm
34,NCT01599975,12,-6.118603706359863,bm25_top100_crossenc_minilm
34,NCT00682565,13,-6.136139392852783,bm25_top100_crossenc_minilm
34,NCT02691845,14,-6.140825271606445,bm25_top100_crossenc_minilm
34,NCT04463524,15,-6.171360015869141,bm25_top100_crossenc_minilm
34,NCT02099006,16,-6.276400089263916,bm25_top100_crossenc_minilm
34,NCT00498719,17,-6.3007283210754395,bm25_top100_crossenc_minilm
34,NCT02411734,18,-6.3035969734191895,bm25_top100_crossenc_minilm
34,NCT00367627,19,-6.35933780670166,bm25_top100_crossenc_minilm
34,NCT01506050,20,-6.441751480102539,bm25_top100_crossenc_minilm
34,NCT03008824,21,-6.455741882324219,bm25_top100_crossenc_minilm
34,NCT00706238,22,-6.554096221923828,bm25_top100_crossenc_minilm
34,NCT01506037,23,-6.597384452819824,bm25_top100_crossenc_minilm
34,NCT00682994,24,-6.610608100891113,bm25_top100_crossenc_minilm
34,NCT01728753,25,-6.688817501068115,bm25_top100_crossenc_minilm
34,NCT01624155,26,-6.7122063636779785,bm25_top100_crossenc_minilm
34,NCT03212079,27,-6.726729393005371,bm25_top100_crossenc_minilm
34,NCT00775905,28,-6.8596930503845215,bm25_top100_crossenc_minilm
34,NCT01314339,29,-6.872061729431152,bm25_top100_crossenc_minilm
34,NCT02047136,30,-6.873321533203125,bm25_top100_crossenc_minilm
34,NCT00879190,31,-6.880373001098633,bm25_top100_crossenc_minilm
34,NCT04246398,32,-6.9037981033325195,bm25_top100_crossenc_minilm
34,NCT00555477,33,-6.9280219078063965,bm25_top100_crossenc_minilm
34,NCT04134117,34,-6.937516689300537,bm25_top100_crossenc_minilm
34,NCT01218217,35,-6.9406280517578125,bm25_top100_crossenc_minilm
34,NCT00953420,36,-6.970038414001465,bm25_top100_crossenc_minilm
34,NCT01160536,37,-6.973292350769043,bm25_top100_crossenc_minilm
34,NCT01314352,38,-6.975318431854248,bm25_top100_crossenc_minilm
34,NCT01506791,39,-7.009612083435059,bm25_top100_crossenc_minilm
34,NCT00093860,40,-7.0333709716796875,bm25_top100_crossenc_minilm
34,NCT02982213,41,-7.083687782287598,bm25_top100_crossenc_minilm
34,NCT00653393,42,-7.084827899932861,bm25_top100_crossenc_minilm
34,NCT00182078,43,-7.087928771972656,bm25_top100_crossenc_minilm
34,NCT01688466,44,-7.100665092468262,bm25_top100_crossenc_minilm
34,NCT02109952,45,-7.111583232879639,bm25_top100_crossenc_minilm
34,NCT03663933,46,-7.121466636657715,bm25_top100_crossenc_minilm
34,NCT04230577,47,-7.146049499511719,bm25_top100_crossenc_minilm
34,NCT03529955,48,-7.15211296081543,bm25_top100_crossenc_minilm
34,NCT00433680,49,-7.168792724609375,bm25_top100_crossenc_minilm
34,NCT00571051,50,-7.1793646812438965,bm25_top100_crossenc_minilm
34,NCT02492347,51,-7.218602657318115,bm25_top100_crossenc_minilm
34,NCT04278118,52,-7.220942974090576,bm25_top100_crossenc_minilm
34,NCT03286335,53,-7.221546173095703,bm25_top100_crossenc_minilm
34,NCT01109849,54,-7.2589521408081055,bm25_top100_crossenc_minilm
34,NCT02185456,55,-7.285669803619385,bm25_top100_crossenc_minilm
34,NCT01907334,56,-7.332052230834961,bm25_top100_crossenc_minilm
34,NCT03422809,57,-7.336245059967041,bm25_top100_crossenc_minilm
34,NCT00467818,58,-7.379302024841309,bm25_top100_crossenc_minilm
34,NCT04559620,59,-7.394800186157227,bm25_top100_crossenc_minilm
34,NCT00966498,60,-7.403088092803955,bm25_top100_crossenc_minilm
34,NCT02526459,61,-7.413913249969482,bm25_top100_crossenc_minilm
34,NCT00922233,62,-7.439273834228516,bm25_top100_crossenc_minilm
34,NCT02190695,63,-7.447481155395508,bm25_top100_crossenc_minilm
34,NCT02700776,64,-7.469830513000488,bm25_top100_crossenc_minilm
34,NCT03034330,65,-7.496705532073975,bm25_top100_crossenc_minilm
34,NCT00775151,66,-7.501491069793701,bm25_top100_crossenc_minilm
34,NCT03661047,67,-7.514218807220459,bm25_top100_crossenc_minilm
34,NCT02400359,68,-7.5245680809021,bm25_top100_crossenc_minilm
34,NCT04216251,69,-7.537449836730957,bm25_top100_crossenc_minilm
34,NCT03379961,70,-7.552469730377197,bm25_top100_crossenc_minilm
34,NCT00857051,71,-7.557766437530518,bm25_top100_crossenc_minilm
34,NCT02088866,72,-7.5797505378723145,bm25_top100_crossenc_minilm
34,NCT00330993,73,-7.580942153930664,bm25_top100_crossenc_minilm
34,NCT00530907,74,-7.593801975250244,bm25_top100_crossenc_minilm
34,NCT01645384,75,-7.599696636199951,bm25_top100_crossenc_minilm
34,NCT01569061,76,-7.614786148071289,bm25_top100_crossenc_minilm
34,NCT00793611,77,-7.614868640899658,bm25_top100_crossenc_minilm
34,NCT00878826,78,-7.622213363647461,bm25_top100_crossenc_minilm
34,NCT02379728,79,-7.628211975097656,bm25_top100_crossenc_minilm
34,NCT03336203,80,-7.638858318328857,bm25_top100_crossenc_minilm
34,NCT00160849,81,-7.647171497344971,bm25_top100_crossenc_minilm
34,NCT02520050,82,-7.685420513153076,bm25_top100_crossenc_minilm
34,NCT00351208,83,-7.709104061126709,bm25_top100_crossenc_minilm
34,NCT01853748,84,-7.722121238708496,bm25_top100_crossenc_minilm
34,NCT01509950,85,-7.726137161254883,bm25_top100_crossenc_minilm
34,NCT00495170,86,-7.7389068603515625,bm25_top100_crossenc_minilm
34,NCT01311102,87,-7.755005359649658,bm25_top100_crossenc_minilm
34,NCT00000862,88,-7.778461456298828,bm25_top100_crossenc_minilm
34,NCT02414529,89,-7.856799125671387,bm25_top100_crossenc_minilm
34,NCT00951379,90,-7.867042541503906,bm25_top100_crossenc_minilm
34,NCT02546193,91,-8.005746841430664,bm25_top100_crossenc_minilm
34,NCT03018288,92,-8.062762260437012,bm25_top100_crossenc_minilm
34,NCT02693990,93,-8.10706615447998,bm25_top100_crossenc_minilm
34,NCT01553318,94,-8.204858779907227,bm25_top100_crossenc_minilm
34,NCT01775501,95,-8.245743751525879,bm25_top100_crossenc_minilm
34,NCT01813825,96,-8.316520690917969,bm25_top100_crossenc_minilm
34,NCT02769962,97,-8.444480895996094,bm25_top100_crossenc_minilm
34,NCT03717051,98,-8.49892807006836,bm25_top100_crossenc_minilm
34,NCT03945266,99,-8.559959411621094,bm25_top100_crossenc_minilm
34,NCT01893047,100,-8.614663124084473,bm25_top100_crossenc_minilm
35,NCT02021474,1,-2.47214937210083,bm25_top100_crossenc_minilm
35,NCT01151631,2,-2.5026509761810303,bm25_top100_crossenc_minilm
35,NCT00483704,3,-2.6487765312194824,bm25_top100_crossenc_minilm
35,NCT03410628,4,-3.074599027633667,bm25_top100_crossenc_minilm
35,NCT02514148,5,-3.081334114074707,bm25_top100_crossenc_minilm
35,NCT02686034,6,-3.1459810733795166,bm25_top100_crossenc_minilm
35,NCT00293657,7,-3.6875758171081543,bm25_top100_crossenc_minilm
35,NCT00210535,8,-3.8094983100891113,bm25_top100_crossenc_minilm
35,NCT04578782,9,-3.8807711601257324,bm25_top100_crossenc_minilm
35,NCT00488514,10,-3.986560344696045,bm25_top100_crossenc_minilm
35,NCT03015753,11,-4.105121612548828,bm25_top100_crossenc_minilm
35,NCT04114630,12,-4.1285905838012695,bm25_top100_crossenc_minilm
35,NCT01770080,13,-4.214043617248535,bm25_top100_crossenc_minilm
35,NCT00203190,14,-4.349269866943359,bm25_top100_crossenc_minilm
35,NCT02310828,15,-4.417665958404541,bm25_top100_crossenc_minilm
35,NCT03217968,16,-4.669103622436523,bm25_top100_crossenc_minilm
35,NCT02315833,17,-4.808535575866699,bm25_top100_crossenc_minilm
35,NCT03762902,18,-4.86533260345459,bm25_top100_crossenc_minilm
35,NCT03902496,19,-4.909350395202637,bm25_top100_crossenc_minilm
35,NCT04287140,20,-5.013474464416504,bm25_top100_crossenc_minilm
35,NCT00203268,21,-5.073373794555664,bm25_top100_crossenc_minilm
35,NCT01596166,22,-5.343568801879883,bm25_top100_crossenc_minilm
35,NCT04698525,23,-5.361715793609619,bm25_top100_crossenc_minilm
35,NCT02447991,24,-5.41564416885376,bm25_top100_crossenc_minilm
35,NCT02582996,25,-5.431709289550781,bm25_top100_crossenc_minilm
35,NCT02706015,26,-5.642745494842529,bm25_top100_crossenc_minilm
35,NCT04341298,27,-5.76358699798584,bm25_top100_crossenc_minilm
35,NCT00274170,28,-5.871781349182129,bm25_top100_crossenc_minilm
35,NCT03361423,29,-5.874908447265625,bm25_top100_crossenc_minilm
35,NCT00182078,30,-5.914107322692871,bm25_top100_crossenc_minilm
35,NCT01653340,31,-6.235131740570068,bm25_top100_crossenc_minilm
35,NCT00342706,32,-6.37729549407959,bm25_top100_crossenc_minilm
35,NCT01599975,33,-6.381372451782227,bm25_top100_crossenc_minilm
35,NCT03986021,34,-6.404696464538574,bm25_top100_crossenc_minilm
35,NCT00126035,35,-6.405064582824707,bm25_top100_crossenc_minilm
35,NCT01804517,36,-6.489126682281494,bm25_top100_crossenc_minilm
35,NCT04284501,37,-6.498376369476318,bm25_top100_crossenc_minilm
35,NCT00837044,38,-6.50473690032959,bm25_top100_crossenc_minilm
35,NCT00494260,39,-6.524479866027832,bm25_top100_crossenc_minilm
35,NCT00799214,40,-6.556207656860352,bm25_top100_crossenc_minilm
35,NCT03076515,41,-6.560033321380615,bm25_top100_crossenc_minilm
35,NCT04701034,42,-6.647013187408447,bm25_top100_crossenc_minilm
35,NCT04329715,43,-6.654860496520996,bm25_top100_crossenc_minilm
35,NCT00093860,44,-6.70393705368042,bm25_top100_crossenc_minilm
35,NCT02099006,45,-6.730046272277832,bm25_top100_crossenc_minilm
35,NCT00433732,46,-6.891712665557861,bm25_top100_crossenc_minilm
35,NCT03357042,47,-6.969993591308594,bm25_top100_crossenc_minilm
35,NCT01122381,48,-7.104743957519531,bm25_top100_crossenc_minilm
35,NCT04660864,49,-7.1048150062561035,bm25_top100_crossenc_minilm
35,NCT03066544,50,-7.354550361633301,bm25_top100_crossenc_minilm
35,NCT03529955,51,-7.382808685302734,bm25_top100_crossenc_minilm
35,NCT00367627,52,-7.394699573516846,bm25_top100_crossenc_minilm
35,NCT00953420,53,-7.533555507659912,bm25_top100_crossenc_minilm
35,NCT03704649,54,-7.626990795135498,bm25_top100_crossenc_minilm
35,NCT01907334,55,-7.716979026794434,bm25_top100_crossenc_minilm
35,NCT01766856,56,-7.756361484527588,bm25_top100_crossenc_minilm
35,NCT02588885,57,-7.82576322555542,bm25_top100_crossenc_minilm
35,NCT01109849,58,-7.877547264099121,bm25_top100_crossenc_minilm
35,NCT02069366,59,-7.924864292144775,bm25_top100_crossenc_minilm
35,NCT02693990,60,-7.9329423904418945,bm25_top100_crossenc_minilm
35,NCT04537390,61,-7.949013710021973,bm25_top100_crossenc_minilm
35,NCT00879190,62,-8.048810958862305,bm25_top100_crossenc_minilm
35,NCT03212079,63,-8.076372146606445,bm25_top100_crossenc_minilm
35,NCT00433680,64,-8.106528282165527,bm25_top100_crossenc_minilm
35,NCT02047136,65,-8.133674621582031,bm25_top100_crossenc_minilm
35,NCT03422809,66,-8.161629676818848,bm25_top100_crossenc_minilm
35,NCT02653664,67,-8.180174827575684,bm25_top100_crossenc_minilm
35,NCT03034330,68,-8.335208892822266,bm25_top100_crossenc_minilm
35,NCT03008824,69,-8.37353229522705,bm25_top100_crossenc_minilm
35,NCT00502177,70,-8.380789756774902,bm25_top100_crossenc_minilm
35,NCT03572998,71,-8.426106452941895,bm25_top100_crossenc_minilm
35,NCT02411734,72,-8.445016860961914,bm25_top100_crossenc_minilm
35,NCT01051726,73,-8.484841346740723,bm25_top100_crossenc_minilm
35,NCT04059185,74,-8.485105514526367,bm25_top100_crossenc_minilm
35,NCT00498719,75,-8.561420440673828,bm25_top100_crossenc_minilm
35,NCT00463450,76,-8.573137283325195,bm25_top100_crossenc_minilm
35,NCT02897622,77,-8.588245391845703,bm25_top100_crossenc_minilm
35,NCT03851042,78,-8.619908332824707,bm25_top100_crossenc_minilm
35,NCT04559620,79,-8.631481170654297,bm25_top100_crossenc_minilm
35,NCT00682994,80,-8.64168643951416,bm25_top100_crossenc_minilm
35,NCT01160536,81,-8.646018028259277,bm25_top100_crossenc_minilm
35,NCT03323489,82,-8.694475173950195,bm25_top100_crossenc_minilm
35,NCT00957307,83,-8.713777542114258,bm25_top100_crossenc_minilm
35,NCT01152853,84,-8.748977661132812,bm25_top100_crossenc_minilm
35,NCT00571051,85,-8.764934539794922,bm25_top100_crossenc_minilm
35,NCT00793611,86,-8.792418479919434,bm25_top100_crossenc_minilm
35,NCT03336203,87,-8.836604118347168,bm25_top100_crossenc_minilm
35,NCT04724499,88,-8.839158058166504,bm25_top100_crossenc_minilm
35,NCT01624155,89,-8.90880012512207,bm25_top100_crossenc_minilm
35,NCT01553318,90,-8.945727348327637,bm25_top100_crossenc_minilm
35,NCT03974217,91,-8.985740661621094,bm25_top100_crossenc_minilm
35,NCT04442724,92,-9.0015869140625,bm25_top100_crossenc_minilm
35,NCT02411916,93,-9.059761047363281,bm25_top100_crossenc_minilm
35,NCT04586283,94,-9.06209945678711,bm25_top100_crossenc_minilm
35,NCT02379728,95,-9.10262680053711,bm25_top100_crossenc_minilm
35,NCT00857051,96,-9.207662582397461,bm25_top100_crossenc_minilm
35,NCT01775501,97,-9.298625946044922,bm25_top100_crossenc_minilm
35,NCT00878826,98,-9.32783317565918,bm25_top100_crossenc_minilm
35,NCT02546193,99,-9.373143196105957,bm25_top100_crossenc_minilm
35,NCT01893047,100,-9.709287643432617,bm25_top100_crossenc_minilm
36,NCT03158805,1,-4.54588508605957,bm25_top100_crossenc_minilm
36,NCT00680979,2,-4.970948219299316,bm25_top100_crossenc_minilm
36,NCT02620670,3,-5.2081780433654785,bm25_top100_crossenc_minilm
36,NCT00433680,4,-5.316834926605225,bm25_top100_crossenc_minilm
36,NCT02786238,5,-5.373854637145996,bm25_top100_crossenc_minilm
36,NCT04822363,6,-5.512731552124023,bm25_top100_crossenc_minilm
36,NCT01562678,7,-5.59536600112915,bm25_top100_crossenc_minilm
36,NCT00941681,8,-5.660791397094727,bm25_top100_crossenc_minilm
36,NCT01566929,9,-5.684413433074951,bm25_top100_crossenc_minilm
36,NCT03537768,10,-6.028717041015625,bm25_top100_crossenc_minilm
36,NCT04575844,11,-6.077959060668945,bm25_top100_crossenc_minilm
36,NCT00667498,12,-6.129032135009766,bm25_top100_crossenc_minilm
36,NCT02193191,13,-6.150427341461182,bm25_top100_crossenc_minilm
36,NCT04116905,14,-6.2482147216796875,bm25_top100_crossenc_minilm
36,NCT00748579,15,-6.2611894607543945,bm25_top100_crossenc_minilm
36,NCT00682565,16,-6.312930107116699,bm25_top100_crossenc_minilm
36,NCT01728753,17,-6.404157638549805,bm25_top100_crossenc_minilm
36,NCT01624155,18,-6.421338081359863,bm25_top100_crossenc_minilm
36,NCT00799214,19,-6.447382926940918,bm25_top100_crossenc_minilm
36,NCT02274987,20,-6.565154075622559,bm25_top100_crossenc_minilm
36,NCT01768546,21,-6.720609188079834,bm25_top100_crossenc_minilm
36,NCT02379728,22,-6.736815452575684,bm25_top100_crossenc_minilm
36,NCT03986021,23,-6.776678562164307,bm25_top100_crossenc_minilm
36,NCT00957307,24,-6.819844722747803,bm25_top100_crossenc_minilm
36,NCT02400359,25,-6.841828346252441,bm25_top100_crossenc_minilm
36,NCT03422809,26,-7.021829128265381,bm25_top100_crossenc_minilm
36,NCT04034251,27,-7.029091835021973,bm25_top100_crossenc_minilm
36,NCT03529955,28,-7.063870429992676,bm25_top100_crossenc_minilm
36,NCT03092518,29,-7.07108736038208,bm25_top100_crossenc_minilm
36,NCT04836429,30,-7.093189716339111,bm25_top100_crossenc_minilm
36,NCT03918252,31,-7.139623165130615,bm25_top100_crossenc_minilm
36,NCT04701034,32,-7.208988189697266,bm25_top100_crossenc_minilm
36,NCT03015324,33,-7.249759197235107,bm25_top100_crossenc_minilm
36,NCT01599975,34,-7.2524518966674805,bm25_top100_crossenc_minilm
36,NCT00463450,35,-7.2589430809021,bm25_top100_crossenc_minilm
36,NCT01506050,36,-7.2813005447387695,bm25_top100_crossenc_minilm
36,NCT01218217,37,-7.302656173706055,bm25_top100_crossenc_minilm
36,NCT02223819,38,-7.333500862121582,bm25_top100_crossenc_minilm
36,NCT01645384,39,-7.371216773986816,bm25_top100_crossenc_minilm
36,NCT02149459,40,-7.385344505310059,bm25_top100_crossenc_minilm
36,NCT01506037,41,-7.422590732574463,bm25_top100_crossenc_minilm
36,NCT04691960,42,-7.46888542175293,bm25_top100_crossenc_minilm
36,NCT01828554,43,-7.471185207366943,bm25_top100_crossenc_minilm
36,NCT03805932,44,-7.48399019241333,bm25_top100_crossenc_minilm
36,NCT01109849,45,-7.5182695388793945,bm25_top100_crossenc_minilm
36,NCT00342706,46,-7.613712787628174,bm25_top100_crossenc_minilm
36,NCT01314339,47,-7.620566368103027,bm25_top100_crossenc_minilm
36,NCT03532139,48,-7.635317802429199,bm25_top100_crossenc_minilm
36,NCT00922233,49,-7.669490814208984,bm25_top100_crossenc_minilm
36,NCT00653393,50,-7.68581485748291,bm25_top100_crossenc_minilm
36,NCT02047136,51,-7.700017929077148,bm25_top100_crossenc_minilm
36,NCT01688466,52,-7.766547679901123,bm25_top100_crossenc_minilm
36,NCT04134117,53,-7.771864891052246,bm25_top100_crossenc_minilm
36,NCT02256982,54,-7.801944732666016,bm25_top100_crossenc_minilm
36,NCT01314352,55,-7.8424882888793945,bm25_top100_crossenc_minilm
36,NCT03704649,56,-7.85678768157959,bm25_top100_crossenc_minilm
36,NCT02119728,57,-7.889726161956787,bm25_top100_crossenc_minilm
36,NCT03268993,58,-7.8948798179626465,bm25_top100_crossenc_minilm
36,NCT04767984,59,-7.925428867340088,bm25_top100_crossenc_minilm
36,NCT00182078,60,-7.942366600036621,bm25_top100_crossenc_minilm
36,NCT02733744,61,-7.944574356079102,bm25_top100_crossenc_minilm
36,NCT00878826,62,-7.9492878913879395,bm25_top100_crossenc_minilm
36,NCT00775151,63,-7.9939985275268555,bm25_top100_crossenc_minilm
36,NCT00319176,64,-8.020906448364258,bm25_top100_crossenc_minilm
36,NCT02259621,65,-8.024697303771973,bm25_top100_crossenc_minilm
36,NCT02159495,66,-8.111348152160645,bm25_top100_crossenc_minilm
36,NCT01054196,67,-8.113405227661133,bm25_top100_crossenc_minilm
36,NCT03571321,68,-8.113587379455566,bm25_top100_crossenc_minilm
36,NCT03336203,69,-8.198514938354492,bm25_top100_crossenc_minilm
36,NCT04442724,70,-8.20183277130127,bm25_top100_crossenc_minilm
36,NCT01311102,71,-8.271627426147461,bm25_top100_crossenc_minilm
36,NCT02999477,72,-8.313573837280273,bm25_top100_crossenc_minilm
36,NCT03732664,73,-8.317533493041992,bm25_top100_crossenc_minilm
36,NCT02068157,74,-8.388245582580566,bm25_top100_crossenc_minilm
36,NCT01791088,75,-8.395827293395996,bm25_top100_crossenc_minilm
36,NCT03034330,76,-8.405653953552246,bm25_top100_crossenc_minilm
36,NCT03720392,77,-8.419941902160645,bm25_top100_crossenc_minilm
36,NCT03365882,78,-8.420353889465332,bm25_top100_crossenc_minilm
36,NCT02417701,79,-8.423864364624023,bm25_top100_crossenc_minilm
36,NCT03945266,80,-8.449459075927734,bm25_top100_crossenc_minilm
36,NCT00367627,81,-8.544168472290039,bm25_top100_crossenc_minilm
36,NCT01715168,82,-8.565500259399414,bm25_top100_crossenc_minilm
36,NCT02109627,83,-8.595342636108398,bm25_top100_crossenc_minilm
36,NCT01861106,84,-8.600489616394043,bm25_top100_crossenc_minilm
36,NCT01854684,85,-8.610350608825684,bm25_top100_crossenc_minilm
36,NCT03929029,86,-8.630449295043945,bm25_top100_crossenc_minilm
36,NCT03678350,87,-8.655747413635254,bm25_top100_crossenc_minilm
36,NCT01687673,88,-8.690900802612305,bm25_top100_crossenc_minilm
36,NCT02658396,89,-8.694280624389648,bm25_top100_crossenc_minilm
36,NCT03405155,90,-8.695170402526855,bm25_top100_crossenc_minilm
36,NCT02769962,91,-8.70776081085205,bm25_top100_crossenc_minilm
36,NCT03672851,92,-8.758456230163574,bm25_top100_crossenc_minilm
36,NCT02546193,93,-8.834181785583496,bm25_top100_crossenc_minilm
36,NCT00000862,94,-8.962038040161133,bm25_top100_crossenc_minilm
36,NCT04172714,95,-8.987192153930664,bm25_top100_crossenc_minilm
36,NCT02978625,96,-8.994196891784668,bm25_top100_crossenc_minilm
36,NCT01684397,97,-8.998769760131836,bm25_top100_crossenc_minilm
36,NCT01553318,98,-9.073359489440918,bm25_top100_crossenc_minilm
36,NCT01553071,99,-9.163751602172852,bm25_top100_crossenc_minilm
36,NCT01893047,100,-9.326688766479492,bm25_top100_crossenc_minilm
37,NCT04595045,1,-5.392419338226318,bm25_top100_crossenc_minilm
37,NCT00799214,2,-5.705297470092773,bm25_top100_crossenc_minilm
37,NCT00242268,3,-5.798112869262695,bm25_top100_crossenc_minilm
37,NCT00803933,4,-5.830146789550781,bm25_top100_crossenc_minilm
37,NCT03109808,5,-5.943910598754883,bm25_top100_crossenc_minilm
37,NCT01112657,6,-6.4600419998168945,bm25_top100_crossenc_minilm
37,NCT00094068,7,-6.499563217163086,bm25_top100_crossenc_minilm
37,NCT04178980,8,-6.722808837890625,bm25_top100_crossenc_minilm
37,NCT04614142,9,-6.735164165496826,bm25_top100_crossenc_minilm
37,NCT02085070,10,-6.855776786804199,bm25_top100_crossenc_minilm
37,NCT03597360,11,-6.875840187072754,bm25_top100_crossenc_minilm
37,NCT00067821,12,-6.896218776702881,bm25_top100_crossenc_minilm
37,NCT03647631,13,-6.90134334564209,bm25_top100_crossenc_minilm
37,NCT02099006,14,-6.966995716094971,bm25_top100_crossenc_minilm
37,NCT00360906,15,-7.0017218589782715,bm25_top100_crossenc_minilm
37,NCT01624155,16,-7.071855068206787,bm25_top100_crossenc_minilm
37,NCT00738621,17,-7.131482124328613,bm25_top100_crossenc_minilm
37,NCT02681549,18,-7.237020492553711,bm25_top100_crossenc_minilm
37,NCT04329715,19,-7.2607645988464355,bm25_top100_crossenc_minilm
37,NCT01457924,20,-7.322322368621826,bm25_top100_crossenc_minilm
37,NCT02649985,21,-7.365515232086182,bm25_top100_crossenc_minilm
37,NCT00463450,22,-7.375770568847656,bm25_top100_crossenc_minilm
37,NCT01141751,23,-7.3885908126831055,bm25_top100_crossenc_minilm
37,NCT00391352,24,-7.435906887054443,bm25_top100_crossenc_minilm
37,NCT03508752,25,-7.452805519104004,bm25_top100_crossenc_minilm
37,NCT02776202,26,-7.456895351409912,bm25_top100_crossenc_minilm
37,NCT03529955,27,-7.479344367980957,bm25_top100_crossenc_minilm
37,NCT02645487,28,-7.491271018981934,bm25_top100_crossenc_minilm
37,NCT04750928,29,-7.501678943634033,bm25_top100_crossenc_minilm
37,NCT01428505,30,-7.50197696685791,bm25_top100_crossenc_minilm
37,NCT02957747,31,-7.544742584228516,bm25_top100_crossenc_minilm
37,NCT00882869,32,-7.55935525894165,bm25_top100_crossenc_minilm
37,NCT02687919,33,-7.589474678039551,bm25_top100_crossenc_minilm
37,NCT03008824,34,-7.671341896057129,bm25_top100_crossenc_minilm
37,NCT00182078,35,-7.691272735595703,bm25_top100_crossenc_minilm
37,NCT00752258,36,-7.694226264953613,bm25_top100_crossenc_minilm
37,NCT03572998,37,-7.746956825256348,bm25_top100_crossenc_minilm
37,NCT03581318,38,-7.767854690551758,bm25_top100_crossenc_minilm
37,NCT02185456,39,-7.782641410827637,bm25_top100_crossenc_minilm
37,NCT02329626,40,-7.856806755065918,bm25_top100_crossenc_minilm
37,NCT02293213,41,-7.859153747558594,bm25_top100_crossenc_minilm
37,NCT03980717,42,-7.9089765548706055,bm25_top100_crossenc_minilm
37,NCT02591654,43,-7.909350395202637,bm25_top100_crossenc_minilm
37,NCT02693535,44,-7.928809642791748,bm25_top100_crossenc_minilm
37,NCT03252028,45,-7.95746374130249,bm25_top100_crossenc_minilm
37,NCT02088866,46,-7.959372520446777,bm25_top100_crossenc_minilm
37,NCT01599975,47,-7.962181091308594,bm25_top100_crossenc_minilm
37,NCT04030507,48,-7.963244438171387,bm25_top100_crossenc_minilm
37,NCT02109952,49,-7.964443683624268,bm25_top100_crossenc_minilm
37,NCT04135807,50,-7.979309558868408,bm25_top100_crossenc_minilm
37,NCT04230577,51,-8.001900672912598,bm25_top100_crossenc_minilm
37,NCT04410978,52,-8.012747764587402,bm25_top100_crossenc_minilm
37,NCT03477240,53,-8.013883590698242,bm25_top100_crossenc_minilm
37,NCT02141490,54,-8.01661205291748,bm25_top100_crossenc_minilm
37,NCT01721603,55,-8.028273582458496,bm25_top100_crossenc_minilm
37,NCT00433680,56,-8.04237174987793,bm25_top100_crossenc_minilm
37,NCT00342706,57,-8.045367240905762,bm25_top100_crossenc_minilm
37,NCT03008005,58,-8.062091827392578,bm25_top100_crossenc_minilm
37,NCT04406272,59,-8.24770736694336,bm25_top100_crossenc_minilm
37,NCT00213135,60,-8.373567581176758,bm25_top100_crossenc_minilm
37,NCT03335670,61,-8.388273239135742,bm25_top100_crossenc_minilm
37,NCT00682994,62,-8.396344184875488,bm25_top100_crossenc_minilm
37,NCT00879190,63,-8.419816970825195,bm25_top100_crossenc_minilm
37,NCT02386800,64,-8.426412582397461,bm25_top100_crossenc_minilm
37,NCT02411734,65,-8.435157775878906,bm25_top100_crossenc_minilm
37,NCT04172714,66,-8.466170310974121,bm25_top100_crossenc_minilm
37,NCT02069366,67,-8.474798202514648,bm25_top100_crossenc_minilm
37,NCT02411916,68,-8.511032104492188,bm25_top100_crossenc_minilm
37,NCT04216329,69,-8.587066650390625,bm25_top100_crossenc_minilm
37,NCT00802594,70,-8.628799438476562,bm25_top100_crossenc_minilm
37,NCT00498719,71,-8.673563003540039,bm25_top100_crossenc_minilm
37,NCT04024046,72,-8.6979341506958,bm25_top100_crossenc_minilm
37,NCT02388737,73,-8.706830024719238,bm25_top100_crossenc_minilm
37,NCT01645384,74,-8.729100227355957,bm25_top100_crossenc_minilm
37,NCT02526459,75,-8.773200988769531,bm25_top100_crossenc_minilm
37,NCT03420339,76,-8.837915420532227,bm25_top100_crossenc_minilm
37,NCT01772199,77,-8.859106063842773,bm25_top100_crossenc_minilm
37,NCT00367627,78,-8.98560905456543,bm25_top100_crossenc_minilm
37,NCT03018288,79,-9.017809867858887,bm25_top100_crossenc_minilm
37,NCT03034330,80,-9.03262710571289,bm25_top100_crossenc_minilm
37,NCT02884960,81,-9.03650188446045,bm25_top100_crossenc_minilm
37,NCT01853748,82,-9.051525115966797,bm25_top100_crossenc_minilm
37,NCT04059185,83,-9.063430786132812,bm25_top100_crossenc_minilm
37,NCT00922233,84,-9.084290504455566,bm25_top100_crossenc_minilm
37,NCT02546193,85,-9.11221981048584,bm25_top100_crossenc_minilm
37,NCT03495323,86,-9.121577262878418,bm25_top100_crossenc_minilm
37,NCT03212079,87,-9.1307373046875,bm25_top100_crossenc_minilm
37,NCT02713269,88,-9.135612487792969,bm25_top100_crossenc_minilm
37,NCT03213717,89,-9.171119689941406,bm25_top100_crossenc_minilm
37,NCT02075320,90,-9.175808906555176,bm25_top100_crossenc_minilm
37,NCT00000862,91,-9.235434532165527,bm25_top100_crossenc_minilm
37,NCT04129515,92,-9.298219680786133,bm25_top100_crossenc_minilm
37,NCT02520050,93,-9.331048965454102,bm25_top100_crossenc_minilm
37,NCT03735446,94,-9.447606086730957,bm25_top100_crossenc_minilm
37,NCT02837380,95,-9.498068809509277,bm25_top100_crossenc_minilm
37,NCT01775501,96,-9.508148193359375,bm25_top100_crossenc_minilm
37,NCT02769962,97,-9.511743545532227,bm25_top100_crossenc_minilm
37,NCT01553318,98,-9.518720626831055,bm25_top100_crossenc_minilm
37,NCT01893047,99,-9.548843383789062,bm25_top100_crossenc_minilm
37,NCT03615183,100,-9.585576057434082,bm25_top100_crossenc_minilm
38,NCT00748579,1,-2.5726680755615234,bm25_top100_crossenc_minilm
38,NCT02950155,2,-3.8127365112304688,bm25_top100_crossenc_minilm
38,NCT00941681,3,-5.726082801818848,bm25_top100_crossenc_minilm
38,NCT00799214,4,-6.067640781402588,bm25_top100_crossenc_minilm
38,NCT04592354,5,-6.237661361694336,bm25_top100_crossenc_minilm
38,NCT04855695,6,-6.482632637023926,bm25_top100_crossenc_minilm
38,NCT00682565,7,-6.639870643615723,bm25_top100_crossenc_minilm
38,NCT04182984,8,-6.649296283721924,bm25_top100_crossenc_minilm
38,NCT03918252,9,-6.774180889129639,bm25_top100_crossenc_minilm
38,NCT04701034,10,-6.960422515869141,bm25_top100_crossenc_minilm
38,NCT01728753,11,-6.962294578552246,bm25_top100_crossenc_minilm
38,NCT04676360,12,-6.991382122039795,bm25_top100_crossenc_minilm
38,NCT01470794,13,-7.034669876098633,bm25_top100_crossenc_minilm
38,NCT00387894,14,-7.046054363250732,bm25_top100_crossenc_minilm
38,NCT01624155,15,-7.116937637329102,bm25_top100_crossenc_minilm
38,NCT03377179,16,-7.128255367279053,bm25_top100_crossenc_minilm
38,NCT03422809,17,-7.16161584854126,bm25_top100_crossenc_minilm
38,NCT04836429,18,-7.170493125915527,bm25_top100_crossenc_minilm
38,NCT01506050,19,-7.17220401763916,bm25_top100_crossenc_minilm
38,NCT01419483,20,-7.208398342132568,bm25_top100_crossenc_minilm
38,NCT01572480,21,-7.242042064666748,bm25_top100_crossenc_minilm
38,NCT02960230,22,-7.280371189117432,bm25_top100_crossenc_minilm
38,NCT00874861,23,-7.295299053192139,bm25_top100_crossenc_minilm
38,NCT01097083,24,-7.313832759857178,bm25_top100_crossenc_minilm
38,NCT01599975,25,-7.463477611541748,bm25_top100_crossenc_minilm
38,NCT00539994,26,-7.5451884269714355,bm25_top100_crossenc_minilm
38,NCT01160536,27,-7.617676734924316,bm25_top100_crossenc_minilm
38,NCT03529955,28,-7.629425048828125,bm25_top100_crossenc_minilm
38,NCT03405155,29,-7.653540134429932,bm25_top100_crossenc_minilm
38,NCT04290897,30,-7.664712905883789,bm25_top100_crossenc_minilm
38,NCT03316573,31,-7.669206142425537,bm25_top100_crossenc_minilm
38,NCT00879190,32,-7.7101593017578125,bm25_top100_crossenc_minilm
38,NCT03805932,33,-7.733062267303467,bm25_top100_crossenc_minilm
38,NCT01506037,34,-7.755651473999023,bm25_top100_crossenc_minilm
38,NCT03086616,35,-7.795438766479492,bm25_top100_crossenc_minilm
38,NCT01218217,36,-7.822447299957275,bm25_top100_crossenc_minilm
38,NCT04246398,37,-7.84202766418457,bm25_top100_crossenc_minilm
38,NCT02170064,38,-7.859458923339844,bm25_top100_crossenc_minilm
38,NCT03158805,39,-7.875271320343018,bm25_top100_crossenc_minilm
38,NCT02573493,40,-7.923125267028809,bm25_top100_crossenc_minilm
38,NCT04134117,41,-7.932833194732666,bm25_top100_crossenc_minilm
38,NCT01774253,42,-7.938408374786377,bm25_top100_crossenc_minilm
38,NCT03331250,43,-7.961505889892578,bm25_top100_crossenc_minilm
38,NCT00321893,44,-7.999707221984863,bm25_top100_crossenc_minilm
38,NCT04329715,45,-8.005788803100586,bm25_top100_crossenc_minilm
38,NCT01688466,46,-8.009544372558594,bm25_top100_crossenc_minilm
38,NCT02369458,47,-8.010702133178711,bm25_top100_crossenc_minilm
38,NCT02256982,48,-8.020760536193848,bm25_top100_crossenc_minilm
38,NCT03027388,49,-8.021276473999023,bm25_top100_crossenc_minilm
38,NCT01985256,50,-8.047389030456543,bm25_top100_crossenc_minilm
38,NCT00922233,51,-8.048076629638672,bm25_top100_crossenc_minilm
38,NCT01623869,52,-8.088085174560547,bm25_top100_crossenc_minilm
38,NCT04034251,53,-8.088094711303711,bm25_top100_crossenc_minilm
38,NCT00182078,54,-8.089997291564941,bm25_top100_crossenc_minilm
38,NCT02623972,55,-8.105411529541016,bm25_top100_crossenc_minilm
38,NCT02270814,56,-8.144110679626465,bm25_top100_crossenc_minilm
38,NCT01964924,57,-8.184929847717285,bm25_top100_crossenc_minilm
38,NCT03459469,58,-8.194933891296387,bm25_top100_crossenc_minilm
38,NCT04691960,59,-8.216368675231934,bm25_top100_crossenc_minilm
38,NCT03986021,60,-8.256586074829102,bm25_top100_crossenc_minilm
38,NCT01722162,61,-8.268033027648926,bm25_top100_crossenc_minilm
38,NCT01787500,62,-8.292152404785156,bm25_top100_crossenc_minilm
38,NCT02159495,63,-8.301067352294922,bm25_top100_crossenc_minilm
38,NCT02658396,64,-8.302680015563965,bm25_top100_crossenc_minilm
38,NCT03672851,65,-8.324511528015137,bm25_top100_crossenc_minilm
38,NCT02259621,66,-8.376466751098633,bm25_top100_crossenc_minilm
38,NCT04290546,67,-8.38408088684082,bm25_top100_crossenc_minilm
38,NCT02068157,68,-8.408514976501465,bm25_top100_crossenc_minilm
38,NCT03197025,69,-8.437610626220703,bm25_top100_crossenc_minilm
38,NCT03336203,70,-8.43856430053711,bm25_top100_crossenc_minilm
38,NCT04172714,71,-8.539883613586426,bm25_top100_crossenc_minilm
38,NCT04633252,72,-8.560245513916016,bm25_top100_crossenc_minilm
38,NCT01562678,73,-8.579326629638672,bm25_top100_crossenc_minilm
38,NCT02999477,74,-8.624359130859375,bm25_top100_crossenc_minilm
38,NCT00574964,75,-8.630878448486328,bm25_top100_crossenc_minilm
38,NCT02211027,76,-8.63726806640625,bm25_top100_crossenc_minilm
38,NCT03451773,77,-8.656331062316895,bm25_top100_crossenc_minilm
38,NCT01821105,78,-8.671127319335938,bm25_top100_crossenc_minilm
38,NCT01861106,79,-8.678220748901367,bm25_top100_crossenc_minilm
38,NCT02978625,80,-8.700157165527344,bm25_top100_crossenc_minilm
38,NCT00903461,81,-8.701570510864258,bm25_top100_crossenc_minilm
38,NCT03782064,82,-8.702559471130371,bm25_top100_crossenc_minilm
38,NCT03732664,83,-8.745586395263672,bm25_top100_crossenc_minilm
38,NCT02546193,84,-8.756603240966797,bm25_top100_crossenc_minilm
38,NCT00367627,85,-8.780767440795898,bm25_top100_crossenc_minilm
38,NCT00000862,86,-8.792389869689941,bm25_top100_crossenc_minilm
38,NCT02400359,87,-8.843812942504883,bm25_top100_crossenc_minilm
38,NCT04428671,88,-8.848771095275879,bm25_top100_crossenc_minilm
38,NCT02146924,89,-8.868717193603516,bm25_top100_crossenc_minilm
38,NCT01775501,90,-8.894018173217773,bm25_top100_crossenc_minilm
38,NCT03018288,91,-8.964324951171875,bm25_top100_crossenc_minilm
38,NCT03384836,92,-8.964914321899414,bm25_top100_crossenc_minilm
38,NCT03070002,93,-8.994539260864258,bm25_top100_crossenc_minilm
38,NCT03678350,94,-8.998652458190918,bm25_top100_crossenc_minilm
38,NCT01553071,95,-9.116838455200195,bm25_top100_crossenc_minilm
38,NCT03211416,96,-9.131150245666504,bm25_top100_crossenc_minilm
38,NCT03679650,97,-9.155862808227539,bm25_top100_crossenc_minilm
38,NCT01893047,98,-9.213136672973633,bm25_top100_crossenc_minilm
38,NCT02769962,99,-9.300390243530273,bm25_top100_crossenc_minilm
38,NCT01553318,100,-9.334879875183105,bm25_top100_crossenc_minilm
39,NCT02361788,1,-5.106826305389404,bm25_top100_crossenc_minilm
39,NCT01887327,2,-6.699092864990234,bm25_top100_crossenc_minilm
39,NCT02594904,3,-7.119427680969238,bm25_top100_crossenc_minilm
39,NCT01225029,4,-7.401702880859375,bm25_top100_crossenc_minilm
39,NCT03631420,5,-7.916044235229492,bm25_top100_crossenc_minilm
39,NCT00158743,6,-8.379663467407227,bm25_top100_crossenc_minilm
39,NCT01218217,7,-8.620375633239746,bm25_top100_crossenc_minilm
39,NCT02471573,8,-8.78824520111084,bm25_top100_crossenc_minilm
39,NCT02625688,9,-8.818944931030273,bm25_top100_crossenc_minilm
39,NCT02492347,10,-8.838210105895996,bm25_top100_crossenc_minilm
39,NCT00769262,11,-8.894790649414062,bm25_top100_crossenc_minilm
39,NCT03436420,12,-9.007010459899902,bm25_top100_crossenc_minilm
39,NCT00241839,13,-9.02949333190918,bm25_top100_crossenc_minilm
39,NCT00828971,14,-9.051883697509766,bm25_top100_crossenc_minilm
39,NCT03866187,15,-9.120515823364258,bm25_top100_crossenc_minilm
39,NCT02157259,16,-9.159247398376465,bm25_top100_crossenc_minilm
39,NCT02624765,17,-9.184028625488281,bm25_top100_crossenc_minilm
39,NCT03217851,18,-9.311332702636719,bm25_top100_crossenc_minilm
39,NCT00107783,19,-9.328723907470703,bm25_top100_crossenc_minilm
39,NCT02117661,20,-9.336771011352539,bm25_top100_crossenc_minilm
39,NCT01881971,21,-9.351751327514648,bm25_top100_crossenc_minilm
39,NCT00765102,22,-9.368545532226562,bm25_top100_crossenc_minilm
39,NCT03867487,23,-9.37002182006836,bm25_top100_crossenc_minilm
39,NCT04660201,24,-9.37722396850586,bm25_top100_crossenc_minilm
39,NCT00784394,25,-9.4608793258667,bm25_top100_crossenc_minilm
39,NCT04398745,26,-9.466634750366211,bm25_top100_crossenc_minilm
39,NCT02960230,27,-9.552846908569336,bm25_top100_crossenc_minilm
39,NCT02187172,28,-9.565567970275879,bm25_top100_crossenc_minilm
39,NCT00201318,29,-9.603450775146484,bm25_top100_crossenc_minilm
39,NCT01756755,30,-9.623980522155762,bm25_top100_crossenc_minilm
39,NCT03945825,31,-9.624041557312012,bm25_top100_crossenc_minilm
39,NCT00316186,32,-9.627400398254395,bm25_top100_crossenc_minilm
39,NCT02561988,33,-9.667475700378418,bm25_top100_crossenc_minilm
39,NCT00099996,34,-9.668338775634766,bm25_top100_crossenc_minilm
39,NCT04289558,35,-9.752294540405273,bm25_top100_crossenc_minilm
39,NCT02520609,36,-9.766399383544922,bm25_top100_crossenc_minilm
39,NCT00472550,37,-9.80889892578125,bm25_top100_crossenc_minilm
39,NCT02716207,38,-9.838138580322266,bm25_top100_crossenc_minilm
39,NCT00362414,39,-9.866395950317383,bm25_top100_crossenc_minilm
39,NCT03038828,40,-9.89223861694336,bm25_top100_crossenc_minilm
39,NCT03917407,41,-9.948497772216797,bm25_top100_crossenc_minilm
39,NCT01855295,42,-9.95283317565918,bm25_top100_crossenc_minilm
39,NCT01434693,43,-9.958486557006836,bm25_top100_crossenc_minilm
39,NCT00373594,44,-9.995431900024414,bm25_top100_crossenc_minilm
39,NCT00346879,45,-10.019941329956055,bm25_top100_crossenc_minilm
39,NCT01874561,46,-10.023929595947266,bm25_top100_crossenc_minilm
39,NCT04235205,47,-10.032303810119629,bm25_top100_crossenc_minilm
39,NCT02820155,48,-10.059103012084961,bm25_top100_crossenc_minilm
39,NCT03336203,49,-10.066361427307129,bm25_top100_crossenc_minilm
39,NCT03891901,50,-10.074617385864258,bm25_top100_crossenc_minilm
39,NCT04216329,51,-10.084178924560547,bm25_top100_crossenc_minilm
39,NCT04500548,52,-10.1190185546875,bm25_top100_crossenc_minilm
39,NCT04094519,53,-10.119078636169434,bm25_top100_crossenc_minilm
39,NCT01158885,54,-10.129120826721191,bm25_top100_crossenc_minilm
39,NCT03099564,55,-10.139059066772461,bm25_top100_crossenc_minilm
39,NCT02250885,56,-10.142597198486328,bm25_top100_crossenc_minilm
39,NCT02569827,57,-10.170047760009766,bm25_top100_crossenc_minilm
39,NCT00906334,58,-10.179649353027344,bm25_top100_crossenc_minilm
39,NCT01813227,59,-10.190254211425781,bm25_top100_crossenc_minilm
39,NCT02948569,60,-10.1948881149292,bm25_top100_crossenc_minilm
39,NCT01810913,61,-10.197737693786621,bm25_top100_crossenc_minilm
39,NCT04855695,62,-10.204700469970703,bm25_top100_crossenc_minilm
39,NCT02274987,63,-10.224960327148438,bm25_top100_crossenc_minilm
39,NCT03824379,64,-10.234091758728027,bm25_top100_crossenc_minilm
39,NCT02285101,65,-10.238368034362793,bm25_top100_crossenc_minilm
39,NCT00854945,66,-10.249605178833008,bm25_top100_crossenc_minilm
39,NCT01922076,67,-10.254226684570312,bm25_top100_crossenc_minilm
39,NCT02718833,68,-10.256420135498047,bm25_top100_crossenc_minilm
39,NCT02658396,69,-10.285778045654297,bm25_top100_crossenc_minilm
39,NCT01096043,70,-10.293624877929688,bm25_top100_crossenc_minilm
39,NCT01277016,71,-10.29459285736084,bm25_top100_crossenc_minilm
39,NCT02780583,72,-10.297393798828125,bm25_top100_crossenc_minilm
39,NCT02211027,73,-10.307962417602539,bm25_top100_crossenc_minilm
39,NCT00295308,74,-10.322460174560547,bm25_top100_crossenc_minilm
39,NCT03286530,75,-10.331477165222168,bm25_top100_crossenc_minilm
39,NCT00793208,76,-10.335094451904297,bm25_top100_crossenc_minilm
39,NCT00262210,77,-10.339271545410156,bm25_top100_crossenc_minilm
39,NCT02363309,78,-10.358837127685547,bm25_top100_crossenc_minilm
39,NCT04339777,79,-10.395673751831055,bm25_top100_crossenc_minilm
39,NCT01415986,80,-10.402055740356445,bm25_top100_crossenc_minilm
39,NCT01834898,81,-10.40224838256836,bm25_top100_crossenc_minilm
39,NCT04653246,82,-10.43120002746582,bm25_top100_crossenc_minilm
39,NCT00997958,83,-10.453926086425781,bm25_top100_crossenc_minilm
39,NCT01659658,84,-10.458979606628418,bm25_top100_crossenc_minilm
39,NCT01637376,85,-10.46047592163086,bm25_top100_crossenc_minilm
39,NCT03092011,86,-10.469396591186523,bm25_top100_crossenc_minilm
39,NCT02954159,87,-10.471978187561035,bm25_top100_crossenc_minilm
39,NCT01609582,88,-10.473315238952637,bm25_top100_crossenc_minilm
39,NCT03227432,89,-10.474102020263672,bm25_top100_crossenc_minilm
39,NCT01189266,90,-10.560752868652344,bm25_top100_crossenc_minilm
39,NCT00317720,91,-10.58051872253418,bm25_top100_crossenc_minilm
39,NCT02507765,92,-10.609336853027344,bm25_top100_crossenc_minilm
39,NCT01042041,93,-10.628922462463379,bm25_top100_crossenc_minilm
39,NCT03929029,94,-10.632883071899414,bm25_top100_crossenc_minilm
39,NCT02775812,95,-10.656853675842285,bm25_top100_crossenc_minilm
39,NCT01688492,96,-10.667842864990234,bm25_top100_crossenc_minilm
39,NCT00720083,97,-10.690454483032227,bm25_top100_crossenc_minilm
39,NCT01453283,98,-10.708564758300781,bm25_top100_crossenc_minilm
39,NCT04095689,99,-10.738142967224121,bm25_top100_crossenc_minilm
39,NCT03679650,100,-10.77274227142334,bm25_top100_crossenc_minilm
40,NCT03287011,1,-5.2862067222595215,bm25_top100_crossenc_minilm
40,NCT03675152,2,-5.530059337615967,bm25_top100_crossenc_minilm
40,NCT02592850,3,-5.561244964599609,bm25_top100_crossenc_minilm
40,NCT02404727,4,-5.7273945808410645,bm25_top100_crossenc_minilm
40,NCT03142945,5,-6.902178764343262,bm25_top100_crossenc_minilm
40,NCT00755911,6,-6.927738189697266,bm25_top100_crossenc_minilm
40,NCT04284501,7,-7.024021625518799,bm25_top100_crossenc_minilm
40,NCT00239629,8,-7.155113697052002,bm25_top100_crossenc_minilm
40,NCT04859127,9,-7.270202159881592,bm25_top100_crossenc_minilm
40,NCT02603042,10,-7.288177013397217,bm25_top100_crossenc_minilm
40,NCT03440827,11,-7.342392921447754,bm25_top100_crossenc_minilm
40,NCT02632916,12,-7.438425064086914,bm25_top100_crossenc_minilm
40,NCT03887936,13,-7.510882377624512,bm25_top100_crossenc_minilm
40,NCT03710889,14,-7.530447959899902,bm25_top100_crossenc_minilm
40,NCT00781261,15,-7.551400184631348,bm25_top100_crossenc_minilm
40,NCT02220699,16,-7.556190490722656,bm25_top100_crossenc_minilm
40,NCT00760682,17,-7.576520919799805,bm25_top100_crossenc_minilm
40,NCT00747994,18,-7.644529819488525,bm25_top100_crossenc_minilm
40,NCT04303026,19,-7.651172637939453,bm25_top100_crossenc_minilm
40,NCT01360099,20,-7.772205829620361,bm25_top100_crossenc_minilm
40,NCT04055220,21,-7.821450233459473,bm25_top100_crossenc_minilm
40,NCT04713774,22,-7.824132919311523,bm25_top100_crossenc_minilm
40,NCT00150969,23,-7.851972579956055,bm25_top100_crossenc_minilm
40,NCT01288794,24,-7.921497344970703,bm25_top100_crossenc_minilm
40,NCT01286077,25,-7.943164825439453,bm25_top100_crossenc_minilm
40,NCT01800799,26,-7.943551540374756,bm25_top100_crossenc_minilm
40,NCT01932931,27,-7.9523024559021,bm25_top100_crossenc_minilm
40,NCT00306046,28,-8.02485466003418,bm25_top100_crossenc_minilm
40,NCT01176344,29,-8.028121948242188,bm25_top100_crossenc_minilm
40,NCT04003467,30,-8.046063423156738,bm25_top100_crossenc_minilm
40,NCT01900860,31,-8.07375717163086,bm25_top100_crossenc_minilm
40,NCT02439112,32,-8.113275527954102,bm25_top100_crossenc_minilm
40,NCT03438526,33,-8.117079734802246,bm25_top100_crossenc_minilm
40,NCT00785824,34,-8.143026351928711,bm25_top100_crossenc_minilm
40,NCT04342520,35,-8.338563919067383,bm25_top100_crossenc_minilm
40,NCT02783274,36,-8.363218307495117,bm25_top100_crossenc_minilm
40,NCT03585751,37,-8.367403984069824,bm25_top100_crossenc_minilm
40,NCT02802384,38,-8.373608589172363,bm25_top100_crossenc_minilm
40,NCT04473872,39,-8.40549087524414,bm25_top100_crossenc_minilm
40,NCT00753532,40,-8.461893081665039,bm25_top100_crossenc_minilm
40,NCT02387892,41,-8.477566719055176,bm25_top100_crossenc_minilm
40,NCT01153568,42,-8.478225708007812,bm25_top100_crossenc_minilm
40,NCT01469351,43,-8.592058181762695,bm25_top100_crossenc_minilm
40,NCT04850547,44,-8.597455978393555,bm25_top100_crossenc_minilm
40,NCT02435329,45,-8.599821090698242,bm25_top100_crossenc_minilm
40,NCT02011620,46,-8.599944114685059,bm25_top100_crossenc_minilm
40,NCT02069990,47,-8.63004207611084,bm25_top100_crossenc_minilm
40,NCT04129931,48,-8.642162322998047,bm25_top100_crossenc_minilm
40,NCT02238418,49,-8.664438247680664,bm25_top100_crossenc_minilm
40,NCT00092937,50,-8.692315101623535,bm25_top100_crossenc_minilm
40,NCT02232724,51,-8.698856353759766,bm25_top100_crossenc_minilm
40,NCT02232685,52,-8.719738960266113,bm25_top100_crossenc_minilm
40,NCT04169698,53,-8.741636276245117,bm25_top100_crossenc_minilm
40,NCT02040441,54,-8.743816375732422,bm25_top100_crossenc_minilm
40,NCT03516773,55,-8.770650863647461,bm25_top100_crossenc_minilm
40,NCT03336203,56,-8.805747985839844,bm25_top100_crossenc_minilm
40,NCT00006180,57,-8.84426498413086,bm25_top100_crossenc_minilm
40,NCT01418040,58,-8.869729995727539,bm25_top100_crossenc_minilm
40,NCT04297904,59,-8.897135734558105,bm25_top100_crossenc_minilm
40,NCT01189786,60,-8.902848243713379,bm25_top100_crossenc_minilm
40,NCT02014467,61,-8.978700637817383,bm25_top100_crossenc_minilm
40,NCT00593580,62,-8.988418579101562,bm25_top100_crossenc_minilm
40,NCT03994172,63,-9.029790878295898,bm25_top100_crossenc_minilm
40,NCT03356522,64,-9.03164005279541,bm25_top100_crossenc_minilm
40,NCT00685971,65,-9.072080612182617,bm25_top100_crossenc_minilm
40,NCT04772430,66,-9.089517593383789,bm25_top100_crossenc_minilm
40,NCT01852799,67,-9.099876403808594,bm25_top100_crossenc_minilm
40,NCT01342627,68,-9.132953643798828,bm25_top100_crossenc_minilm
40,NCT02390934,69,-9.141167640686035,bm25_top100_crossenc_minilm
40,NCT01225679,70,-9.179703712463379,bm25_top100_crossenc_minilm
40,NCT04295174,71,-9.2080078125,bm25_top100_crossenc_minilm
40,NCT01192828,72,-9.219953536987305,bm25_top100_crossenc_minilm
40,NCT00068146,73,-9.223247528076172,bm25_top100_crossenc_minilm
40,NCT03525392,74,-9.275684356689453,bm25_top100_crossenc_minilm
40,NCT04237376,75,-9.290448188781738,bm25_top100_crossenc_minilm
40,NCT04816396,76,-9.300358772277832,bm25_top100_crossenc_minilm
40,NCT02301520,77,-9.314075469970703,bm25_top100_crossenc_minilm
40,NCT03576430,78,-9.342266082763672,bm25_top100_crossenc_minilm
40,NCT01335763,79,-9.342788696289062,bm25_top100_crossenc_minilm
40,NCT01402011,80,-9.381031036376953,bm25_top100_crossenc_minilm
40,NCT00672360,81,-9.409551620483398,bm25_top100_crossenc_minilm
40,NCT03839459,82,-9.420049667358398,bm25_top100_crossenc_minilm
40,NCT00886938,83,-9.42983627319336,bm25_top100_crossenc_minilm
40,NCT00381914,84,-9.508356094360352,bm25_top100_crossenc_minilm
40,NCT03070002,85,-9.642885208129883,bm25_top100_crossenc_minilm
40,NCT00997958,86,-9.655866622924805,bm25_top100_crossenc_minilm
40,NCT01304199,87,-9.664400100708008,bm25_top100_crossenc_minilm
40,NCT03901209,88,-9.681489944458008,bm25_top100_crossenc_minilm
40,NCT00242125,89,-9.721585273742676,bm25_top100_crossenc_minilm
40,NCT00324259,90,-9.776198387145996,bm25_top100_crossenc_minilm
40,NCT00140738,91,-9.847465515136719,bm25_top100_crossenc_minilm
40,NCT00302146,92,-9.870001792907715,bm25_top100_crossenc_minilm
40,NCT03183570,93,-9.93525505065918,bm25_top100_crossenc_minilm
40,NCT01430793,94,-9.954184532165527,bm25_top100_crossenc_minilm
40,NCT04462276,95,-10.007762908935547,bm25_top100_crossenc_minilm
40,NCT01627717,96,-10.091903686523438,bm25_top100_crossenc_minilm
40,NCT02916771,97,-10.194428443908691,bm25_top100_crossenc_minilm
40,NCT02679963,98,-10.218523025512695,bm25_top100_crossenc_minilm
40,NCT02543905,99,-10.260539054870605,bm25_top100_crossenc_minilm
40,NCT04533984,100,-10.3062162399292,bm25_top100_crossenc_minilm
41,NCT00291265,1,-2.8945071697235107,bm25_top100_crossenc_minilm
41,NCT04054856,2,-3.556896924972534,bm25_top100_crossenc_minilm
41,NCT00040196,3,-3.7649264335632324,bm25_top100_crossenc_minilm
41,NCT02358876,4,-3.8675198554992676,bm25_top100_crossenc_minilm
41,NCT03023059,5,-4.128994464874268,bm25_top100_crossenc_minilm
41,NCT04858074,6,-4.207550048828125,bm25_top100_crossenc_minilm
41,NCT03189459,7,-4.531382083892822,bm25_top100_crossenc_minilm
41,NCT00654563,8,-5.40601921081543,bm25_top100_crossenc_minilm
41,NCT01882855,9,-6.076302528381348,bm25_top100_crossenc_minilm
41,NCT04342520,10,-6.115911960601807,bm25_top100_crossenc_minilm
41,NCT03732118,11,-6.318161487579346,bm25_top100_crossenc_minilm
41,NCT03585257,12,-6.8504486083984375,bm25_top100_crossenc_minilm
41,NCT03876652,13,-6.884093761444092,bm25_top100_crossenc_minilm
41,NCT04082780,14,-6.989736557006836,bm25_top100_crossenc_minilm
41,NCT00244582,15,-7.167034149169922,bm25_top100_crossenc_minilm
41,NCT01110447,16,-7.2040557861328125,bm25_top100_crossenc_minilm
41,NCT02266199,17,-7.278548240661621,bm25_top100_crossenc_minilm
41,NCT01112657,18,-7.308699607849121,bm25_top100_crossenc_minilm
41,NCT04236843,19,-7.342942237854004,bm25_top100_crossenc_minilm
41,NCT00215787,20,-7.395876884460449,bm25_top100_crossenc_minilm
41,NCT02156232,21,-7.427844047546387,bm25_top100_crossenc_minilm
41,NCT03080168,22,-7.6125102043151855,bm25_top100_crossenc_minilm
41,NCT04411927,23,-7.657414436340332,bm25_top100_crossenc_minilm
41,NCT04807803,24,-7.743494987487793,bm25_top100_crossenc_minilm
41,NCT01800604,25,-7.783454895019531,bm25_top100_crossenc_minilm
41,NCT03987893,26,-7.788340091705322,bm25_top100_crossenc_minilm
41,NCT01722578,27,-7.870571613311768,bm25_top100_crossenc_minilm
41,NCT01109849,28,-7.957926273345947,bm25_top100_crossenc_minilm
41,NCT01599975,29,-8.035811424255371,bm25_top100_crossenc_minilm
41,NCT00367627,30,-8.05586051940918,bm25_top100_crossenc_minilm
41,NCT02666989,31,-8.057353973388672,bm25_top100_crossenc_minilm
41,NCT01160536,32,-8.068331718444824,bm25_top100_crossenc_minilm
41,NCT01846806,33,-8.068401336669922,bm25_top100_crossenc_minilm
41,NCT03152188,34,-8.105052947998047,bm25_top100_crossenc_minilm
41,NCT04851639,35,-8.14090347290039,bm25_top100_crossenc_minilm
41,NCT03355404,36,-8.141186714172363,bm25_top100_crossenc_minilm
41,NCT00865111,37,-8.143720626831055,bm25_top100_crossenc_minilm
41,NCT00112333,38,-8.183241844177246,bm25_top100_crossenc_minilm
41,NCT00092937,39,-8.200072288513184,bm25_top100_crossenc_minilm
41,NCT02304302,40,-8.219148635864258,bm25_top100_crossenc_minilm
41,NCT00863941,41,-8.23114013671875,bm25_top100_crossenc_minilm
41,NCT00653393,42,-8.2361478805542,bm25_top100_crossenc_minilm
41,NCT02069366,43,-8.242910385131836,bm25_top100_crossenc_minilm
41,NCT01907334,44,-8.256885528564453,bm25_top100_crossenc_minilm
41,NCT02653664,45,-8.26557731628418,bm25_top100_crossenc_minilm
41,NCT00865410,46,-8.281349182128906,bm25_top100_crossenc_minilm
41,NCT01760226,47,-8.292789459228516,bm25_top100_crossenc_minilm
41,NCT03796598,48,-8.299904823303223,bm25_top100_crossenc_minilm
41,NCT02411734,49,-8.33840560913086,bm25_top100_crossenc_minilm
41,NCT00467818,50,-8.364961624145508,bm25_top100_crossenc_minilm
41,NCT01370954,51,-8.395956039428711,bm25_top100_crossenc_minilm
41,NCT00775905,52,-8.396759033203125,bm25_top100_crossenc_minilm
41,NCT04436601,53,-8.39984130859375,bm25_top100_crossenc_minilm
41,NCT04056000,54,-8.419723510742188,bm25_top100_crossenc_minilm
41,NCT03008005,55,-8.44255256652832,bm25_top100_crossenc_minilm
41,NCT04396314,56,-8.457498550415039,bm25_top100_crossenc_minilm
41,NCT04402034,57,-8.472382545471191,bm25_top100_crossenc_minilm
41,NCT04155099,58,-8.484607696533203,bm25_top100_crossenc_minilm
41,NCT01161966,59,-8.501245498657227,bm25_top100_crossenc_minilm
41,NCT02284334,60,-8.516915321350098,bm25_top100_crossenc_minilm
41,NCT03279991,61,-8.550028800964355,bm25_top100_crossenc_minilm
41,NCT00914056,62,-8.667577743530273,bm25_top100_crossenc_minilm
41,NCT00865371,63,-8.70510196685791,bm25_top100_crossenc_minilm
41,NCT00865462,64,-8.723569869995117,bm25_top100_crossenc_minilm
41,NCT02897622,65,-8.746809005737305,bm25_top100_crossenc_minilm
41,NCT01961219,66,-8.762218475341797,bm25_top100_crossenc_minilm
41,NCT01604031,67,-8.76330280303955,bm25_top100_crossenc_minilm
41,NCT01161979,68,-8.812934875488281,bm25_top100_crossenc_minilm
41,NCT00723567,69,-8.82086181640625,bm25_top100_crossenc_minilm
41,NCT01645384,70,-8.847694396972656,bm25_top100_crossenc_minilm
41,NCT01952834,71,-8.937843322753906,bm25_top100_crossenc_minilm
41,NCT01314339,72,-8.944563865661621,bm25_top100_crossenc_minilm
41,NCT00603447,73,-8.9755277633667,bm25_top100_crossenc_minilm
41,NCT01506050,74,-8.990543365478516,bm25_top100_crossenc_minilm
41,NCT00301405,75,-9.011131286621094,bm25_top100_crossenc_minilm
41,NCT01775501,76,-9.037017822265625,bm25_top100_crossenc_minilm
41,NCT00281502,77,-9.038166046142578,bm25_top100_crossenc_minilm
41,NCT00571051,78,-9.043938636779785,bm25_top100_crossenc_minilm
41,NCT01599546,79,-9.071712493896484,bm25_top100_crossenc_minilm
41,NCT01314352,80,-9.077192306518555,bm25_top100_crossenc_minilm
41,NCT00775151,81,-9.101821899414062,bm25_top100_crossenc_minilm
41,NCT03336203,82,-9.119779586791992,bm25_top100_crossenc_minilm
41,NCT00498719,83,-9.131417274475098,bm25_top100_crossenc_minilm
41,NCT02414529,84,-9.14378547668457,bm25_top100_crossenc_minilm
41,NCT02068118,85,-9.178485870361328,bm25_top100_crossenc_minilm
41,NCT03987269,86,-9.181944847106934,bm25_top100_crossenc_minilm
41,NCT02190695,87,-9.190337181091309,bm25_top100_crossenc_minilm
41,NCT00682994,88,-9.217798233032227,bm25_top100_crossenc_minilm
41,NCT02109952,89,-9.234025955200195,bm25_top100_crossenc_minilm
41,NCT03034330,90,-9.258901596069336,bm25_top100_crossenc_minilm
41,NCT01506037,91,-9.289758682250977,bm25_top100_crossenc_minilm
41,NCT03670719,92,-9.307294845581055,bm25_top100_crossenc_minilm
41,NCT02563262,93,-9.326412200927734,bm25_top100_crossenc_minilm
41,NCT01506791,94,-9.34846305847168,bm25_top100_crossenc_minilm
41,NCT01553318,95,-9.355278015136719,bm25_top100_crossenc_minilm
41,NCT01345643,96,-9.421748161315918,bm25_top100_crossenc_minilm
41,NCT02088866,97,-9.479082107543945,bm25_top100_crossenc_minilm
41,NCT00975546,98,-9.748649597167969,bm25_top100_crossenc_minilm
41,NCT02543905,99,-9.816179275512695,bm25_top100_crossenc_minilm
41,NCT01303081,100,-9.923210144042969,bm25_top100_crossenc_minilm
42,NCT03116009,1,-5.486961364746094,bm25_top100_crossenc_minilm
42,NCT00539994,2,-5.600070476531982,bm25_top100_crossenc_minilm
42,NCT00826605,3,-6.067984580993652,bm25_top100_crossenc_minilm
42,NCT00330993,4,-6.575613498687744,bm25_top100_crossenc_minilm
42,NCT03243305,5,-6.747784614562988,bm25_top100_crossenc_minilm
42,NCT00342706,6,-7.215544700622559,bm25_top100_crossenc_minilm
42,NCT01728753,7,-7.220134735107422,bm25_top100_crossenc_minilm
42,NCT02730351,8,-7.629809856414795,bm25_top100_crossenc_minilm
42,NCT02293213,9,-7.781320571899414,bm25_top100_crossenc_minilm
42,NCT03008824,10,-7.857813835144043,bm25_top100_crossenc_minilm
42,NCT04786990,11,-7.878445625305176,bm25_top100_crossenc_minilm
42,NCT04128371,12,-7.891430377960205,bm25_top100_crossenc_minilm
42,NCT02173808,13,-7.943066596984863,bm25_top100_crossenc_minilm
42,NCT03986021,14,-7.954231262207031,bm25_top100_crossenc_minilm
42,NCT03481829,15,-7.989006519317627,bm25_top100_crossenc_minilm
42,NCT04246398,16,-7.991219997406006,bm25_top100_crossenc_minilm
42,NCT01688466,17,-8.04931354522705,bm25_top100_crossenc_minilm
42,NCT03422809,18,-8.159031867980957,bm25_top100_crossenc_minilm
42,NCT00433732,19,-8.18323802947998,bm25_top100_crossenc_minilm
42,NCT02379728,20,-8.219856262207031,bm25_top100_crossenc_minilm
42,NCT04632381,21,-8.247428894042969,bm25_top100_crossenc_minilm
42,NCT00488514,22,-8.285969734191895,bm25_top100_crossenc_minilm
42,NCT01309919,23,-8.317898750305176,bm25_top100_crossenc_minilm
42,NCT00922233,24,-8.323454856872559,bm25_top100_crossenc_minilm
42,NCT02960230,25,-8.324153900146484,bm25_top100_crossenc_minilm
42,NCT00578877,26,-8.403371810913086,bm25_top100_crossenc_minilm
42,NCT02414529,27,-8.407495498657227,bm25_top100_crossenc_minilm
42,NCT04233632,28,-8.475387573242188,bm25_top100_crossenc_minilm
42,NCT00463450,29,-8.480873107910156,bm25_top100_crossenc_minilm
42,NCT00182078,30,-8.494564056396484,bm25_top100_crossenc_minilm
42,NCT02170064,31,-8.523874282836914,bm25_top100_crossenc_minilm
42,NCT02305017,32,-8.552675247192383,bm25_top100_crossenc_minilm
42,NCT01118988,33,-8.554113388061523,bm25_top100_crossenc_minilm
42,NCT02411916,34,-8.696386337280273,bm25_top100_crossenc_minilm
42,NCT04701034,35,-8.702186584472656,bm25_top100_crossenc_minilm
42,NCT00414336,36,-8.708949089050293,bm25_top100_crossenc_minilm
42,NCT02094937,37,-8.728107452392578,bm25_top100_crossenc_minilm
42,NCT00822172,38,-8.742483139038086,bm25_top100_crossenc_minilm
42,NCT04731961,39,-8.750164985656738,bm25_top100_crossenc_minilm
42,NCT02546193,40,-8.832478523254395,bm25_top100_crossenc_minilm
42,NCT00799214,41,-8.875680923461914,bm25_top100_crossenc_minilm
42,NCT03252028,42,-8.876548767089844,bm25_top100_crossenc_minilm
42,NCT01509950,43,-8.892534255981445,bm25_top100_crossenc_minilm
42,NCT00682994,44,-8.907354354858398,bm25_top100_crossenc_minilm
42,NCT00878826,45,-8.93254566192627,bm25_top100_crossenc_minilm
42,NCT03529955,46,-9.017694473266602,bm25_top100_crossenc_minilm
42,NCT04143659,47,-9.032719612121582,bm25_top100_crossenc_minilm
42,NCT01218217,48,-9.053688049316406,bm25_top100_crossenc_minilm
42,NCT04487886,49,-9.070749282836914,bm25_top100_crossenc_minilm
42,NCT04407182,50,-9.079559326171875,bm25_top100_crossenc_minilm
42,NCT01329562,51,-9.096132278442383,bm25_top100_crossenc_minilm
42,NCT00667498,52,-9.133476257324219,bm25_top100_crossenc_minilm
42,NCT01160536,53,-9.141302108764648,bm25_top100_crossenc_minilm
42,NCT02974621,54,-9.151118278503418,bm25_top100_crossenc_minilm
42,NCT04034251,55,-9.1590576171875,bm25_top100_crossenc_minilm
42,NCT00455156,56,-9.200401306152344,bm25_top100_crossenc_minilm
42,NCT04134117,57,-9.231815338134766,bm25_top100_crossenc_minilm
42,NCT03473639,58,-9.258376121520996,bm25_top100_crossenc_minilm
42,NCT04575038,59,-9.263803482055664,bm25_top100_crossenc_minilm
42,NCT03644550,60,-9.268552780151367,bm25_top100_crossenc_minilm
42,NCT01053507,61,-9.279972076416016,bm25_top100_crossenc_minilm
42,NCT01223313,62,-9.294242858886719,bm25_top100_crossenc_minilm
42,NCT02759731,63,-9.415200233459473,bm25_top100_crossenc_minilm
42,NCT03697993,64,-9.44738483428955,bm25_top100_crossenc_minilm
42,NCT03027388,65,-9.451000213623047,bm25_top100_crossenc_minilm
42,NCT01599975,66,-9.454972267150879,bm25_top100_crossenc_minilm
42,NCT03092518,67,-9.470218658447266,bm25_top100_crossenc_minilm
42,NCT03158805,68,-9.492040634155273,bm25_top100_crossenc_minilm
42,NCT02477644,69,-9.517645835876465,bm25_top100_crossenc_minilm
42,NCT04015739,70,-9.5355863571167,bm25_top100_crossenc_minilm
42,NCT01915212,71,-9.543396949768066,bm25_top100_crossenc_minilm
42,NCT03336203,72,-9.599376678466797,bm25_top100_crossenc_minilm
42,NCT04676360,73,-9.605499267578125,bm25_top100_crossenc_minilm
42,NCT00160849,74,-9.609746932983398,bm25_top100_crossenc_minilm
42,NCT02954874,75,-9.633188247680664,bm25_top100_crossenc_minilm
42,NCT02069366,76,-9.641214370727539,bm25_top100_crossenc_minilm
42,NCT04172714,77,-9.685064315795898,bm25_top100_crossenc_minilm
42,NCT03331250,78,-9.693255424499512,bm25_top100_crossenc_minilm
42,NCT04404881,79,-9.746257781982422,bm25_top100_crossenc_minilm
42,NCT03070002,80,-9.770426750183105,bm25_top100_crossenc_minilm
42,NCT00682565,81,-9.777070999145508,bm25_top100_crossenc_minilm
42,NCT03506048,82,-9.798910140991211,bm25_top100_crossenc_minilm
42,NCT03649321,83,-9.810941696166992,bm25_top100_crossenc_minilm
42,NCT02769962,84,-9.872857093811035,bm25_top100_crossenc_minilm
42,NCT01768546,85,-9.884786605834961,bm25_top100_crossenc_minilm
42,NCT03034330,86,-9.947495460510254,bm25_top100_crossenc_minilm
42,NCT02067520,87,-9.983711242675781,bm25_top100_crossenc_minilm
42,NCT02899728,88,-9.987520217895508,bm25_top100_crossenc_minilm
42,NCT02088866,89,-9.99264907836914,bm25_top100_crossenc_minilm
42,NCT01418235,90,-10.01289176940918,bm25_top100_crossenc_minilm
42,NCT01035658,91,-10.036359786987305,bm25_top100_crossenc_minilm
42,NCT01893047,92,-10.111135482788086,bm25_top100_crossenc_minilm
42,NCT03974217,93,-10.148637771606445,bm25_top100_crossenc_minilm
42,NCT04857684,94,-10.168574333190918,bm25_top100_crossenc_minilm
42,NCT00402779,95,-10.179393768310547,bm25_top100_crossenc_minilm
42,NCT01553318,96,-10.199809074401855,bm25_top100_crossenc_minilm
42,NCT01684397,97,-10.209980964660645,bm25_top100_crossenc_minilm
42,NCT00607113,98,-10.225067138671875,bm25_top100_crossenc_minilm
42,NCT01713972,99,-10.256179809570312,bm25_top100_crossenc_minilm
42,NCT03384836,100,-10.440083503723145,bm25_top100_crossenc_minilm
43,NCT02589847,1,-3.420930862426758,bm25_top100_crossenc_minilm
43,NCT03788434,2,-4.788331031799316,bm25_top100_crossenc_minilm
43,NCT01598311,3,-5.070037841796875,bm25_top100_crossenc_minilm
43,NCT02575742,4,-5.203399658203125,bm25_top100_crossenc_minilm
43,NCT02403622,5,-5.341710090637207,bm25_top100_crossenc_minilm
43,NCT01597505,6,-5.347865581512451,bm25_top100_crossenc_minilm
43,NCT04573504,7,-5.402662754058838,bm25_top100_crossenc_minilm
43,NCT02686645,8,-5.407474040985107,bm25_top100_crossenc_minilm
43,NCT04552418,9,-5.940776824951172,bm25_top100_crossenc_minilm
43,NCT01983683,10,-6.001552104949951,bm25_top100_crossenc_minilm
43,NCT01987895,11,-6.001552104949951,bm25_top100_crossenc_minilm
43,NCT04003818,12,-6.079012870788574,bm25_top100_crossenc_minilm
43,NCT02570477,13,-6.104084014892578,bm25_top100_crossenc_minilm
43,NCT00417872,14,-6.1092610359191895,bm25_top100_crossenc_minilm
43,NCT00861887,15,-6.152778625488281,bm25_top100_crossenc_minilm
43,NCT01085591,16,-6.159616470336914,bm25_top100_crossenc_minilm
43,NCT02318992,17,-6.233388900756836,bm25_top100_crossenc_minilm
43,NCT03617172,18,-6.248632907867432,bm25_top100_crossenc_minilm
43,NCT00263237,19,-6.272892475128174,bm25_top100_crossenc_minilm
43,NCT03595566,20,-6.285680294036865,bm25_top100_crossenc_minilm
43,NCT00384527,21,-6.421003341674805,bm25_top100_crossenc_minilm
43,NCT01973465,22,-6.515321731567383,bm25_top100_crossenc_minilm
43,NCT02437500,23,-6.570782661437988,bm25_top100_crossenc_minilm
43,NCT00350298,24,-6.709702968597412,bm25_top100_crossenc_minilm
43,NCT03880539,25,-6.725240230560303,bm25_top100_crossenc_minilm
43,NCT00269399,26,-6.773777961730957,bm25_top100_crossenc_minilm
43,NCT02127814,27,-6.7941412925720215,bm25_top100_crossenc_minilm
43,NCT00377078,28,-6.835103511810303,bm25_top100_crossenc_minilm
43,NCT03647995,29,-6.843730926513672,bm25_top100_crossenc_minilm
43,NCT04237181,30,-6.877429008483887,bm25_top100_crossenc_minilm
43,NCT03030248,31,-6.897537708282471,bm25_top100_crossenc_minilm
43,NCT02120027,32,-6.987124443054199,bm25_top100_crossenc_minilm
43,NCT01559545,33,-7.001394271850586,bm25_top100_crossenc_minilm
43,NCT02981316,34,-7.023947715759277,bm25_top100_crossenc_minilm
43,NCT04121169,35,-7.030750274658203,bm25_top100_crossenc_minilm
43,NCT03595553,36,-7.1398820877075195,bm25_top100_crossenc_minilm
43,NCT01398969,37,-7.154809474945068,bm25_top100_crossenc_minilm
43,NCT02573571,38,-7.220766067504883,bm25_top100_crossenc_minilm
43,NCT02707198,39,-7.261826038360596,bm25_top100_crossenc_minilm
43,NCT04557215,40,-7.267634391784668,bm25_top100_crossenc_minilm
43,NCT03117582,41,-7.3531413078308105,bm25_top100_crossenc_minilm
43,NCT02107196,42,-7.369335651397705,bm25_top100_crossenc_minilm
43,NCT03005379,43,-7.3969526290893555,bm25_top100_crossenc_minilm
43,NCT02760745,44,-7.404980659484863,bm25_top100_crossenc_minilm
43,NCT04491799,45,-7.487141132354736,bm25_top100_crossenc_minilm
43,NCT03053505,46,-7.540109634399414,bm25_top100_crossenc_minilm
43,NCT02301000,47,-7.541950702667236,bm25_top100_crossenc_minilm
43,NCT04247542,48,-7.567065238952637,bm25_top100_crossenc_minilm
43,NCT02395848,49,-7.581614971160889,bm25_top100_crossenc_minilm
43,NCT03796650,50,-7.585084915161133,bm25_top100_crossenc_minilm
43,NCT01630096,51,-7.6202592849731445,bm25_top100_crossenc_minilm
43,NCT01472978,52,-7.643983840942383,bm25_top100_crossenc_minilm
43,NCT02218372,53,-7.7044172286987305,bm25_top100_crossenc_minilm
43,NCT03988855,54,-7.708658218383789,bm25_top100_crossenc_minilm
43,NCT02788071,55,-7.742995262145996,bm25_top100_crossenc_minilm
43,NCT04189874,56,-7.7985334396362305,bm25_top100_crossenc_minilm
43,NCT04802837,57,-7.836484909057617,bm25_top100_crossenc_minilm
43,NCT00106314,58,-7.846745014190674,bm25_top100_crossenc_minilm
43,NCT04698148,59,-7.875190734863281,bm25_top100_crossenc_minilm
43,NCT02355938,60,-7.896834373474121,bm25_top100_crossenc_minilm
43,NCT02179658,61,-7.9190216064453125,bm25_top100_crossenc_minilm
43,NCT04138186,62,-7.958687782287598,bm25_top100_crossenc_minilm
43,NCT02112279,63,-7.988073348999023,bm25_top100_crossenc_minilm
43,NCT02667418,64,-8.012852668762207,bm25_top100_crossenc_minilm
43,NCT03795233,65,-8.013442039489746,bm25_top100_crossenc_minilm
43,NCT02127398,66,-8.027076721191406,bm25_top100_crossenc_minilm
43,NCT03557788,67,-8.05024242401123,bm25_top100_crossenc_minilm
43,NCT02320318,68,-8.097574234008789,bm25_top100_crossenc_minilm
43,NCT01813500,69,-8.106075286865234,bm25_top100_crossenc_minilm
43,NCT02865616,70,-8.141159057617188,bm25_top100_crossenc_minilm
43,NCT03778606,71,-8.262350082397461,bm25_top100_crossenc_minilm
43,NCT02134392,72,-8.292257308959961,bm25_top100_crossenc_minilm
43,NCT03562741,73,-8.343664169311523,bm25_top100_crossenc_minilm
43,NCT03388268,74,-8.384735107421875,bm25_top100_crossenc_minilm
43,NCT04090346,75,-8.421711921691895,bm25_top100_crossenc_minilm
43,NCT03427229,76,-8.5551176071167,bm25_top100_crossenc_minilm
43,NCT01905709,77,-8.567197799682617,bm25_top100_crossenc_minilm
43,NCT02423967,78,-8.583942413330078,bm25_top100_crossenc_minilm
43,NCT01959048,79,-8.588440895080566,bm25_top100_crossenc_minilm
43,NCT00057486,80,-8.662824630737305,bm25_top100_crossenc_minilm
43,NCT03538366,81,-8.694806098937988,bm25_top100_crossenc_minilm
43,NCT04138706,82,-8.710853576660156,bm25_top100_crossenc_minilm
43,NCT03925636,83,-8.768800735473633,bm25_top100_crossenc_minilm
43,NCT02340481,84,-8.807918548583984,bm25_top100_crossenc_minilm
43,NCT02968511,85,-8.81822395324707,bm25_top100_crossenc_minilm
43,NCT02919670,86,-8.83022689819336,bm25_top100_crossenc_minilm
43,NCT02573844,87,-8.839468955993652,bm25_top100_crossenc_minilm
43,NCT01226992,88,-8.870942115783691,bm25_top100_crossenc_minilm
43,NCT01868373,89,-8.877599716186523,bm25_top100_crossenc_minilm
43,NCT03722511,90,-8.898055076599121,bm25_top100_crossenc_minilm
43,NCT03763175,91,-8.919893264770508,bm25_top100_crossenc_minilm
43,NCT01100684,92,-8.929608345031738,bm25_top100_crossenc_minilm
43,NCT00326443,93,-8.96966552734375,bm25_top100_crossenc_minilm
43,NCT02391012,94,-9.102779388427734,bm25_top100_crossenc_minilm
43,NCT04139577,95,-9.14814567565918,bm25_top100_crossenc_minilm
43,NCT00177775,96,-9.279664039611816,bm25_top100_crossenc_minilm
43,NCT02097797,97,-9.292226791381836,bm25_top100_crossenc_minilm
43,NCT03834038,98,-9.340202331542969,bm25_top100_crossenc_minilm
43,NCT04820413,99,-9.635005950927734,bm25_top100_crossenc_minilm
43,NCT04594954,100,-9.751952171325684,bm25_top100_crossenc_minilm
44,NCT03413839,1,0.03393864631652832,bm25_top100_crossenc_minilm
44,NCT02609009,2,-0.30464839935302734,bm25_top100_crossenc_minilm
44,NCT04421157,3,-2.3808767795562744,bm25_top100_crossenc_minilm
44,NCT03071471,4,-2.5536694526672363,bm25_top100_crossenc_minilm
44,NCT03071445,5,-2.5625483989715576,bm25_top100_crossenc_minilm
44,NCT03572855,6,-2.6514575481414795,bm25_top100_crossenc_minilm
44,NCT03862417,7,-2.840372323989868,bm25_top100_crossenc_minilm
44,NCT04761549,8,-2.840718984603882,bm25_top100_crossenc_minilm
44,NCT02200302,9,-2.860227584838867,bm25_top100_crossenc_minilm
44,NCT03305185,10,-3.207465171813965,bm25_top100_crossenc_minilm
44,NCT02761265,11,-3.3184404373168945,bm25_top100_crossenc_minilm
44,NCT03929042,12,-3.5648860931396484,bm25_top100_crossenc_minilm
44,NCT00155545,13,-3.621321439743042,bm25_top100_crossenc_minilm
44,NCT04170166,14,-3.832037925720215,bm25_top100_crossenc_minilm
44,NCT03303001,15,-3.9281833171844482,bm25_top100_crossenc_minilm
44,NCT04382638,16,-3.9831175804138184,bm25_top100_crossenc_minilm
44,NCT04465331,17,-4.126824855804443,bm25_top100_crossenc_minilm
44,NCT01661959,18,-4.210516929626465,bm25_top100_crossenc_minilm
44,NCT03791892,19,-4.532492637634277,bm25_top100_crossenc_minilm
44,NCT04226209,20,-4.541575908660889,bm25_top100_crossenc_minilm
44,NCT03915106,21,-4.555255889892578,bm25_top100_crossenc_minilm
44,NCT01801553,22,-4.622501373291016,bm25_top100_crossenc_minilm
44,NCT01118988,23,-4.6633501052856445,bm25_top100_crossenc_minilm
44,NCT04619134,24,-4.890174865722656,bm25_top100_crossenc_minilm
44,NCT00835302,25,-5.156832695007324,bm25_top100_crossenc_minilm
44,NCT04049253,26,-5.260361194610596,bm25_top100_crossenc_minilm
44,NCT02201966,27,-5.359533309936523,bm25_top100_crossenc_minilm
44,NCT03022656,28,-5.379985809326172,bm25_top100_crossenc_minilm
44,NCT03456531,29,-5.469048500061035,bm25_top100_crossenc_minilm
44,NCT02266199,30,-5.538225173950195,bm25_top100_crossenc_minilm
44,NCT02631486,31,-5.544394493103027,bm25_top100_crossenc_minilm
44,NCT03001050,32,-5.59535026550293,bm25_top100_crossenc_minilm
44,NCT04342520,33,-5.796969413757324,bm25_top100_crossenc_minilm
44,NCT03041506,34,-5.812933444976807,bm25_top100_crossenc_minilm
44,NCT01884077,35,-5.915096282958984,bm25_top100_crossenc_minilm
44,NCT01746966,36,-6.08465051651001,bm25_top100_crossenc_minilm
44,NCT04571268,37,-6.11361026763916,bm25_top100_crossenc_minilm
44,NCT03728387,38,-6.215028762817383,bm25_top100_crossenc_minilm
44,NCT01959893,39,-6.287578582763672,bm25_top100_crossenc_minilm
44,NCT04859127,40,-6.338534355163574,bm25_top100_crossenc_minilm
44,NCT04479397,41,-6.37334680557251,bm25_top100_crossenc_minilm
44,NCT02510625,42,-6.375958442687988,bm25_top100_crossenc_minilm
44,NCT03559244,43,-6.3807291984558105,bm25_top100_crossenc_minilm
44,NCT03711409,44,-6.449668884277344,bm25_top100_crossenc_minilm
44,NCT03948386,45,-6.5435357093811035,bm25_top100_crossenc_minilm
44,NCT00761943,46,-6.611810684204102,bm25_top100_crossenc_minilm
44,NCT04316793,47,-6.626918315887451,bm25_top100_crossenc_minilm
44,NCT03798002,48,-6.662746429443359,bm25_top100_crossenc_minilm
44,NCT02940119,49,-6.747685432434082,bm25_top100_crossenc_minilm
44,NCT01140386,50,-6.884929656982422,bm25_top100_crossenc_minilm
44,NCT03195127,51,-6.968677043914795,bm25_top100_crossenc_minilm
44,NCT01961219,52,-6.97675085067749,bm25_top100_crossenc_minilm
44,NCT02838394,53,-6.994625091552734,bm25_top100_crossenc_minilm
44,NCT02164305,54,-7.072752952575684,bm25_top100_crossenc_minilm
44,NCT01402011,55,-7.129900932312012,bm25_top100_crossenc_minilm
44,NCT04463524,56,-7.139796733856201,bm25_top100_crossenc_minilm
44,NCT00112333,57,-7.148731708526611,bm25_top100_crossenc_minilm
44,NCT00194636,58,-7.186196327209473,bm25_top100_crossenc_minilm
44,NCT03412708,59,-7.226340293884277,bm25_top100_crossenc_minilm
44,NCT03327974,60,-7.2324934005737305,bm25_top100_crossenc_minilm
44,NCT04101019,61,-7.254627227783203,bm25_top100_crossenc_minilm
44,NCT02411734,62,-7.304215431213379,bm25_top100_crossenc_minilm
44,NCT04851639,63,-7.324499607086182,bm25_top100_crossenc_minilm
44,NCT00492219,64,-7.402761459350586,bm25_top100_crossenc_minilm
44,NCT02415088,65,-7.644533157348633,bm25_top100_crossenc_minilm
44,NCT01738113,66,-7.648950576782227,bm25_top100_crossenc_minilm
44,NCT02616653,67,-7.6535820960998535,bm25_top100_crossenc_minilm
44,NCT03066544,68,-7.662128448486328,bm25_top100_crossenc_minilm
44,NCT03619200,69,-7.679718017578125,bm25_top100_crossenc_minilm
44,NCT04853056,70,-7.694239616394043,bm25_top100_crossenc_minilm
44,NCT01570985,71,-7.778377532958984,bm25_top100_crossenc_minilm
44,NCT00176696,72,-7.790534019470215,bm25_top100_crossenc_minilm
44,NCT04019990,73,-7.815160751342773,bm25_top100_crossenc_minilm
44,NCT01599546,74,-7.837594509124756,bm25_top100_crossenc_minilm
44,NCT03670719,75,-7.900645732879639,bm25_top100_crossenc_minilm
44,NCT04396314,76,-7.94541072845459,bm25_top100_crossenc_minilm
44,NCT00682994,77,-7.99891471862793,bm25_top100_crossenc_minilm
44,NCT04780828,78,-8.002464294433594,bm25_top100_crossenc_minilm
44,NCT03420339,79,-8.030130386352539,bm25_top100_crossenc_minilm
44,NCT03317262,80,-8.10224723815918,bm25_top100_crossenc_minilm
44,NCT04567797,81,-8.127506256103516,bm25_top100_crossenc_minilm
44,NCT01722578,82,-8.248088836669922,bm25_top100_crossenc_minilm
44,NCT02314221,83,-8.274843215942383,bm25_top100_crossenc_minilm
44,NCT00351208,84,-8.293352127075195,bm25_top100_crossenc_minilm
44,NCT00495781,85,-8.35702133178711,bm25_top100_crossenc_minilm
44,NCT03008005,86,-8.394231796264648,bm25_top100_crossenc_minilm
44,NCT03677349,87,-8.431386947631836,bm25_top100_crossenc_minilm
44,NCT03336203,88,-8.45965576171875,bm25_top100_crossenc_minilm
44,NCT03108612,89,-8.469865798950195,bm25_top100_crossenc_minilm
44,NCT01038219,90,-8.618046760559082,bm25_top100_crossenc_minilm
44,NCT02169011,91,-8.628385543823242,bm25_top100_crossenc_minilm
44,NCT00498719,92,-8.668718338012695,bm25_top100_crossenc_minilm
44,NCT03455790,93,-8.732473373413086,bm25_top100_crossenc_minilm
44,NCT03232515,94,-8.791157722473145,bm25_top100_crossenc_minilm
44,NCT01345643,95,-8.907808303833008,bm25_top100_crossenc_minilm
44,NCT01597232,96,-9.083619117736816,bm25_top100_crossenc_minilm
44,NCT01775501,97,-9.111536026000977,bm25_top100_crossenc_minilm
44,NCT02088866,98,-9.157471656799316,bm25_top100_crossenc_minilm
44,NCT04051788,99,-9.365519523620605,bm25_top100_crossenc_minilm
44,NCT00957307,100,-9.798009872436523,bm25_top100_crossenc_minilm
45,NCT03431285,1,-1.347682237625122,bm25_top100_crossenc_minilm
45,NCT00072826,2,-1.695483922958374,bm25_top100_crossenc_minilm
45,NCT01932554,3,-1.7932125329971313,bm25_top100_crossenc_minilm
45,NCT01441141,4,-1.8444151878356934,bm25_top100_crossenc_minilm
45,NCT03682211,5,-2.550354480743408,bm25_top100_crossenc_minilm
45,NCT00001716,6,-2.6513421535491943,bm25_top100_crossenc_minilm
45,NCT02843347,7,-2.964287281036377,bm25_top100_crossenc_minilm
45,NCT00773890,8,-3.117892265319824,bm25_top100_crossenc_minilm
45,NCT00600665,9,-3.2152678966522217,bm25_top100_crossenc_minilm
45,NCT00094887,10,-3.528499126434326,bm25_top100_crossenc_minilm
45,NCT04000165,11,-3.678974151611328,bm25_top100_crossenc_minilm
45,NCT01683968,12,-3.8067407608032227,bm25_top100_crossenc_minilm
45,NCT03049475,13,-3.981966257095337,bm25_top100_crossenc_minilm
45,NCT00270478,14,-3.997775077819824,bm25_top100_crossenc_minilm
45,NCT00000586,15,-4.156311511993408,bm25_top100_crossenc_minilm
45,NCT00834899,16,-4.164200782775879,bm25_top100_crossenc_minilm
45,NCT01568710,17,-4.464450836181641,bm25_top100_crossenc_minilm
45,NCT01987908,18,-4.532895088195801,bm25_top100_crossenc_minilm
45,NCT02989701,19,-4.601381301879883,bm25_top100_crossenc_minilm
45,NCT02212535,20,-4.651407241821289,bm25_top100_crossenc_minilm
45,NCT00508989,21,-4.722764492034912,bm25_top100_crossenc_minilm
45,NCT01568645,22,-4.75346565246582,bm25_top100_crossenc_minilm
45,NCT01202812,23,-4.832571029663086,bm25_top100_crossenc_minilm
45,NCT00711698,24,-4.8417863845825195,bm25_top100_crossenc_minilm
45,NCT01197417,25,-4.842240333557129,bm25_top100_crossenc_minilm
45,NCT01119833,26,-4.913549423217773,bm25_top100_crossenc_minilm
45,NCT03615924,27,-5.060057163238525,bm25_top100_crossenc_minilm
45,NCT00005782,28,-5.098573684692383,bm25_top100_crossenc_minilm
45,NCT00142051,29,-5.1775641441345215,bm25_top100_crossenc_minilm
45,NCT04293172,30,-5.227785110473633,bm25_top100_crossenc_minilm
45,NCT01393847,31,-5.240900039672852,bm25_top100_crossenc_minilm
45,NCT04610866,32,-5.2855224609375,bm25_top100_crossenc_minilm
45,NCT04121247,33,-5.3853759765625,bm25_top100_crossenc_minilm
45,NCT00040456,34,-5.391258716583252,bm25_top100_crossenc_minilm
45,NCT00745420,35,-5.476835250854492,bm25_top100_crossenc_minilm
45,NCT03704922,36,-5.491656303405762,bm25_top100_crossenc_minilm
45,NCT02712346,37,-5.521982669830322,bm25_top100_crossenc_minilm
45,NCT03997903,38,-5.574509620666504,bm25_top100_crossenc_minilm
45,NCT02766465,39,-5.582046031951904,bm25_top100_crossenc_minilm
45,NCT03664830,40,-5.598816394805908,bm25_top100_crossenc_minilm
45,NCT00513617,41,-5.707955360412598,bm25_top100_crossenc_minilm
45,NCT04676113,42,-5.728078842163086,bm25_top100_crossenc_minilm
45,NCT00586209,43,-5.789822101593018,bm25_top100_crossenc_minilm
45,NCT02417298,44,-5.8290910720825195,bm25_top100_crossenc_minilm
45,NCT00056433,45,-5.863427639007568,bm25_top100_crossenc_minilm
45,NCT00532883,46,-5.9039225578308105,bm25_top100_crossenc_minilm
45,NCT00059423,47,-5.950435638427734,bm25_top100_crossenc_minilm
45,NCT01179217,48,-6.040825843811035,bm25_top100_crossenc_minilm
45,NCT00125788,49,-6.076061725616455,bm25_top100_crossenc_minilm
45,NCT02604368,50,-6.165379524230957,bm25_top100_crossenc_minilm
45,NCT01685515,51,-6.191579818725586,bm25_top100_crossenc_minilm
45,NCT03902262,52,-6.226572036743164,bm25_top100_crossenc_minilm
45,NCT00850018,53,-6.3610944747924805,bm25_top100_crossenc_minilm
45,NCT01245179,54,-6.365509033203125,bm25_top100_crossenc_minilm
45,NCT04514510,55,-6.45465612411499,bm25_top100_crossenc_minilm
45,NCT02225132,56,-6.455874919891357,bm25_top100_crossenc_minilm
45,NCT01375608,57,-6.508661270141602,bm25_top100_crossenc_minilm
45,NCT03997760,58,-6.541285037994385,bm25_top100_crossenc_minilm
45,NCT02973360,59,-6.575745105743408,bm25_top100_crossenc_minilm
45,NCT04055818,60,-6.796664714813232,bm25_top100_crossenc_minilm
45,NCT00981370,61,-6.824995517730713,bm25_top100_crossenc_minilm
45,NCT01976416,62,-7.002974510192871,bm25_top100_crossenc_minilm
45,NCT01447056,63,-7.305423736572266,bm25_top100_crossenc_minilm
45,NCT00092937,64,-7.472697734832764,bm25_top100_crossenc_minilm
45,NCT03282656,65,-7.486298561096191,bm25_top100_crossenc_minilm
45,NCT00263562,66,-7.5459885597229,bm25_top100_crossenc_minilm
45,NCT00953420,67,-7.599181652069092,bm25_top100_crossenc_minilm
45,NCT01118988,68,-7.834993362426758,bm25_top100_crossenc_minilm
45,NCT00194597,69,-7.886386871337891,bm25_top100_crossenc_minilm
45,NCT00301405,70,-7.9332404136657715,bm25_top100_crossenc_minilm
45,NCT04855695,71,-8.030771255493164,bm25_top100_crossenc_minilm
45,NCT04477850,72,-8.155807495117188,bm25_top100_crossenc_minilm
45,NCT03534505,73,-8.163156509399414,bm25_top100_crossenc_minilm
45,NCT04725591,74,-8.177499771118164,bm25_top100_crossenc_minilm
45,NCT02430818,75,-8.281482696533203,bm25_top100_crossenc_minilm
45,NCT01834898,76,-8.328529357910156,bm25_top100_crossenc_minilm
45,NCT04190277,77,-8.35113525390625,bm25_top100_crossenc_minilm
45,NCT00997958,78,-8.37173843383789,bm25_top100_crossenc_minilm
45,NCT04245540,79,-8.388139724731445,bm25_top100_crossenc_minilm
45,NCT00992693,80,-8.456881523132324,bm25_top100_crossenc_minilm
45,NCT00701311,81,-8.48591423034668,bm25_top100_crossenc_minilm
45,NCT02780583,82,-8.492033004760742,bm25_top100_crossenc_minilm
45,NCT03778138,83,-8.503413200378418,bm25_top100_crossenc_minilm
45,NCT04165590,84,-8.542299270629883,bm25_top100_crossenc_minilm
45,NCT04764487,85,-8.702991485595703,bm25_top100_crossenc_minilm
45,NCT00609934,86,-8.748397827148438,bm25_top100_crossenc_minilm
45,NCT02408991,87,-8.830737113952637,bm25_top100_crossenc_minilm
45,NCT03548103,88,-8.892597198486328,bm25_top100_crossenc_minilm
45,NCT03781895,89,-8.899450302124023,bm25_top100_crossenc_minilm
45,NCT03777982,90,-8.938247680664062,bm25_top100_crossenc_minilm
45,NCT02047136,91,-9.0028076171875,bm25_top100_crossenc_minilm
45,NCT01813227,92,-9.025745391845703,bm25_top100_crossenc_minilm
45,NCT00211120,93,-9.037619590759277,bm25_top100_crossenc_minilm
45,NCT00603447,94,-9.106754302978516,bm25_top100_crossenc_minilm
45,NCT01961219,95,-9.177736282348633,bm25_top100_crossenc_minilm
45,NCT01553318,96,-9.214040756225586,bm25_top100_crossenc_minilm
45,NCT04668690,97,-9.222455978393555,bm25_top100_crossenc_minilm
45,NCT02088866,98,-9.406792640686035,bm25_top100_crossenc_minilm
45,NCT03336203,99,-9.51266860961914,bm25_top100_crossenc_minilm
45,NCT03843918,100,-9.84227180480957,bm25_top100_crossenc_minilm
46,NCT03902262,1,-5.71989631652832,bm25_top100_crossenc_minilm
46,NCT02371681,2,-6.918050289154053,bm25_top100_crossenc_minilm
46,NCT03702738,3,-7.019317150115967,bm25_top100_crossenc_minilm
46,NCT01728753,4,-7.344297409057617,bm25_top100_crossenc_minilm
46,NCT02821832,5,-7.372100830078125,bm25_top100_crossenc_minilm
46,NCT01215110,6,-7.571620941162109,bm25_top100_crossenc_minilm
46,NCT01215851,7,-7.7140727043151855,bm25_top100_crossenc_minilm
46,NCT00396084,8,-7.716775894165039,bm25_top100_crossenc_minilm
46,NCT02349841,9,-7.718903541564941,bm25_top100_crossenc_minilm
46,NCT02746432,10,-7.8907060623168945,bm25_top100_crossenc_minilm
46,NCT02187172,11,-7.959756374359131,bm25_top100_crossenc_minilm
46,NCT01691534,12,-8.028463363647461,bm25_top100_crossenc_minilm
46,NCT01218217,13,-8.068449974060059,bm25_top100_crossenc_minilm
46,NCT02828033,14,-8.073222160339355,bm25_top100_crossenc_minilm
46,NCT00023374,15,-8.153907775878906,bm25_top100_crossenc_minilm
46,NCT02342886,16,-8.160906791687012,bm25_top100_crossenc_minilm
46,NCT01092325,17,-8.200188636779785,bm25_top100_crossenc_minilm
46,NCT03473002,18,-8.21573543548584,bm25_top100_crossenc_minilm
46,NCT00362869,19,-8.245451927185059,bm25_top100_crossenc_minilm
46,NCT00425113,20,-8.310403823852539,bm25_top100_crossenc_minilm
46,NCT01119521,21,-8.312368392944336,bm25_top100_crossenc_minilm
46,NCT03563599,22,-8.324589729309082,bm25_top100_crossenc_minilm
46,NCT02279875,23,-8.419185638427734,bm25_top100_crossenc_minilm
46,NCT04044001,24,-8.45973014831543,bm25_top100_crossenc_minilm
46,NCT01498419,25,-8.467927932739258,bm25_top100_crossenc_minilm
46,NCT00727844,26,-8.473011016845703,bm25_top100_crossenc_minilm
46,NCT00845650,27,-8.474376678466797,bm25_top100_crossenc_minilm
46,NCT00685360,28,-8.494704246520996,bm25_top100_crossenc_minilm
46,NCT00130247,29,-8.553972244262695,bm25_top100_crossenc_minilm
46,NCT00128193,30,-8.55419635772705,bm25_top100_crossenc_minilm
46,NCT04129931,31,-8.558958053588867,bm25_top100_crossenc_minilm
46,NCT02193776,32,-8.66716194152832,bm25_top100_crossenc_minilm
46,NCT04660201,33,-8.724367141723633,bm25_top100_crossenc_minilm
46,NCT04504851,34,-8.766378402709961,bm25_top100_crossenc_minilm
46,NCT02681445,35,-8.768186569213867,bm25_top100_crossenc_minilm
46,NCT03828201,36,-8.780479431152344,bm25_top100_crossenc_minilm
46,NCT00944658,37,-8.785942077636719,bm25_top100_crossenc_minilm
46,NCT00099996,38,-8.850963592529297,bm25_top100_crossenc_minilm
46,NCT01942265,39,-8.876708030700684,bm25_top100_crossenc_minilm
46,NCT01381757,40,-8.888147354125977,bm25_top100_crossenc_minilm
46,NCT04832880,41,-8.892274856567383,bm25_top100_crossenc_minilm
46,NCT00918086,42,-8.954572677612305,bm25_top100_crossenc_minilm
46,NCT01881971,43,-8.990893363952637,bm25_top100_crossenc_minilm
46,NCT01516203,44,-9.029779434204102,bm25_top100_crossenc_minilm
46,NCT04766307,45,-9.030284881591797,bm25_top100_crossenc_minilm
46,NCT03338621,46,-9.063356399536133,bm25_top100_crossenc_minilm
46,NCT03043131,47,-9.064048767089844,bm25_top100_crossenc_minilm
46,NCT01280461,48,-9.072036743164062,bm25_top100_crossenc_minilm
46,NCT01096043,49,-9.10234546661377,bm25_top100_crossenc_minilm
46,NCT01589497,50,-9.109177589416504,bm25_top100_crossenc_minilm
46,NCT01074502,51,-9.12748908996582,bm25_top100_crossenc_minilm
46,NCT02117661,52,-9.139190673828125,bm25_top100_crossenc_minilm
46,NCT02409290,53,-9.150993347167969,bm25_top100_crossenc_minilm
46,NCT02333799,54,-9.157394409179688,bm25_top100_crossenc_minilm
46,NCT04629378,55,-9.165645599365234,bm25_top100_crossenc_minilm
46,NCT02929316,56,-9.180705070495605,bm25_top100_crossenc_minilm
46,NCT00144417,57,-9.210210800170898,bm25_top100_crossenc_minilm
46,NCT04738812,58,-9.230118751525879,bm25_top100_crossenc_minilm
46,NCT04694586,59,-9.233406066894531,bm25_top100_crossenc_minilm
46,NCT02901288,60,-9.259647369384766,bm25_top100_crossenc_minilm
46,NCT00140309,61,-9.275680541992188,bm25_top100_crossenc_minilm
46,NCT00814632,62,-9.297343254089355,bm25_top100_crossenc_minilm
46,NCT00864383,63,-9.318338394165039,bm25_top100_crossenc_minilm
46,NCT03945825,64,-9.326334953308105,bm25_top100_crossenc_minilm
46,NCT04721795,65,-9.330340385437012,bm25_top100_crossenc_minilm
46,NCT02936167,66,-9.332094192504883,bm25_top100_crossenc_minilm
46,NCT01392911,67,-9.3349609375,bm25_top100_crossenc_minilm
46,NCT02776150,68,-9.348052978515625,bm25_top100_crossenc_minilm
46,NCT01571739,69,-9.363008499145508,bm25_top100_crossenc_minilm
46,NCT03604848,70,-9.37574291229248,bm25_top100_crossenc_minilm
46,NCT03561753,71,-9.414421081542969,bm25_top100_crossenc_minilm
46,NCT01130311,72,-9.423023223876953,bm25_top100_crossenc_minilm
46,NCT01785186,73,-9.439054489135742,bm25_top100_crossenc_minilm
46,NCT00341328,74,-9.507424354553223,bm25_top100_crossenc_minilm
46,NCT03867136,75,-9.507608413696289,bm25_top100_crossenc_minilm
46,NCT02365623,76,-9.519021034240723,bm25_top100_crossenc_minilm
46,NCT03278483,77,-9.52104663848877,bm25_top100_crossenc_minilm
46,NCT01408914,78,-9.527115821838379,bm25_top100_crossenc_minilm
46,NCT03891901,79,-9.528654098510742,bm25_top100_crossenc_minilm
46,NCT04856644,80,-9.52896785736084,bm25_top100_crossenc_minilm
46,NCT01994460,81,-9.544471740722656,bm25_top100_crossenc_minilm
46,NCT00793208,82,-9.553427696228027,bm25_top100_crossenc_minilm
46,NCT01053598,83,-9.557344436645508,bm25_top100_crossenc_minilm
46,NCT02581527,84,-9.562570571899414,bm25_top100_crossenc_minilm
46,NCT03026504,85,-9.666011810302734,bm25_top100_crossenc_minilm
46,NCT03086486,86,-9.680280685424805,bm25_top100_crossenc_minilm
46,NCT03959566,87,-9.70213794708252,bm25_top100_crossenc_minilm
46,NCT03896685,88,-9.730777740478516,bm25_top100_crossenc_minilm
46,NCT02563327,89,-9.737322807312012,bm25_top100_crossenc_minilm
46,NCT02410772,90,-9.777935028076172,bm25_top100_crossenc_minilm
46,NCT03478033,91,-9.779622077941895,bm25_top100_crossenc_minilm
46,NCT00353340,92,-9.780235290527344,bm25_top100_crossenc_minilm
46,NCT04550832,93,-9.827803611755371,bm25_top100_crossenc_minilm
46,NCT03719443,94,-9.858231544494629,bm25_top100_crossenc_minilm
46,NCT00694629,95,-9.883500099182129,bm25_top100_crossenc_minilm
46,NCT02120638,96,-9.934725761413574,bm25_top100_crossenc_minilm
46,NCT04311502,97,-9.949684143066406,bm25_top100_crossenc_minilm
46,NCT00377247,98,-9.962352752685547,bm25_top100_crossenc_minilm
46,NCT03256136,99,-10.338713645935059,bm25_top100_crossenc_minilm
46,NCT02754765,100,-10.394157409667969,bm25_top100_crossenc_minilm
47,NCT03902262,1,-4.89978551864624,bm25_top100_crossenc_minilm
47,NCT04064957,2,-7.677065849304199,bm25_top100_crossenc_minilm
47,NCT01257880,3,-7.933647632598877,bm25_top100_crossenc_minilm
47,NCT02482350,4,-8.080245971679688,bm25_top100_crossenc_minilm
47,NCT04807491,5,-8.262510299682617,bm25_top100_crossenc_minilm
47,NCT00564096,6,-8.277233123779297,bm25_top100_crossenc_minilm
47,NCT03434093,7,-8.286568641662598,bm25_top100_crossenc_minilm
47,NCT03543345,8,-8.384675025939941,bm25_top100_crossenc_minilm
47,NCT03584425,9,-8.498384475708008,bm25_top100_crossenc_minilm
47,NCT04859127,10,-8.862052917480469,bm25_top100_crossenc_minilm
47,NCT03218410,11,-8.869024276733398,bm25_top100_crossenc_minilm
47,NCT03412708,12,-8.912759780883789,bm25_top100_crossenc_minilm
47,NCT03826446,13,-9.00207805633545,bm25_top100_crossenc_minilm
47,NCT03284801,14,-9.002771377563477,bm25_top100_crossenc_minilm
47,NCT04074486,15,-9.029239654541016,bm25_top100_crossenc_minilm
47,NCT00417898,16,-9.085319519042969,bm25_top100_crossenc_minilm
47,NCT03647631,17,-9.1177978515625,bm25_top100_crossenc_minilm
47,NCT01654445,18,-9.126138687133789,bm25_top100_crossenc_minilm
47,NCT02055859,19,-9.13148307800293,bm25_top100_crossenc_minilm
47,NCT01722578,20,-9.171680450439453,bm25_top100_crossenc_minilm
47,NCT02822391,21,-9.184375762939453,bm25_top100_crossenc_minilm
47,NCT01499784,22,-9.199716567993164,bm25_top100_crossenc_minilm
47,NCT03845595,23,-9.204757690429688,bm25_top100_crossenc_minilm
47,NCT00418275,24,-9.232565879821777,bm25_top100_crossenc_minilm
47,NCT00663988,25,-9.253983497619629,bm25_top100_crossenc_minilm
47,NCT02225834,26,-9.276948928833008,bm25_top100_crossenc_minilm
47,NCT03763383,27,-9.291412353515625,bm25_top100_crossenc_minilm
47,NCT02731781,28,-9.325431823730469,bm25_top100_crossenc_minilm
47,NCT00005903,29,-9.326252937316895,bm25_top100_crossenc_minilm
47,NCT03682159,30,-9.38530445098877,bm25_top100_crossenc_minilm
47,NCT03380715,31,-9.394115447998047,bm25_top100_crossenc_minilm
47,NCT04790149,32,-9.398051261901855,bm25_top100_crossenc_minilm
47,NCT03601273,33,-9.401571273803711,bm25_top100_crossenc_minilm
47,NCT03581877,34,-9.443466186523438,bm25_top100_crossenc_minilm
47,NCT02737189,35,-9.457383155822754,bm25_top100_crossenc_minilm
47,NCT02940119,36,-9.465611457824707,bm25_top100_crossenc_minilm
47,NCT03192332,37,-9.472183227539062,bm25_top100_crossenc_minilm
47,NCT00624000,38,-9.476582527160645,bm25_top100_crossenc_minilm
47,NCT02651272,39,-9.521903991699219,bm25_top100_crossenc_minilm
47,NCT04030741,40,-9.539976119995117,bm25_top100_crossenc_minilm
47,NCT04737655,41,-9.542757034301758,bm25_top100_crossenc_minilm
47,NCT02248688,42,-9.543130874633789,bm25_top100_crossenc_minilm
47,NCT01599975,43,-9.566845893859863,bm25_top100_crossenc_minilm
47,NCT03195907,44,-9.596593856811523,bm25_top100_crossenc_minilm
47,NCT03731351,45,-9.640124320983887,bm25_top100_crossenc_minilm
47,NCT01242150,46,-9.640207290649414,bm25_top100_crossenc_minilm
47,NCT01583062,47,-9.643218994140625,bm25_top100_crossenc_minilm
47,NCT00314002,48,-9.655830383300781,bm25_top100_crossenc_minilm
47,NCT01928641,49,-9.656418800354004,bm25_top100_crossenc_minilm
47,NCT03477188,50,-9.67410945892334,bm25_top100_crossenc_minilm
47,NCT04129931,51,-9.698695182800293,bm25_top100_crossenc_minilm
47,NCT04159792,52,-9.717352867126465,bm25_top100_crossenc_minilm
47,NCT04411927,53,-9.728363037109375,bm25_top100_crossenc_minilm
47,NCT04659265,54,-9.730143547058105,bm25_top100_crossenc_minilm
47,NCT02734082,55,-9.74942398071289,bm25_top100_crossenc_minilm
47,NCT00601744,56,-9.757305145263672,bm25_top100_crossenc_minilm
47,NCT02625272,57,-9.761248588562012,bm25_top100_crossenc_minilm
47,NCT02452502,58,-9.809021949768066,bm25_top100_crossenc_minilm
47,NCT04645576,59,-9.827207565307617,bm25_top100_crossenc_minilm
47,NCT02224560,60,-9.838848114013672,bm25_top100_crossenc_minilm
47,NCT02029456,61,-9.846674919128418,bm25_top100_crossenc_minilm
47,NCT01310114,62,-9.864137649536133,bm25_top100_crossenc_minilm
47,NCT03127891,63,-9.87338638305664,bm25_top100_crossenc_minilm
47,NCT01253512,64,-9.88559341430664,bm25_top100_crossenc_minilm
47,NCT04544371,65,-9.890941619873047,bm25_top100_crossenc_minilm
47,NCT04424940,66,-9.892193794250488,bm25_top100_crossenc_minilm
47,NCT02854592,67,-9.928855895996094,bm25_top100_crossenc_minilm
47,NCT03266731,68,-9.929638862609863,bm25_top100_crossenc_minilm
47,NCT04650425,69,-9.936302185058594,bm25_top100_crossenc_minilm
47,NCT00227448,70,-9.94780158996582,bm25_top100_crossenc_minilm
47,NCT04555499,71,-9.978948593139648,bm25_top100_crossenc_minilm
47,NCT00061373,72,-9.979793548583984,bm25_top100_crossenc_minilm
47,NCT03142945,73,-10.01064395904541,bm25_top100_crossenc_minilm
47,NCT01952834,74,-10.017684936523438,bm25_top100_crossenc_minilm
47,NCT00692588,75,-10.0278959274292,bm25_top100_crossenc_minilm
47,NCT04317937,76,-10.030644416809082,bm25_top100_crossenc_minilm
47,NCT02734498,77,-10.052265167236328,bm25_top100_crossenc_minilm
47,NCT03336203,78,-10.069038391113281,bm25_top100_crossenc_minilm
47,NCT04110912,79,-10.06971549987793,bm25_top100_crossenc_minilm
47,NCT04240470,80,-10.069914817810059,bm25_top100_crossenc_minilm
47,NCT00042159,81,-10.080865859985352,bm25_top100_crossenc_minilm
47,NCT02448069,82,-10.083642959594727,bm25_top100_crossenc_minilm
47,NCT00252239,83,-10.090805053710938,bm25_top100_crossenc_minilm
47,NCT01220739,84,-10.09083080291748,bm25_top100_crossenc_minilm
47,NCT04400981,85,-10.096203804016113,bm25_top100_crossenc_minilm
47,NCT03969511,86,-10.111740112304688,bm25_top100_crossenc_minilm
47,NCT02403908,87,-10.133617401123047,bm25_top100_crossenc_minilm
47,NCT04500223,88,-10.140477180480957,bm25_top100_crossenc_minilm
47,NCT02425670,89,-10.149431228637695,bm25_top100_crossenc_minilm
47,NCT02572336,90,-10.170317649841309,bm25_top100_crossenc_minilm
47,NCT01591096,91,-10.172526359558105,bm25_top100_crossenc_minilm
47,NCT04110275,92,-10.196091651916504,bm25_top100_crossenc_minilm
47,NCT02718534,93,-10.206270217895508,bm25_top100_crossenc_minilm
47,NCT00422708,94,-10.234946250915527,bm25_top100_crossenc_minilm
47,NCT03036020,95,-10.286916732788086,bm25_top100_crossenc_minilm
47,NCT02088866,96,-10.311054229736328,bm25_top100_crossenc_minilm
47,NCT01183533,97,-10.36762809753418,bm25_top100_crossenc_minilm
47,NCT03235271,98,-10.38550853729248,bm25_top100_crossenc_minilm
47,NCT01599546,99,-10.459373474121094,bm25_top100_crossenc_minilm
47,NCT02785120,100,-10.606358528137207,bm25_top100_crossenc_minilm
48,NCT02633813,1,-7.548508167266846,bm25_top100_crossenc_minilm
48,NCT04366037,2,-7.778844833374023,bm25_top100_crossenc_minilm
48,NCT03999437,3,-8.355250358581543,bm25_top100_crossenc_minilm
48,NCT01882894,4,-8.398107528686523,bm25_top100_crossenc_minilm
48,NCT02842021,5,-8.517927169799805,bm25_top100_crossenc_minilm
48,NCT01353976,6,-8.524726867675781,bm25_top100_crossenc_minilm
48,NCT00869336,7,-8.548381805419922,bm25_top100_crossenc_minilm
48,NCT00653393,8,-8.581098556518555,bm25_top100_crossenc_minilm
48,NCT02771496,9,-8.624625205993652,bm25_top100_crossenc_minilm
48,NCT00768599,10,-8.65517520904541,bm25_top100_crossenc_minilm
48,NCT01580891,11,-8.681488037109375,bm25_top100_crossenc_minilm
48,NCT00865111,12,-8.806262969970703,bm25_top100_crossenc_minilm
48,NCT00111384,13,-8.847501754760742,bm25_top100_crossenc_minilm
48,NCT01358240,14,-8.875865936279297,bm25_top100_crossenc_minilm
48,NCT00680160,15,-8.87874984741211,bm25_top100_crossenc_minilm
48,NCT01290341,16,-8.887184143066406,bm25_top100_crossenc_minilm
48,NCT04236843,17,-8.888785362243652,bm25_top100_crossenc_minilm
48,NCT00750139,18,-8.923508644104004,bm25_top100_crossenc_minilm
48,NCT01119742,19,-8.955166816711426,bm25_top100_crossenc_minilm
48,NCT01712360,20,-8.956363677978516,bm25_top100_crossenc_minilm
48,NCT02871011,21,-8.979513168334961,bm25_top100_crossenc_minilm
48,NCT00284583,22,-9.0026273727417,bm25_top100_crossenc_minilm
48,NCT01110330,23,-9.012983322143555,bm25_top100_crossenc_minilm
48,NCT01728753,24,-9.024551391601562,bm25_top100_crossenc_minilm
48,NCT00835510,25,-9.046711921691895,bm25_top100_crossenc_minilm
48,NCT01580878,26,-9.08929443359375,bm25_top100_crossenc_minilm
48,NCT00893880,27,-9.113486289978027,bm25_top100_crossenc_minilm
48,NCT01781507,28,-9.127238273620605,bm25_top100_crossenc_minilm
48,NCT02860052,29,-9.210262298583984,bm25_top100_crossenc_minilm
48,NCT01314339,30,-9.211297988891602,bm25_top100_crossenc_minilm
48,NCT01524432,31,-9.225394248962402,bm25_top100_crossenc_minilm
48,NCT00366132,32,-9.246851921081543,bm25_top100_crossenc_minilm
48,NCT03320486,33,-9.267996788024902,bm25_top100_crossenc_minilm
48,NCT04463524,34,-9.271366119384766,bm25_top100_crossenc_minilm
48,NCT00856596,35,-9.289426803588867,bm25_top100_crossenc_minilm
48,NCT03357042,36,-9.302268981933594,bm25_top100_crossenc_minilm
48,NCT01519752,37,-9.330158233642578,bm25_top100_crossenc_minilm
48,NCT03878316,38,-9.346536636352539,bm25_top100_crossenc_minilm
48,NCT03506776,39,-9.360977172851562,bm25_top100_crossenc_minilm
48,NCT03497039,40,-9.370790481567383,bm25_top100_crossenc_minilm
48,NCT01506050,41,-9.394948959350586,bm25_top100_crossenc_minilm
48,NCT01506037,42,-9.395318031311035,bm25_top100_crossenc_minilm
48,NCT01891305,43,-9.399520874023438,bm25_top100_crossenc_minilm
48,NCT04411927,44,-9.418429374694824,bm25_top100_crossenc_minilm
48,NCT00775905,45,-9.436589241027832,bm25_top100_crossenc_minilm
48,NCT01118988,46,-9.469942092895508,bm25_top100_crossenc_minilm
48,NCT02463487,47,-9.491826057434082,bm25_top100_crossenc_minilm
48,NCT02337179,48,-9.505531311035156,bm25_top100_crossenc_minilm
48,NCT02242019,49,-9.510750770568848,bm25_top100_crossenc_minilm
48,NCT03216200,50,-9.537786483764648,bm25_top100_crossenc_minilm
48,NCT01080079,51,-9.538243293762207,bm25_top100_crossenc_minilm
48,NCT01314352,52,-9.543254852294922,bm25_top100_crossenc_minilm
48,NCT03617926,53,-9.552896499633789,bm25_top100_crossenc_minilm
48,NCT02394340,54,-9.628275871276855,bm25_top100_crossenc_minilm
48,NCT00302146,55,-9.63446044921875,bm25_top100_crossenc_minilm
48,NCT03072550,56,-9.649097442626953,bm25_top100_crossenc_minilm
48,NCT01506791,57,-9.651381492614746,bm25_top100_crossenc_minilm
48,NCT02767271,58,-9.674591064453125,bm25_top100_crossenc_minilm
48,NCT02047136,59,-9.720515251159668,bm25_top100_crossenc_minilm
48,NCT04342520,60,-9.726631164550781,bm25_top100_crossenc_minilm
48,NCT03108612,61,-9.737743377685547,bm25_top100_crossenc_minilm
48,NCT03317262,62,-9.747603416442871,bm25_top100_crossenc_minilm
48,NCT00775151,63,-9.764885902404785,bm25_top100_crossenc_minilm
48,NCT02088866,64,-9.788212776184082,bm25_top100_crossenc_minilm
48,NCT01160536,65,-9.803146362304688,bm25_top100_crossenc_minilm
48,NCT02335255,66,-9.813702583312988,bm25_top100_crossenc_minilm
48,NCT03278158,67,-9.820316314697266,bm25_top100_crossenc_minilm
48,NCT04315051,68,-9.849717140197754,bm25_top100_crossenc_minilm
48,NCT03066336,69,-9.850428581237793,bm25_top100_crossenc_minilm
48,NCT02069366,70,-9.859798431396484,bm25_top100_crossenc_minilm
48,NCT01113268,71,-9.865114212036133,bm25_top100_crossenc_minilm
48,NCT01599975,72,-9.876972198486328,bm25_top100_crossenc_minilm
48,NCT03745183,73,-9.894712448120117,bm25_top100_crossenc_minilm
48,NCT02411734,74,-9.923834800720215,bm25_top100_crossenc_minilm
48,NCT03824912,75,-9.924701690673828,bm25_top100_crossenc_minilm
48,NCT00655096,76,-9.925374984741211,bm25_top100_crossenc_minilm
48,NCT03149692,77,-9.936012268066406,bm25_top100_crossenc_minilm
48,NCT00092937,78,-9.971822738647461,bm25_top100_crossenc_minilm
48,NCT00640263,79,-10.0191068649292,bm25_top100_crossenc_minilm
48,NCT04188574,80,-10.02342700958252,bm25_top100_crossenc_minilm
48,NCT03420339,81,-10.024535179138184,bm25_top100_crossenc_minilm
48,NCT04152226,82,-10.03610610961914,bm25_top100_crossenc_minilm
48,NCT01796314,83,-10.040487289428711,bm25_top100_crossenc_minilm
48,NCT04129931,84,-10.05419635772705,bm25_top100_crossenc_minilm
48,NCT02897622,85,-10.072101593017578,bm25_top100_crossenc_minilm
48,NCT00682994,86,-10.077340126037598,bm25_top100_crossenc_minilm
48,NCT00367627,87,-10.162124633789062,bm25_top100_crossenc_minilm
48,NCT02109952,88,-10.178973197937012,bm25_top100_crossenc_minilm
48,NCT01952834,89,-10.191879272460938,bm25_top100_crossenc_minilm
48,NCT01604031,90,-10.222397804260254,bm25_top100_crossenc_minilm
48,NCT03034330,91,-10.292631149291992,bm25_top100_crossenc_minilm
48,NCT00252603,92,-10.294483184814453,bm25_top100_crossenc_minilm
48,NCT00723567,93,-10.338436126708984,bm25_top100_crossenc_minilm
48,NCT01553318,94,-10.424524307250977,bm25_top100_crossenc_minilm
48,NCT01223313,95,-10.431167602539062,bm25_top100_crossenc_minilm
48,NCT00975546,96,-10.437171936035156,bm25_top100_crossenc_minilm
48,NCT01775501,97,-10.439451217651367,bm25_top100_crossenc_minilm
48,NCT01599546,98,-10.445966720581055,bm25_top100_crossenc_minilm
48,NCT03336203,99,-10.448568344116211,bm25_top100_crossenc_minilm
48,NCT00000683,100,-10.756290435791016,bm25_top100_crossenc_minilm
49,NCT00029159,1,0.6133112907409668,bm25_top100_crossenc_minilm
49,NCT04226586,2,-0.029603861272335052,bm25_top100_crossenc_minilm
49,NCT01367834,3,-0.6823562383651733,bm25_top100_crossenc_minilm
49,NCT00001221,4,-1.2683749198913574,bm25_top100_crossenc_minilm
49,NCT01613573,5,-1.5612285137176514,bm25_top100_crossenc_minilm
49,NCT02562911,6,-1.690251350402832,bm25_top100_crossenc_minilm
49,NCT01248416,7,-1.7446774244308472,bm25_top100_crossenc_minilm
49,NCT00355030,8,-1.8279974460601807,bm25_top100_crossenc_minilm
49,NCT03221088,9,-2.0129809379577637,bm25_top100_crossenc_minilm
49,NCT00121875,10,-2.112638473510742,bm25_top100_crossenc_minilm
49,NCT00206375,11,-2.327266216278076,bm25_top100_crossenc_minilm
49,NCT03189160,12,-2.4793665409088135,bm25_top100_crossenc_minilm
49,NCT00870220,13,-2.4873790740966797,bm25_top100_crossenc_minilm
49,NCT02375620,14,-2.915541648864746,bm25_top100_crossenc_minilm
49,NCT01944475,15,-2.9554905891418457,bm25_top100_crossenc_minilm
49,NCT01746862,16,-2.9756381511688232,bm25_top100_crossenc_minilm
49,NCT00044174,17,-3.073444366455078,bm25_top100_crossenc_minilm
49,NCT00494169,18,-3.2727742195129395,bm25_top100_crossenc_minilm
49,NCT02908958,19,-3.5945260524749756,bm25_top100_crossenc_minilm
49,NCT02638922,20,-3.6197657585144043,bm25_top100_crossenc_minilm
49,NCT04806854,21,-3.7134530544281006,bm25_top100_crossenc_minilm
49,NCT00001343,22,-3.7179830074310303,bm25_top100_crossenc_minilm
49,NCT01626833,23,-3.7511017322540283,bm25_top100_crossenc_minilm
49,NCT00837616,24,-3.88787579536438,bm25_top100_crossenc_minilm
49,NCT00175305,25,-3.9212052822113037,bm25_top100_crossenc_minilm
49,NCT03986021,26,-3.986125946044922,bm25_top100_crossenc_minilm
49,NCT01196156,27,-4.045307159423828,bm25_top100_crossenc_minilm
49,NCT00191113,28,-4.240464687347412,bm25_top100_crossenc_minilm
49,NCT01428089,29,-4.439517974853516,bm25_top100_crossenc_minilm
49,NCT00001181,30,-4.472226619720459,bm25_top100_crossenc_minilm
49,NCT00680979,31,-4.666155815124512,bm25_top100_crossenc_minilm
49,NCT00734279,32,-4.727960586547852,bm25_top100_crossenc_minilm
49,NCT01687842,33,-4.778761386871338,bm25_top100_crossenc_minilm
49,NCT02976675,34,-4.778827667236328,bm25_top100_crossenc_minilm
49,NCT03249480,35,-4.797950744628906,bm25_top100_crossenc_minilm
49,NCT00006334,36,-5.078876972198486,bm25_top100_crossenc_minilm
49,NCT01342146,37,-5.157036304473877,bm25_top100_crossenc_minilm
49,NCT04537390,38,-5.474859237670898,bm25_top100_crossenc_minilm
49,NCT01158352,39,-5.475301742553711,bm25_top100_crossenc_minilm
49,NCT04697381,40,-5.531030654907227,bm25_top100_crossenc_minilm
49,NCT00928759,41,-5.75858211517334,bm25_top100_crossenc_minilm
49,NCT00930007,42,-5.795114994049072,bm25_top100_crossenc_minilm
49,NCT00001202,43,-6.088528156280518,bm25_top100_crossenc_minilm
49,NCT04633057,44,-6.089950084686279,bm25_top100_crossenc_minilm
49,NCT00250159,45,-6.199499130249023,bm25_top100_crossenc_minilm
49,NCT02314676,46,-6.34381103515625,bm25_top100_crossenc_minilm
49,NCT03005561,47,-6.504999160766602,bm25_top100_crossenc_minilm
49,NCT00182078,48,-6.627018928527832,bm25_top100_crossenc_minilm
49,NCT02380235,49,-6.683838367462158,bm25_top100_crossenc_minilm
49,NCT01495468,50,-6.706594467163086,bm25_top100_crossenc_minilm
49,NCT02429349,51,-6.760164260864258,bm25_top100_crossenc_minilm
49,NCT00813189,52,-6.761214256286621,bm25_top100_crossenc_minilm
49,NCT04244123,53,-6.8648223876953125,bm25_top100_crossenc_minilm
49,NCT01515254,54,-6.974635124206543,bm25_top100_crossenc_minilm
49,NCT04831099,55,-7.011511325836182,bm25_top100_crossenc_minilm
49,NCT03566940,56,-7.055619239807129,bm25_top100_crossenc_minilm
49,NCT01891149,57,-7.130599021911621,bm25_top100_crossenc_minilm
49,NCT02564848,58,-7.16912317276001,bm25_top100_crossenc_minilm
49,NCT04803474,59,-7.325877666473389,bm25_top100_crossenc_minilm
49,NCT02414529,60,-7.346334457397461,bm25_top100_crossenc_minilm
49,NCT02124070,61,-7.362100124359131,bm25_top100_crossenc_minilm
49,NCT01328613,62,-7.37547492980957,bm25_top100_crossenc_minilm
49,NCT03309891,63,-7.466969966888428,bm25_top100_crossenc_minilm
49,NCT02623972,64,-7.5076904296875,bm25_top100_crossenc_minilm
49,NCT01911884,65,-7.513513565063477,bm25_top100_crossenc_minilm
49,NCT02379728,66,-7.635187149047852,bm25_top100_crossenc_minilm
49,NCT01893047,67,-7.719394683837891,bm25_top100_crossenc_minilm
49,NCT03109808,68,-7.766047477722168,bm25_top100_crossenc_minilm
49,NCT03704649,69,-7.783245086669922,bm25_top100_crossenc_minilm
49,NCT00463450,70,-7.783506393432617,bm25_top100_crossenc_minilm
49,NCT04559620,71,-7.936122417449951,bm25_top100_crossenc_minilm
49,NCT03223025,72,-8.05759334564209,bm25_top100_crossenc_minilm
49,NCT04701034,73,-8.25655746459961,bm25_top100_crossenc_minilm
49,NCT02569437,74,-8.396352767944336,bm25_top100_crossenc_minilm
49,NCT04329715,75,-8.456459045410156,bm25_top100_crossenc_minilm
49,NCT02800265,76,-8.52439022064209,bm25_top100_crossenc_minilm
49,NCT00263445,77,-8.549867630004883,bm25_top100_crossenc_minilm
49,NCT01757327,78,-8.618097305297852,bm25_top100_crossenc_minilm
49,NCT04603820,79,-8.631742477416992,bm25_top100_crossenc_minilm
49,NCT01907334,80,-8.693286895751953,bm25_top100_crossenc_minilm
49,NCT03366155,81,-8.731396675109863,bm25_top100_crossenc_minilm
49,NCT01599975,82,-8.837149620056152,bm25_top100_crossenc_minilm
49,NCT02546193,83,-8.84965991973877,bm25_top100_crossenc_minilm
49,NCT00288301,84,-9.01137638092041,bm25_top100_crossenc_minilm
49,NCT02477644,85,-9.134782791137695,bm25_top100_crossenc_minilm
49,NCT00399529,86,-9.136862754821777,bm25_top100_crossenc_minilm
49,NCT03613532,87,-9.143819808959961,bm25_top100_crossenc_minilm
49,NCT02109952,88,-9.248016357421875,bm25_top100_crossenc_minilm
49,NCT04313075,89,-9.34544563293457,bm25_top100_crossenc_minilm
49,NCT02769962,90,-9.375041961669922,bm25_top100_crossenc_minilm
49,NCT03473639,91,-9.392143249511719,bm25_top100_crossenc_minilm
49,NCT04722718,92,-9.408392906188965,bm25_top100_crossenc_minilm
49,NCT00878826,93,-9.52888011932373,bm25_top100_crossenc_minilm
49,NCT00882089,94,-9.655495643615723,bm25_top100_crossenc_minilm
49,NCT03418961,95,-9.67152214050293,bm25_top100_crossenc_minilm
49,NCT01775501,96,-9.71066665649414,bm25_top100_crossenc_minilm
49,NCT03212079,97,-9.730501174926758,bm25_top100_crossenc_minilm
49,NCT01553318,98,-9.742411613464355,bm25_top100_crossenc_minilm
49,NCT01272037,99,-10.047795295715332,bm25_top100_crossenc_minilm
49,NCT02474173,100,-10.227156639099121,bm25_top100_crossenc_minilm
50,NCT02235623,1,-3.2389960289001465,bm25_top100_crossenc_minilm
50,NCT04528381,2,-3.4591875076293945,bm25_top100_crossenc_minilm
50,NCT03969979,3,-3.887545585632324,bm25_top100_crossenc_minilm
50,NCT02203318,4,-4.226351737976074,bm25_top100_crossenc_minilm
50,NCT04544371,5,-4.298032760620117,bm25_top100_crossenc_minilm
50,NCT01812109,6,-4.347097873687744,bm25_top100_crossenc_minilm
50,NCT02110745,7,-4.352501392364502,bm25_top100_crossenc_minilm
50,NCT02158780,8,-4.799506664276123,bm25_top100_crossenc_minilm
50,NCT01659528,9,-4.832282066345215,bm25_top100_crossenc_minilm
50,NCT04821167,10,-4.950767517089844,bm25_top100_crossenc_minilm
50,NCT02773498,11,-5.124667644500732,bm25_top100_crossenc_minilm
50,NCT02936024,12,-5.231841087341309,bm25_top100_crossenc_minilm
50,NCT04452305,13,-5.62699031829834,bm25_top100_crossenc_minilm
50,NCT02379130,14,-5.657854080200195,bm25_top100_crossenc_minilm
50,NCT01526486,15,-5.688177585601807,bm25_top100_crossenc_minilm
50,NCT02529826,16,-5.789736747741699,bm25_top100_crossenc_minilm
50,NCT03291678,17,-5.790364742279053,bm25_top100_crossenc_minilm
50,NCT00340665,18,-5.917043685913086,bm25_top100_crossenc_minilm
50,NCT03550716,19,-6.045173645019531,bm25_top100_crossenc_minilm
50,NCT01206270,20,-6.07780122756958,bm25_top100_crossenc_minilm
50,NCT02551783,21,-6.125156879425049,bm25_top100_crossenc_minilm
50,NCT01974011,22,-6.141744613647461,bm25_top100_crossenc_minilm
50,NCT00044369,23,-6.14571475982666,bm25_top100_crossenc_minilm
50,NCT04052984,24,-6.1959228515625,bm25_top100_crossenc_minilm
50,NCT00194636,25,-6.26043701171875,bm25_top100_crossenc_minilm
50,NCT00340652,26,-6.288117408752441,bm25_top100_crossenc_minilm
50,NCT03044821,27,-6.294764518737793,bm25_top100_crossenc_minilm
50,NCT03750370,28,-6.400059223175049,bm25_top100_crossenc_minilm
50,NCT02617173,29,-6.410147666931152,bm25_top100_crossenc_minilm
50,NCT03149692,30,-6.511631011962891,bm25_top100_crossenc_minilm
50,NCT01239225,31,-6.516130447387695,bm25_top100_crossenc_minilm
50,NCT03334578,32,-6.537265777587891,bm25_top100_crossenc_minilm
50,NCT02418832,33,-6.551629066467285,bm25_top100_crossenc_minilm
50,NCT04856735,34,-6.572941303253174,bm25_top100_crossenc_minilm
50,NCT02769468,35,-6.629291534423828,bm25_top100_crossenc_minilm
50,NCT03291522,36,-6.698380470275879,bm25_top100_crossenc_minilm
50,NCT03858127,37,-6.7483415603637695,bm25_top100_crossenc_minilm
50,NCT01924572,38,-6.749228477478027,bm25_top100_crossenc_minilm
50,NCT04764695,39,-6.752357006072998,bm25_top100_crossenc_minilm
50,NCT00714064,40,-6.756930828094482,bm25_top100_crossenc_minilm
50,NCT02867579,41,-6.798297882080078,bm25_top100_crossenc_minilm
50,NCT04653402,42,-6.885309219360352,bm25_top100_crossenc_minilm
50,NCT02641769,43,-6.892663478851318,bm25_top100_crossenc_minilm
50,NCT01025362,44,-6.908052921295166,bm25_top100_crossenc_minilm
50,NCT00310349,45,-6.964471340179443,bm25_top100_crossenc_minilm
50,NCT04559620,46,-6.969327926635742,bm25_top100_crossenc_minilm
50,NCT02492347,47,-6.97076416015625,bm25_top100_crossenc_minilm
50,NCT03345641,48,-6.980626583099365,bm25_top100_crossenc_minilm
50,NCT00367627,49,-6.983644008636475,bm25_top100_crossenc_minilm
50,NCT00343031,50,-6.987138748168945,bm25_top100_crossenc_minilm
50,NCT04836754,51,-7.023626327514648,bm25_top100_crossenc_minilm
50,NCT03980717,52,-7.056005954742432,bm25_top100_crossenc_minilm
50,NCT00686946,53,-7.073695659637451,bm25_top100_crossenc_minilm
50,NCT02361788,54,-7.113380432128906,bm25_top100_crossenc_minilm
50,NCT03745365,55,-7.117977142333984,bm25_top100_crossenc_minilm
50,NCT03212547,56,-7.136176586151123,bm25_top100_crossenc_minilm
50,NCT00021671,57,-7.164679527282715,bm25_top100_crossenc_minilm
50,NCT02756169,58,-7.228289604187012,bm25_top100_crossenc_minilm
50,NCT01304927,59,-7.319122314453125,bm25_top100_crossenc_minilm
50,NCT04067596,60,-7.3676066398620605,bm25_top100_crossenc_minilm
50,NCT01614379,61,-7.377801418304443,bm25_top100_crossenc_minilm
50,NCT04425096,62,-7.3820881843566895,bm25_top100_crossenc_minilm
50,NCT03763383,63,-7.391059398651123,bm25_top100_crossenc_minilm
50,NCT02625688,64,-7.395251274108887,bm25_top100_crossenc_minilm
50,NCT02407184,65,-7.407848358154297,bm25_top100_crossenc_minilm
50,NCT02685137,66,-7.450182914733887,bm25_top100_crossenc_minilm
50,NCT03337893,67,-7.45536994934082,bm25_top100_crossenc_minilm
50,NCT02546778,68,-7.469935894012451,bm25_top100_crossenc_minilm
50,NCT04761419,69,-7.490065097808838,bm25_top100_crossenc_minilm
50,NCT03690245,70,-7.490577697753906,bm25_top100_crossenc_minilm
50,NCT03836430,71,-7.495004653930664,bm25_top100_crossenc_minilm
50,NCT03016195,72,-7.511322021484375,bm25_top100_crossenc_minilm
50,NCT03320083,73,-7.5887322425842285,bm25_top100_crossenc_minilm
50,NCT04233489,74,-7.603297710418701,bm25_top100_crossenc_minilm
50,NCT03316716,75,-7.606818675994873,bm25_top100_crossenc_minilm
50,NCT01847937,76,-7.6400837898254395,bm25_top100_crossenc_minilm
50,NCT01785680,77,-7.650027275085449,bm25_top100_crossenc_minilm
50,NCT02220413,78,-7.688584327697754,bm25_top100_crossenc_minilm
50,NCT00640263,79,-7.70335578918457,bm25_top100_crossenc_minilm
50,NCT01196156,80,-7.841806888580322,bm25_top100_crossenc_minilm
50,NCT02055573,81,-7.874024868011475,bm25_top100_crossenc_minilm
50,NCT03134703,82,-7.897232532501221,bm25_top100_crossenc_minilm
50,NCT00881660,83,-7.902853012084961,bm25_top100_crossenc_minilm
50,NCT02244424,84,-7.9196014404296875,bm25_top100_crossenc_minilm
50,NCT03142984,85,-7.920876502990723,bm25_top100_crossenc_minilm
50,NCT02524366,86,-7.9866108894348145,bm25_top100_crossenc_minilm
50,NCT01645384,87,-8.100042343139648,bm25_top100_crossenc_minilm
50,NCT04801121,88,-8.154353141784668,bm25_top100_crossenc_minilm
50,NCT04374955,89,-8.202001571655273,bm25_top100_crossenc_minilm
50,NCT03405649,90,-8.430028915405273,bm25_top100_crossenc_minilm
50,NCT04514809,91,-8.432449340820312,bm25_top100_crossenc_minilm
50,NCT02606526,92,-8.438941955566406,bm25_top100_crossenc_minilm
50,NCT04289168,93,-8.520597457885742,bm25_top100_crossenc_minilm
50,NCT03008824,94,-8.579980850219727,bm25_top100_crossenc_minilm
50,NCT04041505,95,-8.590022087097168,bm25_top100_crossenc_minilm
50,NCT02677558,96,-8.648313522338867,bm25_top100_crossenc_minilm
50,NCT02084680,97,-8.658722877502441,bm25_top100_crossenc_minilm
50,NCT04576845,98,-8.765556335449219,bm25_top100_crossenc_minilm
50,NCT03040375,99,-8.783174514770508,bm25_top100_crossenc_minilm
50,NCT00000879,100,-8.88762092590332,bm25_top100_crossenc_minilm
51,NCT04671290,1,-4.629342079162598,bm25_top100_crossenc_minilm
51,NCT04505683,2,-4.944723129272461,bm25_top100_crossenc_minilm
51,NCT02113774,3,-5.122848033905029,bm25_top100_crossenc_minilm
51,NCT03354598,4,-5.333751678466797,bm25_top100_crossenc_minilm
51,NCT02439632,5,-5.5146164894104,bm25_top100_crossenc_minilm
51,NCT04686318,6,-6.267092704772949,bm25_top100_crossenc_minilm
51,NCT04020341,7,-6.330682754516602,bm25_top100_crossenc_minilm
51,NCT03788967,8,-6.369867324829102,bm25_top100_crossenc_minilm
51,NCT02321800,9,-6.508245468139648,bm25_top100_crossenc_minilm
51,NCT03366207,10,-6.631454944610596,bm25_top100_crossenc_minilm
51,NCT00669994,11,-6.7352094650268555,bm25_top100_crossenc_minilm
51,NCT03589768,12,-6.870090007781982,bm25_top100_crossenc_minilm
51,NCT04187144,13,-6.918910026550293,bm25_top100_crossenc_minilm
51,NCT04191148,14,-6.923750400543213,bm25_top100_crossenc_minilm
51,NCT01406587,15,-7.0491743087768555,bm25_top100_crossenc_minilm
51,NCT03357614,16,-7.091804504394531,bm25_top100_crossenc_minilm
51,NCT00598403,17,-7.171817779541016,bm25_top100_crossenc_minilm
51,NCT00239161,18,-7.1909894943237305,bm25_top100_crossenc_minilm
51,NCT03568942,19,-7.267243385314941,bm25_top100_crossenc_minilm
51,NCT04731961,20,-7.269049644470215,bm25_top100_crossenc_minilm
51,NCT02536638,21,-7.295366287231445,bm25_top100_crossenc_minilm
51,NCT01301001,22,-7.298587799072266,bm25_top100_crossenc_minilm
51,NCT02492347,23,-7.441731929779053,bm25_top100_crossenc_minilm
51,NCT00489385,24,-7.458990097045898,bm25_top100_crossenc_minilm
51,NCT01808755,25,-7.570555210113525,bm25_top100_crossenc_minilm
51,NCT01381549,26,-7.662276268005371,bm25_top100_crossenc_minilm
51,NCT04667195,27,-7.709621429443359,bm25_top100_crossenc_minilm
51,NCT02959957,28,-7.764102935791016,bm25_top100_crossenc_minilm
51,NCT01800799,29,-7.802091598510742,bm25_top100_crossenc_minilm
51,NCT01720927,30,-7.92026424407959,bm25_top100_crossenc_minilm
51,NCT02914132,31,-7.939272403717041,bm25_top100_crossenc_minilm
51,NCT03243305,32,-7.964306831359863,bm25_top100_crossenc_minilm
51,NCT02814916,33,-7.976226806640625,bm25_top100_crossenc_minilm
51,NCT03506256,34,-7.978941917419434,bm25_top100_crossenc_minilm
51,NCT01595529,35,-8.036382675170898,bm25_top100_crossenc_minilm
51,NCT00801021,36,-8.04709243774414,bm25_top100_crossenc_minilm
51,NCT00538694,37,-8.06202220916748,bm25_top100_crossenc_minilm
51,NCT04701034,38,-8.09912109375,bm25_top100_crossenc_minilm
51,NCT02246270,39,-8.209175109863281,bm25_top100_crossenc_minilm
51,NCT00146731,40,-8.288702011108398,bm25_top100_crossenc_minilm
51,NCT02639520,41,-8.354288101196289,bm25_top100_crossenc_minilm
51,NCT03643952,42,-8.45545768737793,bm25_top100_crossenc_minilm
51,NCT00564135,43,-8.508296966552734,bm25_top100_crossenc_minilm
51,NCT03252028,44,-8.516133308410645,bm25_top100_crossenc_minilm
51,NCT02497781,45,-8.566641807556152,bm25_top100_crossenc_minilm
51,NCT02411916,46,-8.614351272583008,bm25_top100_crossenc_minilm
51,NCT03151967,47,-8.641172409057617,bm25_top100_crossenc_minilm
51,NCT00305227,48,-8.749582290649414,bm25_top100_crossenc_minilm
51,NCT02641015,49,-8.797503471374512,bm25_top100_crossenc_minilm
51,NCT03126864,50,-8.832114219665527,bm25_top100_crossenc_minilm
51,NCT00111397,51,-8.882974624633789,bm25_top100_crossenc_minilm
51,NCT00118040,52,-8.904144287109375,bm25_top100_crossenc_minilm
51,NCT01928433,53,-8.907920837402344,bm25_top100_crossenc_minilm
51,NCT02424461,54,-8.916521072387695,bm25_top100_crossenc_minilm
51,NCT02025660,55,-8.928512573242188,bm25_top100_crossenc_minilm
51,NCT01966653,56,-8.93794059753418,bm25_top100_crossenc_minilm
51,NCT04197739,57,-9.012821197509766,bm25_top100_crossenc_minilm
51,NCT01280461,58,-9.018657684326172,bm25_top100_crossenc_minilm
51,NCT02166476,59,-9.054159164428711,bm25_top100_crossenc_minilm
51,NCT00004567,60,-9.057304382324219,bm25_top100_crossenc_minilm
51,NCT04575493,61,-9.072336196899414,bm25_top100_crossenc_minilm
51,NCT01345929,62,-9.142095565795898,bm25_top100_crossenc_minilm
51,NCT00402727,63,-9.174310684204102,bm25_top100_crossenc_minilm
51,NCT03163394,64,-9.18310832977295,bm25_top100_crossenc_minilm
51,NCT01994538,65,-9.23470687866211,bm25_top100_crossenc_minilm
51,NCT00921024,66,-9.275712013244629,bm25_top100_crossenc_minilm
51,NCT01164514,67,-9.298880577087402,bm25_top100_crossenc_minilm
51,NCT00722735,68,-9.367144584655762,bm25_top100_crossenc_minilm
51,NCT03937791,69,-9.383137702941895,bm25_top100_crossenc_minilm
51,NCT03638830,70,-9.425046920776367,bm25_top100_crossenc_minilm
51,NCT01119833,71,-9.432279586791992,bm25_top100_crossenc_minilm
51,NCT03732365,72,-9.438545227050781,bm25_top100_crossenc_minilm
51,NCT00481689,73,-9.46226692199707,bm25_top100_crossenc_minilm
51,NCT02302092,74,-9.500202178955078,bm25_top100_crossenc_minilm
51,NCT03580044,75,-9.524932861328125,bm25_top100_crossenc_minilm
51,NCT04437810,76,-9.540130615234375,bm25_top100_crossenc_minilm
51,NCT03032510,77,-9.551895141601562,bm25_top100_crossenc_minilm
51,NCT02871024,78,-9.562760353088379,bm25_top100_crossenc_minilm
51,NCT03197025,79,-9.565126419067383,bm25_top100_crossenc_minilm
51,NCT04054037,80,-9.651948928833008,bm25_top100_crossenc_minilm
51,NCT04855695,81,-9.70032787322998,bm25_top100_crossenc_minilm
51,NCT03983850,82,-9.707777976989746,bm25_top100_crossenc_minilm
51,NCT03697993,83,-9.74268913269043,bm25_top100_crossenc_minilm
51,NCT01599975,84,-9.765754699707031,bm25_top100_crossenc_minilm
51,NCT03018288,85,-9.828678131103516,bm25_top100_crossenc_minilm
51,NCT03720392,86,-9.878445625305176,bm25_top100_crossenc_minilm
51,NCT02396134,87,-9.890044212341309,bm25_top100_crossenc_minilm
51,NCT02650011,88,-9.92757797241211,bm25_top100_crossenc_minilm
51,NCT00326443,89,-9.956273078918457,bm25_top100_crossenc_minilm
51,NCT01245179,90,-10.045185089111328,bm25_top100_crossenc_minilm
51,NCT00261807,91,-10.055829048156738,bm25_top100_crossenc_minilm
51,NCT03613532,92,-10.068399429321289,bm25_top100_crossenc_minilm
51,NCT04791579,93,-10.095951080322266,bm25_top100_crossenc_minilm
51,NCT03856112,94,-10.13612174987793,bm25_top100_crossenc_minilm
51,NCT01868464,95,-10.165151596069336,bm25_top100_crossenc_minilm
51,NCT03405155,96,-10.237735748291016,bm25_top100_crossenc_minilm
51,NCT02658396,97,-10.262874603271484,bm25_top100_crossenc_minilm
51,NCT03728426,98,-10.319021224975586,bm25_top100_crossenc_minilm
51,NCT01637194,99,-10.368556022644043,bm25_top100_crossenc_minilm
51,NCT02769962,100,-10.50716781616211,bm25_top100_crossenc_minilm
52,NCT01025583,1,-6.142925262451172,bm25_top100_crossenc_minilm
52,NCT00672308,2,-6.44991397857666,bm25_top100_crossenc_minilm
52,NCT01821586,3,-6.500301361083984,bm25_top100_crossenc_minilm
52,NCT01969214,4,-6.569607257843018,bm25_top100_crossenc_minilm
52,NCT04486326,5,-6.601840972900391,bm25_top100_crossenc_minilm
52,NCT04236843,6,-6.96828556060791,bm25_top100_crossenc_minilm
52,NCT00229944,7,-7.112998962402344,bm25_top100_crossenc_minilm
52,NCT03763175,8,-7.15950345993042,bm25_top100_crossenc_minilm
52,NCT03489265,9,-7.183409690856934,bm25_top100_crossenc_minilm
52,NCT01234883,10,-7.188858509063721,bm25_top100_crossenc_minilm
52,NCT02498418,11,-7.258557319641113,bm25_top100_crossenc_minilm
52,NCT03166670,12,-7.3127546310424805,bm25_top100_crossenc_minilm
52,NCT04691544,13,-7.316410064697266,bm25_top100_crossenc_minilm
52,NCT04557215,14,-7.362161636352539,bm25_top100_crossenc_minilm
52,NCT03261297,15,-7.409011363983154,bm25_top100_crossenc_minilm
52,NCT02127814,16,-7.428305625915527,bm25_top100_crossenc_minilm
52,NCT00307476,17,-7.428357124328613,bm25_top100_crossenc_minilm
52,NCT04189874,18,-7.447467803955078,bm25_top100_crossenc_minilm
52,NCT02112279,19,-7.494339466094971,bm25_top100_crossenc_minilm
52,NCT04277156,20,-7.556976318359375,bm25_top100_crossenc_minilm
52,NCT02299973,21,-7.596006393432617,bm25_top100_crossenc_minilm
52,NCT00269399,22,-7.604633331298828,bm25_top100_crossenc_minilm
52,NCT04782037,23,-7.618717193603516,bm25_top100_crossenc_minilm
52,NCT03565393,24,-7.643129348754883,bm25_top100_crossenc_minilm
52,NCT04269174,25,-7.647174835205078,bm25_top100_crossenc_minilm
52,NCT00130741,26,-7.6944475173950195,bm25_top100_crossenc_minilm
52,NCT01630096,27,-7.708861827850342,bm25_top100_crossenc_minilm
52,NCT00272818,28,-7.714085102081299,bm25_top100_crossenc_minilm
52,NCT00937274,29,-7.731176376342773,bm25_top100_crossenc_minilm
52,NCT01162863,30,-7.743420600891113,bm25_top100_crossenc_minilm
52,NCT01034228,31,-7.764335632324219,bm25_top100_crossenc_minilm
52,NCT03025152,32,-7.7672929763793945,bm25_top100_crossenc_minilm
52,NCT01722578,33,-7.770413398742676,bm25_top100_crossenc_minilm
52,NCT04121169,34,-7.832891464233398,bm25_top100_crossenc_minilm
52,NCT01198587,35,-7.866481781005859,bm25_top100_crossenc_minilm
52,NCT00226616,36,-7.878969192504883,bm25_top100_crossenc_minilm
52,NCT03152188,37,-7.897128582000732,bm25_top100_crossenc_minilm
52,NCT03366740,38,-8.012591361999512,bm25_top100_crossenc_minilm
52,NCT01823952,39,-8.022790908813477,bm25_top100_crossenc_minilm
52,NCT02134392,40,-8.040802001953125,bm25_top100_crossenc_minilm
52,NCT03796598,41,-8.044241905212402,bm25_top100_crossenc_minilm
52,NCT03407534,42,-8.055830955505371,bm25_top100_crossenc_minilm
52,NCT00367627,43,-8.074923515319824,bm25_top100_crossenc_minilm
52,NCT03394040,44,-8.103076934814453,bm25_top100_crossenc_minilm
52,NCT00564863,45,-8.222612380981445,bm25_top100_crossenc_minilm
52,NCT04402424,46,-8.246572494506836,bm25_top100_crossenc_minilm
52,NCT01868373,47,-8.257145881652832,bm25_top100_crossenc_minilm
52,NCT02667977,48,-8.275259017944336,bm25_top100_crossenc_minilm
52,NCT03666572,49,-8.29516887664795,bm25_top100_crossenc_minilm
52,NCT00142272,50,-8.344751358032227,bm25_top100_crossenc_minilm
52,NCT03557788,51,-8.43651294708252,bm25_top100_crossenc_minilm
52,NCT00001128,52,-8.446097373962402,bm25_top100_crossenc_minilm
52,NCT02171403,53,-8.490667343139648,bm25_top100_crossenc_minilm
52,NCT03427229,54,-8.567830085754395,bm25_top100_crossenc_minilm
52,NCT03341767,55,-8.568914413452148,bm25_top100_crossenc_minilm
52,NCT01472978,56,-8.608097076416016,bm25_top100_crossenc_minilm
52,NCT00200057,57,-8.617108345031738,bm25_top100_crossenc_minilm
52,NCT04237181,58,-8.660332679748535,bm25_top100_crossenc_minilm
52,NCT03237663,59,-8.664332389831543,bm25_top100_crossenc_minilm
52,NCT00138476,60,-8.688687324523926,bm25_top100_crossenc_minilm
52,NCT03005379,61,-8.688961029052734,bm25_top100_crossenc_minilm
52,NCT02686645,62,-8.75279426574707,bm25_top100_crossenc_minilm
52,NCT03856359,63,-8.756752014160156,bm25_top100_crossenc_minilm
52,NCT02746432,64,-8.796202659606934,bm25_top100_crossenc_minilm
52,NCT03144817,65,-8.817262649536133,bm25_top100_crossenc_minilm
52,NCT01170754,66,-8.837696075439453,bm25_top100_crossenc_minilm
52,NCT03834038,67,-8.853347778320312,bm25_top100_crossenc_minilm
52,NCT00800930,68,-8.884230613708496,bm25_top100_crossenc_minilm
52,NCT03617172,69,-8.917057991027832,bm25_top100_crossenc_minilm
52,NCT01959048,70,-8.930032730102539,bm25_top100_crossenc_minilm
52,NCT01226992,71,-8.941766738891602,bm25_top100_crossenc_minilm
52,NCT00353340,72,-8.948155403137207,bm25_top100_crossenc_minilm
52,NCT04585542,73,-8.949277877807617,bm25_top100_crossenc_minilm
52,NCT01266629,74,-8.97482967376709,bm25_top100_crossenc_minilm
52,NCT02968511,75,-8.996541976928711,bm25_top100_crossenc_minilm
52,NCT00763399,76,-9.012662887573242,bm25_top100_crossenc_minilm
52,NCT02954159,77,-9.018333435058594,bm25_top100_crossenc_minilm
52,NCT02130778,78,-9.024024963378906,bm25_top100_crossenc_minilm
52,NCT03420482,79,-9.043606758117676,bm25_top100_crossenc_minilm
52,NCT02301000,80,-9.079294204711914,bm25_top100_crossenc_minilm
52,NCT00324285,81,-9.08228874206543,bm25_top100_crossenc_minilm
52,NCT00597909,82,-9.219439506530762,bm25_top100_crossenc_minilm
52,NCT04358445,83,-9.27326774597168,bm25_top100_crossenc_minilm
52,NCT02652364,84,-9.294236183166504,bm25_top100_crossenc_minilm
52,NCT02391012,85,-9.331872940063477,bm25_top100_crossenc_minilm
52,NCT01042951,86,-9.364675521850586,bm25_top100_crossenc_minilm
52,NCT03336034,87,-9.402303695678711,bm25_top100_crossenc_minilm
52,NCT03057392,88,-9.411870956420898,bm25_top100_crossenc_minilm
52,NCT03683069,89,-9.423690795898438,bm25_top100_crossenc_minilm
52,NCT00866476,90,-9.45942497253418,bm25_top100_crossenc_minilm
52,NCT02431533,91,-9.480799674987793,bm25_top100_crossenc_minilm
52,NCT00662675,92,-9.481771469116211,bm25_top100_crossenc_minilm
52,NCT02932072,93,-9.492883682250977,bm25_top100_crossenc_minilm
52,NCT02936167,94,-9.496177673339844,bm25_top100_crossenc_minilm
52,NCT04594954,95,-9.529119491577148,bm25_top100_crossenc_minilm
52,NCT00760825,96,-9.544410705566406,bm25_top100_crossenc_minilm
52,NCT01019083,97,-9.592817306518555,bm25_top100_crossenc_minilm
52,NCT01640119,98,-9.65288257598877,bm25_top100_crossenc_minilm
52,NCT03043131,99,-9.755489349365234,bm25_top100_crossenc_minilm
52,NCT00553722,100,-9.936141967773438,bm25_top100_crossenc_minilm
53,NCT00222872,1,-7.768954277038574,bm25_top100_crossenc_minilm
53,NCT03516773,2,-8.046995162963867,bm25_top100_crossenc_minilm
53,NCT00172107,3,-8.106346130371094,bm25_top100_crossenc_minilm
53,NCT03994172,4,-8.233819007873535,bm25_top100_crossenc_minilm
53,NCT00356512,5,-8.398427963256836,bm25_top100_crossenc_minilm
53,NCT00395538,6,-8.502849578857422,bm25_top100_crossenc_minilm
53,NCT00785824,7,-8.598748207092285,bm25_top100_crossenc_minilm
53,NCT01092338,8,-8.631858825683594,bm25_top100_crossenc_minilm
53,NCT01909115,9,-8.68513298034668,bm25_top100_crossenc_minilm
53,NCT04184661,10,-8.709991455078125,bm25_top100_crossenc_minilm
53,NCT01357317,11,-8.746980667114258,bm25_top100_crossenc_minilm
53,NCT02534714,12,-8.756837844848633,bm25_top100_crossenc_minilm
53,NCT00933244,13,-8.766714096069336,bm25_top100_crossenc_minilm
53,NCT04633252,14,-8.842931747436523,bm25_top100_crossenc_minilm
53,NCT00177411,15,-8.859111785888672,bm25_top100_crossenc_minilm
53,NCT00646282,16,-8.890524864196777,bm25_top100_crossenc_minilm
53,NCT02449902,17,-8.947733879089355,bm25_top100_crossenc_minilm
53,NCT01748812,18,-8.96840763092041,bm25_top100_crossenc_minilm
53,NCT01277510,19,-8.983095169067383,bm25_top100_crossenc_minilm
53,NCT03194087,20,-9.002237319946289,bm25_top100_crossenc_minilm
53,NCT03533010,21,-9.006349563598633,bm25_top100_crossenc_minilm
53,NCT00764816,22,-9.040924072265625,bm25_top100_crossenc_minilm
53,NCT00891813,23,-9.054183959960938,bm25_top100_crossenc_minilm
53,NCT03105388,24,-9.113411903381348,bm25_top100_crossenc_minilm
53,NCT00088309,25,-9.129678726196289,bm25_top100_crossenc_minilm
53,NCT00095784,26,-9.214126586914062,bm25_top100_crossenc_minilm
53,NCT00417612,27,-9.218192100524902,bm25_top100_crossenc_minilm
53,NCT01965834,28,-9.234785079956055,bm25_top100_crossenc_minilm
53,NCT00377312,29,-9.260581016540527,bm25_top100_crossenc_minilm
53,NCT01220050,30,-9.282060623168945,bm25_top100_crossenc_minilm
53,NCT01354262,31,-9.29062557220459,bm25_top100_crossenc_minilm
53,NCT03603444,32,-9.33716869354248,bm25_top100_crossenc_minilm
53,NCT01528176,33,-9.346532821655273,bm25_top100_crossenc_minilm
53,NCT02569437,34,-9.368499755859375,bm25_top100_crossenc_minilm
53,NCT00113321,35,-9.443971633911133,bm25_top100_crossenc_minilm
53,NCT01856946,36,-9.44898796081543,bm25_top100_crossenc_minilm
53,NCT01832623,37,-9.465876579284668,bm25_top100_crossenc_minilm
53,NCT02056730,38,-9.466833114624023,bm25_top100_crossenc_minilm
53,NCT01978314,39,-9.503825187683105,bm25_top100_crossenc_minilm
53,NCT00413478,40,-9.619062423706055,bm25_top100_crossenc_minilm
53,NCT03948386,41,-9.676517486572266,bm25_top100_crossenc_minilm
53,NCT01476501,42,-9.694290161132812,bm25_top100_crossenc_minilm
53,NCT03984760,43,-9.699273109436035,bm25_top100_crossenc_minilm
53,NCT02820025,44,-9.710612297058105,bm25_top100_crossenc_minilm
53,NCT00520468,45,-9.78671646118164,bm25_top100_crossenc_minilm
53,NCT03542175,46,-9.831371307373047,bm25_top100_crossenc_minilm
53,NCT00381914,47,-9.846487045288086,bm25_top100_crossenc_minilm
53,NCT00187629,48,-9.863168716430664,bm25_top100_crossenc_minilm
53,NCT00608400,49,-9.869752883911133,bm25_top100_crossenc_minilm
53,NCT03728426,50,-9.889504432678223,bm25_top100_crossenc_minilm
53,NCT03459469,51,-9.90527057647705,bm25_top100_crossenc_minilm
53,NCT00796679,52,-9.939068794250488,bm25_top100_crossenc_minilm
53,NCT04691960,53,-9.986903190612793,bm25_top100_crossenc_minilm
53,NCT00781417,54,-9.997735977172852,bm25_top100_crossenc_minilm
53,NCT03811886,55,-10.010957717895508,bm25_top100_crossenc_minilm
53,NCT00489385,56,-10.045520782470703,bm25_top100_crossenc_minilm
53,NCT00364000,57,-10.048408508300781,bm25_top100_crossenc_minilm
53,NCT01553318,58,-10.056256294250488,bm25_top100_crossenc_minilm
53,NCT04364113,59,-10.069843292236328,bm25_top100_crossenc_minilm
53,NCT03386578,60,-10.089944839477539,bm25_top100_crossenc_minilm
53,NCT04839393,61,-10.09025764465332,bm25_top100_crossenc_minilm
53,NCT01688466,62,-10.100713729858398,bm25_top100_crossenc_minilm
53,NCT03405207,63,-10.102049827575684,bm25_top100_crossenc_minilm
53,NCT03158805,64,-10.113000869750977,bm25_top100_crossenc_minilm
53,NCT02190695,65,-10.124227523803711,bm25_top100_crossenc_minilm
53,NCT01135199,66,-10.13221549987793,bm25_top100_crossenc_minilm
53,NCT00146731,67,-10.163313865661621,bm25_top100_crossenc_minilm
53,NCT03847207,68,-10.180974960327148,bm25_top100_crossenc_minilm
53,NCT03018288,69,-10.21658706665039,bm25_top100_crossenc_minilm
53,NCT03415776,70,-10.235990524291992,bm25_top100_crossenc_minilm
53,NCT03336203,71,-10.24360466003418,bm25_top100_crossenc_minilm
53,NCT02441088,72,-10.288158416748047,bm25_top100_crossenc_minilm
53,NCT03380715,73,-10.31550121307373,bm25_top100_crossenc_minilm
53,NCT03976687,74,-10.329888343811035,bm25_top100_crossenc_minilm
53,NCT02960230,75,-10.331404685974121,bm25_top100_crossenc_minilm
53,NCT02414529,76,-10.357869148254395,bm25_top100_crossenc_minilm
53,NCT00724178,77,-10.368595123291016,bm25_top100_crossenc_minilm
53,NCT00342706,78,-10.435761451721191,bm25_top100_crossenc_minilm
53,NCT01651039,79,-10.445844650268555,bm25_top100_crossenc_minilm
53,NCT04579315,80,-10.450420379638672,bm25_top100_crossenc_minilm
53,NCT02978625,81,-10.453084945678711,bm25_top100_crossenc_minilm
53,NCT03681028,82,-10.454167366027832,bm25_top100_crossenc_minilm
53,NCT03013387,83,-10.467674255371094,bm25_top100_crossenc_minilm
53,NCT00974532,84,-10.470054626464844,bm25_top100_crossenc_minilm
53,NCT03373409,85,-10.487279891967773,bm25_top100_crossenc_minilm
53,NCT01160536,86,-10.497072219848633,bm25_top100_crossenc_minilm
53,NCT03473639,87,-10.516056060791016,bm25_top100_crossenc_minilm
53,NCT02769962,88,-10.521829605102539,bm25_top100_crossenc_minilm
53,NCT01323608,89,-10.522459030151367,bm25_top100_crossenc_minilm
53,NCT04620187,90,-10.527826309204102,bm25_top100_crossenc_minilm
53,NCT01713972,91,-10.530282974243164,bm25_top100_crossenc_minilm
53,NCT04339140,92,-10.5330228805542,bm25_top100_crossenc_minilm
53,NCT03273712,93,-10.608558654785156,bm25_top100_crossenc_minilm
53,NCT04143074,94,-10.611505508422852,bm25_top100_crossenc_minilm
53,NCT01260103,95,-10.622552871704102,bm25_top100_crossenc_minilm
53,NCT02389751,96,-10.737833023071289,bm25_top100_crossenc_minilm
53,NCT02802449,97,-10.757600784301758,bm25_top100_crossenc_minilm
53,NCT00941070,98,-10.758478164672852,bm25_top100_crossenc_minilm
53,NCT03365882,99,-10.763654708862305,bm25_top100_crossenc_minilm
53,NCT03836495,100,-10.888570785522461,bm25_top100_crossenc_minilm
54,NCT03902262,1,-5.901008129119873,bm25_top100_crossenc_minilm
54,NCT02169219,2,-6.624415397644043,bm25_top100_crossenc_minilm
54,NCT03892785,3,-6.7206268310546875,bm25_top100_crossenc_minilm
54,NCT00530075,4,-6.835387229919434,bm25_top100_crossenc_minilm
54,NCT02126098,5,-6.866255760192871,bm25_top100_crossenc_minilm
54,NCT00001256,6,-6.933601379394531,bm25_top100_crossenc_minilm
54,NCT00430105,7,-7.136805057525635,bm25_top100_crossenc_minilm
54,NCT02187172,8,-7.2976202964782715,bm25_top100_crossenc_minilm
54,NCT00315393,9,-7.399733543395996,bm25_top100_crossenc_minilm
54,NCT02813707,10,-7.405546188354492,bm25_top100_crossenc_minilm
54,NCT00405860,11,-7.41463565826416,bm25_top100_crossenc_minilm
54,NCT04316494,12,-7.552133083343506,bm25_top100_crossenc_minilm
54,NCT04164745,13,-7.631655693054199,bm25_top100_crossenc_minilm
54,NCT01272856,14,-7.677875518798828,bm25_top100_crossenc_minilm
54,NCT00004567,15,-7.693942070007324,bm25_top100_crossenc_minilm
54,NCT00845650,16,-7.703651428222656,bm25_top100_crossenc_minilm
54,NCT03001323,17,-7.743696212768555,bm25_top100_crossenc_minilm
54,NCT02902731,18,-7.781447887420654,bm25_top100_crossenc_minilm
54,NCT00160407,19,-7.807724952697754,bm25_top100_crossenc_minilm
54,NCT01363388,20,-7.847079277038574,bm25_top100_crossenc_minilm
54,NCT01249222,21,-7.883644104003906,bm25_top100_crossenc_minilm
54,NCT01275274,22,-7.998134613037109,bm25_top100_crossenc_minilm
54,NCT02020889,23,-8.06651496887207,bm25_top100_crossenc_minilm
54,NCT02994927,24,-8.143997192382812,bm25_top100_crossenc_minilm
54,NCT04676724,25,-8.166428565979004,bm25_top100_crossenc_minilm
54,NCT01598857,26,-8.173971176147461,bm25_top100_crossenc_minilm
54,NCT00545545,27,-8.209197044372559,bm25_top100_crossenc_minilm
54,NCT00301652,28,-8.224691390991211,bm25_top100_crossenc_minilm
54,NCT03373409,29,-8.233156204223633,bm25_top100_crossenc_minilm
54,NCT02591667,30,-8.322455406188965,bm25_top100_crossenc_minilm
54,NCT01408836,31,-8.369823455810547,bm25_top100_crossenc_minilm
54,NCT02950389,32,-8.421113967895508,bm25_top100_crossenc_minilm
54,NCT04052880,33,-8.459622383117676,bm25_top100_crossenc_minilm
54,NCT02749292,34,-8.477161407470703,bm25_top100_crossenc_minilm
54,NCT04706715,35,-8.486507415771484,bm25_top100_crossenc_minilm
54,NCT03548103,36,-8.514925003051758,bm25_top100_crossenc_minilm
54,NCT01458652,37,-8.557027816772461,bm25_top100_crossenc_minilm
54,NCT01707771,38,-8.566902160644531,bm25_top100_crossenc_minilm
54,NCT03906227,39,-8.573619842529297,bm25_top100_crossenc_minilm
54,NCT00315406,40,-8.58415412902832,bm25_top100_crossenc_minilm
54,NCT03010436,41,-8.595582962036133,bm25_top100_crossenc_minilm
54,NCT03182049,42,-8.626008033752441,bm25_top100_crossenc_minilm
54,NCT04832880,43,-8.635043144226074,bm25_top100_crossenc_minilm
54,NCT02820155,44,-8.636372566223145,bm25_top100_crossenc_minilm
54,NCT01934504,45,-8.660911560058594,bm25_top100_crossenc_minilm
54,NCT02117661,46,-8.664878845214844,bm25_top100_crossenc_minilm
54,NCT03385668,47,-8.666131019592285,bm25_top100_crossenc_minilm
54,NCT00987389,48,-8.677663803100586,bm25_top100_crossenc_minilm
54,NCT02108860,49,-8.689316749572754,bm25_top100_crossenc_minilm
54,NCT02807103,50,-8.705343246459961,bm25_top100_crossenc_minilm
54,NCT00104299,51,-8.732869148254395,bm25_top100_crossenc_minilm
54,NCT00001901,52,-8.745512008666992,bm25_top100_crossenc_minilm
54,NCT04129931,53,-8.749018669128418,bm25_top100_crossenc_minilm
54,NCT03782870,54,-8.76577091217041,bm25_top100_crossenc_minilm
54,NCT04544956,55,-8.816408157348633,bm25_top100_crossenc_minilm
54,NCT00072592,56,-8.830170631408691,bm25_top100_crossenc_minilm
54,NCT00001761,57,-8.833213806152344,bm25_top100_crossenc_minilm
54,NCT04719715,58,-8.83379077911377,bm25_top100_crossenc_minilm
54,NCT00725764,59,-8.838432312011719,bm25_top100_crossenc_minilm
54,NCT00482066,60,-8.844653129577637,bm25_top100_crossenc_minilm
54,NCT01862068,61,-8.857183456420898,bm25_top100_crossenc_minilm
54,NCT01446211,62,-8.862262725830078,bm25_top100_crossenc_minilm
54,NCT01599013,63,-8.877159118652344,bm25_top100_crossenc_minilm
54,NCT03036670,64,-8.87786865234375,bm25_top100_crossenc_minilm
54,NCT04855695,65,-8.943171501159668,bm25_top100_crossenc_minilm
54,NCT03261466,66,-8.948810577392578,bm25_top100_crossenc_minilm
54,NCT02936167,67,-8.95029354095459,bm25_top100_crossenc_minilm
54,NCT01241305,68,-8.980835914611816,bm25_top100_crossenc_minilm
54,NCT00005007,69,-9.039468765258789,bm25_top100_crossenc_minilm
54,NCT03945825,70,-9.067054748535156,bm25_top100_crossenc_minilm
54,NCT03026504,71,-9.101366996765137,bm25_top100_crossenc_minilm
54,NCT03336203,72,-9.103314399719238,bm25_top100_crossenc_minilm
54,NCT01697267,73,-9.109343528747559,bm25_top100_crossenc_minilm
54,NCT00152945,74,-9.139352798461914,bm25_top100_crossenc_minilm
54,NCT04449029,75,-9.150396347045898,bm25_top100_crossenc_minilm
54,NCT01933724,76,-9.153139114379883,bm25_top100_crossenc_minilm
54,NCT02947945,77,-9.187616348266602,bm25_top100_crossenc_minilm
54,NCT04392505,78,-9.211501121520996,bm25_top100_crossenc_minilm
54,NCT01965834,79,-9.21415901184082,bm25_top100_crossenc_minilm
54,NCT03867487,80,-9.226934432983398,bm25_top100_crossenc_minilm
54,NCT01167491,81,-9.2883939743042,bm25_top100_crossenc_minilm
54,NCT02833610,82,-9.32270622253418,bm25_top100_crossenc_minilm
54,NCT02222155,83,-9.333621978759766,bm25_top100_crossenc_minilm
54,NCT01940094,84,-9.347210884094238,bm25_top100_crossenc_minilm
54,NCT04401345,85,-9.371654510498047,bm25_top100_crossenc_minilm
54,NCT03436420,86,-9.375955581665039,bm25_top100_crossenc_minilm
54,NCT04782687,87,-9.38992691040039,bm25_top100_crossenc_minilm
54,NCT04430894,88,-9.489917755126953,bm25_top100_crossenc_minilm
54,NCT03342417,89,-9.498981475830078,bm25_top100_crossenc_minilm
54,NCT03482479,90,-9.532546997070312,bm25_top100_crossenc_minilm
54,NCT00997958,91,-9.571662902832031,bm25_top100_crossenc_minilm
54,NCT04129151,92,-9.608627319335938,bm25_top100_crossenc_minilm
54,NCT03150836,93,-9.635303497314453,bm25_top100_crossenc_minilm
54,NCT03773666,94,-9.676115989685059,bm25_top100_crossenc_minilm
54,NCT02459652,95,-9.686452865600586,bm25_top100_crossenc_minilm
54,NCT02495038,96,-9.694612503051758,bm25_top100_crossenc_minilm
54,NCT02860819,97,-9.696870803833008,bm25_top100_crossenc_minilm
54,NCT04005924,98,-9.726318359375,bm25_top100_crossenc_minilm
54,NCT00639600,99,-9.887513160705566,bm25_top100_crossenc_minilm
54,NCT03084471,100,-9.960176467895508,bm25_top100_crossenc_minilm
55,NCT00001986,1,-2.0104517936706543,bm25_top100_crossenc_minilm
55,NCT04198246,2,-3.102759838104248,bm25_top100_crossenc_minilm
55,NCT00016679,3,-3.500971555709839,bm25_top100_crossenc_minilm
55,NCT03041714,4,-3.802858352661133,bm25_top100_crossenc_minilm
55,NCT00080366,5,-3.9017491340637207,bm25_top100_crossenc_minilm
55,NCT03805750,6,-4.01022481918335,bm25_top100_crossenc_minilm
55,NCT01468948,7,-4.664884567260742,bm25_top100_crossenc_minilm
55,NCT03778060,8,-4.825584888458252,bm25_top100_crossenc_minilm
55,NCT02495883,9,-4.951754570007324,bm25_top100_crossenc_minilm
55,NCT00646451,10,-5.152443885803223,bm25_top100_crossenc_minilm
55,NCT03688685,11,-5.243454456329346,bm25_top100_crossenc_minilm
55,NCT02441985,12,-5.488284587860107,bm25_top100_crossenc_minilm
55,NCT00848172,13,-5.58171272277832,bm25_top100_crossenc_minilm
55,NCT02370108,14,-5.760176658630371,bm25_top100_crossenc_minilm
55,NCT03156517,15,-6.024147987365723,bm25_top100_crossenc_minilm
55,NCT02427646,16,-6.102534294128418,bm25_top100_crossenc_minilm
55,NCT04236843,17,-6.429934978485107,bm25_top100_crossenc_minilm
55,NCT00102596,18,-6.432873249053955,bm25_top100_crossenc_minilm
55,NCT03582137,19,-7.262155532836914,bm25_top100_crossenc_minilm
55,NCT02119611,20,-7.371013641357422,bm25_top100_crossenc_minilm
55,NCT04064957,21,-7.485389709472656,bm25_top100_crossenc_minilm
55,NCT03902262,22,-7.5318827629089355,bm25_top100_crossenc_minilm
55,NCT01908127,23,-7.547981262207031,bm25_top100_crossenc_minilm
55,NCT00291265,24,-7.595172882080078,bm25_top100_crossenc_minilm
55,NCT02087046,25,-7.6670145988464355,bm25_top100_crossenc_minilm
55,NCT03867526,26,-7.670163631439209,bm25_top100_crossenc_minilm
55,NCT00663312,27,-7.849730491638184,bm25_top100_crossenc_minilm
55,NCT01191944,28,-8.337299346923828,bm25_top100_crossenc_minilm
55,NCT02886767,29,-8.501399993896484,bm25_top100_crossenc_minilm
55,NCT04561804,30,-8.556163787841797,bm25_top100_crossenc_minilm
55,NCT00663988,31,-8.580572128295898,bm25_top100_crossenc_minilm
55,NCT03651063,32,-8.589958190917969,bm25_top100_crossenc_minilm
55,NCT04408300,33,-8.617053985595703,bm25_top100_crossenc_minilm
55,NCT04342520,34,-8.645520210266113,bm25_top100_crossenc_minilm
55,NCT01225679,35,-8.723572731018066,bm25_top100_crossenc_minilm
55,NCT01722578,36,-8.773517608642578,bm25_top100_crossenc_minilm
55,NCT04601207,37,-8.809067726135254,bm25_top100_crossenc_minilm
55,NCT02737540,38,-8.81525993347168,bm25_top100_crossenc_minilm
55,NCT03418883,39,-8.982962608337402,bm25_top100_crossenc_minilm
55,NCT04612088,40,-8.987579345703125,bm25_top100_crossenc_minilm
55,NCT00339469,41,-8.989850044250488,bm25_top100_crossenc_minilm
55,NCT03001050,42,-9.024917602539062,bm25_top100_crossenc_minilm
55,NCT03970486,43,-9.131002426147461,bm25_top100_crossenc_minilm
55,NCT02718612,44,-9.132461547851562,bm25_top100_crossenc_minilm
55,NCT00489385,45,-9.134363174438477,bm25_top100_crossenc_minilm
55,NCT00092937,46,-9.14195442199707,bm25_top100_crossenc_minilm
55,NCT04616014,47,-9.185892105102539,bm25_top100_crossenc_minilm
55,NCT02130778,48,-9.225643157958984,bm25_top100_crossenc_minilm
55,NCT04411927,49,-9.231276512145996,bm25_top100_crossenc_minilm
55,NCT03149692,50,-9.26069450378418,bm25_top100_crossenc_minilm
55,NCT04858074,51,-9.265737533569336,bm25_top100_crossenc_minilm
55,NCT03623087,52,-9.266924858093262,bm25_top100_crossenc_minilm
55,NCT03239925,53,-9.282062530517578,bm25_top100_crossenc_minilm
55,NCT01208649,54,-9.366000175476074,bm25_top100_crossenc_minilm
55,NCT02912871,55,-9.38547134399414,bm25_top100_crossenc_minilm
55,NCT00638482,56,-9.424654006958008,bm25_top100_crossenc_minilm
55,NCT00723567,57,-9.42869758605957,bm25_top100_crossenc_minilm
55,NCT01599975,58,-9.439632415771484,bm25_top100_crossenc_minilm
55,NCT00322933,59,-9.511534690856934,bm25_top100_crossenc_minilm
55,NCT03815409,60,-9.516502380371094,bm25_top100_crossenc_minilm
55,NCT04567797,61,-9.529664993286133,bm25_top100_crossenc_minilm
55,NCT04121247,62,-9.534847259521484,bm25_top100_crossenc_minilm
55,NCT04828356,63,-9.548739433288574,bm25_top100_crossenc_minilm
55,NCT03376490,64,-9.57528305053711,bm25_top100_crossenc_minilm
55,NCT03230539,65,-9.57752799987793,bm25_top100_crossenc_minilm
55,NCT03589820,66,-9.58892822265625,bm25_top100_crossenc_minilm
55,NCT01716403,67,-9.602859497070312,bm25_top100_crossenc_minilm
55,NCT04736836,68,-9.644073486328125,bm25_top100_crossenc_minilm
55,NCT03736915,69,-9.647222518920898,bm25_top100_crossenc_minilm
55,NCT04402034,70,-9.68214225769043,bm25_top100_crossenc_minilm
55,NCT00128869,71,-9.683965682983398,bm25_top100_crossenc_minilm
55,NCT00138476,72,-9.712273597717285,bm25_top100_crossenc_minilm
55,NCT00367627,73,-9.753684997558594,bm25_top100_crossenc_minilm
55,NCT03763383,74,-9.764726638793945,bm25_top100_crossenc_minilm
55,NCT03913780,75,-9.780721664428711,bm25_top100_crossenc_minilm
55,NCT03213717,76,-9.828646659851074,bm25_top100_crossenc_minilm
55,NCT02626208,77,-9.879927635192871,bm25_top100_crossenc_minilm
55,NCT01553318,78,-9.887129783630371,bm25_top100_crossenc_minilm
55,NCT03043131,79,-9.896496772766113,bm25_top100_crossenc_minilm
55,NCT01777893,80,-9.92084789276123,bm25_top100_crossenc_minilm
55,NCT03548103,81,-9.945100784301758,bm25_top100_crossenc_minilm
55,NCT03337893,82,-9.950115203857422,bm25_top100_crossenc_minilm
55,NCT02936167,83,-9.95068359375,bm25_top100_crossenc_minilm
55,NCT04701112,84,-9.95307731628418,bm25_top100_crossenc_minilm
55,NCT00104494,85,-9.967967987060547,bm25_top100_crossenc_minilm
55,NCT03832426,86,-10.025104522705078,bm25_top100_crossenc_minilm
55,NCT03520855,87,-10.085047721862793,bm25_top100_crossenc_minilm
55,NCT02678975,88,-10.088415145874023,bm25_top100_crossenc_minilm
55,NCT04618744,89,-10.119752883911133,bm25_top100_crossenc_minilm
55,NCT00738283,90,-10.128600120544434,bm25_top100_crossenc_minilm
55,NCT03539952,91,-10.166601181030273,bm25_top100_crossenc_minilm
55,NCT01472874,92,-10.171259880065918,bm25_top100_crossenc_minilm
55,NCT02916628,93,-10.179891586303711,bm25_top100_crossenc_minilm
55,NCT00742911,94,-10.189314842224121,bm25_top100_crossenc_minilm
55,NCT01775501,95,-10.218297958374023,bm25_top100_crossenc_minilm
55,NCT00878605,96,-10.268701553344727,bm25_top100_crossenc_minilm
55,NCT03336203,97,-10.28179931640625,bm25_top100_crossenc_minilm
55,NCT02505061,98,-10.370502471923828,bm25_top100_crossenc_minilm
55,NCT00422708,99,-10.433144569396973,bm25_top100_crossenc_minilm
55,NCT02527499,100,-10.44377326965332,bm25_top100_crossenc_minilm
56,NCT00921609,1,-0.02149050682783127,bm25_top100_crossenc_minilm
56,NCT04522180,2,-0.12635789811611176,bm25_top100_crossenc_minilm
56,NCT02296216,3,-0.4101235866546631,bm25_top100_crossenc_minilm
56,NCT03042026,4,-0.8107187747955322,bm25_top100_crossenc_minilm
56,NCT00171886,5,-0.8682068586349487,bm25_top100_crossenc_minilm
56,NCT00444873,6,-1.1727899312973022,bm25_top100_crossenc_minilm
56,NCT00521300,7,-1.2177085876464844,bm25_top100_crossenc_minilm
56,NCT01029275,8,-1.3735604286193848,bm25_top100_crossenc_minilm
56,NCT03401008,9,-1.4807007312774658,bm25_top100_crossenc_minilm
56,NCT03548415,10,-1.4815068244934082,bm25_top100_crossenc_minilm
56,NCT00993356,11,-1.485490083694458,bm25_top100_crossenc_minilm
56,NCT02629549,12,-1.6108195781707764,bm25_top100_crossenc_minilm
56,NCT01809808,13,-1.619734764099121,bm25_top100_crossenc_minilm
56,NCT00225979,14,-1.6976490020751953,bm25_top100_crossenc_minilm
56,NCT03710499,15,-1.8106154203414917,bm25_top100_crossenc_minilm
56,NCT04520646,16,-1.882399320602417,bm25_top100_crossenc_minilm
56,NCT02005978,17,-2.019047737121582,bm25_top100_crossenc_minilm
56,NCT02084134,18,-2.108168601989746,bm25_top100_crossenc_minilm
56,NCT00128232,19,-2.126671552658081,bm25_top100_crossenc_minilm
56,NCT02231593,20,-2.196451187133789,bm25_top100_crossenc_minilm
56,NCT00001860,21,-2.2251245975494385,bm25_top100_crossenc_minilm
56,NCT03158090,22,-2.260305404663086,bm25_top100_crossenc_minilm
56,NCT01861717,23,-2.426602840423584,bm25_top100_crossenc_minilm
56,NCT02952885,24,-2.4898176193237305,bm25_top100_crossenc_minilm
56,NCT01902420,25,-2.527466297149658,bm25_top100_crossenc_minilm
56,NCT02357498,26,-2.6487040519714355,bm25_top100_crossenc_minilm
56,NCT01371643,27,-2.649240493774414,bm25_top100_crossenc_minilm
56,NCT03346954,28,-2.6594784259796143,bm25_top100_crossenc_minilm
56,NCT03225040,29,-2.7043042182922363,bm25_top100_crossenc_minilm
56,NCT01723748,30,-2.77004075050354,bm25_top100_crossenc_minilm
56,NCT00690898,31,-2.7747933864593506,bm25_top100_crossenc_minilm
56,NCT00376064,32,-2.9013962745666504,bm25_top100_crossenc_minilm
56,NCT03678389,33,-2.9079816341400146,bm25_top100_crossenc_minilm
56,NCT01261000,34,-2.952465772628784,bm25_top100_crossenc_minilm
56,NCT00242541,35,-3.0067858695983887,bm25_top100_crossenc_minilm
56,NCT04018963,36,-3.088575601577759,bm25_top100_crossenc_minilm
56,NCT03014687,37,-3.111363172531128,bm25_top100_crossenc_minilm
56,NCT01995734,38,-3.1548714637756348,bm25_top100_crossenc_minilm
56,NCT01412424,39,-3.183582305908203,bm25_top100_crossenc_minilm
56,NCT00600886,40,-3.241675853729248,bm25_top100_crossenc_minilm
56,NCT01568359,41,-3.371899366378784,bm25_top100_crossenc_minilm
56,NCT00627796,42,-3.3816044330596924,bm25_top100_crossenc_minilm
56,NCT00616408,43,-3.517807960510254,bm25_top100_crossenc_minilm
56,NCT00068042,44,-3.6365807056427,bm25_top100_crossenc_minilm
56,NCT01752621,45,-3.662569284439087,bm25_top100_crossenc_minilm
56,NCT03031535,46,-3.817964553833008,bm25_top100_crossenc_minilm
56,NCT00461149,47,-3.8407301902770996,bm25_top100_crossenc_minilm
56,NCT03677713,48,-3.8684873580932617,bm25_top100_crossenc_minilm
56,NCT02084095,49,-3.8970580101013184,bm25_top100_crossenc_minilm
56,NCT00615004,50,-3.8986520767211914,bm25_top100_crossenc_minilm
56,NCT02493517,51,-3.989086627960205,bm25_top100_crossenc_minilm
56,NCT04785222,52,-3.9982903003692627,bm25_top100_crossenc_minilm
56,NCT00915954,53,-4.223526954650879,bm25_top100_crossenc_minilm
56,NCT04076046,54,-4.246591567993164,bm25_top100_crossenc_minilm
56,NCT02354508,55,-4.255348205566406,bm25_top100_crossenc_minilm
56,NCT03439709,56,-4.285735130310059,bm25_top100_crossenc_minilm
56,NCT01424241,57,-4.3359694480896,bm25_top100_crossenc_minilm
56,NCT01612624,58,-4.417405605316162,bm25_top100_crossenc_minilm
56,NCT03045302,59,-4.485292434692383,bm25_top100_crossenc_minilm
56,NCT01137682,60,-4.7525177001953125,bm25_top100_crossenc_minilm
56,NCT02111044,61,-4.795437812805176,bm25_top100_crossenc_minilm
56,NCT00145405,62,-4.870273590087891,bm25_top100_crossenc_minilm
56,NCT02419664,63,-4.936977386474609,bm25_top100_crossenc_minilm
56,NCT00461188,64,-4.971663475036621,bm25_top100_crossenc_minilm
56,NCT04529356,65,-4.991971492767334,bm25_top100_crossenc_minilm
56,NCT02668172,66,-5.01624870300293,bm25_top100_crossenc_minilm
56,NCT00383708,67,-5.044713973999023,bm25_top100_crossenc_minilm
56,NCT00552851,68,-5.120265960693359,bm25_top100_crossenc_minilm
56,NCT04569591,69,-5.217199325561523,bm25_top100_crossenc_minilm
56,NCT04066569,70,-5.219154357910156,bm25_top100_crossenc_minilm
56,NCT02749227,71,-5.226502418518066,bm25_top100_crossenc_minilm
56,NCT01556230,72,-5.235512733459473,bm25_top100_crossenc_minilm
56,NCT02685709,73,-5.246039390563965,bm25_top100_crossenc_minilm
56,NCT02396953,74,-5.366910457611084,bm25_top100_crossenc_minilm
56,NCT00068029,75,-5.423901557922363,bm25_top100_crossenc_minilm
56,NCT00447499,76,-5.5574235916137695,bm25_top100_crossenc_minilm
56,NCT03500913,77,-5.668552875518799,bm25_top100_crossenc_minilm
56,NCT00461240,78,-5.894187927246094,bm25_top100_crossenc_minilm
56,NCT00149721,79,-6.040667533874512,bm25_top100_crossenc_minilm
56,NCT04529369,80,-6.076562881469727,bm25_top100_crossenc_minilm
56,NCT00182091,81,-6.117252349853516,bm25_top100_crossenc_minilm
56,NCT00638287,82,-6.145496845245361,bm25_top100_crossenc_minilm
56,NCT00646308,83,-6.426570415496826,bm25_top100_crossenc_minilm
56,NCT00663000,84,-6.5299224853515625,bm25_top100_crossenc_minilm
56,NCT03225755,85,-6.614376068115234,bm25_top100_crossenc_minilm
56,NCT04488874,86,-6.727025985717773,bm25_top100_crossenc_minilm
56,NCT04615273,87,-7.1291399002075195,bm25_top100_crossenc_minilm
56,NCT00616642,88,-7.483705997467041,bm25_top100_crossenc_minilm
56,NCT01225666,89,-7.5898895263671875,bm25_top100_crossenc_minilm
56,NCT02988687,90,-7.668374538421631,bm25_top100_crossenc_minilm
56,NCT02946606,91,-7.74547815322876,bm25_top100_crossenc_minilm
56,NCT03309891,92,-7.819127082824707,bm25_top100_crossenc_minilm
56,NCT02218385,93,-7.944708824157715,bm25_top100_crossenc_minilm
56,NCT01952834,94,-7.953620910644531,bm25_top100_crossenc_minilm
56,NCT02109952,95,-8.038640975952148,bm25_top100_crossenc_minilm
56,NCT00468624,96,-8.114877700805664,bm25_top100_crossenc_minilm
56,NCT03882034,97,-8.145950317382812,bm25_top100_crossenc_minilm
56,NCT03336203,98,-8.5047025680542,bm25_top100_crossenc_minilm
56,NCT02880930,99,-8.829573631286621,bm25_top100_crossenc_minilm
56,NCT01804413,100,-9.188680648803711,bm25_top100_crossenc_minilm
57,NCT04373447,1,-6.053598403930664,bm25_top100_crossenc_minilm
57,NCT01118988,2,-6.404802322387695,bm25_top100_crossenc_minilm
57,NCT01520675,3,-6.916896820068359,bm25_top100_crossenc_minilm
57,NCT02594475,4,-7.020898818969727,bm25_top100_crossenc_minilm
57,NCT04750044,5,-7.16094446182251,bm25_top100_crossenc_minilm
57,NCT00937365,6,-7.209225654602051,bm25_top100_crossenc_minilm
57,NCT02099006,7,-7.2799530029296875,bm25_top100_crossenc_minilm
57,NCT03323489,8,-7.336475849151611,bm25_top100_crossenc_minilm
57,NCT04237181,9,-7.4733567237854,bm25_top100_crossenc_minilm
57,NCT00863642,10,-7.515573978424072,bm25_top100_crossenc_minilm
57,NCT02588885,11,-7.610823631286621,bm25_top100_crossenc_minilm
57,NCT01859507,12,-7.62551212310791,bm25_top100_crossenc_minilm
57,NCT01562678,13,-7.643527984619141,bm25_top100_crossenc_minilm
57,NCT03259880,14,-7.762607574462891,bm25_top100_crossenc_minilm
57,NCT04368611,15,-7.7858452796936035,bm25_top100_crossenc_minilm
57,NCT01047800,16,-7.820309638977051,bm25_top100_crossenc_minilm
57,NCT04034251,17,-7.825682640075684,bm25_top100_crossenc_minilm
57,NCT02155244,18,-7.904658317565918,bm25_top100_crossenc_minilm
57,NCT00000862,19,-8.008732795715332,bm25_top100_crossenc_minilm
57,NCT00667498,20,-8.044744491577148,bm25_top100_crossenc_minilm
57,NCT04652830,21,-8.09130573272705,bm25_top100_crossenc_minilm
57,NCT03092518,22,-8.092013359069824,bm25_top100_crossenc_minilm
57,NCT03008824,23,-8.103127479553223,bm25_top100_crossenc_minilm
57,NCT00799214,24,-8.159722328186035,bm25_top100_crossenc_minilm
57,NCT02110810,25,-8.22769832611084,bm25_top100_crossenc_minilm
57,NCT02492347,26,-8.284704208374023,bm25_top100_crossenc_minilm
57,NCT00093860,27,-8.319963455200195,bm25_top100_crossenc_minilm
57,NCT04701034,28,-8.320436477661133,bm25_top100_crossenc_minilm
57,NCT04586283,29,-8.335174560546875,bm25_top100_crossenc_minilm
57,NCT01758549,30,-8.401971817016602,bm25_top100_crossenc_minilm
57,NCT01717599,31,-8.440214157104492,bm25_top100_crossenc_minilm
57,NCT01425177,32,-8.558768272399902,bm25_top100_crossenc_minilm
57,NCT04139577,33,-8.59367561340332,bm25_top100_crossenc_minilm
57,NCT01160536,34,-8.665143966674805,bm25_top100_crossenc_minilm
57,NCT02201095,35,-8.693544387817383,bm25_top100_crossenc_minilm
57,NCT01051726,36,-8.698561668395996,bm25_top100_crossenc_minilm
57,NCT02185456,37,-8.704614639282227,bm25_top100_crossenc_minilm
57,NCT03948386,38,-8.714873313903809,bm25_top100_crossenc_minilm
57,NCT02223819,39,-8.753106117248535,bm25_top100_crossenc_minilm
57,NCT00879190,40,-8.776047706604004,bm25_top100_crossenc_minilm
57,NCT00957307,41,-8.819573402404785,bm25_top100_crossenc_minilm
57,NCT04671095,42,-8.865839958190918,bm25_top100_crossenc_minilm
57,NCT04480190,43,-8.900226593017578,bm25_top100_crossenc_minilm
57,NCT02546193,44,-8.91607666015625,bm25_top100_crossenc_minilm
57,NCT02429349,45,-8.930490493774414,bm25_top100_crossenc_minilm
57,NCT04691960,46,-8.931293487548828,bm25_top100_crossenc_minilm
57,NCT02422147,47,-8.93881893157959,bm25_top100_crossenc_minilm
57,NCT02226731,48,-8.940591812133789,bm25_top100_crossenc_minilm
57,NCT04487886,49,-8.995061874389648,bm25_top100_crossenc_minilm
57,NCT03422809,50,-9.001148223876953,bm25_top100_crossenc_minilm
57,NCT04329143,51,-9.01487922668457,bm25_top100_crossenc_minilm
57,NCT04743323,52,-9.03443431854248,bm25_top100_crossenc_minilm
57,NCT02489617,53,-9.054226875305176,bm25_top100_crossenc_minilm
57,NCT02768389,54,-9.058426856994629,bm25_top100_crossenc_minilm
57,NCT03336203,55,-9.067143440246582,bm25_top100_crossenc_minilm
57,NCT00857051,56,-9.076003074645996,bm25_top100_crossenc_minilm
57,NCT01624155,57,-9.081502914428711,bm25_top100_crossenc_minilm
57,NCT01152853,58,-9.112480163574219,bm25_top100_crossenc_minilm
57,NCT01109849,59,-9.118569374084473,bm25_top100_crossenc_minilm
57,NCT00182078,60,-9.120492935180664,bm25_top100_crossenc_minilm
57,NCT02109952,61,-9.123244285583496,bm25_top100_crossenc_minilm
57,NCT03183570,62,-9.13107681274414,bm25_top100_crossenc_minilm
57,NCT02379728,63,-9.150568008422852,bm25_top100_crossenc_minilm
57,NCT04753255,64,-9.180177688598633,bm25_top100_crossenc_minilm
57,NCT04059185,65,-9.197166442871094,bm25_top100_crossenc_minilm
57,NCT03141359,66,-9.202715873718262,bm25_top100_crossenc_minilm
57,NCT01849263,67,-9.208711624145508,bm25_top100_crossenc_minilm
57,NCT01766856,68,-9.214340209960938,bm25_top100_crossenc_minilm
57,NCT01335763,69,-9.217334747314453,bm25_top100_crossenc_minilm
57,NCT03811886,70,-9.255966186523438,bm25_top100_crossenc_minilm
57,NCT00342706,71,-9.270048141479492,bm25_top100_crossenc_minilm
57,NCT02381561,72,-9.312589645385742,bm25_top100_crossenc_minilm
57,NCT04559620,73,-9.316444396972656,bm25_top100_crossenc_minilm
57,NCT04808726,74,-9.322868347167969,bm25_top100_crossenc_minilm
57,NCT03661047,75,-9.340335845947266,bm25_top100_crossenc_minilm
57,NCT02400359,76,-9.352872848510742,bm25_top100_crossenc_minilm
57,NCT00021671,77,-9.356342315673828,bm25_top100_crossenc_minilm
57,NCT03348098,78,-9.414774894714355,bm25_top100_crossenc_minilm
57,NCT03595917,79,-9.426261901855469,bm25_top100_crossenc_minilm
57,NCT02743364,80,-9.438915252685547,bm25_top100_crossenc_minilm
57,NCT01206296,81,-9.451007843017578,bm25_top100_crossenc_minilm
57,NCT01553318,82,-9.451132774353027,bm25_top100_crossenc_minilm
57,NCT00661882,83,-9.473769187927246,bm25_top100_crossenc_minilm
57,NCT03034330,84,-9.49156665802002,bm25_top100_crossenc_minilm
57,NCT00922233,85,-9.512702941894531,bm25_top100_crossenc_minilm
57,NCT00597506,86,-9.535478591918945,bm25_top100_crossenc_minilm
57,NCT00321893,87,-9.541028022766113,bm25_top100_crossenc_minilm
57,NCT02038699,88,-9.551185607910156,bm25_top100_crossenc_minilm
57,NCT00682994,89,-9.564271926879883,bm25_top100_crossenc_minilm
57,NCT04474626,90,-9.583965301513672,bm25_top100_crossenc_minilm
57,NCT03286335,91,-9.609004020690918,bm25_top100_crossenc_minilm
57,NCT04477005,92,-9.636372566223145,bm25_top100_crossenc_minilm
57,NCT03194308,93,-9.67162799835205,bm25_top100_crossenc_minilm
57,NCT04071756,94,-9.676509857177734,bm25_top100_crossenc_minilm
57,NCT01893047,95,-9.6941556930542,bm25_top100_crossenc_minilm
57,NCT04216251,96,-9.752744674682617,bm25_top100_crossenc_minilm
57,NCT03144804,97,-9.788375854492188,bm25_top100_crossenc_minilm
57,NCT04514809,98,-9.900830268859863,bm25_top100_crossenc_minilm
57,NCT02474173,99,-9.917770385742188,bm25_top100_crossenc_minilm
57,NCT01775501,100,-9.962989807128906,bm25_top100_crossenc_minilm
58,NCT03902262,1,1.4283788204193115,bm25_top100_crossenc_minilm
58,NCT00413855,2,-1.1797900199890137,bm25_top100_crossenc_minilm
58,NCT01652170,3,-1.9731223583221436,bm25_top100_crossenc_minilm
58,NCT01678365,4,-3.117283582687378,bm25_top100_crossenc_minilm
58,NCT04693156,5,-3.2751970291137695,bm25_top100_crossenc_minilm
58,NCT01067937,6,-3.5613582134246826,bm25_top100_crossenc_minilm
58,NCT02724410,7,-3.9896960258483887,bm25_top100_crossenc_minilm
58,NCT02513953,8,-3.996098279953003,bm25_top100_crossenc_minilm
58,NCT03570398,9,-4.363224983215332,bm25_top100_crossenc_minilm
58,NCT04117061,10,-4.398926734924316,bm25_top100_crossenc_minilm
58,NCT01260064,11,-4.933765888214111,bm25_top100_crossenc_minilm
58,NCT01825863,12,-4.966631889343262,bm25_top100_crossenc_minilm
58,NCT02730585,13,-5.007059097290039,bm25_top100_crossenc_minilm
58,NCT02497183,14,-5.089659690856934,bm25_top100_crossenc_minilm
58,NCT03795194,15,-5.186995029449463,bm25_top100_crossenc_minilm
58,NCT03591419,16,-5.491460800170898,bm25_top100_crossenc_minilm
58,NCT03186105,17,-5.53173303604126,bm25_top100_crossenc_minilm
58,NCT03146091,18,-5.5443339347839355,bm25_top100_crossenc_minilm
58,NCT03754387,19,-5.760400772094727,bm25_top100_crossenc_minilm
58,NCT02352519,20,-5.766868591308594,bm25_top100_crossenc_minilm
58,NCT01096927,21,-5.888567924499512,bm25_top100_crossenc_minilm
58,NCT04234035,22,-5.97039270401001,bm25_top100_crossenc_minilm
58,NCT02848820,23,-5.990026950836182,bm25_top100_crossenc_minilm
58,NCT04637022,24,-6.091197490692139,bm25_top100_crossenc_minilm
58,NCT04606485,25,-6.22719669342041,bm25_top100_crossenc_minilm
58,NCT01068288,26,-6.289429664611816,bm25_top100_crossenc_minilm
58,NCT03994887,27,-6.306164741516113,bm25_top100_crossenc_minilm
58,NCT03171662,28,-6.401219367980957,bm25_top100_crossenc_minilm
58,NCT04281251,29,-6.433647155761719,bm25_top100_crossenc_minilm
58,NCT03028181,30,-6.487002372741699,bm25_top100_crossenc_minilm
58,NCT04271826,31,-6.5964765548706055,bm25_top100_crossenc_minilm
58,NCT04030741,32,-6.6449456214904785,bm25_top100_crossenc_minilm
58,NCT03521011,33,-6.741524696350098,bm25_top100_crossenc_minilm
58,NCT04688463,34,-6.846362113952637,bm25_top100_crossenc_minilm
58,NCT02146521,35,-6.874729633331299,bm25_top100_crossenc_minilm
58,NCT00981136,36,-6.939944267272949,bm25_top100_crossenc_minilm
58,NCT02653937,37,-6.956693172454834,bm25_top100_crossenc_minilm
58,NCT01356641,38,-6.965065002441406,bm25_top100_crossenc_minilm
58,NCT00414375,39,-7.069781303405762,bm25_top100_crossenc_minilm
58,NCT02624089,40,-7.085597991943359,bm25_top100_crossenc_minilm
58,NCT01069900,41,-7.108037948608398,bm25_top100_crossenc_minilm
58,NCT00492726,42,-7.11331844329834,bm25_top100_crossenc_minilm
58,NCT04618666,43,-7.1201019287109375,bm25_top100_crossenc_minilm
58,NCT03267082,44,-7.2179460525512695,bm25_top100_crossenc_minilm
58,NCT01718275,45,-7.289072036743164,bm25_top100_crossenc_minilm
58,NCT00997516,46,-7.394698143005371,bm25_top100_crossenc_minilm
58,NCT04329845,47,-7.409885406494141,bm25_top100_crossenc_minilm
58,NCT01203566,48,-7.41002082824707,bm25_top100_crossenc_minilm
58,NCT04311385,49,-7.468285083770752,bm25_top100_crossenc_minilm
58,NCT02533869,50,-7.473481178283691,bm25_top100_crossenc_minilm
58,NCT04253899,51,-7.585600852966309,bm25_top100_crossenc_minilm
58,NCT04440150,52,-7.670489311218262,bm25_top100_crossenc_minilm
58,NCT02714023,53,-7.694664001464844,bm25_top100_crossenc_minilm
58,NCT01675466,54,-7.696360111236572,bm25_top100_crossenc_minilm
58,NCT00952133,55,-7.750397682189941,bm25_top100_crossenc_minilm
58,NCT03380793,56,-7.7975172996521,bm25_top100_crossenc_minilm
58,NCT03324165,57,-7.823415756225586,bm25_top100_crossenc_minilm
58,NCT00373074,58,-7.836999893188477,bm25_top100_crossenc_minilm
58,NCT03236961,59,-7.849715232849121,bm25_top100_crossenc_minilm
58,NCT02712814,60,-7.859584808349609,bm25_top100_crossenc_minilm
58,NCT00135603,61,-7.930487632751465,bm25_top100_crossenc_minilm
58,NCT02731924,62,-7.941218376159668,bm25_top100_crossenc_minilm
58,NCT03688295,63,-7.967007637023926,bm25_top100_crossenc_minilm
58,NCT04519086,64,-7.990436553955078,bm25_top100_crossenc_minilm
58,NCT04207645,65,-8.011332511901855,bm25_top100_crossenc_minilm
58,NCT00971438,66,-8.011340141296387,bm25_top100_crossenc_minilm
58,NCT04373447,67,-8.018769264221191,bm25_top100_crossenc_minilm
58,NCT04614519,68,-8.023951530456543,bm25_top100_crossenc_minilm
58,NCT03106467,69,-8.035576820373535,bm25_top100_crossenc_minilm
58,NCT02795793,70,-8.060314178466797,bm25_top100_crossenc_minilm
58,NCT00863642,71,-8.060446739196777,bm25_top100_crossenc_minilm
58,NCT04713527,72,-8.073700904846191,bm25_top100_crossenc_minilm
58,NCT01922011,73,-8.11541748046875,bm25_top100_crossenc_minilm
58,NCT04755179,74,-8.149120330810547,bm25_top100_crossenc_minilm
58,NCT00733603,75,-8.15589714050293,bm25_top100_crossenc_minilm
58,NCT01961219,76,-8.16645622253418,bm25_top100_crossenc_minilm
58,NCT00462020,77,-8.171293258666992,bm25_top100_crossenc_minilm
58,NCT04597723,78,-8.272529602050781,bm25_top100_crossenc_minilm
58,NCT04856735,79,-8.278491973876953,bm25_top100_crossenc_minilm
58,NCT03259880,80,-8.341611862182617,bm25_top100_crossenc_minilm
58,NCT03349814,81,-8.345805168151855,bm25_top100_crossenc_minilm
58,NCT04437043,82,-8.395238876342773,bm25_top100_crossenc_minilm
58,NCT03947372,83,-8.439921379089355,bm25_top100_crossenc_minilm
58,NCT00500435,84,-8.4866361618042,bm25_top100_crossenc_minilm
58,NCT00754806,85,-8.516719818115234,bm25_top100_crossenc_minilm
58,NCT02687464,86,-8.54932975769043,bm25_top100_crossenc_minilm
58,NCT03234296,87,-8.571901321411133,bm25_top100_crossenc_minilm
58,NCT03159754,88,-8.657052993774414,bm25_top100_crossenc_minilm
58,NCT00677989,89,-8.706047058105469,bm25_top100_crossenc_minilm
58,NCT04806789,90,-8.747794151306152,bm25_top100_crossenc_minilm
58,NCT01019239,91,-8.798776626586914,bm25_top100_crossenc_minilm
58,NCT02029781,92,-8.825360298156738,bm25_top100_crossenc_minilm
58,NCT02271932,93,-9.065673828125,bm25_top100_crossenc_minilm
58,NCT04742881,94,-9.10039234161377,bm25_top100_crossenc_minilm
58,NCT04368611,95,-9.192745208740234,bm25_top100_crossenc_minilm
58,NCT00195923,96,-9.358745574951172,bm25_top100_crossenc_minilm
58,NCT02800785,97,-9.587440490722656,bm25_top100_crossenc_minilm
58,NCT03580044,98,-9.626544952392578,bm25_top100_crossenc_minilm
58,NCT03391440,99,-9.633187294006348,bm25_top100_crossenc_minilm
58,NCT02149797,100,-9.727590560913086,bm25_top100_crossenc_minilm
59,NCT03190759,1,-2.0937609672546387,bm25_top100_crossenc_minilm
59,NCT00555607,2,-2.408933162689209,bm25_top100_crossenc_minilm
59,NCT03046433,3,-2.427903175354004,bm25_top100_crossenc_minilm
59,NCT02040766,4,-2.646803855895996,bm25_top100_crossenc_minilm
59,NCT01634113,5,-2.69814395904541,bm25_top100_crossenc_minilm
59,NCT01269437,6,-3.0121355056762695,bm25_top100_crossenc_minilm
59,NCT01634152,7,-3.052661657333374,bm25_top100_crossenc_minilm
59,NCT02040779,8,-3.1987011432647705,bm25_top100_crossenc_minilm
59,NCT02031640,9,-3.2974460124969482,bm25_top100_crossenc_minilm
59,NCT00078208,10,-3.354322671890259,bm25_top100_crossenc_minilm
59,NCT02181335,11,-3.407531976699829,bm25_top100_crossenc_minilm
59,NCT04821908,12,-3.4821014404296875,bm25_top100_crossenc_minilm
59,NCT02013076,13,-3.4979002475738525,bm25_top100_crossenc_minilm
59,NCT00395304,14,-3.5072262287139893,bm25_top100_crossenc_minilm
59,NCT01397201,15,-3.79490327835083,bm25_top100_crossenc_minilm
59,NCT01397162,16,-3.8011209964752197,bm25_top100_crossenc_minilm
59,NCT02141854,17,-3.9299166202545166,bm25_top100_crossenc_minilm
59,NCT00585039,18,-3.946610450744629,bm25_top100_crossenc_minilm
59,NCT00394329,19,-3.9586665630340576,bm25_top100_crossenc_minilm
59,NCT02139644,20,-4.176323890686035,bm25_top100_crossenc_minilm
59,NCT01899144,21,-4.201233386993408,bm25_top100_crossenc_minilm
59,NCT02483975,22,-4.295652389526367,bm25_top100_crossenc_minilm
59,NCT00442117,23,-4.323525428771973,bm25_top100_crossenc_minilm
59,NCT04264377,24,-4.396688938140869,bm25_top100_crossenc_minilm
59,NCT00424008,25,-4.429081916809082,bm25_top100_crossenc_minilm
59,NCT04773678,26,-4.647664546966553,bm25_top100_crossenc_minilm
59,NCT02233803,27,-4.660143852233887,bm25_top100_crossenc_minilm
59,NCT02678949,28,-4.661322116851807,bm25_top100_crossenc_minilm
59,NCT02717689,29,-4.700072288513184,bm25_top100_crossenc_minilm
59,NCT04048746,30,-4.761591911315918,bm25_top100_crossenc_minilm
59,NCT02887911,31,-4.879101276397705,bm25_top100_crossenc_minilm
59,NCT02889809,32,-4.903535842895508,bm25_top100_crossenc_minilm
59,NCT01332292,33,-4.933835983276367,bm25_top100_crossenc_minilm
59,NCT01837316,34,-5.0648579597473145,bm25_top100_crossenc_minilm
59,NCT00819676,35,-5.09132194519043,bm25_top100_crossenc_minilm
59,NCT00381485,36,-5.122426986694336,bm25_top100_crossenc_minilm
59,NCT02066129,37,-5.165534019470215,bm25_top100_crossenc_minilm
59,NCT04129931,38,-5.297938823699951,bm25_top100_crossenc_minilm
59,NCT02869958,39,-5.306958198547363,bm25_top100_crossenc_minilm
59,NCT03705325,40,-5.380151748657227,bm25_top100_crossenc_minilm
59,NCT01500525,41,-5.4065046310424805,bm25_top100_crossenc_minilm
59,NCT03788057,42,-5.439113616943359,bm25_top100_crossenc_minilm
59,NCT00495157,43,-5.465843200683594,bm25_top100_crossenc_minilm
59,NCT04223843,44,-5.492467880249023,bm25_top100_crossenc_minilm
59,NCT02175771,45,-5.5152788162231445,bm25_top100_crossenc_minilm
59,NCT04035109,46,-5.549408912658691,bm25_top100_crossenc_minilm
59,NCT02135718,47,-5.570677757263184,bm25_top100_crossenc_minilm
59,NCT02555345,48,-5.572635650634766,bm25_top100_crossenc_minilm
59,NCT00471809,49,-5.608222007751465,bm25_top100_crossenc_minilm
59,NCT00473460,50,-5.628402233123779,bm25_top100_crossenc_minilm
59,NCT01907334,51,-5.635567665100098,bm25_top100_crossenc_minilm
59,NCT00900874,52,-5.836321830749512,bm25_top100_crossenc_minilm
59,NCT03299322,53,-5.842469215393066,bm25_top100_crossenc_minilm
59,NCT04206761,54,-5.846714973449707,bm25_top100_crossenc_minilm
59,NCT01026870,55,-5.873476028442383,bm25_top100_crossenc_minilm
59,NCT00180661,56,-5.946500301361084,bm25_top100_crossenc_minilm
59,NCT00634517,57,-5.991125106811523,bm25_top100_crossenc_minilm
59,NCT00398645,58,-6.037457466125488,bm25_top100_crossenc_minilm
59,NCT01436890,59,-6.0939106941223145,bm25_top100_crossenc_minilm
59,NCT01781507,60,-6.154500961303711,bm25_top100_crossenc_minilm
59,NCT01961154,61,-6.169142246246338,bm25_top100_crossenc_minilm
59,NCT01263340,62,-6.455121040344238,bm25_top100_crossenc_minilm
59,NCT03781895,63,-6.523471832275391,bm25_top100_crossenc_minilm
59,NCT00801307,64,-6.535926818847656,bm25_top100_crossenc_minilm
59,NCT03840044,65,-6.576180458068848,bm25_top100_crossenc_minilm
59,NCT00603382,66,-6.589632987976074,bm25_top100_crossenc_minilm
59,NCT00662298,67,-6.605966091156006,bm25_top100_crossenc_minilm
59,NCT02388997,68,-6.6313395500183105,bm25_top100_crossenc_minilm
59,NCT01577953,69,-6.668087482452393,bm25_top100_crossenc_minilm
59,NCT01287065,70,-6.685121059417725,bm25_top100_crossenc_minilm
59,NCT00595153,71,-6.6875200271606445,bm25_top100_crossenc_minilm
59,NCT01498679,72,-6.695294380187988,bm25_top100_crossenc_minilm
59,NCT03184987,73,-6.759998321533203,bm25_top100_crossenc_minilm
59,NCT02786927,74,-6.779597759246826,bm25_top100_crossenc_minilm
59,NCT00273689,75,-6.797611713409424,bm25_top100_crossenc_minilm
59,NCT03546907,76,-6.802585601806641,bm25_top100_crossenc_minilm
59,NCT00603746,77,-6.807305335998535,bm25_top100_crossenc_minilm
59,NCT03012061,78,-6.834347724914551,bm25_top100_crossenc_minilm
59,NCT00603278,79,-6.847522735595703,bm25_top100_crossenc_minilm
59,NCT02301975,80,-6.856081962585449,bm25_top100_crossenc_minilm
59,NCT01498653,81,-6.870012283325195,bm25_top100_crossenc_minilm
59,NCT01978119,82,-6.968358039855957,bm25_top100_crossenc_minilm
59,NCT03513471,83,-6.9887590408325195,bm25_top100_crossenc_minilm
59,NCT02340520,84,-7.032937526702881,bm25_top100_crossenc_minilm
59,NCT02358798,85,-7.070100784301758,bm25_top100_crossenc_minilm
59,NCT02691988,86,-7.353671073913574,bm25_top100_crossenc_minilm
59,NCT02730351,87,-7.3740129470825195,bm25_top100_crossenc_minilm
59,NCT03930732,88,-7.390578269958496,bm25_top100_crossenc_minilm
59,NCT00565266,89,-7.410655498504639,bm25_top100_crossenc_minilm
59,NCT03363191,90,-7.452423095703125,bm25_top100_crossenc_minilm
59,NCT04456673,91,-7.634265899658203,bm25_top100_crossenc_minilm
59,NCT02924688,92,-7.876485824584961,bm25_top100_crossenc_minilm
59,NCT01978145,93,-7.945756912231445,bm25_top100_crossenc_minilm
59,NCT02094937,94,-7.967533588409424,bm25_top100_crossenc_minilm
59,NCT01160536,95,-8.037637710571289,bm25_top100_crossenc_minilm
59,NCT01879410,96,-8.154945373535156,bm25_top100_crossenc_minilm
59,NCT03317262,97,-8.36176586151123,bm25_top100_crossenc_minilm
59,NCT00640263,98,-8.530858039855957,bm25_top100_crossenc_minilm
59,NCT03034330,99,-8.724146842956543,bm25_top100_crossenc_minilm
59,NCT00723567,100,-9.244247436523438,bm25_top100_crossenc_minilm
60,NCT01438775,1,-4.322936534881592,bm25_top100_crossenc_minilm
60,NCT02808013,2,-4.820215225219727,bm25_top100_crossenc_minilm
60,NCT02524236,3,-5.53175687789917,bm25_top100_crossenc_minilm
60,NCT00850733,4,-5.816096305847168,bm25_top100_crossenc_minilm
60,NCT02628041,5,-6.002194404602051,bm25_top100_crossenc_minilm
60,NCT01043588,6,-6.237882137298584,bm25_top100_crossenc_minilm
60,NCT02006303,7,-6.290818214416504,bm25_top100_crossenc_minilm
60,NCT02566551,8,-6.363254547119141,bm25_top100_crossenc_minilm
60,NCT03758222,9,-6.86277961730957,bm25_top100_crossenc_minilm
60,NCT04131907,10,-6.879349231719971,bm25_top100_crossenc_minilm
60,NCT00939120,11,-6.917587757110596,bm25_top100_crossenc_minilm
60,NCT00431626,12,-7.1085309982299805,bm25_top100_crossenc_minilm
60,NCT01846793,13,-7.221405506134033,bm25_top100_crossenc_minilm
60,NCT01912339,14,-7.255735874176025,bm25_top100_crossenc_minilm
60,NCT04726748,15,-7.276223182678223,bm25_top100_crossenc_minilm
60,NCT03788967,16,-7.34414005279541,bm25_top100_crossenc_minilm
60,NCT01789840,17,-7.389236927032471,bm25_top100_crossenc_minilm
60,NCT02410135,18,-7.572690486907959,bm25_top100_crossenc_minilm
60,NCT00947882,19,-7.671658515930176,bm25_top100_crossenc_minilm
60,NCT02505919,20,-7.675820350646973,bm25_top100_crossenc_minilm
60,NCT04757116,21,-7.754428386688232,bm25_top100_crossenc_minilm
60,NCT02003742,22,-7.839805603027344,bm25_top100_crossenc_minilm
60,NCT00992745,23,-7.852487564086914,bm25_top100_crossenc_minilm
60,NCT01775488,24,-7.870556354522705,bm25_top100_crossenc_minilm
60,NCT04309695,25,-7.8705644607543945,bm25_top100_crossenc_minilm
60,NCT03179228,26,-7.931870937347412,bm25_top100_crossenc_minilm
60,NCT03577236,27,-7.934558391571045,bm25_top100_crossenc_minilm
60,NCT01896973,28,-7.938584327697754,bm25_top100_crossenc_minilm
60,NCT02167009,29,-7.94142484664917,bm25_top100_crossenc_minilm
60,NCT00889707,30,-7.94223690032959,bm25_top100_crossenc_minilm
60,NCT03043222,31,-7.969002723693848,bm25_top100_crossenc_minilm
60,NCT02058368,32,-8.042495727539062,bm25_top100_crossenc_minilm
60,NCT04206319,33,-8.097049713134766,bm25_top100_crossenc_minilm
60,NCT03372096,34,-8.199889183044434,bm25_top100_crossenc_minilm
60,NCT02283684,35,-8.229893684387207,bm25_top100_crossenc_minilm
60,NCT03055624,36,-8.266809463500977,bm25_top100_crossenc_minilm
60,NCT00090103,37,-8.286181449890137,bm25_top100_crossenc_minilm
60,NCT02326454,38,-8.31759262084961,bm25_top100_crossenc_minilm
60,NCT02244255,39,-8.320422172546387,bm25_top100_crossenc_minilm
60,NCT04529369,40,-8.470335006713867,bm25_top100_crossenc_minilm
60,NCT02288455,41,-8.484858512878418,bm25_top100_crossenc_minilm
60,NCT03976843,42,-8.573984146118164,bm25_top100_crossenc_minilm
60,NCT04825652,43,-8.595455169677734,bm25_top100_crossenc_minilm
60,NCT01469221,44,-8.671018600463867,bm25_top100_crossenc_minilm
60,NCT01534793,45,-8.7140474319458,bm25_top100_crossenc_minilm
60,NCT02506465,46,-8.752486228942871,bm25_top100_crossenc_minilm
60,NCT03605745,47,-8.75736141204834,bm25_top100_crossenc_minilm
60,NCT00918034,48,-8.773067474365234,bm25_top100_crossenc_minilm
60,NCT01410565,49,-8.774299621582031,bm25_top100_crossenc_minilm
60,NCT03315871,50,-8.774761199951172,bm25_top100_crossenc_minilm
60,NCT00743184,51,-8.801080703735352,bm25_top100_crossenc_minilm
60,NCT01967251,52,-8.84371566772461,bm25_top100_crossenc_minilm
60,NCT01294592,53,-8.851644515991211,bm25_top100_crossenc_minilm
60,NCT02786290,54,-8.890043258666992,bm25_top100_crossenc_minilm
60,NCT00884273,55,-8.93514633178711,bm25_top100_crossenc_minilm
60,NCT02766543,56,-9.050207138061523,bm25_top100_crossenc_minilm
60,NCT01777269,57,-9.065167427062988,bm25_top100_crossenc_minilm
60,NCT00694291,58,-9.080235481262207,bm25_top100_crossenc_minilm
60,NCT03042312,59,-9.081384658813477,bm25_top100_crossenc_minilm
60,NCT01261754,60,-9.103206634521484,bm25_top100_crossenc_minilm
60,NCT03305861,61,-9.139785766601562,bm25_top100_crossenc_minilm
60,NCT03335059,62,-9.160734176635742,bm25_top100_crossenc_minilm
60,NCT00004050,63,-9.218338012695312,bm25_top100_crossenc_minilm
60,NCT02855892,64,-9.256731033325195,bm25_top100_crossenc_minilm
60,NCT02649439,65,-9.260092735290527,bm25_top100_crossenc_minilm
60,NCT00005072,66,-9.283079147338867,bm25_top100_crossenc_minilm
60,NCT01673490,67,-9.349710464477539,bm25_top100_crossenc_minilm
60,NCT03595735,68,-9.350513458251953,bm25_top100_crossenc_minilm
60,NCT00962390,69,-9.351394653320312,bm25_top100_crossenc_minilm
60,NCT02757768,70,-9.374452590942383,bm25_top100_crossenc_minilm
60,NCT01650285,71,-9.415617942810059,bm25_top100_crossenc_minilm
60,NCT04158245,72,-9.436283111572266,bm25_top100_crossenc_minilm
60,NCT00709488,73,-9.444221496582031,bm25_top100_crossenc_minilm
60,NCT00683475,74,-9.54944133758545,bm25_top100_crossenc_minilm
60,NCT03246802,75,-9.563942909240723,bm25_top100_crossenc_minilm
60,NCT03777982,76,-9.576993942260742,bm25_top100_crossenc_minilm
60,NCT00030602,77,-9.584396362304688,bm25_top100_crossenc_minilm
60,NCT02362451,78,-9.591519355773926,bm25_top100_crossenc_minilm
60,NCT03902080,79,-9.594827651977539,bm25_top100_crossenc_minilm
60,NCT01931046,80,-9.611387252807617,bm25_top100_crossenc_minilm
60,NCT03423979,81,-9.658278465270996,bm25_top100_crossenc_minilm
60,NCT01197209,82,-9.719647407531738,bm25_top100_crossenc_minilm
60,NCT00537849,83,-9.731706619262695,bm25_top100_crossenc_minilm
60,NCT00573586,84,-9.77916145324707,bm25_top100_crossenc_minilm
60,NCT03373006,85,-9.781461715698242,bm25_top100_crossenc_minilm
60,NCT00972309,86,-9.817092895507812,bm25_top100_crossenc_minilm
60,NCT00583024,87,-9.860499382019043,bm25_top100_crossenc_minilm
60,NCT00567580,88,-9.8856782913208,bm25_top100_crossenc_minilm
60,NCT01303705,89,-9.903580665588379,bm25_top100_crossenc_minilm
60,NCT00100243,90,-9.913241386413574,bm25_top100_crossenc_minilm
60,NCT00685633,91,-9.956378936767578,bm25_top100_crossenc_minilm
60,NCT00583492,92,-10.003668785095215,bm25_top100_crossenc_minilm
60,NCT00527371,93,-10.048770904541016,bm25_top100_crossenc_minilm
60,NCT04032067,94,-10.08853530883789,bm25_top100_crossenc_minilm
60,NCT00788307,95,-10.136102676391602,bm25_top100_crossenc_minilm
60,NCT03637543,96,-10.1377592086792,bm25_top100_crossenc_minilm
60,NCT02260817,97,-10.181856155395508,bm25_top100_crossenc_minilm
60,NCT00694551,98,-10.186478614807129,bm25_top100_crossenc_minilm
60,NCT00551525,99,-10.240036010742188,bm25_top100_crossenc_minilm
60,NCT03262103,100,-10.251020431518555,bm25_top100_crossenc_minilm
61,NCT04301375,1,0.049666594713926315,bm25_top100_crossenc_minilm
61,NCT01368263,2,-0.12942379713058472,bm25_top100_crossenc_minilm
61,NCT03542175,3,-0.22663582861423492,bm25_top100_crossenc_minilm
61,NCT04578106,4,-0.7418555617332458,bm25_top100_crossenc_minilm
61,NCT00902954,5,-0.7460468411445618,bm25_top100_crossenc_minilm
61,NCT00325598,6,-0.820827841758728,bm25_top100_crossenc_minilm
61,NCT02515110,7,-0.8689194917678833,bm25_top100_crossenc_minilm
61,NCT02564848,8,-1.1147416830062866,bm25_top100_crossenc_minilm
61,NCT04084730,9,-1.493919849395752,bm25_top100_crossenc_minilm
61,NCT00493870,10,-1.623835802078247,bm25_top100_crossenc_minilm
61,NCT04595565,11,-1.7606145143508911,bm25_top100_crossenc_minilm
61,NCT02441933,12,-1.9553985595703125,bm25_top100_crossenc_minilm
61,NCT00130533,13,-2.2016429901123047,bm25_top100_crossenc_minilm
61,NCT00365365,14,-2.2250332832336426,bm25_top100_crossenc_minilm
61,NCT02945579,15,-2.2323238849639893,bm25_top100_crossenc_minilm
61,NCT00493649,16,-2.2406418323516846,bm25_top100_crossenc_minilm
61,NCT02685332,17,-2.288390874862671,bm25_top100_crossenc_minilm
61,NCT04502680,18,-2.3687691688537598,bm25_top100_crossenc_minilm
61,NCT02206984,19,-2.3783364295959473,bm25_top100_crossenc_minilm
61,NCT00789581,20,-2.5529298782348633,bm25_top100_crossenc_minilm
61,NCT02453737,21,-2.5650815963745117,bm25_top100_crossenc_minilm
61,NCT01818999,22,-2.7373266220092773,bm25_top100_crossenc_minilm
61,NCT02131064,23,-2.801671028137207,bm25_top100_crossenc_minilm
61,NCT00374322,24,-2.819390296936035,bm25_top100_crossenc_minilm
61,NCT02764541,25,-2.8798303604125977,bm25_top100_crossenc_minilm
61,NCT02750826,26,-2.9241325855255127,bm25_top100_crossenc_minilm
61,NCT02625441,27,-2.948507785797119,bm25_top100_crossenc_minilm
61,NCT03130439,28,-2.9680898189544678,bm25_top100_crossenc_minilm
61,NCT03812393,29,-2.9786672592163086,bm25_top100_crossenc_minilm
61,NCT01352091,30,-3.1047873497009277,bm25_top100_crossenc_minilm
61,NCT00003519,31,-3.245482921600342,bm25_top100_crossenc_minilm
61,NCT03820830,32,-3.249969244003296,bm25_top100_crossenc_minilm
61,NCT03612648,33,-3.4208056926727295,bm25_top100_crossenc_minilm
61,NCT01670877,34,-3.4273087978363037,bm25_top100_crossenc_minilm
61,NCT00103181,35,-3.4408793449401855,bm25_top100_crossenc_minilm
61,NCT02957968,36,-3.457274913787842,bm25_top100_crossenc_minilm
61,NCT01839838,37,-3.469252586364746,bm25_top100_crossenc_minilm
61,NCT03301350,38,-3.4751181602478027,bm25_top100_crossenc_minilm
61,NCT01953588,39,-3.4792332649230957,bm25_top100_crossenc_minilm
61,NCT00527293,40,-3.556647300720215,bm25_top100_crossenc_minilm
61,NCT03412643,41,-3.6538326740264893,bm25_top100_crossenc_minilm
61,NCT03442504,42,-3.6745553016662598,bm25_top100_crossenc_minilm
61,NCT03101683,43,-3.682279586791992,bm25_top100_crossenc_minilm
61,NCT00066690,44,-3.7086727619171143,bm25_top100_crossenc_minilm
61,NCT02789657,45,-3.7659120559692383,bm25_top100_crossenc_minilm
61,NCT02926911,46,-3.809209108352661,bm25_top100_crossenc_minilm
61,NCT04052555,47,-3.855754852294922,bm25_top100_crossenc_minilm
61,NCT04849871,48,-3.9564754962921143,bm25_top100_crossenc_minilm
61,NCT01642771,49,-4.060761451721191,bm25_top100_crossenc_minilm
61,NCT02076074,50,-4.08748197555542,bm25_top100_crossenc_minilm
61,NCT03289039,51,-4.098002910614014,bm25_top100_crossenc_minilm
61,NCT00087178,52,-4.133371353149414,bm25_top100_crossenc_minilm
61,NCT01203839,53,-4.144865989685059,bm25_top100_crossenc_minilm
61,NCT04297267,54,-4.145506858825684,bm25_top100_crossenc_minilm
61,NCT02125344,55,-4.302255630493164,bm25_top100_crossenc_minilm
61,NCT01864746,56,-4.302708625793457,bm25_top100_crossenc_minilm
61,NCT00174655,57,-4.325435638427734,bm25_top100_crossenc_minilm
61,NCT00005970,58,-4.376529693603516,bm25_top100_crossenc_minilm
61,NCT02347449,59,-4.398101806640625,bm25_top100_crossenc_minilm
61,NCT01082211,60,-4.460757255554199,bm25_top100_crossenc_minilm
61,NCT01009437,61,-4.490357398986816,bm25_top100_crossenc_minilm
61,NCT02926196,62,-4.494571685791016,bm25_top100_crossenc_minilm
61,NCT01147016,63,-4.568811416625977,bm25_top100_crossenc_minilm
61,NCT01617915,64,-4.615521430969238,bm25_top100_crossenc_minilm
61,NCT01869192,65,-4.734298229217529,bm25_top100_crossenc_minilm
61,NCT00014612,66,-4.773962497711182,bm25_top100_crossenc_minilm
61,NCT01982448,67,-4.783838272094727,bm25_top100_crossenc_minilm
61,NCT01278212,68,-4.792716979980469,bm25_top100_crossenc_minilm
61,NCT03878342,69,-4.872237205505371,bm25_top100_crossenc_minilm
61,NCT02876640,70,-4.905573844909668,bm25_top100_crossenc_minilm
61,NCT02464774,71,-4.951730728149414,bm25_top100_crossenc_minilm
61,NCT02954874,72,-5.030364990234375,bm25_top100_crossenc_minilm
61,NCT00925652,73,-5.030943393707275,bm25_top100_crossenc_minilm
61,NCT04266249,74,-5.067703723907471,bm25_top100_crossenc_minilm
61,NCT00041119,75,-5.096745491027832,bm25_top100_crossenc_minilm
61,NCT04569747,76,-5.129878997802734,bm25_top100_crossenc_minilm
61,NCT02445391,77,-5.1840739250183105,bm25_top100_crossenc_minilm
61,NCT03587740,78,-5.2032575607299805,bm25_top100_crossenc_minilm
61,NCT00119262,79,-5.331927299499512,bm25_top100_crossenc_minilm
61,NCT01674140,80,-5.332029342651367,bm25_top100_crossenc_minilm
61,NCT03725059,81,-5.400852203369141,bm25_top100_crossenc_minilm
61,NCT00999804,82,-5.456788063049316,bm25_top100_crossenc_minilm
61,NCT00433511,83,-5.606649875640869,bm25_top100_crossenc_minilm
61,NCT02776917,84,-5.689239501953125,bm25_top100_crossenc_minilm
61,NCT00911716,85,-5.705004692077637,bm25_top100_crossenc_minilm
61,NCT01901094,86,-5.720931529998779,bm25_top100_crossenc_minilm
61,NCT00009945,87,-5.769685745239258,bm25_top100_crossenc_minilm
61,NCT04443348,88,-5.88404655456543,bm25_top100_crossenc_minilm
61,NCT00593346,89,-6.04856014251709,bm25_top100_crossenc_minilm
61,NCT04425018,90,-6.061344623565674,bm25_top100_crossenc_minilm
61,NCT02003209,91,-6.08567476272583,bm25_top100_crossenc_minilm
61,NCT03281954,92,-6.121245384216309,bm25_top100_crossenc_minilm
61,NCT01766297,93,-6.132294178009033,bm25_top100_crossenc_minilm
61,NCT00003830,94,-6.485159873962402,bm25_top100_crossenc_minilm
61,NCT04457596,95,-6.491814136505127,bm25_top100_crossenc_minilm
61,NCT04584255,96,-6.694914817810059,bm25_top100_crossenc_minilm
61,NCT01853748,97,-6.7797698974609375,bm25_top100_crossenc_minilm
61,NCT03473639,98,-7.2906084060668945,bm25_top100_crossenc_minilm
61,NCT01272037,99,-7.484384059906006,bm25_top100_crossenc_minilm
61,NCT00882089,100,-7.632692337036133,bm25_top100_crossenc_minilm
62,NCT03646019,1,-6.580806732177734,bm25_top100_crossenc_minilm
62,NCT02136758,2,-6.745730400085449,bm25_top100_crossenc_minilm
62,NCT00772278,3,-7.237510681152344,bm25_top100_crossenc_minilm
62,NCT01389388,4,-7.460483551025391,bm25_top100_crossenc_minilm
62,NCT04738864,5,-7.713044166564941,bm25_top100_crossenc_minilm
62,NCT01770210,6,-7.833701133728027,bm25_top100_crossenc_minilm
62,NCT02060643,7,-7.866732120513916,bm25_top100_crossenc_minilm
62,NCT00462475,8,-7.867287635803223,bm25_top100_crossenc_minilm
62,NCT03223441,9,-7.886124610900879,bm25_top100_crossenc_minilm
62,NCT01132768,10,-7.928265571594238,bm25_top100_crossenc_minilm
62,NCT03764306,11,-8.003572463989258,bm25_top100_crossenc_minilm
62,NCT03273738,12,-8.00458812713623,bm25_top100_crossenc_minilm
62,NCT03291093,13,-8.009318351745605,bm25_top100_crossenc_minilm
62,NCT03228459,14,-8.051981925964355,bm25_top100_crossenc_minilm
62,NCT01170585,15,-8.119799613952637,bm25_top100_crossenc_minilm
62,NCT00715273,16,-8.12912368774414,bm25_top100_crossenc_minilm
62,NCT04176978,17,-8.155683517456055,bm25_top100_crossenc_minilm
62,NCT03721523,18,-8.276347160339355,bm25_top100_crossenc_minilm
62,NCT03929354,19,-8.281366348266602,bm25_top100_crossenc_minilm
62,NCT00011258,20,-8.303634643554688,bm25_top100_crossenc_minilm
62,NCT01613898,21,-8.320636749267578,bm25_top100_crossenc_minilm
62,NCT02069964,22,-8.352791786193848,bm25_top100_crossenc_minilm
62,NCT00660790,23,-8.358885765075684,bm25_top100_crossenc_minilm
62,NCT00029146,24,-8.411975860595703,bm25_top100_crossenc_minilm
62,NCT00005928,25,-8.417997360229492,bm25_top100_crossenc_minilm
62,NCT03538327,26,-8.46101188659668,bm25_top100_crossenc_minilm
62,NCT04825080,27,-8.514360427856445,bm25_top100_crossenc_minilm
62,NCT00005479,28,-8.518209457397461,bm25_top100_crossenc_minilm
62,NCT01284933,29,-8.546311378479004,bm25_top100_crossenc_minilm
62,NCT03639545,30,-8.555082321166992,bm25_top100_crossenc_minilm
62,NCT03921827,31,-8.559426307678223,bm25_top100_crossenc_minilm
62,NCT01212900,32,-8.56656265258789,bm25_top100_crossenc_minilm
62,NCT04679727,33,-8.568355560302734,bm25_top100_crossenc_minilm
62,NCT04036409,34,-8.579803466796875,bm25_top100_crossenc_minilm
62,NCT03828422,35,-8.58082389831543,bm25_top100_crossenc_minilm
62,NCT00000469,36,-8.602434158325195,bm25_top100_crossenc_minilm
62,NCT03737175,37,-8.640390396118164,bm25_top100_crossenc_minilm
62,NCT00231270,38,-8.658292770385742,bm25_top100_crossenc_minilm
62,NCT02524106,39,-8.674304962158203,bm25_top100_crossenc_minilm
62,NCT03939351,40,-8.682782173156738,bm25_top100_crossenc_minilm
62,NCT03773172,41,-8.693480491638184,bm25_top100_crossenc_minilm
62,NCT03920683,42,-8.694469451904297,bm25_top100_crossenc_minilm
62,NCT04291430,43,-8.698710441589355,bm25_top100_crossenc_minilm
62,NCT00005696,44,-8.72400951385498,bm25_top100_crossenc_minilm
62,NCT00147251,45,-8.732912063598633,bm25_top100_crossenc_minilm
62,NCT04150315,46,-8.786937713623047,bm25_top100_crossenc_minilm
62,NCT03027674,47,-8.800481796264648,bm25_top100_crossenc_minilm
62,NCT04040634,48,-8.817642211914062,bm25_top100_crossenc_minilm
62,NCT02546323,49,-8.858494758605957,bm25_top100_crossenc_minilm
62,NCT01819597,50,-8.858524322509766,bm25_top100_crossenc_minilm
62,NCT03011775,51,-8.865264892578125,bm25_top100_crossenc_minilm
62,NCT03381534,52,-8.890317916870117,bm25_top100_crossenc_minilm
62,NCT00005108,53,-8.934406280517578,bm25_top100_crossenc_minilm
62,NCT00904254,54,-8.949588775634766,bm25_top100_crossenc_minilm
62,NCT03317652,55,-8.956790924072266,bm25_top100_crossenc_minilm
62,NCT00497094,56,-8.962976455688477,bm25_top100_crossenc_minilm
62,NCT02476396,57,-8.990883827209473,bm25_top100_crossenc_minilm
62,NCT02487615,58,-9.000550270080566,bm25_top100_crossenc_minilm
62,NCT03169257,59,-9.029816627502441,bm25_top100_crossenc_minilm
62,NCT02318628,60,-9.032190322875977,bm25_top100_crossenc_minilm
62,NCT00225264,61,-9.042665481567383,bm25_top100_crossenc_minilm
62,NCT04730973,62,-9.066335678100586,bm25_top100_crossenc_minilm
62,NCT04201132,63,-9.068016052246094,bm25_top100_crossenc_minilm
62,NCT00659256,64,-9.100558280944824,bm25_top100_crossenc_minilm
62,NCT02992301,65,-9.10187816619873,bm25_top100_crossenc_minilm
62,NCT00385385,66,-9.137703895568848,bm25_top100_crossenc_minilm
62,NCT02476006,67,-9.185806274414062,bm25_top100_crossenc_minilm
62,NCT03596437,68,-9.197751998901367,bm25_top100_crossenc_minilm
62,NCT00388713,69,-9.280501365661621,bm25_top100_crossenc_minilm
62,NCT00231231,70,-9.358635902404785,bm25_top100_crossenc_minilm
62,NCT00106938,71,-9.374034881591797,bm25_top100_crossenc_minilm
62,NCT02089217,72,-9.37550163269043,bm25_top100_crossenc_minilm
62,NCT00180518,73,-9.388084411621094,bm25_top100_crossenc_minilm
62,NCT03425383,74,-9.408726692199707,bm25_top100_crossenc_minilm
62,NCT03591523,75,-9.415728569030762,bm25_top100_crossenc_minilm
62,NCT03936881,76,-9.437603950500488,bm25_top100_crossenc_minilm
62,NCT04087382,77,-9.443069458007812,bm25_top100_crossenc_minilm
62,NCT00178672,78,-9.448028564453125,bm25_top100_crossenc_minilm
62,NCT02224339,79,-9.473217964172363,bm25_top100_crossenc_minilm
62,NCT04347434,80,-9.487565040588379,bm25_top100_crossenc_minilm
62,NCT02775318,81,-9.496318817138672,bm25_top100_crossenc_minilm
62,NCT00307307,82,-9.523077964782715,bm25_top100_crossenc_minilm
62,NCT02732340,83,-9.538406372070312,bm25_top100_crossenc_minilm
62,NCT03464851,84,-9.542779922485352,bm25_top100_crossenc_minilm
62,NCT01575249,85,-9.613462448120117,bm25_top100_crossenc_minilm
62,NCT04117750,86,-9.638065338134766,bm25_top100_crossenc_minilm
62,NCT00983632,87,-9.642085075378418,bm25_top100_crossenc_minilm
62,NCT02062554,88,-9.643482208251953,bm25_top100_crossenc_minilm
62,NCT01264419,89,-9.673223495483398,bm25_top100_crossenc_minilm
62,NCT00744523,90,-9.68785572052002,bm25_top100_crossenc_minilm
62,NCT02622750,91,-9.753267288208008,bm25_top100_crossenc_minilm
62,NCT02850588,92,-9.802276611328125,bm25_top100_crossenc_minilm
62,NCT04290767,93,-9.811687469482422,bm25_top100_crossenc_minilm
62,NCT02022618,94,-9.867130279541016,bm25_top100_crossenc_minilm
62,NCT03309917,95,-9.889737129211426,bm25_top100_crossenc_minilm
62,NCT03758092,96,-9.915058135986328,bm25_top100_crossenc_minilm
62,NCT03982420,97,-9.967329025268555,bm25_top100_crossenc_minilm
62,NCT00228176,98,-9.971024513244629,bm25_top100_crossenc_minilm
62,NCT04095767,99,-10.009879112243652,bm25_top100_crossenc_minilm
62,NCT04294316,100,-10.053878784179688,bm25_top100_crossenc_minilm
63,NCT04234035,1,-4.344575881958008,bm25_top100_crossenc_minilm
63,NCT00738621,2,-4.604626178741455,bm25_top100_crossenc_minilm
63,NCT02582307,3,-5.429771900177002,bm25_top100_crossenc_minilm
63,NCT03591419,4,-5.956991195678711,bm25_top100_crossenc_minilm
63,NCT01811069,5,-6.586048603057861,bm25_top100_crossenc_minilm
63,NCT04350346,6,-6.632171630859375,bm25_top100_crossenc_minilm
63,NCT03158805,7,-6.717280387878418,bm25_top100_crossenc_minilm
63,NCT04237181,8,-6.990981101989746,bm25_top100_crossenc_minilm
63,NCT01687751,9,-7.017037391662598,bm25_top100_crossenc_minilm
63,NCT04688463,10,-7.03776741027832,bm25_top100_crossenc_minilm
63,NCT01492790,11,-7.07440710067749,bm25_top100_crossenc_minilm
63,NCT03709030,12,-7.207849025726318,bm25_top100_crossenc_minilm
63,NCT04592354,13,-7.262261390686035,bm25_top100_crossenc_minilm
63,NCT04592549,14,-7.386762619018555,bm25_top100_crossenc_minilm
63,NCT03999333,15,-7.434006690979004,bm25_top100_crossenc_minilm
63,NCT03900923,16,-7.454692840576172,bm25_top100_crossenc_minilm
63,NCT00941681,17,-7.535976409912109,bm25_top100_crossenc_minilm
63,NCT00553059,18,-7.536059379577637,bm25_top100_crossenc_minilm
63,NCT02099006,19,-7.563325881958008,bm25_top100_crossenc_minilm
63,NCT00863642,20,-7.654449462890625,bm25_top100_crossenc_minilm
63,NCT03323489,21,-7.770611763000488,bm25_top100_crossenc_minilm
63,NCT01827657,22,-7.798066139221191,bm25_top100_crossenc_minilm
63,NCT00656942,23,-7.825955390930176,bm25_top100_crossenc_minilm
63,NCT04030741,24,-7.851700305938721,bm25_top100_crossenc_minilm
63,NCT00771108,25,-7.857295036315918,bm25_top100_crossenc_minilm
63,NCT00000862,26,-8.018467903137207,bm25_top100_crossenc_minilm
63,NCT02498964,27,-8.08855152130127,bm25_top100_crossenc_minilm
63,NCT03980717,28,-8.130645751953125,bm25_top100_crossenc_minilm
63,NCT00682565,29,-8.138912200927734,bm25_top100_crossenc_minilm
63,NCT04246398,30,-8.146495819091797,bm25_top100_crossenc_minilm
63,NCT02155244,31,-8.159139633178711,bm25_top100_crossenc_minilm
63,NCT01715220,32,-8.18502426147461,bm25_top100_crossenc_minilm
63,NCT03529955,33,-8.264867782592773,bm25_top100_crossenc_minilm
63,NCT00836810,34,-8.27005672454834,bm25_top100_crossenc_minilm
63,NCT02156947,35,-8.301594734191895,bm25_top100_crossenc_minilm
63,NCT00879190,36,-8.344635963439941,bm25_top100_crossenc_minilm
63,NCT04308265,37,-8.374547958374023,bm25_top100_crossenc_minilm
63,NCT04437043,38,-8.422127723693848,bm25_top100_crossenc_minilm
63,NCT02067520,39,-8.424530029296875,bm25_top100_crossenc_minilm
63,NCT00539994,40,-8.428972244262695,bm25_top100_crossenc_minilm
63,NCT02472509,41,-8.440147399902344,bm25_top100_crossenc_minilm
63,NCT04691960,42,-8.463981628417969,bm25_top100_crossenc_minilm
63,NCT02897622,43,-8.539449691772461,bm25_top100_crossenc_minilm
63,NCT02569437,44,-8.575860977172852,bm25_top100_crossenc_minilm
63,NCT04134117,45,-8.581597328186035,bm25_top100_crossenc_minilm
63,NCT00182078,46,-8.587879180908203,bm25_top100_crossenc_minilm
63,NCT04024046,47,-8.606019973754883,bm25_top100_crossenc_minilm
63,NCT02185456,48,-8.616477966308594,bm25_top100_crossenc_minilm
63,NCT02069366,49,-8.62291145324707,bm25_top100_crossenc_minilm
63,NCT03008005,50,-8.628189086914062,bm25_top100_crossenc_minilm
63,NCT00161083,51,-8.636062622070312,bm25_top100_crossenc_minilm
63,NCT01311102,52,-8.638032913208008,bm25_top100_crossenc_minilm
63,NCT03647631,53,-8.687492370605469,bm25_top100_crossenc_minilm
63,NCT01425177,54,-8.702075958251953,bm25_top100_crossenc_minilm
63,NCT02768766,55,-8.720778465270996,bm25_top100_crossenc_minilm
63,NCT01624155,56,-8.720939636230469,bm25_top100_crossenc_minilm
63,NCT04033822,57,-8.74374008178711,bm25_top100_crossenc_minilm
63,NCT03869788,58,-8.800387382507324,bm25_top100_crossenc_minilm
63,NCT01599975,59,-8.80447769165039,bm25_top100_crossenc_minilm
63,NCT03336203,60,-8.80705738067627,bm25_top100_crossenc_minilm
63,NCT04474626,61,-8.810962677001953,bm25_top100_crossenc_minilm
63,NCT03380715,62,-8.861217498779297,bm25_top100_crossenc_minilm
63,NCT02066532,63,-8.863789558410645,bm25_top100_crossenc_minilm
63,NCT02546193,64,-8.867795944213867,bm25_top100_crossenc_minilm
63,NCT02414529,65,-8.88589859008789,bm25_top100_crossenc_minilm
63,NCT04133480,66,-8.899934768676758,bm25_top100_crossenc_minilm
63,NCT04290897,67,-8.916970252990723,bm25_top100_crossenc_minilm
63,NCT00439179,68,-8.934162139892578,bm25_top100_crossenc_minilm
63,NCT01775917,69,-8.936775207519531,bm25_top100_crossenc_minilm
63,NCT03595917,70,-8.963054656982422,bm25_top100_crossenc_minilm
63,NCT02190695,71,-8.982650756835938,bm25_top100_crossenc_minilm
63,NCT02658396,72,-8.985906600952148,bm25_top100_crossenc_minilm
63,NCT01768546,73,-8.992547988891602,bm25_top100_crossenc_minilm
63,NCT01553318,74,-9.000091552734375,bm25_top100_crossenc_minilm
63,NCT02407080,75,-9.027524948120117,bm25_top100_crossenc_minilm
63,NCT04555499,76,-9.05256175994873,bm25_top100_crossenc_minilm
63,NCT00678132,77,-9.087908744812012,bm25_top100_crossenc_minilm
63,NCT01891149,78,-9.1068115234375,bm25_top100_crossenc_minilm
63,NCT03661047,79,-9.107797622680664,bm25_top100_crossenc_minilm
63,NCT02511522,80,-9.151081085205078,bm25_top100_crossenc_minilm
63,NCT01190280,81,-9.170680046081543,bm25_top100_crossenc_minilm
63,NCT03945266,82,-9.221224784851074,bm25_top100_crossenc_minilm
63,NCT03527186,83,-9.226179122924805,bm25_top100_crossenc_minilm
63,NCT03141359,84,-9.227770805358887,bm25_top100_crossenc_minilm
63,NCT02682368,85,-9.266151428222656,bm25_top100_crossenc_minilm
63,NCT03974217,86,-9.266535758972168,bm25_top100_crossenc_minilm
63,NCT02769962,87,-9.294683456420898,bm25_top100_crossenc_minilm
63,NCT04717050,88,-9.308120727539062,bm25_top100_crossenc_minilm
63,NCT04482244,89,-9.311447143554688,bm25_top100_crossenc_minilm
63,NCT00342706,90,-9.379280090332031,bm25_top100_crossenc_minilm
63,NCT02836860,91,-9.389888763427734,bm25_top100_crossenc_minilm
63,NCT02743364,92,-9.411446571350098,bm25_top100_crossenc_minilm
63,NCT00326443,93,-9.413352966308594,bm25_top100_crossenc_minilm
63,NCT02379728,94,-9.473348617553711,bm25_top100_crossenc_minilm
63,NCT00468858,95,-9.654236793518066,bm25_top100_crossenc_minilm
63,NCT00385047,96,-9.687088012695312,bm25_top100_crossenc_minilm
63,NCT01893047,97,-9.735977172851562,bm25_top100_crossenc_minilm
63,NCT00666380,98,-9.762483596801758,bm25_top100_crossenc_minilm
63,NCT02146924,99,-9.773680686950684,bm25_top100_crossenc_minilm
63,NCT00504010,100,-9.824319839477539,bm25_top100_crossenc_minilm
64,NCT00489385,1,-1.8917951583862305,bm25_top100_crossenc_minilm
64,NCT00154869,2,-1.9261215925216675,bm25_top100_crossenc_minilm
64,NCT00892697,3,-2.4647271633148193,bm25_top100_crossenc_minilm
64,NCT01732796,4,-2.482980489730835,bm25_top100_crossenc_minilm
64,NCT01517308,5,-2.5131149291992188,bm25_top100_crossenc_minilm
64,NCT01343888,6,-2.54706072807312,bm25_top100_crossenc_minilm
64,NCT01297270,7,-2.5886735916137695,bm25_top100_crossenc_minilm
64,NCT01805882,8,-2.5957727432250977,bm25_top100_crossenc_minilm
64,NCT02060058,9,-2.5972087383270264,bm25_top100_crossenc_minilm
64,NCT00085917,10,-2.6848130226135254,bm25_top100_crossenc_minilm
64,NCT01858961,11,-2.6978724002838135,bm25_top100_crossenc_minilm
64,NCT02646163,12,-2.710736036300659,bm25_top100_crossenc_minilm
64,NCT00225537,13,-2.8548033237457275,bm25_top100_crossenc_minilm
64,NCT00275938,14,-2.9021658897399902,bm25_top100_crossenc_minilm
64,NCT00039962,15,-2.965601682662964,bm25_top100_crossenc_minilm
64,NCT01500616,16,-2.974472999572754,bm25_top100_crossenc_minilm
64,NCT01443923,17,-3.0111329555511475,bm25_top100_crossenc_minilm
64,NCT02634008,18,-3.0264244079589844,bm25_top100_crossenc_minilm
64,NCT01579474,19,-3.049736261367798,bm25_top100_crossenc_minilm
64,NCT01336010,20,-3.1387648582458496,bm25_top100_crossenc_minilm
64,NCT00040027,21,-3.1893558502197266,bm25_top100_crossenc_minilm
64,NCT01368497,22,-3.214930295944214,bm25_top100_crossenc_minilm
64,NCT02124044,23,-3.4614810943603516,bm25_top100_crossenc_minilm
64,NCT01455090,24,-3.475228786468506,bm25_top100_crossenc_minilm
64,NCT04155515,25,-3.530303478240967,bm25_top100_crossenc_minilm
64,NCT00502970,26,-3.554107427597046,bm25_top100_crossenc_minilm
64,NCT02625909,27,-3.586055278778076,bm25_top100_crossenc_minilm
64,NCT00189163,28,-3.5948574542999268,bm25_top100_crossenc_minilm
64,NCT02349048,29,-3.6372270584106445,bm25_top100_crossenc_minilm
64,NCT00686777,30,-3.703381061553955,bm25_top100_crossenc_minilm
64,NCT02641379,31,-3.7038917541503906,bm25_top100_crossenc_minilm
64,NCT03296930,32,-3.786163330078125,bm25_top100_crossenc_minilm
64,NCT02068365,33,-3.832777976989746,bm25_top100_crossenc_minilm
64,NCT01055821,34,-3.847578525543213,bm25_top100_crossenc_minilm
64,NCT02371408,35,-3.850649356842041,bm25_top100_crossenc_minilm
64,NCT03612973,36,-3.8692708015441895,bm25_top100_crossenc_minilm
64,NCT00207311,37,-3.869382858276367,bm25_top100_crossenc_minilm
64,NCT01605513,38,-3.882819414138794,bm25_top100_crossenc_minilm
64,NCT01995266,39,-3.9165611267089844,bm25_top100_crossenc_minilm
64,NCT01185028,40,-3.9436655044555664,bm25_top100_crossenc_minilm
64,NCT00973219,41,-3.98201322555542,bm25_top100_crossenc_minilm
64,NCT00188201,42,-3.988861560821533,bm25_top100_crossenc_minilm
64,NCT01350648,43,-3.9900925159454346,bm25_top100_crossenc_minilm
64,NCT00015652,44,-4.06906795501709,bm25_top100_crossenc_minilm
64,NCT01908335,45,-4.104186058044434,bm25_top100_crossenc_minilm
64,NCT01608737,46,-4.184158802032471,bm25_top100_crossenc_minilm
64,NCT01371578,47,-4.224477291107178,bm25_top100_crossenc_minilm
64,NCT03520660,48,-4.300098419189453,bm25_top100_crossenc_minilm
64,NCT00226382,49,-4.301407814025879,bm25_top100_crossenc_minilm
64,NCT00687544,50,-4.309632301330566,bm25_top100_crossenc_minilm
64,NCT01878799,51,-4.31259822845459,bm25_top100_crossenc_minilm
64,NCT00524173,52,-4.38618278503418,bm25_top100_crossenc_minilm
64,NCT00575627,53,-4.406423091888428,bm25_top100_crossenc_minilm
64,NCT01425970,54,-4.461679935455322,bm25_top100_crossenc_minilm
64,NCT02262728,55,-4.481874465942383,bm25_top100_crossenc_minilm
64,NCT03496233,56,-4.546474456787109,bm25_top100_crossenc_minilm
64,NCT00803309,57,-4.582065582275391,bm25_top100_crossenc_minilm
64,NCT00310336,58,-4.720915794372559,bm25_top100_crossenc_minilm
64,NCT01949168,59,-4.72992467880249,bm25_top100_crossenc_minilm
64,NCT01750515,60,-4.743349552154541,bm25_top100_crossenc_minilm
64,NCT00854802,61,-4.776589393615723,bm25_top100_crossenc_minilm
64,NCT02952924,62,-4.885810852050781,bm25_top100_crossenc_minilm
64,NCT03603327,63,-4.887143135070801,bm25_top100_crossenc_minilm
64,NCT02734173,64,-4.895269393920898,bm25_top100_crossenc_minilm
64,NCT02858050,65,-4.934902191162109,bm25_top100_crossenc_minilm
64,NCT01899092,66,-5.065579414367676,bm25_top100_crossenc_minilm
64,NCT02156570,67,-5.140355110168457,bm25_top100_crossenc_minilm
64,NCT00540345,68,-5.15761137008667,bm25_top100_crossenc_minilm
64,NCT03852433,69,-5.203567981719971,bm25_top100_crossenc_minilm
64,NCT04365868,70,-5.220283031463623,bm25_top100_crossenc_minilm
64,NCT01717326,71,-5.286643981933594,bm25_top100_crossenc_minilm
64,NCT01498068,72,-5.304166316986084,bm25_top100_crossenc_minilm
64,NCT00300807,73,-5.324199199676514,bm25_top100_crossenc_minilm
64,NCT00117533,74,-5.37497615814209,bm25_top100_crossenc_minilm
64,NCT00926120,75,-5.472212791442871,bm25_top100_crossenc_minilm
64,NCT01273948,76,-5.509397506713867,bm25_top100_crossenc_minilm
64,NCT00179413,77,-5.634306907653809,bm25_top100_crossenc_minilm
64,NCT00882193,78,-5.7495574951171875,bm25_top100_crossenc_minilm
64,NCT02397395,79,-5.75823974609375,bm25_top100_crossenc_minilm
64,NCT00441584,80,-5.76425838470459,bm25_top100_crossenc_minilm
64,NCT02973503,81,-5.841159820556641,bm25_top100_crossenc_minilm
64,NCT00630084,82,-5.88731050491333,bm25_top100_crossenc_minilm
64,NCT02644538,83,-5.888741493225098,bm25_top100_crossenc_minilm
64,NCT01636778,84,-5.919619560241699,bm25_top100_crossenc_minilm
64,NCT01896609,85,-5.921550750732422,bm25_top100_crossenc_minilm
64,NCT02340962,86,-5.946357250213623,bm25_top100_crossenc_minilm
64,NCT02483156,87,-5.9783124923706055,bm25_top100_crossenc_minilm
64,NCT02594293,88,-5.989040374755859,bm25_top100_crossenc_minilm
64,NCT00188240,89,-6.044084072113037,bm25_top100_crossenc_minilm
64,NCT01937728,90,-6.126044273376465,bm25_top100_crossenc_minilm
64,NCT00001729,91,-6.197857856750488,bm25_top100_crossenc_minilm
64,NCT00834860,92,-6.207644462585449,bm25_top100_crossenc_minilm
64,NCT01391117,93,-6.265044689178467,bm25_top100_crossenc_minilm
64,NCT00629967,94,-6.295113563537598,bm25_top100_crossenc_minilm
64,NCT00680173,95,-6.586081504821777,bm25_top100_crossenc_minilm
64,NCT02099604,96,-6.654655456542969,bm25_top100_crossenc_minilm
64,NCT02888106,97,-6.746944427490234,bm25_top100_crossenc_minilm
64,NCT01441180,98,-6.783200740814209,bm25_top100_crossenc_minilm
64,NCT03482102,99,-7.516308307647705,bm25_top100_crossenc_minilm
64,NCT04857684,100,-7.840432643890381,bm25_top100_crossenc_minilm
65,NCT02845024,1,-2.9290194511413574,bm25_top100_crossenc_minilm
65,NCT02735837,2,-2.9614269733428955,bm25_top100_crossenc_minilm
65,NCT02714972,3,-3.5657758712768555,bm25_top100_crossenc_minilm
65,NCT00419562,4,-3.7165541648864746,bm25_top100_crossenc_minilm
65,NCT01354262,5,-4.0205078125,bm25_top100_crossenc_minilm
65,NCT00445627,6,-4.109346389770508,bm25_top100_crossenc_minilm
65,NCT03240432,7,-4.264657497406006,bm25_top100_crossenc_minilm
65,NCT01386853,8,-4.297549247741699,bm25_top100_crossenc_minilm
65,NCT01890954,9,-4.404788017272949,bm25_top100_crossenc_minilm
65,NCT04618744,10,-4.466828346252441,bm25_top100_crossenc_minilm
65,NCT02438189,11,-4.5965657234191895,bm25_top100_crossenc_minilm
65,NCT02512523,12,-4.732651710510254,bm25_top100_crossenc_minilm
65,NCT01249677,13,-4.807650089263916,bm25_top100_crossenc_minilm
65,NCT02049814,14,-4.952613830566406,bm25_top100_crossenc_minilm
65,NCT01842282,15,-5.051830768585205,bm25_top100_crossenc_minilm
65,NCT00760344,16,-5.0579047203063965,bm25_top100_crossenc_minilm
65,NCT04749693,17,-5.108339309692383,bm25_top100_crossenc_minilm
65,NCT00965315,18,-5.2017927169799805,bm25_top100_crossenc_minilm
65,NCT01977417,19,-5.279520511627197,bm25_top100_crossenc_minilm
65,NCT00736996,20,-5.322421073913574,bm25_top100_crossenc_minilm
65,NCT03565666,21,-5.37215518951416,bm25_top100_crossenc_minilm
65,NCT02496000,22,-5.489613056182861,bm25_top100_crossenc_minilm
65,NCT00300976,23,-5.519698619842529,bm25_top100_crossenc_minilm
65,NCT01578980,24,-5.650543212890625,bm25_top100_crossenc_minilm
65,NCT02586155,25,-5.667777061462402,bm25_top100_crossenc_minilm
65,NCT00456963,26,-5.668815612792969,bm25_top100_crossenc_minilm
65,NCT00653185,27,-5.6793084144592285,bm25_top100_crossenc_minilm
65,NCT01582139,28,-5.694941520690918,bm25_top100_crossenc_minilm
65,NCT02620670,29,-5.7298583984375,bm25_top100_crossenc_minilm
65,NCT02856113,30,-5.735365867614746,bm25_top100_crossenc_minilm
65,NCT00196989,31,-5.801177978515625,bm25_top100_crossenc_minilm
65,NCT02280174,32,-5.8073835372924805,bm25_top100_crossenc_minilm
65,NCT01609582,33,-6.033360958099365,bm25_top100_crossenc_minilm
65,NCT01524159,34,-6.1501688957214355,bm25_top100_crossenc_minilm
65,NCT03499704,35,-6.195724964141846,bm25_top100_crossenc_minilm
65,NCT02125682,36,-6.23966121673584,bm25_top100_crossenc_minilm
65,NCT03781895,37,-6.37748384475708,bm25_top100_crossenc_minilm
65,NCT01014832,38,-6.384552001953125,bm25_top100_crossenc_minilm
65,NCT04157738,39,-6.419843673706055,bm25_top100_crossenc_minilm
65,NCT02015780,40,-6.433121681213379,bm25_top100_crossenc_minilm
65,NCT01510847,41,-6.44228458404541,bm25_top100_crossenc_minilm
65,NCT02501850,42,-6.477312088012695,bm25_top100_crossenc_minilm
65,NCT01500850,43,-6.586219787597656,bm25_top100_crossenc_minilm
65,NCT03011450,44,-6.614399433135986,bm25_top100_crossenc_minilm
65,NCT00498537,45,-6.6187543869018555,bm25_top100_crossenc_minilm
65,NCT02250222,46,-6.649134635925293,bm25_top100_crossenc_minilm
65,NCT02269046,47,-6.772624969482422,bm25_top100_crossenc_minilm
65,NCT02221973,48,-6.83090353012085,bm25_top100_crossenc_minilm
65,NCT00708981,49,-6.841259956359863,bm25_top100_crossenc_minilm
65,NCT03894527,50,-6.869282245635986,bm25_top100_crossenc_minilm
65,NCT01687998,51,-7.018042087554932,bm25_top100_crossenc_minilm
65,NCT00658463,52,-7.033414363861084,bm25_top100_crossenc_minilm
65,NCT02437084,53,-7.049656867980957,bm25_top100_crossenc_minilm
65,NCT02524106,54,-7.126257419586182,bm25_top100_crossenc_minilm
65,NCT02835872,55,-7.127453327178955,bm25_top100_crossenc_minilm
65,NCT02587169,56,-7.265809059143066,bm25_top100_crossenc_minilm
65,NCT04316546,57,-7.300921440124512,bm25_top100_crossenc_minilm
65,NCT00785005,58,-7.3533430099487305,bm25_top100_crossenc_minilm
65,NCT00120289,59,-7.375876426696777,bm25_top100_crossenc_minilm
65,NCT01697150,60,-7.422385215759277,bm25_top100_crossenc_minilm
65,NCT03961763,61,-7.426538467407227,bm25_top100_crossenc_minilm
65,NCT01265576,62,-7.507583141326904,bm25_top100_crossenc_minilm
65,NCT04604223,63,-7.534085273742676,bm25_top100_crossenc_minilm
65,NCT02719028,64,-7.5947418212890625,bm25_top100_crossenc_minilm
65,NCT00887510,65,-7.6242570877075195,bm25_top100_crossenc_minilm
65,NCT01469715,66,-7.6889848709106445,bm25_top100_crossenc_minilm
65,NCT04681170,67,-7.704558372497559,bm25_top100_crossenc_minilm
65,NCT03207945,68,-7.712329864501953,bm25_top100_crossenc_minilm
65,NCT02948569,69,-7.727224349975586,bm25_top100_crossenc_minilm
65,NCT03658031,70,-7.7548699378967285,bm25_top100_crossenc_minilm
65,NCT01770210,71,-7.803714752197266,bm25_top100_crossenc_minilm
65,NCT03097107,72,-7.809301376342773,bm25_top100_crossenc_minilm
65,NCT01095822,73,-7.882767677307129,bm25_top100_crossenc_minilm
65,NCT01067820,74,-7.892572402954102,bm25_top100_crossenc_minilm
65,NCT00822172,75,-7.953676223754883,bm25_top100_crossenc_minilm
65,NCT00441480,76,-7.962521553039551,bm25_top100_crossenc_minilm
65,NCT00354159,77,-7.9684953689575195,bm25_top100_crossenc_minilm
65,NCT00186537,78,-7.973766326904297,bm25_top100_crossenc_minilm
65,NCT04823611,79,-8.023459434509277,bm25_top100_crossenc_minilm
65,NCT00701727,80,-8.04337215423584,bm25_top100_crossenc_minilm
65,NCT04030247,81,-8.048844337463379,bm25_top100_crossenc_minilm
65,NCT01661634,82,-8.0508394241333,bm25_top100_crossenc_minilm
65,NCT01423188,83,-8.10794734954834,bm25_top100_crossenc_minilm
65,NCT01897363,84,-8.164462089538574,bm25_top100_crossenc_minilm
65,NCT00298545,85,-8.179119110107422,bm25_top100_crossenc_minilm
65,NCT02833844,86,-8.245956420898438,bm25_top100_crossenc_minilm
65,NCT03867318,87,-8.300036430358887,bm25_top100_crossenc_minilm
65,NCT01597232,88,-8.303531646728516,bm25_top100_crossenc_minilm
65,NCT04397653,89,-8.426657676696777,bm25_top100_crossenc_minilm
65,NCT00408148,90,-8.500005722045898,bm25_top100_crossenc_minilm
65,NCT00827177,91,-8.610494613647461,bm25_top100_crossenc_minilm
65,NCT00728910,92,-8.626684188842773,bm25_top100_crossenc_minilm
65,NCT03867110,93,-8.670867919921875,bm25_top100_crossenc_minilm
65,NCT00459745,94,-8.672501564025879,bm25_top100_crossenc_minilm
65,NCT00817843,95,-8.677748680114746,bm25_top100_crossenc_minilm
65,NCT03336203,96,-8.711170196533203,bm25_top100_crossenc_minilm
65,NCT00897975,97,-8.75070571899414,bm25_top100_crossenc_minilm
65,NCT01896609,98,-8.8248929977417,bm25_top100_crossenc_minilm
65,NCT04701242,99,-8.971395492553711,bm25_top100_crossenc_minilm
65,NCT00128687,100,-9.37476634979248,bm25_top100_crossenc_minilm
66,NCT03986021,1,-3.9356374740600586,bm25_top100_crossenc_minilm
66,NCT00433680,2,-5.181876182556152,bm25_top100_crossenc_minilm
66,NCT02173808,3,-5.214627265930176,bm25_top100_crossenc_minilm
66,NCT04537390,4,-5.484104156494141,bm25_top100_crossenc_minilm
66,NCT03422809,5,-5.613310813903809,bm25_top100_crossenc_minilm
66,NCT00908570,6,-5.744448661804199,bm25_top100_crossenc_minilm
66,NCT03243305,7,-5.7808403968811035,bm25_top100_crossenc_minilm
66,NCT03044613,8,-5.995471954345703,bm25_top100_crossenc_minilm
66,NCT01338298,9,-6.161888599395752,bm25_top100_crossenc_minilm
66,NCT03718767,10,-6.465207576751709,bm25_top100_crossenc_minilm
66,NCT04717050,11,-6.502336502075195,bm25_top100_crossenc_minilm
66,NCT04249271,12,-6.656460762023926,bm25_top100_crossenc_minilm
66,NCT00572858,13,-6.78327751159668,bm25_top100_crossenc_minilm
66,NCT00799214,14,-6.789746284484863,bm25_top100_crossenc_minilm
66,NCT01905072,15,-6.917750835418701,bm25_top100_crossenc_minilm
66,NCT04720209,16,-6.92242956161499,bm25_top100_crossenc_minilm
66,NCT02185456,17,-7.082659721374512,bm25_top100_crossenc_minilm
66,NCT00604825,18,-7.181467056274414,bm25_top100_crossenc_minilm
66,NCT01688466,19,-7.252497673034668,bm25_top100_crossenc_minilm
66,NCT04568005,20,-7.253156661987305,bm25_top100_crossenc_minilm
66,NCT03008824,21,-7.275170803070068,bm25_top100_crossenc_minilm
66,NCT01223313,22,-7.402472496032715,bm25_top100_crossenc_minilm
66,NCT02414529,23,-7.466978549957275,bm25_top100_crossenc_minilm
66,NCT00172172,24,-7.489989280700684,bm25_top100_crossenc_minilm
66,NCT00922233,25,-7.50414514541626,bm25_top100_crossenc_minilm
66,NCT04805112,26,-7.575423240661621,bm25_top100_crossenc_minilm
66,NCT04233632,27,-7.591867446899414,bm25_top100_crossenc_minilm
66,NCT00455156,28,-7.608928680419922,bm25_top100_crossenc_minilm
66,NCT02696889,29,-7.637744903564453,bm25_top100_crossenc_minilm
66,NCT02429349,30,-7.684186935424805,bm25_top100_crossenc_minilm
66,NCT01097083,31,-7.823126792907715,bm25_top100_crossenc_minilm
66,NCT00405756,32,-7.893089294433594,bm25_top100_crossenc_minilm
66,NCT03106935,33,-7.928986072540283,bm25_top100_crossenc_minilm
66,NCT04633252,34,-7.936005592346191,bm25_top100_crossenc_minilm
66,NCT00498238,35,-7.957751274108887,bm25_top100_crossenc_minilm
66,NCT01624155,36,-7.986298561096191,bm25_top100_crossenc_minilm
66,NCT00555477,37,-8.03445053100586,bm25_top100_crossenc_minilm
66,NCT00342706,38,-8.05438232421875,bm25_top100_crossenc_minilm
66,NCT03945266,39,-8.075733184814453,bm25_top100_crossenc_minilm
66,NCT04447872,40,-8.080009460449219,bm25_top100_crossenc_minilm
66,NCT01768546,41,-8.183428764343262,bm25_top100_crossenc_minilm
66,NCT00001621,42,-8.28977108001709,bm25_top100_crossenc_minilm
66,NCT00367627,43,-8.39742374420166,bm25_top100_crossenc_minilm
66,NCT02569697,44,-8.429821014404297,bm25_top100_crossenc_minilm
66,NCT04701034,45,-8.443678855895996,bm25_top100_crossenc_minilm
66,NCT01572480,46,-8.470610618591309,bm25_top100_crossenc_minilm
66,NCT04691960,47,-8.60319709777832,bm25_top100_crossenc_minilm
66,NCT02844816,48,-8.607988357543945,bm25_top100_crossenc_minilm
66,NCT03050450,49,-8.622559547424316,bm25_top100_crossenc_minilm
66,NCT03532139,50,-8.66012191772461,bm25_top100_crossenc_minilm
66,NCT02411916,51,-8.685401916503906,bm25_top100_crossenc_minilm
66,NCT04329715,52,-8.714646339416504,bm25_top100_crossenc_minilm
66,NCT04541251,53,-8.717205047607422,bm25_top100_crossenc_minilm
66,NCT04428671,54,-8.723746299743652,bm25_top100_crossenc_minilm
66,NCT03197025,55,-8.727566719055176,bm25_top100_crossenc_minilm
66,NCT04134117,56,-8.764158248901367,bm25_top100_crossenc_minilm
66,NCT04776395,57,-8.772937774658203,bm25_top100_crossenc_minilm
66,NCT00569660,58,-8.781356811523438,bm25_top100_crossenc_minilm
66,NCT02400359,59,-8.794729232788086,bm25_top100_crossenc_minilm
66,NCT01306331,60,-8.820842742919922,bm25_top100_crossenc_minilm
66,NCT02769962,61,-8.82211685180664,bm25_top100_crossenc_minilm
66,NCT00682994,62,-8.88932991027832,bm25_top100_crossenc_minilm
66,NCT03918252,63,-8.953218460083008,bm25_top100_crossenc_minilm
66,NCT01160536,64,-8.961478233337402,bm25_top100_crossenc_minilm
66,NCT04134559,65,-8.965497970581055,bm25_top100_crossenc_minilm
66,NCT03463408,66,-8.988004684448242,bm25_top100_crossenc_minilm
66,NCT00953420,67,-9.020712852478027,bm25_top100_crossenc_minilm
66,NCT02088866,68,-9.046890258789062,bm25_top100_crossenc_minilm
66,NCT02170064,69,-9.09817886352539,bm25_top100_crossenc_minilm
66,NCT03336203,70,-9.229706764221191,bm25_top100_crossenc_minilm
66,NCT03477240,71,-9.254925727844238,bm25_top100_crossenc_minilm
66,NCT01896999,72,-9.287860870361328,bm25_top100_crossenc_minilm
66,NCT02658396,73,-9.298849105834961,bm25_top100_crossenc_minilm
66,NCT04001413,74,-9.30400562286377,bm25_top100_crossenc_minilm
66,NCT01893047,75,-9.349849700927734,bm25_top100_crossenc_minilm
66,NCT01853618,76,-9.41956901550293,bm25_top100_crossenc_minilm
66,NCT04754945,77,-9.504617691040039,bm25_top100_crossenc_minilm
66,NCT02569320,78,-9.52995491027832,bm25_top100_crossenc_minilm
66,NCT04676087,79,-9.564183235168457,bm25_top100_crossenc_minilm
66,NCT00000862,80,-9.574655532836914,bm25_top100_crossenc_minilm
66,NCT01553318,81,-9.577816009521484,bm25_top100_crossenc_minilm
66,NCT00071994,82,-9.620671272277832,bm25_top100_crossenc_minilm
66,NCT02211027,83,-9.624967575073242,bm25_top100_crossenc_minilm
66,NCT03782064,84,-9.717493057250977,bm25_top100_crossenc_minilm
66,NCT01553071,85,-9.722874641418457,bm25_top100_crossenc_minilm
66,NCT01853748,86,-9.731928825378418,bm25_top100_crossenc_minilm
66,NCT03605719,87,-9.788616180419922,bm25_top100_crossenc_minilm
66,NCT00903461,88,-9.802772521972656,bm25_top100_crossenc_minilm
66,NCT03732664,89,-9.840408325195312,bm25_top100_crossenc_minilm
66,NCT04172714,90,-9.849395751953125,bm25_top100_crossenc_minilm
66,NCT03405155,91,-9.885926246643066,bm25_top100_crossenc_minilm
66,NCT04548752,92,-9.922588348388672,bm25_top100_crossenc_minilm
66,NCT00498719,93,-9.92636489868164,bm25_top100_crossenc_minilm
66,NCT03929029,94,-9.992133140563965,bm25_top100_crossenc_minilm
66,NCT01684397,95,-10.068824768066406,bm25_top100_crossenc_minilm
66,NCT03034330,96,-10.089502334594727,bm25_top100_crossenc_minilm
66,NCT04262869,97,-10.090190887451172,bm25_top100_crossenc_minilm
66,NCT03325816,98,-10.112404823303223,bm25_top100_crossenc_minilm
66,NCT01775501,99,-10.151632308959961,bm25_top100_crossenc_minilm
66,NCT02546193,100,-10.191848754882812,bm25_top100_crossenc_minilm
67,NCT03157752,1,1.5022282600402832,bm25_top100_crossenc_minilm
67,NCT02714127,2,1.0817385911941528,bm25_top100_crossenc_minilm
67,NCT04266275,3,0.3003641963005066,bm25_top100_crossenc_minilm
67,NCT02477254,4,0.1945646107196808,bm25_top100_crossenc_minilm
67,NCT03466710,5,0.1057959794998169,bm25_top100_crossenc_minilm
67,NCT03118258,6,-0.20162555575370789,bm25_top100_crossenc_minilm
67,NCT04472377,7,-0.22918866574764252,bm25_top100_crossenc_minilm
67,NCT00911521,8,-0.32012033462524414,bm25_top100_crossenc_minilm
67,NCT00933140,9,-0.3472251892089844,bm25_top100_crossenc_minilm
67,NCT00201370,10,-0.595298171043396,bm25_top100_crossenc_minilm
67,NCT02554344,11,-0.7778602838516235,bm25_top100_crossenc_minilm
67,NCT00312286,12,-0.8143748044967651,bm25_top100_crossenc_minilm
67,NCT02714439,13,-0.8465394973754883,bm25_top100_crossenc_minilm
67,NCT04783805,14,-1.1263734102249146,bm25_top100_crossenc_minilm
67,NCT01792973,15,-1.1777913570404053,bm25_top100_crossenc_minilm
67,NCT04624568,16,-1.2563976049423218,bm25_top100_crossenc_minilm
67,NCT04057924,17,-1.4195942878723145,bm25_top100_crossenc_minilm
67,NCT00443313,18,-1.630946159362793,bm25_top100_crossenc_minilm
67,NCT00529464,19,-1.653359293937683,bm25_top100_crossenc_minilm
67,NCT04411134,20,-1.7968785762786865,bm25_top100_crossenc_minilm
67,NCT02481414,21,-2.085869312286377,bm25_top100_crossenc_minilm
67,NCT03052556,22,-2.203261137008667,bm25_top100_crossenc_minilm
67,NCT03345875,23,-2.876239061355591,bm25_top100_crossenc_minilm
67,NCT03998254,24,-3.087825059890747,bm25_top100_crossenc_minilm
67,NCT04131413,25,-3.2612900733947754,bm25_top100_crossenc_minilm
67,NCT03763565,26,-3.3806419372558594,bm25_top100_crossenc_minilm
67,NCT03808168,27,-3.3981428146362305,bm25_top100_crossenc_minilm
67,NCT03937791,28,-3.503355026245117,bm25_top100_crossenc_minilm
67,NCT03546842,29,-3.745915412902832,bm25_top100_crossenc_minilm
67,NCT03197025,30,-3.9449098110198975,bm25_top100_crossenc_minilm
67,NCT03196180,31,-4.1115241050720215,bm25_top100_crossenc_minilm
67,NCT00122681,32,-4.664908409118652,bm25_top100_crossenc_minilm
67,NCT04772937,33,-4.712897300720215,bm25_top100_crossenc_minilm
67,NCT00005808,34,-5.17392110824585,bm25_top100_crossenc_minilm
67,NCT03603808,35,-5.297039985656738,bm25_top100_crossenc_minilm
67,NCT00534638,36,-5.446341514587402,bm25_top100_crossenc_minilm
67,NCT03621696,37,-5.454624176025391,bm25_top100_crossenc_minilm
67,NCT00423046,38,-5.649419784545898,bm25_top100_crossenc_minilm
67,NCT04287868,39,-5.790342330932617,bm25_top100_crossenc_minilm
67,NCT00689741,40,-5.954793453216553,bm25_top100_crossenc_minilm
67,NCT03903562,41,-6.489579200744629,bm25_top100_crossenc_minilm
67,NCT04852328,42,-6.491769790649414,bm25_top100_crossenc_minilm
67,NCT03493542,43,-6.833866596221924,bm25_top100_crossenc_minilm
67,NCT02002182,44,-6.85968017578125,bm25_top100_crossenc_minilm
67,NCT00799214,45,-6.877313613891602,bm25_top100_crossenc_minilm
67,NCT01347632,46,-7.352182388305664,bm25_top100_crossenc_minilm
67,NCT03427411,47,-7.367491245269775,bm25_top100_crossenc_minilm
67,NCT02173808,48,-7.6892571449279785,bm25_top100_crossenc_minilm
67,NCT03856034,49,-7.700558662414551,bm25_top100_crossenc_minilm
67,NCT03469583,50,-7.820281505584717,bm25_top100_crossenc_minilm
67,NCT00539994,51,-7.821769714355469,bm25_top100_crossenc_minilm
67,NCT03560882,52,-7.91562557220459,bm25_top100_crossenc_minilm
67,NCT01728454,53,-7.993246555328369,bm25_top100_crossenc_minilm
67,NCT01421368,54,-8.086657524108887,bm25_top100_crossenc_minilm
67,NCT03243305,55,-8.107982635498047,bm25_top100_crossenc_minilm
67,NCT00793611,56,-8.271596908569336,bm25_top100_crossenc_minilm
67,NCT00604825,57,-8.34660816192627,bm25_top100_crossenc_minilm
67,NCT00922233,58,-8.518774032592773,bm25_top100_crossenc_minilm
67,NCT03422809,59,-8.601207733154297,bm25_top100_crossenc_minilm
67,NCT01166412,60,-8.673742294311523,bm25_top100_crossenc_minilm
67,NCT02573493,61,-8.717988014221191,bm25_top100_crossenc_minilm
67,NCT01953679,62,-8.782946586608887,bm25_top100_crossenc_minilm
67,NCT03182959,63,-8.830638885498047,bm25_top100_crossenc_minilm
67,NCT01160536,64,-8.845462799072266,bm25_top100_crossenc_minilm
67,NCT03286335,65,-8.854612350463867,bm25_top100_crossenc_minilm
67,NCT03459469,66,-8.91513729095459,bm25_top100_crossenc_minilm
67,NCT02185456,67,-8.969860076904297,bm25_top100_crossenc_minilm
67,NCT01245764,68,-9.005361557006836,bm25_top100_crossenc_minilm
67,NCT00001126,69,-9.015911102294922,bm25_top100_crossenc_minilm
67,NCT00274261,70,-9.04596996307373,bm25_top100_crossenc_minilm
67,NCT00000862,71,-9.169082641601562,bm25_top100_crossenc_minilm
67,NCT04134117,72,-9.191240310668945,bm25_top100_crossenc_minilm
67,NCT01645384,73,-9.195816040039062,bm25_top100_crossenc_minilm
67,NCT02520050,74,-9.208353996276855,bm25_top100_crossenc_minilm
67,NCT00463450,75,-9.22415542602539,bm25_top100_crossenc_minilm
67,NCT02293213,76,-9.378654479980469,bm25_top100_crossenc_minilm
67,NCT01624155,77,-9.380631446838379,bm25_top100_crossenc_minilm
67,NCT01784809,78,-9.393949508666992,bm25_top100_crossenc_minilm
67,NCT01309919,79,-9.426777839660645,bm25_top100_crossenc_minilm
67,NCT03525210,80,-9.444583892822266,bm25_top100_crossenc_minilm
67,NCT02884960,81,-9.516263008117676,bm25_top100_crossenc_minilm
67,NCT01223313,82,-9.573206901550293,bm25_top100_crossenc_minilm
67,NCT03273465,83,-9.626916885375977,bm25_top100_crossenc_minilm
67,NCT00653393,84,-9.657825469970703,bm25_top100_crossenc_minilm
67,NCT03463213,85,-9.670149803161621,bm25_top100_crossenc_minilm
67,NCT02957747,86,-9.677821159362793,bm25_top100_crossenc_minilm
67,NCT02546193,87,-9.756999015808105,bm25_top100_crossenc_minilm
67,NCT03661047,88,-9.806785583496094,bm25_top100_crossenc_minilm
67,NCT03268993,89,-9.913898468017578,bm25_top100_crossenc_minilm
67,NCT02769962,90,-10.150839805603027,bm25_top100_crossenc_minilm
67,NCT00182078,91,-10.155252456665039,bm25_top100_crossenc_minilm
67,NCT01853748,92,-10.191522598266602,bm25_top100_crossenc_minilm
67,NCT00467818,93,-10.26800537109375,bm25_top100_crossenc_minilm
67,NCT01599975,94,-10.28343391418457,bm25_top100_crossenc_minilm
67,NCT00367627,95,-10.31422233581543,bm25_top100_crossenc_minilm
67,NCT01051726,96,-10.448920249938965,bm25_top100_crossenc_minilm
67,NCT01553318,97,-10.498689651489258,bm25_top100_crossenc_minilm
67,NCT00342706,98,-10.504487037658691,bm25_top100_crossenc_minilm
67,NCT03034330,99,-10.526582717895508,bm25_top100_crossenc_minilm
67,NCT00857051,100,-10.72545051574707,bm25_top100_crossenc_minilm
68,NCT03902262,1,-3.2965285778045654,bm25_top100_crossenc_minilm
68,NCT01433003,2,-4.456057071685791,bm25_top100_crossenc_minilm
68,NCT04236843,3,-5.155741214752197,bm25_top100_crossenc_minilm
68,NCT01194973,4,-5.530252456665039,bm25_top100_crossenc_minilm
68,NCT03187652,5,-5.629905700683594,bm25_top100_crossenc_minilm
68,NCT03690024,6,-5.833245277404785,bm25_top100_crossenc_minilm
68,NCT03131219,7,-5.850675106048584,bm25_top100_crossenc_minilm
68,NCT01757431,8,-5.9185919761657715,bm25_top100_crossenc_minilm
68,NCT00726544,9,-5.971770286560059,bm25_top100_crossenc_minilm
68,NCT01193348,10,-6.008054733276367,bm25_top100_crossenc_minilm
68,NCT03922308,11,-6.079862594604492,bm25_top100_crossenc_minilm
68,NCT03205995,12,-6.217820644378662,bm25_top100_crossenc_minilm
68,NCT01554514,13,-6.26310920715332,bm25_top100_crossenc_minilm
68,NCT00251277,14,-6.281826972961426,bm25_top100_crossenc_minilm
68,NCT03303313,15,-6.308144569396973,bm25_top100_crossenc_minilm
68,NCT00518180,16,-6.420200347900391,bm25_top100_crossenc_minilm
68,NCT00844844,17,-6.448400497436523,bm25_top100_crossenc_minilm
68,NCT02205541,18,-6.452038288116455,bm25_top100_crossenc_minilm
68,NCT02904863,19,-6.519880294799805,bm25_top100_crossenc_minilm
68,NCT02869672,20,-6.543265342712402,bm25_top100_crossenc_minilm
68,NCT04463056,21,-6.54536771774292,bm25_top100_crossenc_minilm
68,NCT01722578,22,-6.5778608322143555,bm25_top100_crossenc_minilm
68,NCT01221181,23,-6.722668647766113,bm25_top100_crossenc_minilm
68,NCT02949128,24,-6.79666805267334,bm25_top100_crossenc_minilm
68,NCT04859608,25,-6.92901611328125,bm25_top100_crossenc_minilm
68,NCT04346797,26,-7.026785850524902,bm25_top100_crossenc_minilm
68,NCT00838513,27,-7.02734899520874,bm25_top100_crossenc_minilm
68,NCT03269292,28,-7.042563438415527,bm25_top100_crossenc_minilm
68,NCT00670774,29,-7.061934947967529,bm25_top100_crossenc_minilm
68,NCT00799773,30,-7.075137138366699,bm25_top100_crossenc_minilm
68,NCT01725217,31,-7.09224796295166,bm25_top100_crossenc_minilm
68,NCT04381858,32,-7.095205307006836,bm25_top100_crossenc_minilm
68,NCT00262028,33,-7.189764976501465,bm25_top100_crossenc_minilm
68,NCT03157635,34,-7.190673828125,bm25_top100_crossenc_minilm
68,NCT04236960,35,-7.197254180908203,bm25_top100_crossenc_minilm
68,NCT01257269,36,-7.215303897857666,bm25_top100_crossenc_minilm
68,NCT00844428,37,-7.217678546905518,bm25_top100_crossenc_minilm
68,NCT00907751,38,-7.261356830596924,bm25_top100_crossenc_minilm
68,NCT00661557,39,-7.2800798416137695,bm25_top100_crossenc_minilm
68,NCT04543591,40,-7.2882843017578125,bm25_top100_crossenc_minilm
68,NCT03999840,41,-7.294365882873535,bm25_top100_crossenc_minilm
68,NCT04143061,42,-7.346726417541504,bm25_top100_crossenc_minilm
68,NCT02842866,43,-7.428447723388672,bm25_top100_crossenc_minilm
68,NCT03165617,44,-7.452816963195801,bm25_top100_crossenc_minilm
68,NCT02464891,45,-7.548172950744629,bm25_top100_crossenc_minilm
68,NCT03205371,46,-7.563536167144775,bm25_top100_crossenc_minilm
68,NCT04745195,47,-7.602135181427002,bm25_top100_crossenc_minilm
68,NCT04132375,48,-7.612489700317383,bm25_top100_crossenc_minilm
68,NCT03580941,49,-7.639614582061768,bm25_top100_crossenc_minilm
68,NCT03205358,50,-7.641591548919678,bm25_top100_crossenc_minilm
68,NCT03246542,51,-7.644883155822754,bm25_top100_crossenc_minilm
68,NCT00488683,52,-7.650725364685059,bm25_top100_crossenc_minilm
68,NCT04749810,53,-7.766292095184326,bm25_top100_crossenc_minilm
68,NCT02811120,54,-7.77669620513916,bm25_top100_crossenc_minilm
68,NCT03547271,55,-7.849056243896484,bm25_top100_crossenc_minilm
68,NCT01580033,56,-7.882535934448242,bm25_top100_crossenc_minilm
68,NCT00772070,57,-7.895698070526123,bm25_top100_crossenc_minilm
68,NCT00715910,58,-7.928089141845703,bm25_top100_crossenc_minilm
68,NCT02842853,59,-7.944231986999512,bm25_top100_crossenc_minilm
68,NCT04557735,60,-7.958638668060303,bm25_top100_crossenc_minilm
68,NCT04084769,61,-7.97133731842041,bm25_top100_crossenc_minilm
68,NCT04822090,62,-8.011993408203125,bm25_top100_crossenc_minilm
68,NCT04743804,63,-8.01479721069336,bm25_top100_crossenc_minilm
68,NCT01839175,64,-8.022987365722656,bm25_top100_crossenc_minilm
68,NCT02955797,65,-8.04136848449707,bm25_top100_crossenc_minilm
68,NCT00901940,66,-8.042058944702148,bm25_top100_crossenc_minilm
68,NCT03691610,67,-8.05881118774414,bm25_top100_crossenc_minilm
68,NCT00329849,68,-8.089554786682129,bm25_top100_crossenc_minilm
68,NCT00392808,69,-8.096009254455566,bm25_top100_crossenc_minilm
68,NCT03263403,70,-8.109964370727539,bm25_top100_crossenc_minilm
68,NCT01952834,71,-8.160135269165039,bm25_top100_crossenc_minilm
68,NCT01406509,72,-8.198062896728516,bm25_top100_crossenc_minilm
68,NCT01705379,73,-8.235605239868164,bm25_top100_crossenc_minilm
68,NCT04725812,74,-8.243471145629883,bm25_top100_crossenc_minilm
68,NCT01266993,75,-8.27709674835205,bm25_top100_crossenc_minilm
68,NCT01428908,76,-8.29161262512207,bm25_top100_crossenc_minilm
68,NCT04689165,77,-8.295671463012695,bm25_top100_crossenc_minilm
68,NCT00503165,78,-8.307487487792969,bm25_top100_crossenc_minilm
68,NCT02199691,79,-8.336929321289062,bm25_top100_crossenc_minilm
68,NCT03632720,80,-8.365880966186523,bm25_top100_crossenc_minilm
68,NCT00390143,81,-8.398219108581543,bm25_top100_crossenc_minilm
68,NCT00718666,82,-8.423690795898438,bm25_top100_crossenc_minilm
68,NCT03714737,83,-8.4419584274292,bm25_top100_crossenc_minilm
68,NCT02919293,84,-8.452717781066895,bm25_top100_crossenc_minilm
68,NCT04490018,85,-8.491963386535645,bm25_top100_crossenc_minilm
68,NCT00196976,86,-8.492594718933105,bm25_top100_crossenc_minilm
68,NCT00126984,87,-8.503135681152344,bm25_top100_crossenc_minilm
68,NCT04689191,88,-8.505178451538086,bm25_top100_crossenc_minilm
68,NCT00356369,89,-8.507037162780762,bm25_top100_crossenc_minilm
68,NCT03869866,90,-8.54611587524414,bm25_top100_crossenc_minilm
68,NCT01604031,91,-8.594693183898926,bm25_top100_crossenc_minilm
68,NCT02752906,92,-8.641533851623535,bm25_top100_crossenc_minilm
68,NCT03476135,93,-8.706817626953125,bm25_top100_crossenc_minilm
68,NCT02398396,94,-8.722211837768555,bm25_top100_crossenc_minilm
68,NCT00723567,95,-8.762410163879395,bm25_top100_crossenc_minilm
68,NCT03537508,96,-8.77509593963623,bm25_top100_crossenc_minilm
68,NCT01593514,97,-8.901948928833008,bm25_top100_crossenc_minilm
68,NCT03673462,98,-9.00357437133789,bm25_top100_crossenc_minilm
68,NCT00427908,99,-9.032474517822266,bm25_top100_crossenc_minilm
68,NCT01303211,100,-9.178573608398438,bm25_top100_crossenc_minilm
69,NCT01173211,1,-4.331230640411377,bm25_top100_crossenc_minilm
69,NCT01436370,2,-5.533391952514648,bm25_top100_crossenc_minilm
69,NCT00341250,3,-5.864564895629883,bm25_top100_crossenc_minilm
69,NCT01728753,4,-6.575588703155518,bm25_top100_crossenc_minilm
69,NCT03500679,5,-7.288995265960693,bm25_top100_crossenc_minilm
69,NCT03986021,6,-7.299103736877441,bm25_top100_crossenc_minilm
69,NCT00793611,7,-7.586239337921143,bm25_top100_crossenc_minilm
69,NCT03422809,8,-7.593575477600098,bm25_top100_crossenc_minilm
69,NCT00122681,9,-7.617382049560547,bm25_top100_crossenc_minilm
69,NCT02700776,10,-7.782139301300049,bm25_top100_crossenc_minilm
69,NCT00434512,11,-7.930491924285889,bm25_top100_crossenc_minilm
69,NCT03477240,12,-8.041994094848633,bm25_top100_crossenc_minilm
69,NCT00799214,13,-8.074069023132324,bm25_top100_crossenc_minilm
69,NCT00941681,14,-8.159954071044922,bm25_top100_crossenc_minilm
69,NCT01624155,15,-8.197202682495117,bm25_top100_crossenc_minilm
69,NCT00715910,16,-8.225737571716309,bm25_top100_crossenc_minilm
69,NCT00922233,17,-8.354228973388672,bm25_top100_crossenc_minilm
69,NCT01781507,18,-8.4125337600708,bm25_top100_crossenc_minilm
69,NCT02099006,19,-8.47188949584961,bm25_top100_crossenc_minilm
69,NCT02185456,20,-8.511521339416504,bm25_top100_crossenc_minilm
69,NCT00653393,21,-8.62293815612793,bm25_top100_crossenc_minilm
69,NCT04318717,22,-8.640012741088867,bm25_top100_crossenc_minilm
69,NCT03582969,23,-8.66238784790039,bm25_top100_crossenc_minilm
69,NCT03976687,24,-8.796856880187988,bm25_top100_crossenc_minilm
69,NCT04701034,25,-8.831528663635254,bm25_top100_crossenc_minilm
69,NCT04668157,26,-8.880202293395996,bm25_top100_crossenc_minilm
69,NCT03772678,27,-8.935281753540039,bm25_top100_crossenc_minilm
69,NCT04134117,28,-8.965055465698242,bm25_top100_crossenc_minilm
69,NCT00775151,29,-8.989763259887695,bm25_top100_crossenc_minilm
69,NCT01910805,30,-8.993383407592773,bm25_top100_crossenc_minilm
69,NCT00021671,31,-8.998046875,bm25_top100_crossenc_minilm
69,NCT00005009,32,-9.097439765930176,bm25_top100_crossenc_minilm
69,NCT04216251,33,-9.129335403442383,bm25_top100_crossenc_minilm
69,NCT00682994,34,-9.146116256713867,bm25_top100_crossenc_minilm
69,NCT02190695,35,-9.147818565368652,bm25_top100_crossenc_minilm
69,NCT02569437,36,-9.169294357299805,bm25_top100_crossenc_minilm
69,NCT01645384,37,-9.192949295043945,bm25_top100_crossenc_minilm
69,NCT00367627,38,-9.258081436157227,bm25_top100_crossenc_minilm
69,NCT03728426,39,-9.271241188049316,bm25_top100_crossenc_minilm
69,NCT00775905,40,-9.272073745727539,bm25_top100_crossenc_minilm
69,NCT00000862,41,-9.282633781433105,bm25_top100_crossenc_minilm
69,NCT00342706,42,-9.29342269897461,bm25_top100_crossenc_minilm
69,NCT01314339,43,-9.332133293151855,bm25_top100_crossenc_minilm
69,NCT00330993,44,-9.346415519714355,bm25_top100_crossenc_minilm
69,NCT00661557,45,-9.355825424194336,bm25_top100_crossenc_minilm
69,NCT01553318,46,-9.39453125,bm25_top100_crossenc_minilm
69,NCT00182078,47,-9.412349700927734,bm25_top100_crossenc_minilm
69,NCT01813825,48,-9.417845726013184,bm25_top100_crossenc_minilm
69,NCT01109849,49,-9.421630859375,bm25_top100_crossenc_minilm
69,NCT00597506,50,-9.430286407470703,bm25_top100_crossenc_minilm
69,NCT00467818,51,-9.449808120727539,bm25_top100_crossenc_minilm
69,NCT04404881,52,-9.450715065002441,bm25_top100_crossenc_minilm
69,NCT03034330,53,-9.453474044799805,bm25_top100_crossenc_minilm
69,NCT00752258,54,-9.485511779785156,bm25_top100_crossenc_minilm
69,NCT04290897,55,-9.48770523071289,bm25_top100_crossenc_minilm
69,NCT00857051,56,-9.50805377960205,bm25_top100_crossenc_minilm
69,NCT01853748,57,-9.512516021728516,bm25_top100_crossenc_minilm
69,NCT00682565,58,-9.51771068572998,bm25_top100_crossenc_minilm
69,NCT01506791,59,-9.523819923400879,bm25_top100_crossenc_minilm
69,NCT03050450,60,-9.536705017089844,bm25_top100_crossenc_minilm
69,NCT01314352,61,-9.541176795959473,bm25_top100_crossenc_minilm
69,NCT02769962,62,-9.587913513183594,bm25_top100_crossenc_minilm
69,NCT01506050,63,-9.611968994140625,bm25_top100_crossenc_minilm
69,NCT04278118,64,-9.617863655090332,bm25_top100_crossenc_minilm
69,NCT04246398,65,-9.622570991516113,bm25_top100_crossenc_minilm
69,NCT00951379,66,-9.623544692993164,bm25_top100_crossenc_minilm
69,NCT04329715,67,-9.645602226257324,bm25_top100_crossenc_minilm
69,NCT04703426,68,-9.653238296508789,bm25_top100_crossenc_minilm
69,NCT03529955,69,-9.667673110961914,bm25_top100_crossenc_minilm
69,NCT01506037,70,-9.701351165771484,bm25_top100_crossenc_minilm
69,NCT02088866,71,-9.75146770477295,bm25_top100_crossenc_minilm
69,NCT02411916,72,-9.755374908447266,bm25_top100_crossenc_minilm
69,NCT00530907,73,-9.762375831604004,bm25_top100_crossenc_minilm
69,NCT03425331,74,-9.769327163696289,bm25_top100_crossenc_minilm
69,NCT03057002,75,-9.777448654174805,bm25_top100_crossenc_minilm
69,NCT02999477,76,-9.80720043182373,bm25_top100_crossenc_minilm
69,NCT04071756,77,-9.808267593383789,bm25_top100_crossenc_minilm
69,NCT04233632,78,-9.812536239624023,bm25_top100_crossenc_minilm
69,NCT01775501,79,-9.835685729980469,bm25_top100_crossenc_minilm
69,NCT04676360,80,-9.854180335998535,bm25_top100_crossenc_minilm
69,NCT04339140,81,-9.873525619506836,bm25_top100_crossenc_minilm
69,NCT04428671,82,-9.874626159667969,bm25_top100_crossenc_minilm
69,NCT02414529,83,-9.882185935974121,bm25_top100_crossenc_minilm
69,NCT04298606,84,-9.886279106140137,bm25_top100_crossenc_minilm
69,NCT03835819,85,-9.918065071105957,bm25_top100_crossenc_minilm
69,NCT03661047,86,-9.926422119140625,bm25_top100_crossenc_minilm
69,NCT04497142,87,-9.989221572875977,bm25_top100_crossenc_minilm
69,NCT01599975,88,-10.000212669372559,bm25_top100_crossenc_minilm
69,NCT03405155,89,-10.02157211303711,bm25_top100_crossenc_minilm
69,NCT02647671,90,-10.086910247802734,bm25_top100_crossenc_minilm
69,NCT02109952,91,-10.109978675842285,bm25_top100_crossenc_minilm
69,NCT02775851,92,-10.128671646118164,bm25_top100_crossenc_minilm
69,NCT04548752,93,-10.133408546447754,bm25_top100_crossenc_minilm
69,NCT02546193,94,-10.136481285095215,bm25_top100_crossenc_minilm
69,NCT00878826,95,-10.194011688232422,bm25_top100_crossenc_minilm
69,NCT00093860,96,-10.26102066040039,bm25_top100_crossenc_minilm
69,NCT04172714,97,-10.292559623718262,bm25_top100_crossenc_minilm
69,NCT00498719,98,-10.333549499511719,bm25_top100_crossenc_minilm
69,NCT01160536,99,-10.33576488494873,bm25_top100_crossenc_minilm
69,NCT01893047,100,-10.477164268493652,bm25_top100_crossenc_minilm
70,NCT01370733,1,-1.9412713050842285,bm25_top100_crossenc_minilm
70,NCT04826614,2,-2.3946056365966797,bm25_top100_crossenc_minilm
70,NCT00025935,3,-3.7611589431762695,bm25_top100_crossenc_minilm
70,NCT01328613,4,-4.1817145347595215,bm25_top100_crossenc_minilm
70,NCT02069366,5,-4.613561153411865,bm25_top100_crossenc_minilm
70,NCT03008005,6,-4.918240547180176,bm25_top100_crossenc_minilm
70,NCT03357042,7,-5.035727500915527,bm25_top100_crossenc_minilm
70,NCT00044174,8,-5.151785850524902,bm25_top100_crossenc_minilm
70,NCT02190695,9,-5.159624099731445,bm25_top100_crossenc_minilm
70,NCT03388606,10,-5.20858097076416,bm25_top100_crossenc_minilm
70,NCT00006180,11,-5.366611480712891,bm25_top100_crossenc_minilm
70,NCT03212079,12,-5.402231216430664,bm25_top100_crossenc_minilm
70,NCT00799214,13,-5.455678462982178,bm25_top100_crossenc_minilm
70,NCT04701034,14,-5.691789627075195,bm25_top100_crossenc_minilm
70,NCT01088373,15,-5.70438814163208,bm25_top100_crossenc_minilm
70,NCT01405326,16,-5.8756208419799805,bm25_top100_crossenc_minilm
70,NCT04246398,17,-5.879955768585205,bm25_top100_crossenc_minilm
70,NCT03363919,18,-5.918705940246582,bm25_top100_crossenc_minilm
70,NCT00463450,19,-6.047725200653076,bm25_top100_crossenc_minilm
70,NCT00922233,20,-6.108946800231934,bm25_top100_crossenc_minilm
70,NCT00367627,21,-6.128695011138916,bm25_top100_crossenc_minilm
70,NCT03974217,22,-6.161450386047363,bm25_top100_crossenc_minilm
70,NCT01599975,23,-6.180617332458496,bm25_top100_crossenc_minilm
70,NCT02691845,24,-6.275320529937744,bm25_top100_crossenc_minilm
70,NCT02099006,25,-6.360022068023682,bm25_top100_crossenc_minilm
70,NCT04034251,26,-6.480708122253418,bm25_top100_crossenc_minilm
70,NCT02411734,27,-6.489017963409424,bm25_top100_crossenc_minilm
70,NCT00182078,28,-6.505589962005615,bm25_top100_crossenc_minilm
70,NCT02059265,29,-6.508803367614746,bm25_top100_crossenc_minilm
70,NCT00682565,30,-6.518995761871338,bm25_top100_crossenc_minilm
70,NCT04614142,31,-6.5304274559021,bm25_top100_crossenc_minilm
70,NCT02492347,32,-6.53583288192749,bm25_top100_crossenc_minilm
70,NCT03008824,33,-6.585119724273682,bm25_top100_crossenc_minilm
70,NCT03015324,34,-6.593450546264648,bm25_top100_crossenc_minilm
70,NCT03422809,35,-6.614896297454834,bm25_top100_crossenc_minilm
70,NCT02960230,36,-6.621453762054443,bm25_top100_crossenc_minilm
70,NCT00342706,37,-6.639562606811523,bm25_top100_crossenc_minilm
70,NCT04216251,38,-6.670168876647949,bm25_top100_crossenc_minilm
70,NCT01624155,39,-6.685080528259277,bm25_top100_crossenc_minilm
70,NCT02700776,40,-6.707206726074219,bm25_top100_crossenc_minilm
70,NCT00498719,41,-6.707332134246826,bm25_top100_crossenc_minilm
70,NCT03286335,42,-6.747035980224609,bm25_top100_crossenc_minilm
70,NCT01728753,43,-6.758648872375488,bm25_top100_crossenc_minilm
70,NCT04329715,44,-6.780460357666016,bm25_top100_crossenc_minilm
70,NCT03050450,45,-6.808629035949707,bm25_top100_crossenc_minilm
70,NCT01688466,46,-6.862153053283691,bm25_top100_crossenc_minilm
70,NCT03888495,47,-6.898951053619385,bm25_top100_crossenc_minilm
70,NCT02047136,48,-6.920760154724121,bm25_top100_crossenc_minilm
70,NCT03389568,49,-6.952357769012451,bm25_top100_crossenc_minilm
70,NCT01109849,50,-6.974598407745361,bm25_top100_crossenc_minilm
70,NCT01569061,51,-6.991715908050537,bm25_top100_crossenc_minilm
70,NCT02535325,52,-7.00267219543457,bm25_top100_crossenc_minilm
70,NCT00433680,53,-7.0159525871276855,bm25_top100_crossenc_minilm
70,NCT01160536,54,-7.084742546081543,bm25_top100_crossenc_minilm
70,NCT04134117,55,-7.104975700378418,bm25_top100_crossenc_minilm
70,NCT02569437,56,-7.117158889770508,bm25_top100_crossenc_minilm
70,NCT00467818,57,-7.218809127807617,bm25_top100_crossenc_minilm
70,NCT03223662,58,-7.26545524597168,bm25_top100_crossenc_minilm
70,NCT02123966,59,-7.269686222076416,bm25_top100_crossenc_minilm
70,NCT01853748,60,-7.272692680358887,bm25_top100_crossenc_minilm
70,NCT00530907,61,-7.275697708129883,bm25_top100_crossenc_minilm
70,NCT01907334,62,-7.28170919418335,bm25_top100_crossenc_minilm
70,NCT00571051,63,-7.2940802574157715,bm25_top100_crossenc_minilm
70,NCT00093860,64,-7.305245399475098,bm25_top100_crossenc_minilm
70,NCT00682994,65,-7.326241970062256,bm25_top100_crossenc_minilm
70,NCT02379728,66,-7.3720245361328125,bm25_top100_crossenc_minilm
70,NCT00330993,67,-7.377379417419434,bm25_top100_crossenc_minilm
70,NCT03663933,68,-7.398058891296387,bm25_top100_crossenc_minilm
70,NCT03529955,69,-7.448172092437744,bm25_top100_crossenc_minilm
70,NCT00597506,70,-7.497564315795898,bm25_top100_crossenc_minilm
70,NCT03034330,71,-7.498971939086914,bm25_top100_crossenc_minilm
70,NCT00879190,72,-7.518872261047363,bm25_top100_crossenc_minilm
70,NCT03661047,73,-7.545721530914307,bm25_top100_crossenc_minilm
70,NCT03018288,74,-7.548192024230957,bm25_top100_crossenc_minilm
70,NCT00857051,75,-7.588142395019531,bm25_top100_crossenc_minilm
70,NCT02178241,76,-7.639016628265381,bm25_top100_crossenc_minilm
70,NCT04559620,77,-7.664734840393066,bm25_top100_crossenc_minilm
70,NCT00495170,78,-7.668503761291504,bm25_top100_crossenc_minilm
70,NCT02185456,79,-7.673954486846924,bm25_top100_crossenc_minilm
70,NCT00000862,80,-7.7004618644714355,bm25_top100_crossenc_minilm
70,NCT02623972,81,-7.720680236816406,bm25_top100_crossenc_minilm
70,NCT00878826,82,-7.77842378616333,bm25_top100_crossenc_minilm
70,NCT00793611,83,-7.7796502113342285,bm25_top100_crossenc_minilm
70,NCT02693990,84,-7.826697826385498,bm25_top100_crossenc_minilm
70,NCT01775501,85,-7.884550094604492,bm25_top100_crossenc_minilm
70,NCT01553318,86,-7.906452655792236,bm25_top100_crossenc_minilm
70,NCT02442739,87,-7.929884433746338,bm25_top100_crossenc_minilm
70,NCT03336203,88,-7.948037147521973,bm25_top100_crossenc_minilm
70,NCT02414529,89,-8.030406951904297,bm25_top100_crossenc_minilm
70,NCT04262869,90,-8.063802719116211,bm25_top100_crossenc_minilm
70,NCT02769962,91,-8.064496994018555,bm25_top100_crossenc_minilm
70,NCT01311102,92,-8.148679733276367,bm25_top100_crossenc_minilm
70,NCT01849263,93,-8.220794677734375,bm25_top100_crossenc_minilm
70,NCT03728426,94,-8.22175407409668,bm25_top100_crossenc_minilm
70,NCT02546193,95,-8.247163772583008,bm25_top100_crossenc_minilm
70,NCT04060927,96,-8.265571594238281,bm25_top100_crossenc_minilm
70,NCT02647671,97,-8.284759521484375,bm25_top100_crossenc_minilm
70,NCT04541355,98,-8.40534496307373,bm25_top100_crossenc_minilm
70,NCT01893047,99,-8.689773559570312,bm25_top100_crossenc_minilm
70,NCT03945266,100,-8.764663696289062,bm25_top100_crossenc_minilm
71,NCT01811069,1,-4.680942058563232,bm25_top100_crossenc_minilm
71,NCT03158805,2,-5.019550800323486,bm25_top100_crossenc_minilm
71,NCT04720209,3,-5.388814926147461,bm25_top100_crossenc_minilm
71,NCT04822363,4,-5.456572532653809,bm25_top100_crossenc_minilm
71,NCT01562678,5,-5.675885200500488,bm25_top100_crossenc_minilm
71,NCT00433680,6,-5.928914546966553,bm25_top100_crossenc_minilm
71,NCT02598531,7,-6.091031074523926,bm25_top100_crossenc_minilm
71,NCT00748579,8,-6.097173690795898,bm25_top100_crossenc_minilm
71,NCT00680979,9,-6.167896270751953,bm25_top100_crossenc_minilm
71,NCT02173808,10,-6.294279098510742,bm25_top100_crossenc_minilm
71,NCT00941681,11,-6.450504302978516,bm25_top100_crossenc_minilm
71,NCT04701034,12,-6.614250659942627,bm25_top100_crossenc_minilm
71,NCT04329715,13,-6.643135070800781,bm25_top100_crossenc_minilm
71,NCT03918252,14,-6.651286602020264,bm25_top100_crossenc_minilm
71,NCT00667498,15,-6.7019195556640625,bm25_top100_crossenc_minilm
71,NCT02414529,16,-6.7547383308410645,bm25_top100_crossenc_minilm
71,NCT03008824,17,-6.775516510009766,bm25_top100_crossenc_minilm
71,NCT01470794,18,-6.781379222869873,bm25_top100_crossenc_minilm
71,NCT03529955,19,-6.8048858642578125,bm25_top100_crossenc_minilm
71,NCT04605484,20,-6.886438369750977,bm25_top100_crossenc_minilm
71,NCT04836429,21,-6.96360969543457,bm25_top100_crossenc_minilm
71,NCT01624155,22,-7.033753395080566,bm25_top100_crossenc_minilm
71,NCT00957307,23,-7.070880889892578,bm25_top100_crossenc_minilm
71,NCT01688466,24,-7.11539363861084,bm25_top100_crossenc_minilm
71,NCT00682565,25,-7.135985374450684,bm25_top100_crossenc_minilm
71,NCT00463450,26,-7.160216331481934,bm25_top100_crossenc_minilm
71,NCT02223819,27,-7.181218147277832,bm25_top100_crossenc_minilm
71,NCT04691960,28,-7.263458728790283,bm25_top100_crossenc_minilm
71,NCT00799214,29,-7.295896053314209,bm25_top100_crossenc_minilm
71,NCT01218217,30,-7.353014945983887,bm25_top100_crossenc_minilm
71,NCT02088866,31,-7.369861602783203,bm25_top100_crossenc_minilm
71,NCT03422809,32,-7.37559700012207,bm25_top100_crossenc_minilm
71,NCT03738800,33,-7.405291557312012,bm25_top100_crossenc_minilm
71,NCT04034251,34,-7.407813549041748,bm25_top100_crossenc_minilm
71,NCT02400359,35,-7.4624176025390625,bm25_top100_crossenc_minilm
71,NCT03986021,36,-7.478939533233643,bm25_top100_crossenc_minilm
71,NCT02193191,37,-7.497730731964111,bm25_top100_crossenc_minilm
71,NCT02526459,38,-7.498933792114258,bm25_top100_crossenc_minilm
71,NCT02520050,39,-7.503253936767578,bm25_top100_crossenc_minilm
71,NCT04134117,40,-7.55098819732666,bm25_top100_crossenc_minilm
71,NCT00653393,41,-7.554749488830566,bm25_top100_crossenc_minilm
71,NCT01985256,42,-7.55631160736084,bm25_top100_crossenc_minilm
71,NCT01314352,43,-7.5732574462890625,bm25_top100_crossenc_minilm
71,NCT01702064,44,-7.603704929351807,bm25_top100_crossenc_minilm
71,NCT01314339,45,-7.664571762084961,bm25_top100_crossenc_minilm
71,NCT01089010,46,-7.67020320892334,bm25_top100_crossenc_minilm
71,NCT03532139,47,-7.704237461090088,bm25_top100_crossenc_minilm
71,NCT00922233,48,-7.718835353851318,bm25_top100_crossenc_minilm
71,NCT01645384,49,-7.720237731933594,bm25_top100_crossenc_minilm
71,NCT03945266,50,-7.734003067016602,bm25_top100_crossenc_minilm
71,NCT01506050,51,-7.748587608337402,bm25_top100_crossenc_minilm
71,NCT04767984,52,-7.779059886932373,bm25_top100_crossenc_minilm
71,NCT03092518,53,-7.828268051147461,bm25_top100_crossenc_minilm
71,NCT01828554,54,-7.854706764221191,bm25_top100_crossenc_minilm
71,NCT01109849,55,-7.885884761810303,bm25_top100_crossenc_minilm
71,NCT02211027,56,-7.90478515625,bm25_top100_crossenc_minilm
71,NCT03015324,57,-7.909208297729492,bm25_top100_crossenc_minilm
71,NCT02733744,58,-7.9209394454956055,bm25_top100_crossenc_minilm
71,NCT00934401,59,-7.922426223754883,bm25_top100_crossenc_minilm
71,NCT03197025,60,-7.927979469299316,bm25_top100_crossenc_minilm
71,NCT00367627,61,-7.933473587036133,bm25_top100_crossenc_minilm
71,NCT00342706,62,-7.941089153289795,bm25_top100_crossenc_minilm
71,NCT03704649,63,-7.941441535949707,bm25_top100_crossenc_minilm
71,NCT03336203,64,-7.944669723510742,bm25_top100_crossenc_minilm
71,NCT02429349,65,-7.958770751953125,bm25_top100_crossenc_minilm
71,NCT00330993,66,-7.978671073913574,bm25_top100_crossenc_minilm
71,NCT00295100,67,-7.998612403869629,bm25_top100_crossenc_minilm
71,NCT01599975,68,-8.043852806091309,bm25_top100_crossenc_minilm
71,NCT04442724,69,-8.079702377319336,bm25_top100_crossenc_minilm
71,NCT02546193,70,-8.106182098388672,bm25_top100_crossenc_minilm
71,NCT00878826,71,-8.11223030090332,bm25_top100_crossenc_minilm
71,NCT02379728,72,-8.1371488571167,bm25_top100_crossenc_minilm
71,NCT01160536,73,-8.154053688049316,bm25_top100_crossenc_minilm
71,NCT04290897,74,-8.22400951385498,bm25_top100_crossenc_minilm
71,NCT03720392,75,-8.284477233886719,bm25_top100_crossenc_minilm
71,NCT01861106,76,-8.302146911621094,bm25_top100_crossenc_minilm
71,NCT03732664,77,-8.30926513671875,bm25_top100_crossenc_minilm
71,NCT02411734,78,-8.320812225341797,bm25_top100_crossenc_minilm
71,NCT02068157,79,-8.342840194702148,bm25_top100_crossenc_minilm
71,NCT00857051,80,-8.359604835510254,bm25_top100_crossenc_minilm
71,NCT04676360,81,-8.38050651550293,bm25_top100_crossenc_minilm
71,NCT00682994,82,-8.39306640625,bm25_top100_crossenc_minilm
71,NCT03018288,83,-8.514398574829102,bm25_top100_crossenc_minilm
71,NCT01853748,84,-8.51840591430664,bm25_top100_crossenc_minilm
71,NCT02658396,85,-8.54948616027832,bm25_top100_crossenc_minilm
71,NCT00498719,86,-8.551395416259766,bm25_top100_crossenc_minilm
71,NCT03279237,87,-8.576200485229492,bm25_top100_crossenc_minilm
71,NCT00182078,88,-8.587432861328125,bm25_top100_crossenc_minilm
71,NCT03405155,89,-8.619208335876465,bm25_top100_crossenc_minilm
71,NCT03678350,90,-8.717124938964844,bm25_top100_crossenc_minilm
71,NCT02190695,91,-8.74602222442627,bm25_top100_crossenc_minilm
71,NCT01854684,92,-8.840499877929688,bm25_top100_crossenc_minilm
71,NCT03034330,93,-8.912225723266602,bm25_top100_crossenc_minilm
71,NCT00000862,94,-8.916152954101562,bm25_top100_crossenc_minilm
71,NCT01553318,95,-8.927294731140137,bm25_top100_crossenc_minilm
71,NCT00951379,96,-8.942480087280273,bm25_top100_crossenc_minilm
71,NCT04172714,97,-8.969620704650879,bm25_top100_crossenc_minilm
71,NCT02769962,98,-9.211223602294922,bm25_top100_crossenc_minilm
71,NCT01893047,99,-9.249109268188477,bm25_top100_crossenc_minilm
71,NCT01684397,100,-9.398843765258789,bm25_top100_crossenc_minilm
72,NCT02950155,1,-2.4393210411071777,bm25_top100_crossenc_minilm
72,NCT00799214,2,-4.8739471435546875,bm25_top100_crossenc_minilm
72,NCT02274987,3,-5.125455856323242,bm25_top100_crossenc_minilm
72,NCT04182984,4,-5.186027526855469,bm25_top100_crossenc_minilm
72,NCT03044613,5,-6.240266799926758,bm25_top100_crossenc_minilm
72,NCT04476251,6,-6.33194637298584,bm25_top100_crossenc_minilm
72,NCT02960230,7,-6.420790195465088,bm25_top100_crossenc_minilm
72,NCT00447122,8,-6.563465595245361,bm25_top100_crossenc_minilm
72,NCT04776395,9,-6.6001386642456055,bm25_top100_crossenc_minilm
72,NCT03418961,10,-6.646884918212891,bm25_top100_crossenc_minilm
72,NCT01218217,11,-6.743983268737793,bm25_top100_crossenc_minilm
72,NCT01728753,12,-6.746964931488037,bm25_top100_crossenc_minilm
72,NCT04701034,13,-6.86131477355957,bm25_top100_crossenc_minilm
72,NCT03718767,14,-6.885348320007324,bm25_top100_crossenc_minilm
72,NCT02939807,15,-6.9064717292785645,bm25_top100_crossenc_minilm
72,NCT01572480,16,-6.912299633026123,bm25_top100_crossenc_minilm
72,NCT04134559,17,-7.059274673461914,bm25_top100_crossenc_minilm
72,NCT04855695,18,-7.155097961425781,bm25_top100_crossenc_minilm
72,NCT04652960,19,-7.175096035003662,bm25_top100_crossenc_minilm
72,NCT02029950,20,-7.1893630027771,bm25_top100_crossenc_minilm
72,NCT04817254,21,-7.1948747634887695,bm25_top100_crossenc_minilm
72,NCT03326258,22,-7.251199245452881,bm25_top100_crossenc_minilm
72,NCT02369458,23,-7.477010250091553,bm25_top100_crossenc_minilm
72,NCT01688466,24,-7.512833595275879,bm25_top100_crossenc_minilm
72,NCT04134117,25,-7.54187536239624,bm25_top100_crossenc_minilm
72,NCT03937791,26,-7.568174362182617,bm25_top100_crossenc_minilm
72,NCT03086616,27,-7.586463928222656,bm25_top100_crossenc_minilm
72,NCT00405756,28,-7.615694522857666,bm25_top100_crossenc_minilm
72,NCT02169284,29,-7.6707563400268555,bm25_top100_crossenc_minilm
72,NCT01599975,30,-7.674407005310059,bm25_top100_crossenc_minilm
72,NCT01964924,31,-7.687963962554932,bm25_top100_crossenc_minilm
72,NCT03805932,32,-7.708680152893066,bm25_top100_crossenc_minilm
72,NCT03405155,33,-7.728216171264648,bm25_top100_crossenc_minilm
72,NCT04327986,34,-7.737959861755371,bm25_top100_crossenc_minilm
72,NCT02185456,35,-7.7700581550598145,bm25_top100_crossenc_minilm
72,NCT02693535,36,-7.771433353424072,bm25_top100_crossenc_minilm
72,NCT02623972,37,-7.775213241577148,bm25_top100_crossenc_minilm
72,NCT04676360,38,-7.804860591888428,bm25_top100_crossenc_minilm
72,NCT03451773,39,-7.833584308624268,bm25_top100_crossenc_minilm
72,NCT04313075,40,-7.842260360717773,bm25_top100_crossenc_minilm
72,NCT02871323,41,-7.859927177429199,bm25_top100_crossenc_minilm
72,NCT03070002,42,-7.8707122802734375,bm25_top100_crossenc_minilm
72,NCT03918252,43,-7.887761116027832,bm25_top100_crossenc_minilm
72,NCT04172714,44,-7.889431953430176,bm25_top100_crossenc_minilm
72,NCT04633252,45,-7.9358954429626465,bm25_top100_crossenc_minilm
72,NCT03459469,46,-7.957965850830078,bm25_top100_crossenc_minilm
72,NCT04688658,47,-7.967371463775635,bm25_top100_crossenc_minilm
72,NCT04339140,48,-7.971912384033203,bm25_top100_crossenc_minilm
72,NCT02123966,49,-7.972057819366455,bm25_top100_crossenc_minilm
72,NCT00387894,50,-7.974140167236328,bm25_top100_crossenc_minilm
72,NCT02658396,51,-7.994651794433594,bm25_top100_crossenc_minilm
72,NCT04001413,52,-8.02418041229248,bm25_top100_crossenc_minilm
72,NCT03529955,53,-8.028207778930664,bm25_top100_crossenc_minilm
72,NCT02787369,54,-8.043749809265137,bm25_top100_crossenc_minilm
72,NCT00922233,55,-8.055023193359375,bm25_top100_crossenc_minilm
72,NCT04487886,56,-8.059182167053223,bm25_top100_crossenc_minilm
72,NCT02451423,57,-8.07720947265625,bm25_top100_crossenc_minilm
72,NCT02879695,58,-8.078539848327637,bm25_top100_crossenc_minilm
72,NCT03605719,59,-8.084403038024902,bm25_top100_crossenc_minilm
72,NCT03425331,60,-8.08938980102539,bm25_top100_crossenc_minilm
72,NCT03331250,61,-8.112614631652832,bm25_top100_crossenc_minilm
72,NCT01853748,62,-8.114606857299805,bm25_top100_crossenc_minilm
72,NCT04413123,63,-8.116048812866211,bm25_top100_crossenc_minilm
72,NCT02101944,64,-8.11744213104248,bm25_top100_crossenc_minilm
72,NCT03130439,65,-8.206265449523926,bm25_top100_crossenc_minilm
72,NCT00495066,66,-8.216581344604492,bm25_top100_crossenc_minilm
72,NCT02569320,67,-8.241907119750977,bm25_top100_crossenc_minilm
72,NCT02912572,68,-8.257734298706055,bm25_top100_crossenc_minilm
72,NCT03197025,69,-8.281609535217285,bm25_top100_crossenc_minilm
72,NCT03473639,70,-8.28187370300293,bm25_top100_crossenc_minilm
72,NCT01849263,71,-8.290273666381836,bm25_top100_crossenc_minilm
72,NCT03291054,72,-8.394279479980469,bm25_top100_crossenc_minilm
72,NCT03277482,73,-8.397878646850586,bm25_top100_crossenc_minilm
72,NCT01713972,74,-8.409910202026367,bm25_top100_crossenc_minilm
72,NCT02936752,75,-8.412267684936523,bm25_top100_crossenc_minilm
72,NCT01896609,76,-8.45663070678711,bm25_top100_crossenc_minilm
72,NCT04691960,77,-8.458606719970703,bm25_top100_crossenc_minilm
72,NCT02275533,78,-8.497098922729492,bm25_top100_crossenc_minilm
72,NCT03929029,79,-8.53525161743164,bm25_top100_crossenc_minilm
72,NCT03018288,80,-8.59121036529541,bm25_top100_crossenc_minilm
72,NCT03782064,81,-8.618176460266113,bm25_top100_crossenc_minilm
72,NCT03502733,82,-8.624276161193848,bm25_top100_crossenc_minilm
72,NCT03610711,83,-8.641886711120605,bm25_top100_crossenc_minilm
72,NCT02978625,84,-8.675622940063477,bm25_top100_crossenc_minilm
72,NCT03719430,85,-8.677925109863281,bm25_top100_crossenc_minilm
72,NCT03495323,86,-8.744138717651367,bm25_top100_crossenc_minilm
72,NCT04290546,87,-8.760961532592773,bm25_top100_crossenc_minilm
72,NCT02484430,88,-8.766582489013672,bm25_top100_crossenc_minilm
72,NCT00574964,89,-8.777656555175781,bm25_top100_crossenc_minilm
72,NCT04548752,90,-8.833932876586914,bm25_top100_crossenc_minilm
72,NCT02999477,91,-8.856260299682617,bm25_top100_crossenc_minilm
72,NCT02769962,92,-8.872151374816895,bm25_top100_crossenc_minilm
72,NCT02259621,93,-8.873180389404297,bm25_top100_crossenc_minilm
72,NCT02985554,94,-8.919347763061523,bm25_top100_crossenc_minilm
72,NCT03336203,95,-8.924732208251953,bm25_top100_crossenc_minilm
72,NCT03057145,96,-8.971833229064941,bm25_top100_crossenc_minilm
72,NCT03732664,97,-9.049407005310059,bm25_top100_crossenc_minilm
72,NCT01961115,98,-9.082822799682617,bm25_top100_crossenc_minilm
72,NCT04428671,99,-9.1327543258667,bm25_top100_crossenc_minilm
72,NCT01553071,100,-9.581035614013672,bm25_top100_crossenc_minilm
73,NCT02361788,1,-4.693857192993164,bm25_top100_crossenc_minilm
73,NCT01887327,2,-5.245602607727051,bm25_top100_crossenc_minilm
73,NCT02594904,3,-6.345184326171875,bm25_top100_crossenc_minilm
73,NCT02443259,4,-6.744147777557373,bm25_top100_crossenc_minilm
73,NCT01225029,5,-6.979954719543457,bm25_top100_crossenc_minilm
73,NCT03631420,6,-7.068414688110352,bm25_top100_crossenc_minilm
73,NCT00158743,7,-7.474121570587158,bm25_top100_crossenc_minilm
73,NCT01649167,8,-7.785327434539795,bm25_top100_crossenc_minilm
73,NCT03448952,9,-7.836925506591797,bm25_top100_crossenc_minilm
73,NCT02471573,10,-7.861241817474365,bm25_top100_crossenc_minilm
73,NCT00765102,11,-7.9395318031311035,bm25_top100_crossenc_minilm
73,NCT03866187,12,-7.942970275878906,bm25_top100_crossenc_minilm
73,NCT00107783,13,-8.016616821289062,bm25_top100_crossenc_minilm
73,NCT02625688,14,-8.095914840698242,bm25_top100_crossenc_minilm
73,NCT02612428,15,-8.15715217590332,bm25_top100_crossenc_minilm
73,NCT00416702,16,-8.295670509338379,bm25_top100_crossenc_minilm
73,NCT03110822,17,-8.316393852233887,bm25_top100_crossenc_minilm
73,NCT04380493,18,-8.321279525756836,bm25_top100_crossenc_minilm
73,NCT00954993,19,-8.383076667785645,bm25_top100_crossenc_minilm
73,NCT03867487,20,-8.412247657775879,bm25_top100_crossenc_minilm
73,NCT04725812,21,-8.474864959716797,bm25_top100_crossenc_minilm
73,NCT02624765,22,-8.612997055053711,bm25_top100_crossenc_minilm
73,NCT00201318,23,-8.619430541992188,bm25_top100_crossenc_minilm
73,NCT01756755,24,-8.656329154968262,bm25_top100_crossenc_minilm
73,NCT04289558,25,-8.745343208312988,bm25_top100_crossenc_minilm
73,NCT01652859,26,-8.747838973999023,bm25_top100_crossenc_minilm
73,NCT04235205,27,-8.757455825805664,bm25_top100_crossenc_minilm
73,NCT02117661,28,-8.79047966003418,bm25_top100_crossenc_minilm
73,NCT00362414,29,-8.822175979614258,bm25_top100_crossenc_minilm
73,NCT00828971,30,-8.832525253295898,bm25_top100_crossenc_minilm
73,NCT00316186,31,-8.839435577392578,bm25_top100_crossenc_minilm
73,NCT00241839,32,-8.848350524902344,bm25_top100_crossenc_minilm
73,NCT04660201,33,-8.865700721740723,bm25_top100_crossenc_minilm
73,NCT03217851,34,-8.902202606201172,bm25_top100_crossenc_minilm
73,NCT00784394,35,-8.920751571655273,bm25_top100_crossenc_minilm
73,NCT01881971,36,-8.952232360839844,bm25_top100_crossenc_minilm
73,NCT04398745,37,-8.966764450073242,bm25_top100_crossenc_minilm
73,NCT04062760,38,-8.999011039733887,bm25_top100_crossenc_minilm
73,NCT00373594,39,-9.015378952026367,bm25_top100_crossenc_minilm
73,NCT01434693,40,-9.086954116821289,bm25_top100_crossenc_minilm
73,NCT02520609,41,-9.176912307739258,bm25_top100_crossenc_minilm
73,NCT03099564,42,-9.185995101928711,bm25_top100_crossenc_minilm
73,NCT03261466,43,-9.193402290344238,bm25_top100_crossenc_minilm
73,NCT03436420,44,-9.210193634033203,bm25_top100_crossenc_minilm
73,NCT03283813,45,-9.217782020568848,bm25_top100_crossenc_minilm
73,NCT01855295,46,-9.252851486206055,bm25_top100_crossenc_minilm
73,NCT02250885,47,-9.264202117919922,bm25_top100_crossenc_minilm
73,NCT03719443,48,-9.275667190551758,bm25_top100_crossenc_minilm
73,NCT00854945,49,-9.2764892578125,bm25_top100_crossenc_minilm
73,NCT03824379,50,-9.286001205444336,bm25_top100_crossenc_minilm
73,NCT03891901,51,-9.293879508972168,bm25_top100_crossenc_minilm
73,NCT02936167,52,-9.349517822265625,bm25_top100_crossenc_minilm
73,NCT00906334,53,-9.38786506652832,bm25_top100_crossenc_minilm
73,NCT02274987,54,-9.397310256958008,bm25_top100_crossenc_minilm
73,NCT02716207,55,-9.403335571289062,bm25_top100_crossenc_minilm
73,NCT00472550,56,-9.404111862182617,bm25_top100_crossenc_minilm
73,NCT01096043,57,-9.433206558227539,bm25_top100_crossenc_minilm
73,NCT03945825,58,-9.433308601379395,bm25_top100_crossenc_minilm
73,NCT02960230,59,-9.45889663696289,bm25_top100_crossenc_minilm
73,NCT01277016,60,-9.482779502868652,bm25_top100_crossenc_minilm
73,NCT01415986,61,-9.555168151855469,bm25_top100_crossenc_minilm
73,NCT02157259,62,-9.56677532196045,bm25_top100_crossenc_minilm
73,NCT04364139,63,-9.57436752319336,bm25_top100_crossenc_minilm
73,NCT01158885,64,-9.58420467376709,bm25_top100_crossenc_minilm
73,NCT01874561,65,-9.588085174560547,bm25_top100_crossenc_minilm
73,NCT04216329,66,-9.597783088684082,bm25_top100_crossenc_minilm
73,NCT03111446,67,-9.60068130493164,bm25_top100_crossenc_minilm
73,NCT02390843,68,-9.615693092346191,bm25_top100_crossenc_minilm
73,NCT02948569,69,-9.629453659057617,bm25_top100_crossenc_minilm
73,NCT00997958,70,-9.643660545349121,bm25_top100_crossenc_minilm
73,NCT02820155,71,-9.650894165039062,bm25_top100_crossenc_minilm
73,NCT02211027,72,-9.663138389587402,bm25_top100_crossenc_minilm
73,NCT04653246,73,-9.68049430847168,bm25_top100_crossenc_minilm
73,NCT02442674,74,-9.681668281555176,bm25_top100_crossenc_minilm
73,NCT02285101,75,-9.68795394897461,bm25_top100_crossenc_minilm
73,NCT02257684,76,-9.692317008972168,bm25_top100_crossenc_minilm
73,NCT00346879,77,-9.7286958694458,bm25_top100_crossenc_minilm
73,NCT04855695,78,-9.738309860229492,bm25_top100_crossenc_minilm
73,NCT01813227,79,-9.761983871459961,bm25_top100_crossenc_minilm
73,NCT00295308,80,-9.766965866088867,bm25_top100_crossenc_minilm
73,NCT01042041,81,-9.786931991577148,bm25_top100_crossenc_minilm
73,NCT02363309,82,-9.828475952148438,bm25_top100_crossenc_minilm
73,NCT02780583,83,-9.832216262817383,bm25_top100_crossenc_minilm
73,NCT02205554,84,-9.839412689208984,bm25_top100_crossenc_minilm
73,NCT02658396,85,-9.878124237060547,bm25_top100_crossenc_minilm
73,NCT02507765,86,-9.879570960998535,bm25_top100_crossenc_minilm
73,NCT04782687,87,-9.88947868347168,bm25_top100_crossenc_minilm
73,NCT01835379,88,-9.908159255981445,bm25_top100_crossenc_minilm
73,NCT01609582,89,-9.972899436950684,bm25_top100_crossenc_minilm
73,NCT01189266,90,-9.984306335449219,bm25_top100_crossenc_minilm
73,NCT03227432,91,-10.01942253112793,bm25_top100_crossenc_minilm
73,NCT00262210,92,-10.031647682189941,bm25_top100_crossenc_minilm
73,NCT04339777,93,-10.03292465209961,bm25_top100_crossenc_minilm
73,NCT03030053,94,-10.085089683532715,bm25_top100_crossenc_minilm
73,NCT01637376,95,-10.091117858886719,bm25_top100_crossenc_minilm
73,NCT02459652,96,-10.121137619018555,bm25_top100_crossenc_minilm
73,NCT00317720,97,-10.13302993774414,bm25_top100_crossenc_minilm
73,NCT03929029,98,-10.216508865356445,bm25_top100_crossenc_minilm
73,NCT04095689,99,-10.305999755859375,bm25_top100_crossenc_minilm
73,NCT01453283,100,-10.382657051086426,bm25_top100_crossenc_minilm
74,NCT00047918,1,-5.819059371948242,bm25_top100_crossenc_minilm
74,NCT02404727,2,-6.337059020996094,bm25_top100_crossenc_minilm
74,NCT00858819,3,-6.453967571258545,bm25_top100_crossenc_minilm
74,NCT00001728,4,-7.198561191558838,bm25_top100_crossenc_minilm
74,NCT02242604,5,-7.25832462310791,bm25_top100_crossenc_minilm
74,NCT02603042,6,-7.458620548248291,bm25_top100_crossenc_minilm
74,NCT00755911,7,-7.512053489685059,bm25_top100_crossenc_minilm
74,NCT00781261,8,-7.5521745681762695,bm25_top100_crossenc_minilm
74,NCT00050193,9,-7.6329545974731445,bm25_top100_crossenc_minilm
74,NCT03710889,10,-7.659654140472412,bm25_top100_crossenc_minilm
74,NCT01360099,11,-7.74801778793335,bm25_top100_crossenc_minilm
74,NCT04713774,12,-7.776033401489258,bm25_top100_crossenc_minilm
74,NCT00239629,13,-7.800007343292236,bm25_top100_crossenc_minilm
74,NCT00587925,14,-7.805429935455322,bm25_top100_crossenc_minilm
74,NCT02575157,15,-7.8079729080200195,bm25_top100_crossenc_minilm
74,NCT00264420,16,-7.82909631729126,bm25_top100_crossenc_minilm
74,NCT01932931,17,-7.833527088165283,bm25_top100_crossenc_minilm
74,NCT00697463,18,-7.855128288269043,bm25_top100_crossenc_minilm
74,NCT01293292,19,-7.902885437011719,bm25_top100_crossenc_minilm
74,NCT01176344,20,-7.914906978607178,bm25_top100_crossenc_minilm
74,NCT00694824,21,-7.93079137802124,bm25_top100_crossenc_minilm
74,NCT02439112,22,-7.957365989685059,bm25_top100_crossenc_minilm
74,NCT00150969,23,-7.976893424987793,bm25_top100_crossenc_minilm
74,NCT00747994,24,-8.012149810791016,bm25_top100_crossenc_minilm
74,NCT03433287,25,-8.044492721557617,bm25_top100_crossenc_minilm
74,NCT00853723,26,-8.077680587768555,bm25_top100_crossenc_minilm
74,NCT01900860,27,-8.089235305786133,bm25_top100_crossenc_minilm
74,NCT00603967,28,-8.091459274291992,bm25_top100_crossenc_minilm
74,NCT04055220,29,-8.156431198120117,bm25_top100_crossenc_minilm
74,NCT00306046,30,-8.15825366973877,bm25_top100_crossenc_minilm
74,NCT03525210,31,-8.173379898071289,bm25_top100_crossenc_minilm
74,NCT01968590,32,-8.174882888793945,bm25_top100_crossenc_minilm
74,NCT00757393,33,-8.20478630065918,bm25_top100_crossenc_minilm
74,NCT00395538,34,-8.266865730285645,bm25_top100_crossenc_minilm
74,NCT00471237,35,-8.282329559326172,bm25_top100_crossenc_minilm
74,NCT00277706,36,-8.287202835083008,bm25_top100_crossenc_minilm
74,NCT04850547,37,-8.327783584594727,bm25_top100_crossenc_minilm
74,NCT03678467,38,-8.38160228729248,bm25_top100_crossenc_minilm
74,NCT02186275,39,-8.398270606994629,bm25_top100_crossenc_minilm
74,NCT01153568,40,-8.433062553405762,bm25_top100_crossenc_minilm
74,NCT04751877,41,-8.436599731445312,bm25_top100_crossenc_minilm
74,NCT02069990,42,-8.441051483154297,bm25_top100_crossenc_minilm
74,NCT01641757,43,-8.452524185180664,bm25_top100_crossenc_minilm
74,NCT02232724,44,-8.477333068847656,bm25_top100_crossenc_minilm
74,NCT03859895,45,-8.480741500854492,bm25_top100_crossenc_minilm
74,NCT00426517,46,-8.482295989990234,bm25_top100_crossenc_minilm
74,NCT02802384,47,-8.491878509521484,bm25_top100_crossenc_minilm
74,NCT00172172,48,-8.513094902038574,bm25_top100_crossenc_minilm
74,NCT02232672,49,-8.515074729919434,bm25_top100_crossenc_minilm
74,NCT00424619,50,-8.555282592773438,bm25_top100_crossenc_minilm
74,NCT04003467,51,-8.568925857543945,bm25_top100_crossenc_minilm
74,NCT00172107,52,-8.591777801513672,bm25_top100_crossenc_minilm
74,NCT03778580,53,-8.613780975341797,bm25_top100_crossenc_minilm
74,NCT01370941,54,-8.632495880126953,bm25_top100_crossenc_minilm
74,NCT01585402,55,-8.65766716003418,bm25_top100_crossenc_minilm
74,NCT01418040,56,-8.658889770507812,bm25_top100_crossenc_minilm
74,NCT01535027,57,-8.66152572631836,bm25_top100_crossenc_minilm
74,NCT02387892,58,-8.671661376953125,bm25_top100_crossenc_minilm
74,NCT04169698,59,-8.676445007324219,bm25_top100_crossenc_minilm
74,NCT00548496,60,-8.681532859802246,bm25_top100_crossenc_minilm
74,NCT01692496,61,-8.710487365722656,bm25_top100_crossenc_minilm
74,NCT03994172,62,-8.719271659851074,bm25_top100_crossenc_minilm
74,NCT02232685,63,-8.746997833251953,bm25_top100_crossenc_minilm
74,NCT04438525,64,-8.770180702209473,bm25_top100_crossenc_minilm
74,NCT03721497,65,-8.777482986450195,bm25_top100_crossenc_minilm
74,NCT03457818,66,-8.778196334838867,bm25_top100_crossenc_minilm
74,NCT01852799,67,-8.780478477478027,bm25_top100_crossenc_minilm
74,NCT00006180,68,-8.781747817993164,bm25_top100_crossenc_minilm
74,NCT00730210,69,-8.791102409362793,bm25_top100_crossenc_minilm
74,NCT00479037,70,-8.794793128967285,bm25_top100_crossenc_minilm
74,NCT04297904,71,-8.814634323120117,bm25_top100_crossenc_minilm
74,NCT02301520,72,-8.953693389892578,bm25_top100_crossenc_minilm
74,NCT01476501,73,-8.956199645996094,bm25_top100_crossenc_minilm
74,NCT01375010,74,-8.963811874389648,bm25_top100_crossenc_minilm
74,NCT00593580,75,-9.014751434326172,bm25_top100_crossenc_minilm
74,NCT00068146,76,-9.038250923156738,bm25_top100_crossenc_minilm
74,NCT04295174,77,-9.039299011230469,bm25_top100_crossenc_minilm
74,NCT02390934,78,-9.042032241821289,bm25_top100_crossenc_minilm
74,NCT01192828,79,-9.056159973144531,bm25_top100_crossenc_minilm
74,NCT03986203,80,-9.071013450622559,bm25_top100_crossenc_minilm
74,NCT00685971,81,-9.283121109008789,bm25_top100_crossenc_minilm
74,NCT02903381,82,-9.34178352355957,bm25_top100_crossenc_minilm
74,NCT02014467,83,-9.361339569091797,bm25_top100_crossenc_minilm
74,NCT02154581,84,-9.400186538696289,bm25_top100_crossenc_minilm
74,NCT00009945,85,-9.432422637939453,bm25_top100_crossenc_minilm
74,NCT03294954,86,-9.463031768798828,bm25_top100_crossenc_minilm
74,NCT01062230,87,-9.473306655883789,bm25_top100_crossenc_minilm
74,NCT03076203,88,-9.473724365234375,bm25_top100_crossenc_minilm
74,NCT00381914,89,-9.494314193725586,bm25_top100_crossenc_minilm
74,NCT00324259,90,-9.556356430053711,bm25_top100_crossenc_minilm
74,NCT04208230,91,-9.558829307556152,bm25_top100_crossenc_minilm
74,NCT00359385,92,-9.610977172851562,bm25_top100_crossenc_minilm
74,NCT00140738,93,-9.631484031677246,bm25_top100_crossenc_minilm
74,NCT00566618,94,-9.662635803222656,bm25_top100_crossenc_minilm
74,NCT03325816,95,-9.786148071289062,bm25_top100_crossenc_minilm
74,NCT02414529,96,-9.812392234802246,bm25_top100_crossenc_minilm
74,NCT02916771,97,-9.823518753051758,bm25_top100_crossenc_minilm
74,NCT04782687,98,-9.853368759155273,bm25_top100_crossenc_minilm
74,NCT04533984,99,-10.022747993469238,bm25_top100_crossenc_minilm
74,NCT03032107,100,-10.117097854614258,bm25_top100_crossenc_minilm
75,NCT00291265,1,-1.7523903846740723,bm25_top100_crossenc_minilm
75,NCT00517842,2,-2.694467544555664,bm25_top100_crossenc_minilm
75,NCT04858074,3,-2.7591371536254883,bm25_top100_crossenc_minilm
75,NCT00040196,4,-3.2774696350097656,bm25_top100_crossenc_minilm
75,NCT01523301,5,-3.318861246109009,bm25_top100_crossenc_minilm
75,NCT03080168,6,-3.4075684547424316,bm25_top100_crossenc_minilm
75,NCT03023059,7,-3.478675365447998,bm25_top100_crossenc_minilm
75,NCT00654563,8,-4.170151710510254,bm25_top100_crossenc_minilm
75,NCT00593606,9,-4.286794662475586,bm25_top100_crossenc_minilm
75,NCT04342520,10,-5.5278520584106445,bm25_top100_crossenc_minilm
75,NCT03585257,11,-5.863851547241211,bm25_top100_crossenc_minilm
75,NCT01882855,12,-6.201129913330078,bm25_top100_crossenc_minilm
75,NCT00244582,13,-6.415102958679199,bm25_top100_crossenc_minilm
75,NCT03501004,14,-6.467031002044678,bm25_top100_crossenc_minilm
75,NCT04807803,15,-6.472927093505859,bm25_top100_crossenc_minilm
75,NCT03876652,16,-6.5456461906433105,bm25_top100_crossenc_minilm
75,NCT04236843,17,-6.677270889282227,bm25_top100_crossenc_minilm
75,NCT02666989,18,-6.892962455749512,bm25_top100_crossenc_minilm
75,NCT04851639,19,-6.998786449432373,bm25_top100_crossenc_minilm
75,NCT04082780,20,-7.037764549255371,bm25_top100_crossenc_minilm
75,NCT03152188,21,-7.187779426574707,bm25_top100_crossenc_minilm
75,NCT00216515,22,-7.205862998962402,bm25_top100_crossenc_minilm
75,NCT02156232,23,-7.354284763336182,bm25_top100_crossenc_minilm
75,NCT01110447,24,-7.445189476013184,bm25_top100_crossenc_minilm
75,NCT03003208,25,-7.481232643127441,bm25_top100_crossenc_minilm
75,NCT00865410,26,-7.508137226104736,bm25_top100_crossenc_minilm
75,NCT02411734,27,-7.513603210449219,bm25_top100_crossenc_minilm
75,NCT03355404,28,-7.538117408752441,bm25_top100_crossenc_minilm
75,NCT00865111,29,-7.568118095397949,bm25_top100_crossenc_minilm
75,NCT02069366,30,-7.577719688415527,bm25_top100_crossenc_minilm
75,NCT04436601,31,-7.586136817932129,bm25_top100_crossenc_minilm
75,NCT00215787,32,-7.659979820251465,bm25_top100_crossenc_minilm
75,NCT00042159,33,-7.666579246520996,bm25_top100_crossenc_minilm
75,NCT03878316,34,-7.711719989776611,bm25_top100_crossenc_minilm
75,NCT03796598,35,-7.746428489685059,bm25_top100_crossenc_minilm
75,NCT00863941,36,-7.764610767364502,bm25_top100_crossenc_minilm
75,NCT01760226,37,-7.772631645202637,bm25_top100_crossenc_minilm
75,NCT00865462,38,-7.775737762451172,bm25_top100_crossenc_minilm
75,NCT01161966,39,-7.82249116897583,bm25_top100_crossenc_minilm
75,NCT00865371,40,-7.829125881195068,bm25_top100_crossenc_minilm
75,NCT00653393,41,-7.85507869720459,bm25_top100_crossenc_minilm
75,NCT01722578,42,-7.861553192138672,bm25_top100_crossenc_minilm
75,NCT00775905,43,-7.864500999450684,bm25_top100_crossenc_minilm
75,NCT00301405,44,-7.892528533935547,bm25_top100_crossenc_minilm
75,NCT01599975,45,-7.902883052825928,bm25_top100_crossenc_minilm
75,NCT03279991,46,-7.927227973937988,bm25_top100_crossenc_minilm
75,NCT00645385,47,-7.979982852935791,bm25_top100_crossenc_minilm
75,NCT01950624,48,-7.993202209472656,bm25_top100_crossenc_minilm
75,NCT00914056,49,-8.002903938293457,bm25_top100_crossenc_minilm
75,NCT01769105,50,-8.049612998962402,bm25_top100_crossenc_minilm
75,NCT00092937,51,-8.08597183227539,bm25_top100_crossenc_minilm
75,NCT03008005,52,-8.096150398254395,bm25_top100_crossenc_minilm
75,NCT00603447,53,-8.098468780517578,bm25_top100_crossenc_minilm
75,NCT01109849,54,-8.117134094238281,bm25_top100_crossenc_minilm
75,NCT02653664,55,-8.135498046875,bm25_top100_crossenc_minilm
75,NCT01961219,56,-8.153192520141602,bm25_top100_crossenc_minilm
75,NCT01506050,57,-8.18322467803955,bm25_top100_crossenc_minilm
75,NCT02109952,58,-8.258064270019531,bm25_top100_crossenc_minilm
75,NCT01160536,59,-8.26321029663086,bm25_top100_crossenc_minilm
75,NCT01506791,60,-8.271502494812012,bm25_top100_crossenc_minilm
75,NCT00994422,61,-8.296096801757812,bm25_top100_crossenc_minilm
75,NCT02304302,62,-8.307977676391602,bm25_top100_crossenc_minilm
75,NCT00775151,63,-8.322884559631348,bm25_top100_crossenc_minilm
75,NCT01952834,64,-8.341459274291992,bm25_top100_crossenc_minilm
75,NCT00367627,65,-8.353856086730957,bm25_top100_crossenc_minilm
75,NCT01161979,66,-8.369339942932129,bm25_top100_crossenc_minilm
75,NCT01645384,67,-8.384111404418945,bm25_top100_crossenc_minilm
75,NCT01775501,68,-8.402281761169434,bm25_top100_crossenc_minilm
75,NCT01314339,69,-8.415225982666016,bm25_top100_crossenc_minilm
75,NCT02528799,70,-8.431859970092773,bm25_top100_crossenc_minilm
75,NCT00467818,71,-8.45599365234375,bm25_top100_crossenc_minilm
75,NCT00106691,72,-8.504671096801758,bm25_top100_crossenc_minilm
75,NCT01314352,73,-8.506715774536133,bm25_top100_crossenc_minilm
75,NCT01506037,74,-8.532529830932617,bm25_top100_crossenc_minilm
75,NCT03336203,75,-8.537071228027344,bm25_top100_crossenc_minilm
75,NCT00682994,76,-8.5616455078125,bm25_top100_crossenc_minilm
75,NCT01766856,77,-8.592290878295898,bm25_top100_crossenc_minilm
75,NCT02068118,78,-8.629889488220215,bm25_top100_crossenc_minilm
75,NCT03599037,79,-8.672672271728516,bm25_top100_crossenc_minilm
75,NCT00281502,80,-8.67449951171875,bm25_top100_crossenc_minilm
75,NCT04056000,81,-8.699909210205078,bm25_top100_crossenc_minilm
75,NCT03108612,82,-8.733484268188477,bm25_top100_crossenc_minilm
75,NCT00498719,83,-8.760568618774414,bm25_top100_crossenc_minilm
75,NCT03286101,84,-8.790458679199219,bm25_top100_crossenc_minilm
75,NCT03034330,85,-8.80691909790039,bm25_top100_crossenc_minilm
75,NCT01604031,86,-8.858291625976562,bm25_top100_crossenc_minilm
75,NCT03149692,87,-8.96231460571289,bm25_top100_crossenc_minilm
75,NCT02284334,88,-9.036907196044922,bm25_top100_crossenc_minilm
75,NCT01700829,89,-9.067830085754395,bm25_top100_crossenc_minilm
75,NCT03987269,90,-9.101513862609863,bm25_top100_crossenc_minilm
75,NCT03670719,91,-9.115440368652344,bm25_top100_crossenc_minilm
75,NCT00723567,92,-9.151615142822266,bm25_top100_crossenc_minilm
75,NCT02190695,93,-9.20628833770752,bm25_top100_crossenc_minilm
75,NCT00655096,94,-9.227424621582031,bm25_top100_crossenc_minilm
75,NCT02414529,95,-9.247589111328125,bm25_top100_crossenc_minilm
75,NCT02088866,96,-9.376890182495117,bm25_top100_crossenc_minilm
75,NCT01553318,97,-9.40690803527832,bm25_top100_crossenc_minilm
75,NCT01599546,98,-9.440961837768555,bm25_top100_crossenc_minilm
75,NCT00975546,99,-9.466096878051758,bm25_top100_crossenc_minilm
75,NCT02543905,100,-9.582523345947266,bm25_top100_crossenc_minilm
