instance_id,trial_id,gold_label,gold_class,pred_decision,pred_class,parse_ok,gen_snippet
nli4pr_test_1239,NCT03327233,contradiction,mismatch,unlikely_match,mismatch,True,"{   ""decision"": ""unlikely_match"",   ""patient_facing_answer"": ""Based on the information you provided, you do not seem to meet the eligibility criteria for this clinical trial. You are younger than 65 years old, which is a key requirement for participation in this study."",   ""supported_patient_facts"":"
nli4pr_test_813,NCT02748291,entailment,match,possible_match_insufficient_evidence,match,True,"{   ""decision"": ""possible_match_insufficient_evidence"",   ""patient_facing_answer"": ""Based on the information you've shared, we think you might be eligible for the trial, but we need more details to confirm. Please let us know if you can provide your age and if you have any concerns about your health"
nli4pr_test_1174,NCT00382967,entailment,match,possible_match_insufficient_evidence,match,True,"{   ""decision"": ""possible_match_insufficient_evidence"",   ""patient_facing_answer"": ""Your symptoms sound like essential tremor, which might fit the criteria for this trial. However, we need more information to confirm if you can participate."",   ""supported_patient_facts"": [""you are a 60 years old man"
nli4pr_test_534,NCT02429830,contradiction,mismatch,possible_match_insufficient_evidence,match,True,"{   ""decision"": ""possible_match_insufficient_evidence"",   ""patient_facing_answer"": ""Based on the information you provided, it seems you might be eligible for the clinical trial, but we need to check a few things before we can confirm."",   ""supported_patient_facts"": [     ""you have typical symptoms o"
nli4pr_test_514,NCT02804789,contradiction,mismatch,possible_match_insufficient_evidence,match,True,"{   ""decision"": ""possible_match_insufficient_evidence"",   ""patient_facing_answer"": ""Based on the information you provided, you seem to meet some of the eligibility criteria for this clinical trial, but there are some details we need to confirm before we can decide if you're eligible."",   ""supported_"
nli4pr_test_1526,NCT04441606,entailment,match,possible_match_insufficient_evidence,match,True,"{   ""decision"": ""possible_match_insufficient_evidence"",   ""patient_facing_answer"": ""Based on the information you provided, we think you might be eligible for our study, but we need more details to confirm. Please let us know if you have any additional information about your health history."",   ""supp"
nli4pr_test_522,NCT02580175,contradiction,mismatch,possible_match_insufficient_evidence,match,True,"{   ""decision"": ""possible_match_insufficient_evidence"",   ""patient_facing_answer"": ""Based on the information you've shared, you seem to fit some of the criteria for this trial, but we need more details to confirm if you're eligible. Please let us know if you have any additional medical history or re"
nli4pr_test_274,NCT03053271,entailment,match,possible_match_insufficient_evidence,match,True,"{   ""decision"": ""possible_match_insufficient_evidence"",   ""patient_facing_answer"": ""Based on the information you provided, you seem to fit well with the inclusion criteria for this trial. However, we need more details about your medical history and some specific tests to confirm your eligibility. Pl"
nli4pr_test_494,NCT03060304,entailment,match,possible_match_insufficient_evidence,match,True,"{   ""decision"": ""possible_match_insufficient_evidence"",   ""patient_facing_answer"": ""Based on the information you've shared, you seem to fit some of the criteria for this clinical trial, but we need more details to confirm your eligibility. Please let us know if you have any additional medical record"
nli4pr_test_65,NCT04366726,entailment,match,possible_match_insufficient_evidence,match,True,"{   ""decision"": ""possible_match_insufficient_evidence"",   ""patient_facing_answer"": ""Thank you for sharing your information. We need to check a few more details before we can decide if you're eligible for the trial."",   ""supported_patient_facts"": [     ""55-year-old white woman"",     ""BMI of 24""   ], "
nli4pr_test_672,NCT02234206,contradiction,mismatch,cannot_determine,undetermined,False,"{   ""decision"": ""possible_match_insufficient_evidence"",   ""patient_facing_answer"": ""Thank you for sharing your details. Based on the information you provided, you seem to fit some of the criteria for this clinical trial, but there are some missing pieces of information and unresolved requirements th"
nli4pr_test_979,NCT00287586,contradiction,mismatch,unlikely_match,mismatch,True,"{   ""decision"": ""unlikely_match"",   ""patient_facing_answer"": ""Based on the information you provided, you do not seem to meet the eligibility criteria for this clinical trial. You are under 60 years old, which is one of the key inclusion criteria. Additionally, your testosterone level and GnRH levels"
nli4pr_test_722,NCT02984930,entailment,match,possible_match_insufficient_evidence,match,True,"{   ""decision"": ""possible_match_insufficient_evidence"",   ""patient_facing_answer"": ""Based on the information you provided, you seem to fit well with the inclusion criteria for this trial, as you have been diagnosed with GERD. However, we need more information about your health status, such as your m"
nli4pr_test_780,NCT03425214,entailment,match,possible_match_insufficient_evidence,match,True,"{   ""decision"": ""possible_match_insufficient_evidence"",   ""patient_facing_answer"": ""Your roommate seems to have some symptoms that might be related to narcolepsy, like falling asleep quickly and sometimes feeling clumsy. However, we need more information to decide if she can join the trial. We don't"
nli4pr_test_1319,NCT00751660,contradiction,mismatch,possible_match_insufficient_evidence,match,True,"{   ""decision"": ""possible_match_insufficient_evidence"",   ""patient_facing_answer"": ""Thank you for sharing your health details. We need more information to decide if you can participate in our study. Please let us know if you have any additional information about your medical history or if you have c"
nli4pr_test_669,NCT00478491,entailment,match,possible_match_insufficient_evidence,match,True,"{   ""decision"": ""possible_match_insufficient_evidence"",   ""patient_facing_answer"": ""Based on the information you've shared, it seems like you might be a good candidate for this clinical trial, but we need more details to confirm. Please let us know if you have any additional information."",   ""suppor"
nli4pr_test_351,NCT03401918,entailment,match,possible_match_insufficient_evidence,match,True,"{   ""decision"": ""possible_match_insufficient_evidence"",   ""patient_facing_answer"": ""Based on the information you provided, we need more details to decide if you can join our study. We know your age and that you had a high β-hCG level, which could mean you might be pregnant. However, we need to confi"
nli4pr_test_1516,NCT04303559,entailment,match,cannot_determine,undetermined,False,"{   ""decision"": ""possible_match_insufficient_evidence"",   ""patient_facing_answer"": ""Based on the information you provided, you seem to meet some of the eligibility criteria for this study, but we need more details to fully determine if you can participate. Please let us know if you have any addition"
nli4pr_test_29,NCT00113568,contradiction,mismatch,possible_match_insufficient_evidence,match,True,"{   ""decision"": ""possible_match_insufficient_evidence"",   ""patient_facing_answer"": ""Your symptoms and test results suggest you may be eligible for this trial, but we need more information to confirm."",   ""supported_patient_facts"": [""you have heavy periods"", ""you have a family history of heavy period"
nli4pr_test_30,NCT01348477,contradiction,mismatch,possible_match_insufficient_evidence,match,True,"{   ""decision"": ""possible_match_insufficient_evidence"",   ""patient_facing_answer"": ""Based on the information you provided, your symptoms sound like they might be related to an inguinal hernia, which is something this clinical trial is looking for. However, we need more details to confirm if you're e"
nli4pr_test_1547,NCT00462267,contradiction,mismatch,possible_match_insufficient_evidence,match,True,"{   ""decision"": ""possible_match_insufficient_evidence"",   ""patient_facing_answer"": ""Your daughter seems to meet some of the eligibility criteria for this study, but we need more information to confirm if she qualifies. We will check if her BMI is at or above the 90th percentile and if she meets othe"
nli4pr_test_1569,NCT00800098,entailment,match,cannot_determine,undetermined,False,"{   ""decision"": ""possible_match_insufficient_evidence"",   ""patient_facing_answer"": ""Thank you for sharing your symptoms. Based on the information you've given, we think you might be a good candidate for our trial, but we need more details to confirm. Please let us know if you can provide any additio"
nli4pr_test_527,NCT00794105,entailment,match,likely_match,match,True,"{   ""decision"": ""likely_match"",   ""patient_facing_answer"": ""Based on your symptoms and the findings from your recent visit to the clinic, you seem to meet the inclusion criteria for this trial. However, we need to check a few more details before we can confirm your eligibility."",   ""supported_patien"
nli4pr_test_664,NCT04424004,entailment,match,possible_match_insufficient_evidence,match,True,"{   ""decision"": ""possible_match_insufficient_evidence"",   ""patient_facing_answer"": ""Thank you for sharing your symptoms. Based on the information you provided, we need more details to decide if you can join our study. We will check if you meet all the necessary requirements."",   ""supported_patient_f"
nli4pr_test_1157,NCT03360162,contradiction,mismatch,possible_match_insufficient_evidence,match,True,"{   ""decision"": ""possible_match_insufficient_evidence"",   ""patient_facing_answer"": ""Based on the information you provided, you seem to fit some criteria for the trial, but we need more details to confirm your eligibility. We will check if you meet all the necessary conditions."",   ""supported_patient"
nli4pr_test_820,NCT03474263,contradiction,mismatch,possible_match_insufficient_evidence,match,True,"{   ""decision"": ""possible_match_insufficient_evidence"",   ""patient_facing_answer"": ""Based on the information you provided, it seems like you might be eligible for the study, but we need to check a few things first. We'll need to confirm your age, ALS diagnosis, and if you're taking any medications t"
nli4pr_test_1024,NCT02156999,entailment,match,possible_match_insufficient_evidence,match,True,"{   ""decision"": ""possible_match_insufficient_evidence"",   ""patient_facing_answer"": ""Hello! You seem to fit the age and gender requirements for this trial. However, we need more information about your health conditions to proceed."",   ""supported_patient_facts"": [""you are a 55-year-old white woman"", """
nli4pr_test_324,NCT01477346,entailment,match,likely_match,match,True,"{   ""decision"": ""likely_match"",   ""patient_facing_answer"": ""Based on the information you provided, it seems like you might be eligible for the trial. However, we need to check a few more details."",   ""supported_patient_facts"": [""you have a diagnosis of gout"", ""you had an acute attack of gout within "
nli4pr_test_1392,NCT00729183,entailment,match,possible_match_insufficient_evidence,match,True,"{   ""decision"": ""possible_match_insufficient_evidence"",   ""patient_facing_answer"": ""Hello! You seem to fit some of the criteria for this trial, but we need more information to confirm your eligibility. Please let us know if you have been postmenopausal for 3 years and if you have BMD scores at the t"
nli4pr_test_578,NCT00263250,contradiction,mismatch,possible_match_insufficient_evidence,match,True,"{   ""decision"": ""possible_match_insufficient_evidence"",   ""patient_facing_answer"": ""Based on the information you provided, you seem to fit the general age requirement for the trial, but we need more details about your current health condition and symptoms."",   ""supported_patient_facts"": [""you are 49"
nli4pr_test_59,NCT00090402,entailment,match,possible_match_insufficient_evidence,match,True,"{   ""decision"": ""possible_match_insufficient_evidence"",   ""patient_facing_answer"": ""Based on the information you provided, it seems like you might be eligible for the trial, but we need to check a few more details."",   ""supported_patient_facts"": [""you have been diagnosed with probable Alzheimer's Di"
nli4pr_test_1168,NCT00734279,contradiction,mismatch,possible_match_insufficient_evidence,match,True,"{   ""decision"": ""possible_match_insufficient_evidence"",   ""patient_facing_answer"": ""Based on your test results, you seem to be experiencing early puberty. However, we need more information to confirm if you meet all the eligibility criteria for this study."",   ""supported_patient_facts"": [""testes vol"
nli4pr_test_704,NCT04111341,entailment,match,possible_match_insufficient_evidence,match,True,"{   ""decision"": ""possible_match_insufficient_evidence"",   ""patient_facing_answer"": ""Thank you for sharing your symptoms and medical history. Based on what you've told me, you seem to fit well with the inclusion criteria for this trial, but we need to check a few more details before we can decide if "
nli4pr_test_819,NCT01780285,entailment,match,possible_match_insufficient_evidence,match,True,"{   ""decision"": ""possible_match_insufficient_evidence"",   ""patient_facing_answer"": ""Based on the information you provided, you seem to fit some criteria for the study, but we need more details to confirm your eligibility. Please let us know if you have any other health conditions or if you've had an"
nli4pr_test_787,NCT00458731,contradiction,mismatch,possible_match_insufficient_evidence,match,True,"{   ""decision"": ""possible_match_insufficient_evidence"",   ""patient_facing_answer"": ""Your daughter seems to have a condition called dwarfism, which is diagnosed based on genetic testing showing a mutation in the FGFR3 gene. However, the clinical trial you mentioned requires specific medical condition"
nli4pr_test_707,NCT01953679,contradiction,mismatch,cannot_determine,undetermined,False,"{   ""decision"": ""possible_match_insufficient_evidence"",   ""patient_facing_answer"": ""Based on the information you provided, you seem to fit some parts of the eligibility criteria, but there are some details that are unclear or missing."",   ""supported_patient_facts"": [     ""you are 43 years old"",     "
nli4pr_test_886,NCT03493529,contradiction,mismatch,possible_match_insufficient_evidence,match,True,"{   ""decision"": ""possible_match_insufficient_evidence"",   ""patient_facing_answer"": ""Based on the information you provided, you seem to fit some parts of the trial's eligibility criteria, but we need more details to confirm if you can join the study."",   ""supported_patient_facts"": [""you are female"", "
nli4pr_test_615,NCT02883738,entailment,match,possible_match_insufficient_evidence,match,True,"{   ""decision"": ""possible_match_insufficient_evidence"",   ""patient_facing_answer"": ""Your symptoms sound like essential tremor, which matches what we're looking for in this trial. However, we need to check a few things before we can decide if you can join."",   ""supported_patient_facts"": [""Subject has"
nli4pr_test_500,NCT04565106,contradiction,mismatch,possible_match_insufficient_evidence,match,True,"{   ""decision"": ""possible_match_insufficient_evidence"",   ""patient_facing_answer"": ""Based on the information you provided, you seem to meet some of the criteria for this trial, but we need more details to confirm your eligibility."",   ""supported_patient_facts"": [""you were over 18 years old"", ""your P"
nli4pr_test_23,NCT03329235,entailment,match,cannot_determine,undetermined,False,"{   ""decision"": ""possible_match_insufficient_evidence"",   ""patient_facing_answer"": ""Thank you for sharing your health details. Based on what we know so far, you seem to fit well into the study's criteria for age and knee condition. However, we need more information about your knee swelling, the exac"
nli4pr_test_374,NCT00208325,entailment,match,possible_match_insufficient_evidence,match,True,"{   ""decision"": ""possible_match_insufficient_evidence"",   ""patient_facing_answer"": ""Thank you for sharing your health details. Based on what you've told me, we need more information to decide if you might be eligible for our study. Could you please provide details about your medical history, includi"
nli4pr_test_32,NCT04710758,entailment,match,cannot_determine,undetermined,False,"{   ""decision"": ""possible_match_insufficient_evidence"",   ""patient_facing_answer"": ""It seems like you might be eligible for the trial, but we need more information to confirm. Please let us know if you have any questions or if there's anything else we can help with."",   ""supported_patient_facts"": ["""
nli4pr_test_938,NCT03942692,entailment,match,possible_match_insufficient_evidence,match,True,"{   ""decision"": ""possible_match_insufficient_evidence"",   ""patient_facing_answer"": ""Your daughter seems to have had an anaphylactic reaction, which might qualify her for this study. However, we need more information to confirm if she meets all the criteria."",   ""supported_patient_facts"": [""anaphylac"
nli4pr_test_1302,NCT01020331,entailment,match,possible_match_insufficient_evidence,match,True,"{   ""decision"": ""possible_match_insufficient_evidence"",   ""patient_facing_answer"": ""Based on the information you provided, it seems like you might be eligible for this clinical trial, but we need more details to confirm. Please let us know if you have taken any medications recently, including Exserv"
nli4pr_test_602,NCT04704141,contradiction,mismatch,possible_match_insufficient_evidence,match,True,"{   ""decision"": ""possible_match_insufficient_evidence"",   ""patient_facing_answer"": ""Thank you for sharing your details. Based on what you've told me, you seem to fit well with the general criteria for this study, but there are some areas where we need more information."",   ""supported_patient_facts"":"
nli4pr_test_1027,NCT00313066,entailment,match,possible_match_insufficient_evidence,match,True,"{   ""decision"": ""possible_match_insufficient_evidence"",   ""patient_facing_answer"": ""Thank you for sharing your health information. Based on what you've told me, you seem to fit well into the trial's criteria for having a pleural effusion. However, we need more information to confirm if you can parti"
nli4pr_test_782,NCT00157105,contradiction,mismatch,cannot_determine,undetermined,False,"{   ""decision"": ""possible_match_insufficient_evidence"",   ""patient_facing_answer"": ""Based on the information you provided, you seem to meet some of the eligibility criteria for this trial, but we need more details to confirm your eligibility. Please provide additional information about your medical "
nli4pr_test_344,NCT02334774,contradiction,mismatch,possible_match_insufficient_evidence,match,True,"{   ""decision"": ""possible_match_insufficient_evidence"",   ""patient_facing_answer"": ""Based on the information you provided, you seem to fit some of the criteria for the trial, but we need more details to confirm your eligibility."",   ""supported_patient_facts"": [""you are a 40-year-old female"", ""you ha"
nli4pr_test_1125,NCT04393584,entailment,match,cannot_determine,undetermined,False,"{   ""decision"": ""possible_match_insufficient_evidence"",   ""patient_facing_answer"": ""Based on the information you provided, we need more details to determine if you can participate in this clinical trial. We have some matching criteria, but there are some missing facts and unresolved requirements."", "
nli4pr_test_1342,NCT04764552,entailment,match,possible_match_insufficient_evidence,match,True,"{   ""decision"": ""possible_match_insufficient_evidence"",   ""patient_facing_answer"": ""Thank you for sharing your symptoms and medical history. We need to check a few more details before we can decide if you can join our study."",   ""supported_patient_facts"": [     ""Self-reported joint pain with a minim"
nli4pr_test_173,NCT00001412,contradiction,mismatch,possible_match_insufficient_evidence,match,True,"{   ""decision"": ""possible_match_insufficient_evidence"",   ""patient_facing_answer"": ""Based on your test results, you seem to be in a range where testosterone levels are lower than usual for your age, which might be concerning. However, we need more information to fully understand if you qualify for t"
nli4pr_test_998,NCT04679129,entailment,match,possible_match_insufficient_evidence,match,True,"{   ""decision"": ""possible_match_insufficient_evidence"",   ""patient_facing_answer"": ""Your case seems to fit well with the general age and health criteria for this trial, but we need more information about your medical history and some specific details."",   ""supported_patient_facts"": [""you are 19 year"
nli4pr_test_380,NCT03245827,contradiction,mismatch,possible_match_insufficient_evidence,match,True,"{   ""decision"": ""possible_match_insufficient_evidence"",   ""patient_facing_answer"": ""Based on your test results, you seem to fit one of the groups we're looking for, but we need more information to confirm if you can join our study. Please let us know if you've been taking any medications or suppleme"
nli4pr_test_628,NCT00041977,entailment,match,possible_match_insufficient_evidence,match,True,"{   ""decision"": ""possible_match_insufficient_evidence"",   ""patient_facing_answer"": ""Thank you for sharing your details. We need to check a few things to confirm your eligibility for the study."",   ""supported_patient_facts"": [     ""you are 41 years old"",     ""you have an IUD for birth control""   ],  "
nli4pr_test_989,NCT02696122,entailment,match,possible_match_insufficient_evidence,match,True,"{   ""decision"": ""possible_match_insufficient_evidence"",   ""patient_facing_answer"": ""Based on the information you've shared, you seem to fit well with the age and general health criteria for this study. However, we need more details about your current health status, such as your cholesterol levels an"
nli4pr_test_629,NCT04204512,entailment,match,possible_match_insufficient_evidence,match,True,"{   ""decision"": ""possible_match_insufficient_evidence"",   ""patient_facing_answer"": ""Based on the information you provided, you seem to fit some of the criteria for the trial, but we need more details to confirm your eligibility."",   ""supported_patient_facts"": [""you are 61 years old"", ""you experience"
nli4pr_test_706,NCT00842244,entailment,match,possible_match_insufficient_evidence,match,True,"{   ""decision"": ""possible_match_insufficient_evidence"",   ""patient_facing_answer"": ""It seems like you might be eligible for the trial, but we need more information to confirm. Can you tell us if you have any history of stomach cancer or if you've received chemotherapy for it?"",   ""supported_patient_"
nli4pr_test_141,NCT04049331,contradiction,mismatch,possible_match_insufficient_evidence,match,True,"{   ""decision"": ""possible_match_insufficient_evidence"",   ""patient_facing_answer"": ""Based on your test results and the information you provided, you seem to fit some of the criteria for the trial, but we need more information to fully determine if you can join. Please let us know if you have any add"
nli4pr_test_1271,NCT02386436,contradiction,mismatch,possible_match_insufficient_evidence,match,True,"{   ""decision"": ""possible_match_insufficient_evidence"",   ""patient_facing_answer"": ""Based on the information you provided, you seem to fit some parts of the study criteria, but we need more details to fully determine your eligibility. Please let us know if you have any further medical records or if "
nli4pr_test_239,NCT04054687,entailment,match,possible_match_insufficient_evidence,match,True,"{   ""decision"": ""possible_match_insufficient_evidence"",   ""patient_facing_answer"": ""Your symptoms and test results suggest you might be eligible for the trial, but we need more information to confirm. Please let us know if you have any recent nasal or sinus surgeries, if you're pregnant, or if you'v"
nli4pr_test_1058,NCT01461369,entailment,match,possible_match_insufficient_evidence,match,True,"{   ""decision"": ""possible_match_insufficient_evidence"",   ""patient_facing_answer"": ""Thank you for sharing your health details. We need more information to decide if you can participate in this study."",   ""supported_patient_facts"": [     ""you are 47 years old"",     ""you have osteoarthritis""   ],   ""m"
nli4pr_test_162,NCT03590899,entailment,match,possible_match_insufficient_evidence,match,True,"{   ""decision"": ""possible_match_insufficient_evidence"",   ""patient_facing_answer"": ""Thank you for sharing your health information. We need more details about your eyes and vision to decide if you can join our study."",   ""supported_patient_facts"": [""you are 20 years old"", ""you work as a driver"", ""you"
nli4pr_test_988,NCT00955422,entailment,match,possible_match_insufficient_evidence,match,True,"{   ""decision"": ""possible_match_insufficient_evidence"",   ""patient_facing_answer"": ""Thank you for sharing your situation. Based on the information you've provided, you seem to fit well into the criteria for this study, but there are some details we need to confirm before we can fully enroll you."",  "
nli4pr_test_1426,NCT03240926,contradiction,mismatch,possible_match_insufficient_evidence,match,True,"{   ""decision"": ""possible_match_insufficient_evidence"",   ""patient_facing_answer"": ""Thank you for sharing your medical history. We need more information to decide if you can join our study. Please let us know if you have any tattoos over your radial artery, burns or heavy scarring on your wrist, fra"
nli4pr_test_1047,NCT02631538,entailment,match,possible_match_insufficient_evidence,match,True,"{   ""decision"": ""possible_match_insufficient_evidence"",   ""patient_facing_answer"": ""Based on the information you provided, you seem to meet some key criteria for this clinical trial, but we need more details to confirm your eligibility. Please let us know if you have any additional information or if"
nli4pr_test_1278,NCT03547661,contradiction,mismatch,possible_match_insufficient_evidence,match,True,"{   ""decision"": ""possible_match_insufficient_evidence"",   ""patient_facing_answer"": ""Based on the information you provided, you seem to fit some criteria for the trial, but we need more details to confirm your eligibility. For example, we need to know if you have moderate to severe PMS and if your me"
nli4pr_test_1491,NCT01718067,contradiction,mismatch,possible_match_insufficient_evidence,match,True,"{   ""decision"": ""possible_match_insufficient_evidence"",   ""patient_facing_answer"": ""Your situation seems to align with some of the criteria for this trial, but there are some details we need to confirm before we can decide if you're eligible."",   ""supported_patient_facts"": [""you are a 30-year-old co"
nli4pr_test_220,NCT02718677,contradiction,mismatch,cannot_determine,undetermined,False,"{   ""decision"": ""possible_match_insufficient_evidence"",   ""patient_facing_answer"": ""Based on the information you provided, you seem to meet some of the eligibility criteria for the trial, but we need more details to confirm your eligibility. Please provide additional information about your medical h"
nli4pr_test_1441,NCT03812367,entailment,match,possible_match_insufficient_evidence,match,True,"{   ""decision"": ""possible_match_insufficient_evidence"",   ""patient_facing_answer"": ""Hello! You seem to fit the basic age requirement for this trial. However, we need more information about your medical history and current health status to fully determine if you can participate."",   ""supported_patien"
nli4pr_test_438,NCT03710889,entailment,match,possible_match_insufficient_evidence,match,True,"{   ""decision"": ""possible_match_insufficient_evidence"",   ""patient_facing_answer"": ""Based on the information you provided, you seem to fit well with the inclusion criteria for the study, but there are some details we need to confirm before we can enroll you. We'll check your medical records and imag"
nli4pr_test_383,NCT02272218,entailment,match,cannot_determine,undetermined,False,"{   ""decision"": ""possible_match_insufficient_evidence"",   ""patient_facing_answer"": ""Thank you for sharing your health details. Based on what you've told me, we need more information to decide if you can participate in this study. Please let us know about your medical history and any other factors th"
nli4pr_test_298,NCT01350505,entailment,match,possible_match_insufficient_evidence,match,True,"{   ""decision"": ""possible_match_insufficient_evidence"",   ""patient_facing_answer"": ""Based on the information you provided, you seem to fit well within the age range for the trial, but we need more details about your health status and vision tests to make a final decision."",   ""supported_patient_fact"
nli4pr_test_247,NCT02930941,entailment,match,cannot_determine,undetermined,False,"{   ""decision"": ""possible_match_insufficient_evidence"",   ""patient_facing_answer"": ""Your symptoms and test results suggest you might be eligible for this trial, but we need more information to confirm."",   ""supported_patient_facts"": [""you have a history of heavy periods"", ""you had a non-stop noseble"
nli4pr_test_1026,NCT03914716,contradiction,mismatch,cannot_determine,undetermined,False,"{   ""decision"": ""possible_match_insufficient_evidence"",   ""patient_facing_answer"": ""Your medical history and current condition seem to fit some parts of the study's requirements, but we need more information to fully decide if you can join the trial. Please let us know about any other details that m"
nli4pr_test_1191,NCT03023592,entailment,match,possible_match_insufficient_evidence,match,True,"{   ""decision"": ""possible_match_insufficient_evidence"",   ""patient_facing_answer"": ""Based on the information you provided, you seem to fit well with the inclusion criteria for this trial, especially having a diagnosis of Sjogren's syndrome. However, we need more details about your medical history an"
nli4pr_test_1244,NCT01533129,entailment,match,possible_match_insufficient_evidence,match,True,"{   ""decision"": ""possible_match_insufficient_evidence"",   ""patient_facing_answer"": ""Based on your information, you seem to fit some parts of the study's criteria, but we need more details to make sure you're eligible."",   ""supported_patient_facts"": [""you are male"", ""your testes volume is 1-2 ml"", ""y"
nli4pr_test_261,NCT03659864,contradiction,mismatch,cannot_determine,undetermined,False,"{   ""decision"": ""possible_match_insufficient_evidence"",   ""patient_facing_answer"": ""Based on the information you've shared, you seem to fit some parts of the eligibility criteria, but we need more details to confirm if you can join this trial. For example, we need to know if your heart size is abnor"
nli4pr_test_513,NCT01688349,contradiction,mismatch,possible_match_insufficient_evidence,match,True,"{   ""decision"": ""possible_match_insufficient_evidence"",   ""patient_facing_answer"": ""Based on the information you provided, you seem to fit the general profile for this clinical trial, but we need more details to confirm your eligibility."",   ""supported_patient_facts"": [     ""you have endogenous Cush"
nli4pr_test_332,NCT04770467,entailment,match,possible_match_insufficient_evidence,match,True,"{   ""decision"": ""possible_match_insufficient_evidence"",   ""patient_facing_answer"": ""Based on the information you provided, you seem to meet some of the criteria for this clinical trial, but we need more details to confirm your eligibility. Please let us know if you have any additional medical histor"
nli4pr_test_887,NCT03177434,contradiction,mismatch,possible_match_insufficient_evidence,match,True,"{   ""decision"": ""possible_match_insufficient_evidence"",   ""patient_facing_answer"": ""Your baby seems to have some issues with his bowels, which is why we're asking questions about him joining this study. We need more information to decide if he can join."",   ""supported_patient_facts"": [""Your baby is "
nli4pr_test_468,NCT02269761,entailment,match,possible_match_insufficient_evidence,match,True,"{   ""decision"": ""possible_match_insufficient_evidence"",   ""patient_facing_answer"": ""Thank you for sharing your health information. We need more details to decide if you can participate in our trial. Please let us know if you have any additional information."",   ""supported_patient_facts"": [     ""Pres"
nli4pr_test_973,NCT03127514,entailment,match,cannot_determine,undetermined,False,"{   ""decision"": ""possible_match_insufficient_evidence"",   ""patient_facing_answer"": ""Based on the information you provided, it seems like you might be eligible for the trial, but we need more details to confirm. Please let us know your full medical history and any ongoing treatments."",   ""supported_p"
nli4pr_test_535,NCT00966264,entailment,match,possible_match_insufficient_evidence,match,True,"{   ""decision"": ""possible_match_insufficient_evidence"",   ""patient_facing_answer"": ""Thank you for sharing your situation. We need more information to decide if you can join our study. Please let us know if you have any other health conditions or if you've had any surgeries."",   ""supported_patient_fa"
nli4pr_test_1230,NCT01848015,entailment,match,possible_match_insufficient_evidence,match,True,"{   ""decision"": ""possible_match_insufficient_evidence"",   ""patient_facing_answer"": ""It seems like you might be eligible for the trial, but we need more information to confirm. Please let us know if you're willing to participate."",   ""supported_patient_facts"": [""Age 63"", ""Stomach cancer confirmed by "
nli4pr_test_339,NCT00886197,contradiction,mismatch,cannot_determine,undetermined,False,"{   ""decision"": ""possible_match_insufficient_evidence"",   ""patient_facing_answer"": ""Based on the information you provided, you seem to fit some of the criteria for the trial, but we need more details to confirm your eligibility. Please let us know if you have any additional medical records or if the"
nli4pr_test_551,NCT00379184,entailment,match,possible_match_insufficient_evidence,match,True,"{   ""decision"": ""possible_match_insufficient_evidence"",   ""patient_facing_answer"": ""Thank you for sharing your health details. We need more information to decide if you can join our study."",   ""supported_patient_facts"": [""you have osteoarthritis in your knee"", ""you have been diagnosed with osteoarth"
nli4pr_test_432,NCT04731493,entailment,match,possible_match_insufficient_evidence,match,True,"{   ""decision"": ""possible_match_insufficient_evidence"",   ""patient_facing_answer"": ""Thank you for sharing your information. We need to confirm a few details before we can decide if you're eligible for the trial."",   ""supported_patient_facts"": [""you have Marfan syndrome"", ""you are 20 years old"", ""you"
nli4pr_test_1164,NCT03003572,entailment,match,possible_match_insufficient_evidence,match,True,"{   ""decision"": ""possible_match_insufficient_evidence"",   ""patient_facing_answer"": ""Thank you for sharing your details. We need more information to decide if you can join our study."",   ""supported_patient_facts"": [     ""you have been diagnosed with Sjogren's disease"",     ""you have joint pain from t"
nli4pr_test_904,NCT00895752,contradiction,mismatch,possible_match_insufficient_evidence,match,True,"{   ""decision"": ""possible_match_insufficient_evidence"",   ""patient_facing_answer"": ""Your son seems to meet some of the criteria for this clinical trial, but we need more information to confirm if he can participate."",   ""supported_patient_facts"": [""confirmed molecular diagnosis of Fragile X Syndrome"
nli4pr_test_49,NCT01446042,entailment,match,cannot_determine,undetermined,False,"{   ""decision"": ""possible_match_insufficient_evidence"",   ""patient_facing_answer"": ""Based on your information, you seem to meet some of the eligibility criteria for the study, but we need more details to confirm if you can participate. Please let us know about your medical history and any ongoing tr"
nli4pr_test_244,NCT01360684,entailment,match,possible_match_insufficient_evidence,match,True,"{   ""decision"": ""possible_match_insufficient_evidence"",   ""patient_facing_answer"": ""Based on the information you provided, you seem to fit some parts of the study's criteria, but we need more details to fully understand if you can join the trial. Please let us know if you have any additional informa"
nli4pr_test_532,NCT04611997,entailment,match,cannot_determine,undetermined,False,"{   ""decision"": ""possible_match_insufficient_evidence"",   ""patient_facing_answer"": ""It seems like you might be eligible for this clinical trial, but we need more information to confirm. Please let us know if you have any of the following details: your current health condition, any surgeries you've h"
nli4pr_test_354,NCT01925482,contradiction,mismatch,cannot_determine,undetermined,False,"{   ""decision"": ""possible_match_insufficient_evidence"",   ""patient_facing_answer"": ""Thank you for sharing your medical details. Based on what you've told me, it seems like you might be a good candidate for our trial, but we need to check a few more things before we can decide."",   ""supported_patient"
nli4pr_test_1312,NCT00979043,contradiction,mismatch,possible_match_insufficient_evidence,match,True,"{   ""decision"": ""possible_match_insufficient_evidence"",   ""patient_facing_answer"": ""Thank you for sharing your health details. We need more information to decide if you can participate in our study."",   ""supported_patient_facts"": [     ""Age 47"",     ""Diagnosed with osteoarthritis""   ],   ""missing_pa"
nli4pr_test_1206,NCT02786940,entailment,match,possible_match_insufficient_evidence,match,True,"{   ""decision"": ""possible_match_insufficient_evidence"",   ""patient_facing_answer"": ""Based on the information you've shared, you seem to fit the criteria for the trial, but we need more details to confirm your eligibility. We will check if your fainting episode fits the definition of syncope and if y"
nli4pr_test_297,NCT00745901,contradiction,mismatch,possible_match_insufficient_evidence,match,True,"{   ""decision"": ""possible_match_insufficient_evidence"",   ""patient_facing_answer"": ""Based on the information you provided, we need more details to determine if you can join our study. We need to know if your blood test results are stable and if your periods have been consistent recently."",   ""suppor"
nli4pr_test_764,NCT04838028,entailment,match,possible_match_insufficient_evidence,match,True,"{   ""decision"": ""possible_match_insufficient_evidence"",   ""patient_facing_answer"": ""Based on the information you provided, your case seems to fit well with the trial's inclusion criteria for age and general health status. However, we need more details about your specific condition and whether the sw"
nli4pr_test_203,NCT00255294,contradiction,mismatch,cannot_determine,undetermined,False,"{   ""decision"": ""possible_match_insufficient_evidence"",   ""patient_facing_answer"": ""Based on the information you provided, we need more details to determine if you can join our study. Please let us know if you have had any recent pregnancies or if you are currently breastfeeding."",   ""supported_pati"
nli4pr_test_99,NCT02076672,entailment,match,possible_match_insufficient_evidence,match,True,"{   ""decision"": ""possible_match_insufficient_evidence"",   ""patient_facing_answer"": ""Based on the information you provided, you seem to fit well with the inclusion criteria for this trial, but we need more details to confirm if you can participate."",   ""supported_patient_facts"": [""you have decreased "
nli4pr_test_588,NCT01401582,entailment,match,possible_match_insufficient_evidence,match,True,"{   ""decision"": ""possible_match_insufficient_evidence"",   ""patient_facing_answer"": ""Based on the information you've shared, you seem to fit the age requirement and have been diagnosed with dementia as indicated by your DEMTECT score. However, there are some details missing or unclear that need to be"
nli4pr_test_1327,NCT01026935,entailment,match,possible_match_insufficient_evidence,match,True,"{   ""decision"": ""possible_match_insufficient_evidence"",   ""patient_facing_answer"": ""Based on the information you provided, you seem to fit the general criteria for the trial, but we need more details to confirm if you can join."",   ""supported_patient_facts"": [""you have a swollen mass next to your li"
nli4pr_test_721,NCT01091142,entailment,match,possible_match_insufficient_evidence,match,True,"{   ""decision"": ""possible_match_insufficient_evidence"",   ""patient_facing_answer"": ""Based on the information you provided, it seems like you might be eligible for the trial, but we need more details to confirm. Please provide your medical records or speak with your doctor to fill in any missing info"
nli4pr_test_303,NCT00882440,contradiction,mismatch,cannot_determine,undetermined,False,"{   ""decision"": ""possible_match_insufficient_evidence"",   ""patient_facing_answer"": ""Thank you for sharing your symptoms and health information. Based on what you've told me, it seems like you might be a good candidate for our trial, but we need to check a few more things before we can decide."",   ""s"
nli4pr_test_1334,NCT02436850,entailment,match,possible_match_insufficient_evidence,match,True,"{   ""decision"": ""possible_match_insufficient_evidence"",   ""patient_facing_answer"": ""Thank you for sharing your health information. Based on what you've told me, we can see some similarities with the criteria for this clinical trial, but there are some details we need to check further."",   ""supported"
nli4pr_test_1523,NCT00362843,contradiction,mismatch,cannot_determine,undetermined,False,"{   ""decision"": ""unlikely_match"",   ""patient_facing_answer"": ""Your son does not seem to meet the eligibility criteria for this clinical trial based on the information provided. The trial is specifically looking for male subjects aged 18-24 with fragile X syndrome, which your son does not have."",   """
nli4pr_test_451,NCT04326790,entailment,match,possible_match_insufficient_evidence,match,True,"{   ""decision"": ""possible_match_insufficient_evidence"",   ""patient_facing_answer"": ""Based on the information you provided, we think you might be eligible for the trial, but we need more details to confirm. Please let us know if you have any of the following symptoms: sustained coughing, sustained th"
nli4pr_test_743,NCT02487407,entailment,match,possible_match_insufficient_evidence,match,True,"```json {   ""decision"": ""possible_match_insufficient_evidence"",   ""patient_facing_answer"": ""Based on the information you provided, it seems like you might be eligible for the clinical trial, but we need more details to confirm. Please provide your medical records and any additional information we ma"
nli4pr_test_481,NCT00626938,entailment,match,possible_match_insufficient_evidence,match,True,"{   ""decision"": ""possible_match_insufficient_evidence"",   ""patient_facing_answer"": ""Based on the information you provided, you seem to fit some criteria for the trial, but we need more details to confirm your eligibility. Please let us know if you have any questions or if there's additional informat"
nli4pr_test_381,NCT02737852,entailment,match,cannot_determine,undetermined,False,"{   ""decision"": ""possible_match_insufficient_evidence"",   ""patient_facing_answer"": ""Your symptoms sound like they could be related to Sjögren's syndrome, which you've already been diagnosed with. However, we need more information to confirm your eligibility for this study. Please let us know if you "
nli4pr_test_124,NCT02861508,entailment,match,possible_match_insufficient_evidence,match,True,"{   ""decision"": ""possible_match_insufficient_evidence"",   ""patient_facing_answer"": ""Based on the information you've shared, you seem to fit some criteria for this trial, but we need more details to confirm your eligibility. We will check if you meet all the necessary requirements."",   ""supported_pat"
nli4pr_test_275,NCT01823783,entailment,match,possible_match_insufficient_evidence,match,True,"{   ""decision"": ""possible_match_insufficient_evidence"",   ""patient_facing_answer"": ""Your son seems to have Duchenne muscular dystrophy, which is a serious condition. However, we need more information to decide if he can join this specific clinical trial. We will check if he meets all the necessary c"
nli4pr_test_342,NCT04326595,entailment,match,possible_match_insufficient_evidence,match,True,"{   ""decision"": ""possible_match_insufficient_evidence"",   ""patient_facing_answer"": ""Based on the information you provided, you seem to meet some criteria for the trial, but we need more details to confirm your eligibility. Please let us know if you have any additional health information."",   ""suppor"
nli4pr_test_185,NCT02595099,entailment,match,possible_match_insufficient_evidence,match,True,"{   ""decision"": ""possible_match_insufficient_evidence"",   ""patient_facing_answer"": ""Thank you for sharing your health details. We need a few more pieces of information to fully understand if you can join our study."",   ""supported_patient_facts"": [     ""you are 47 years old"",     ""you have osteoarthr"
nli4pr_test_184,NCT00475943,contradiction,mismatch,cannot_determine,undetermined,False,"{   ""decision"": ""possible_match_insufficient_evidence"",   ""patient_facing_answer"": ""Thank you for sharing your health details. Based on what you've told me, it seems like you might not be eligible for this particular clinical trial right now. We need more information to confirm, such as your current"
nli4pr_test_300,NCT03871426,entailment,match,possible_match_insufficient_evidence,match,True,"{   ""decision"": ""possible_match_insufficient_evidence"",   ""patient_facing_answer"": ""Based on your symptoms and findings, you seem to fit well into the trial for gastroesophageal reflux disease. However, we need more information to confirm if you can join the study. We will check if you have had prev"
nli4pr_test_51,NCT03141320,entailment,match,possible_match_insufficient_evidence,match,True,"{   ""decision"": ""possible_match_insufficient_evidence"",   ""patient_facing_answer"": ""Based on the information you've shared, you seem to fit some parts of the eligibility criteria, but we need more details to confirm your eligibility. For example, we need to know if you've given birth within the last"
nli4pr_test_70,NCT01925495,contradiction,mismatch,possible_match_insufficient_evidence,match,True,"{   ""decision"": ""possible_match_insufficient_evidence"",   ""patient_facing_answer"": ""Thank you for sharing your medical details. Based on the information you provided, it seems you might be a potential participant, but we need to check a few more things before we can decide."",   ""supported_patient_fa"
nli4pr_test_650,NCT02211105,contradiction,mismatch,possible_match_insufficient_evidence,match,True,"{   ""decision"": ""possible_match_insufficient_evidence"",   ""patient_facing_answer"": ""Based on the information you provided, your symptoms and test results seem to align with the inclusion criteria for the trial. However, we need more details to confirm if you meet all the requirements. For example, w"
nli4pr_test_682,NCT00403104,entailment,match,possible_match_insufficient_evidence,match,True,"{   ""decision"": ""possible_match_insufficient_evidence"",   ""patient_facing_answer"": ""Based on the information you provided, it seems like you might be eligible for the trial, but we need more details to confirm. Please let us know if you have any additional information about your condition."",   ""supp"
nli4pr_test_76,NCT01945593,contradiction,mismatch,possible_match_insufficient_evidence,match,True,"{   ""decision"": ""possible_match_insufficient_evidence"",   ""patient_facing_answer"": ""Based on the information you provided, you seem to meet some of the eligibility criteria for the study, but there are some details that need further clarification before we can determine if you are eligible."",   ""sup"
nli4pr_test_518,NCT04266457,entailment,match,possible_match_insufficient_evidence,match,True,"{   ""decision"": ""possible_match_insufficient_evidence"",   ""patient_facing_answer"": ""Your roommate seems to have symptoms that might be related to RBD, like falling asleep quickly and sometimes hearing voices. However, we need more information to confirm if she meets all the study requirements."",   """
nli4pr_test_668,NCT04003662,entailment,match,possible_match_insufficient_evidence,match,True,"{   ""decision"": ""possible_match_insufficient_evidence"",   ""patient_facing_answer"": ""Based on the information you've shared, you seem to fit well into the study, but we need more details to confirm. Please let us know if you have any other health conditions or if you've been drinking alcohol regularl"
nli4pr_test_931,NCT02662192,contradiction,mismatch,cannot_determine,undetermined,False,"{   ""decision"": ""possible_match_insufficient_evidence"",   ""patient_facing_answer"": ""Based on the information you provided, it seems you might not be eligible for this specific clinical trial. The trial requires participants to be at least 65 years old and at most 90 years old, which matches your age"
nli4pr_test_251,NCT03984643,entailment,match,possible_match_insufficient_evidence,match,True,"{   ""decision"": ""possible_match_insufficient_evidence"",   ""patient_facing_answer"": ""Thank you for sharing your situation. Based on the information you provided, you seem to fit well with the inclusion criteria for this trial, especially regarding your diagnosis of essential tremor (ET). However, we "
nli4pr_test_925,NCT00281684,entailment,match,possible_match_insufficient_evidence,match,True,"{   ""decision"": ""possible_match_insufficient_evidence"",   ""patient_facing_answer"": ""Based on the information you provided, you seem to fit well with the general eligibility criteria for this study. However, we need more details about your medical history and current health status to confirm your eli"
nli4pr_test_730,NCT00690326,entailment,match,possible_match_insufficient_evidence,match,True,"{   ""decision"": ""possible_match_insufficient_evidence"",   ""patient_facing_answer"": ""Based on the information you provided, it seems you might be a good candidate for this trial, but we need more details to confirm."",   ""supported_patient_facts"": [""you are a 50-year-old woman"", ""you have diabetes"", """
nli4pr_test_914,NCT02787616,entailment,match,possible_match_insufficient_evidence,match,True,"{   ""decision"": ""possible_match_insufficient_evidence"",   ""patient_facing_answer"": ""Thank you for sharing your details. We need to check a few things before we can decide if you're eligible for this study."",   ""supported_patient_facts"": [     ""Age 41"",     ""Fitzpatrick skin type I or II""   ],   ""mis"
nli4pr_test_69,NCT02110186,contradiction,mismatch,cannot_determine,undetermined,False,"{   ""decision"": ""possible_match_insufficient_evidence"",   ""patient_facing_answer"": ""Thank you for sharing your situation. Based on the information you've provided, we need to check if you meet all the criteria for this clinical trial. We can confirm that you are within the age range and have a suspe"
nli4pr_test_123,NCT01768520,entailment,match,possible_match_insufficient_evidence,match,True,"{   ""decision"": ""possible_match_insufficient_evidence"",   ""patient_facing_answer"": ""Based on the information you provided, you seem to fit some criteria for the study, but we need more details to confirm your eligibility. Please let us know if you have any additional information about your health co"
nli4pr_test_1530,NCT00381563,entailment,match,possible_match_insufficient_evidence,match,True,"{   ""decision"": ""possible_match_insufficient_evidence"",   ""patient_facing_answer"": ""Thank you for sharing your symptoms. We need more information to decide if you can participate in our study. Please let us know if you have any questions."",   ""supported_patient_facts"": [     ""The patient is a 66-yea"
nli4pr_test_135,NCT00096902,contradiction,mismatch,possible_match_insufficient_evidence,match,True,"{   ""decision"": ""possible_match_insufficient_evidence"",   ""patient_facing_answer"": ""Thank you for sharing your situation. While you seem to fit some criteria for the trial, we need more information to fully determine if you can participate. Please let us know if you have any additional details about"
nli4pr_test_1089,NCT02295748,entailment,match,possible_match_insufficient_evidence,match,True,"{   ""decision"": ""possible_match_insufficient_evidence"",   ""patient_facing_answer"": ""Your son seems to meet some of the eligibility criteria for the clinical trial, but we need more information to confirm. We'll check if he meets all the necessary conditions."",   ""supported_patient_facts"": [""Subject "
nli4pr_test_1309,NCT03289416,entailment,match,possible_match_insufficient_evidence,match,True,"{   ""decision"": ""possible_match_insufficient_evidence"",   ""patient_facing_answer"": ""Thank you for sharing your health details. We need a few more pieces of information to fully understand if you can participate in this study."",   ""supported_patient_facts"": [""you are 47 years old"", ""you have osteoart"
nli4pr_test_1277,NCT00475943,contradiction,mismatch,cannot_determine,undetermined,False,"{   ""decision"": ""possible_match_insufficient_evidence"",   ""patient_facing_answer"": ""Thank you for sharing your symptoms. Based on the information you've provided, we believe you might be a good candidate for our trial, but we need more details to confirm this. Please let us know if you have any ques"
nli4pr_test_964,NCT02115490,entailment,match,possible_match_insufficient_evidence,match,True,"{   ""decision"": ""possible_match_insufficient_evidence"",   ""patient_facing_answer"": ""Hello! You seem to fit the age and gender criteria, but we need more information about your bone condition and whether you're currently taking bisphosphonates."",   ""supported_patient_facts"": [""you are a 55-year-old w"
nli4pr_test_1061,NCT04158648,entailment,match,possible_match_insufficient_evidence,match,True,"{   ""decision"": ""possible_match_insufficient_evidence"",   ""patient_facing_answer"": ""Your information suggests you might be eligible for this trial, but we need more details to confirm. Please let us know if you can provide your medical records or if there are any unresolved issues."",   ""supported_pa"
nli4pr_test_67,NCT01398579,contradiction,mismatch,possible_match_insufficient_evidence,match,True,"{   ""decision"": ""possible_match_insufficient_evidence"",   ""patient_facing_answer"": ""It seems like you might be eligible for the study, but we need to check a few things first."",   ""supported_patient_facts"": [""you are 63 years old"", ""you have a stomach lesion that shows typical features of stomach ca"
nli4pr_test_711,NCT01016782,entailment,match,possible_match_insufficient_evidence,match,True,"{   ""decision"": ""possible_match_insufficient_evidence"",   ""patient_facing_answer"": ""Thank you for sharing your details. We need to check a few things before we can decide if you're eligible for the trial."",   ""supported_patient_facts"": [     ""you have lesions and pustules on your forehead, cheeks, a"
nli4pr_test_859,NCT04701957,contradiction,mismatch,possible_match_insufficient_evidence,match,True,"{   ""decision"": ""possible_match_insufficient_evidence"",   ""patient_facing_answer"": ""Based on the information you provided, you seem to meet some of the eligibility criteria for the trial, but there are some details we need to confirm."",   ""supported_patient_facts"": [""you are 70 years old"", ""you have"
nli4pr_test_1217,NCT03596684,entailment,match,possible_match_insufficient_evidence,match,True,"{   ""decision"": ""possible_match_insufficient_evidence"",   ""patient_facing_answer"": ""Based on the information you provided, it seems you might not be eligible for this clinical trial due to your age and BMI. However, we need to confirm if you meet all the criteria. Please check with your healthcare p"
nli4pr_test_654,NCT02629614,entailment,match,possible_match_insufficient_evidence,match,True,"{   ""decision"": ""possible_match_insufficient_evidence"",   ""patient_facing_answer"": ""Thank you for sharing your situation. We need to check a few things before we can decide if you're eligible for the trial."",   ""supported_patient_facts"": [     ""you are 60 years old"",     ""you have a diagnosis of ess"
nli4pr_test_554,NCT04086589,contradiction,mismatch,possible_match_insufficient_evidence,match,True,"{   ""decision"": ""possible_match_insufficient_evidence"",   ""patient_facing_answer"": ""Thank you for sharing your details. We have some information that matches our study, but we need to check a few more things before we can decide if you're eligible."",   ""supported_patient_facts"": [""you are 19 years o"
nli4pr_test_453,NCT03375164,contradiction,mismatch,cannot_determine,undetermined,False,"{   ""decision"": ""possible_match_insufficient_evidence"",   ""patient_facing_answer"": ""Your son's diagnosis of Duchenne muscular dystrophy seems to align with the trial's focus on boys with this specific condition. However, we need more information to confirm if he meets all the eligibility criteria. W"
nli4pr_test_1155,NCT01810666,contradiction,mismatch,possible_match_insufficient_evidence,match,True,"{   ""decision"": ""possible_match_insufficient_evidence"",   ""patient_facing_answer"": ""Based on the information you provided, you seem to fit some of the criteria for this trial, but we need more details to confirm your eligibility. Please provide any missing information."",   ""supported_patient_facts"":"
nli4pr_test_1419,NCT01529242,contradiction,mismatch,cannot_determine,undetermined,False,"{   ""decision"": ""possible_match_insufficient_evidence"",   ""patient_facing_answer"": ""Based on the information you've shared, you seem to fit some parts of the trial's criteria, but we need more details to confirm your eligibility. Please let us know if you have any other health conditions or if you'r"
nli4pr_test_1113,NCT02079727,contradiction,mismatch,cannot_determine,undetermined,False,"{   ""decision"": ""possible_match_insufficient_evidence"",   ""patient_facing_answer"": ""Based on the information you provided, you seem to fit well with the inclusion criteria for this clinical trial. However, there are some details we need to confirm before we can fully determine your eligibility. Plea"
nli4pr_test_237,NCT00171327,contradiction,mismatch,possible_match_insufficient_evidence,match,True,"{   ""decision"": ""possible_match_insufficient_evidence"",   ""patient_facing_answer"": ""Thank you for sharing your health details. Based on what you've told me, you seem to meet some of the criteria for this trial, but we need more information to fully decide if you can participate."",   ""supported_patie"
nli4pr_test_1117,NCT00687375,entailment,match,possible_match_insufficient_evidence,match,True,"{   ""decision"": ""possible_match_insufficient_evidence"",   ""patient_facing_answer"": ""Based on the information you provided, your symptoms sound like they might be related to an inguinal hernia, which is what this clinical trial is looking for. However, we need more details to confirm if you can parti"
nli4pr_test_352,NCT00879515,entailment,match,possible_match_insufficient_evidence,match,True,"{   ""decision"": ""possible_match_insufficient_evidence"",   ""patient_facing_answer"": ""Your son seems to meet some of the eligibility criteria for this trial, but we need more information to confirm if he can participate."",   ""supported_patient_facts"": [""Fragile X syndrome"", ""His vaccinations are up to"
nli4pr_test_1036,NCT02295189,entailment,match,possible_match_insufficient_evidence,match,True,"{   ""decision"": ""possible_match_insufficient_evidence"",   ""patient_facing_answer"": ""Based on the information you've shared, you seem to fit well with the inclusion criteria for this trial. However, we need more details about your medical history and current health status to confirm your eligibility."
nli4pr_test_1362,NCT02829853,entailment,match,cannot_determine,undetermined,False,"{   ""decision"": ""possible_match_insufficient_evidence"",   ""patient_facing_answer"": ""Thank you for sharing your health details. Based on what we know now, you might be a good candidate for this trial, but we need more information to confirm. Please let us know if you can provide additional details."","
nli4pr_test_371,NCT03998098,contradiction,mismatch,unlikely_match,mismatch,True,"{   ""decision"": ""unlikely_match"",   ""patient_facing_answer"": ""Your son may not be eligible for this clinical trial based on the information provided. The trial requires participants to be at least 18 years old, while your son is 8 years old."",   ""supported_patient_facts"": [],   ""missing_patient_fact"
nli4pr_test_415,NCT03875924,entailment,match,possible_match_insufficient_evidence,match,True,"{   ""decision"": ""possible_match_insufficient_evidence"",   ""patient_facing_answer"": ""Thank you for sharing your situation. Based on the information you provided, you seem to fit well with the inclusion criteria for this trial. However, we need more details to confirm your eligibility. Please let us k"
nli4pr_test_757,NCT02578368,entailment,match,possible_match_insufficient_evidence,match,True,"{   ""decision"": ""possible_match_insufficient_evidence"",   ""patient_facing_answer"": ""Based on the information you provided, we believe you might be eligible for our clinical trial. However, there are some details we need to confirm. We will check if your stomach cancer meets the specific criteria for"
nli4pr_test_617,NCT03932201,contradiction,mismatch,possible_match_insufficient_evidence,match,True,"{   ""decision"": ""possible_match_insufficient_evidence"",   ""patient_facing_answer"": ""Based on the information you provided, you seem to meet some of the eligibility criteria for this trial, but we need more details to confirm your eligibility. Please let us know if you have any additional medical rec"
nli4pr_test_1083,NCT01584011,entailment,match,possible_match_insufficient_evidence,match,True,"{   ""decision"": ""possible_match_insufficient_evidence"",   ""patient_facing_answer"": ""Based on the information you provided, it seems you might be eligible for the trial, but we need more details to confirm. Please let us know if you have undergone primary middle ear surgery due to chronic otitis medi"
nli4pr_test_881,NCT01401413,contradiction,mismatch,possible_match_insufficient_evidence,match,True,"{   ""decision"": ""possible_match_insufficient_evidence"",   ""patient_facing_answer"": ""Your roommate seems to have symptoms that might be related to the study, but we need more information to be sure."",   ""supported_patient_facts"": [""She has trouble staying awake during conversations."", ""She falls asle"
nli4pr_test_700,NCT04591860,entailment,match,possible_match_insufficient_evidence,match,True,"{   ""decision"": ""possible_match_insufficient_evidence"",   ""patient_facing_answer"": ""Based on the information you provided, you seem to fit some parts of the trial's criteria, but we need more details to confirm if you can join the study."",   ""supported_patient_facts"": [""you have a large hiatal herni"
nli4pr_test_168,NCT03153813,entailment,match,cannot_determine,undetermined,False,"{   ""decision"": ""possible_match_insufficient_evidence"",   ""patient_facing_answer"": ""Based on the information you've shared, you seem to fit some criteria for this clinical trial, but we need more details to confirm your eligibility. Please let us know if you can provide information about your age, w"
nli4pr_test_198,NCT04407377,contradiction,mismatch,possible_match_insufficient_evidence,match,True,"{   ""decision"": ""possible_match_insufficient_evidence"",   ""patient_facing_answer"": ""Your roommate seems to fit some of the criteria for this study, but we need more information to be sure. Can you tell me if she has any of the conditions listed in the exclusion criteria?"",   ""supported_patient_facts"
nli4pr_test_1372,NCT02462291,entailment,match,possible_match_insufficient_evidence,match,True,"{   ""decision"": ""possible_match_insufficient_evidence"",   ""patient_facing_answer"": ""Based on the information you've shared, you seem to fit well with the age requirement and the fact that you have been diagnosed with Alzheimer's disease. However, there are some details we need to check further befor"
nli4pr_test_427,NCT02287818,contradiction,mismatch,cannot_determine,undetermined,False,"{   ""decision"": ""possible_match_insufficient_evidence"",   ""patient_facing_answer"": ""Based on the information you provided, you seem to meet some of the eligibility criteria for this clinical trial, but we need more details to confirm your eligibility. Please let us know if you have taken any medicat"
nli4pr_test_636,NCT01127464,entailment,match,cannot_determine,undetermined,False,"{   ""decision"": ""possible_match_insufficient_evidence"",   ""patient_facing_answer"": ""Based on the information you provided, you seem to meet some of the eligibility criteria for the study, but there are some details we need to check further."",   ""supported_patient_facts"": [""you are a 19-year-old fema"
nli4pr_test_772,NCT02715323,entailment,match,possible_match_insufficient_evidence,match,True,"{   ""decision"": ""possible_match_insufficient_evidence"",   ""patient_facing_answer"": ""Thank you for sharing your details. We need more information to decide if you can join our study."",   ""supported_patient_facts"": [     ""Clinically diagnosed with Sjogren's Syndrome"",     ""Have joint pain from time to"
nli4pr_test_846,NCT04410354,contradiction,mismatch,cannot_determine,undetermined,False,"{   ""decision"": ""possible_match_insufficient_evidence"",   ""patient_facing_answer"": ""Based on the information you provided, you seem to meet some of the eligibility criteria for this trial, but we need more details to confirm your eligibility. Please let us know if you have any additional information"
nli4pr_test_331,NCT03526731,entailment,match,possible_match_insufficient_evidence,match,True,"{   ""decision"": ""possible_match_insufficient_evidence"",   ""patient_facing_answer"": ""Based on the information you provided, you seem to fit some of the criteria for this clinical trial, but we need more details to confirm if you can participate."",   ""supported_patient_facts"": [""you are 49 years old"","
nli4pr_test_1043,NCT03676790,contradiction,mismatch,cannot_determine,undetermined,False,"{   ""decision"": ""possible_match_insufficient_evidence"",   ""patient_facing_answer"": ""Based on the information you've shared, it seems like you might be eligible for the study. However, we need more details to confirm. Please let us know if you have any additional medical records or if there are any o"
nli4pr_test_316,NCT03725306,contradiction,mismatch,possible_match_insufficient_evidence,match,True,"{   ""decision"": ""possible_match_insufficient_evidence"",   ""patient_facing_answer"": ""Based on the information you provided, you seem to fit some parts of the study's criteria, but we need more details to fully determine if you can join the trial."",   ""supported_patient_facts"": [""you are a 23-year-old"
nli4pr_test_411,NCT03301233,contradiction,mismatch,possible_match_insufficient_evidence,match,True,"{   ""decision"": ""possible_match_insufficient_evidence"",   ""patient_facing_answer"": ""Based on the information you provided, you seem to fit some parts of the trial's eligibility criteria, but we need more details to confirm if you can join the study. For example, we need to know if your blood test re"
nli4pr_test_836,NCT03907787,entailment,match,possible_match_insufficient_evidence,match,True,"{   ""decision"": ""possible_match_insufficient_evidence"",   ""patient_facing_answer"": ""Thank you for sharing your health details. We need more information to decide if you can participate in this trial."",   ""supported_patient_facts"": [     ""you are 47 years old"",     ""you have osteoarthritis""   ],   ""m"
nli4pr_test_1187,NCT00170781,contradiction,mismatch,cannot_determine,undetermined,False,"{   ""decision"": ""possible_match_insufficient_evidence"",   ""patient_facing_answer"": ""Based on the information you provided, you seem to fit well with the inclusion criteria for this trial, especially regarding your acute gout attack. However, we need more details to confirm if you meet all the requir"
nli4pr_test_259,NCT00274261,contradiction,mismatch,cannot_determine,undetermined,False,"{   ""decision"": ""possible_match_insufficient_evidence"",   ""patient_facing_answer"": ""Based on the information you provided, it seems like you might be eligible for the study, but we need to confirm a few things before we can say for sure."",   ""supported_patient_facts"": [""you are female"", ""you are bet"
nli4pr_test_1096,NCT03414411,entailment,match,possible_match_insufficient_evidence,match,True,"{   ""decision"": ""possible_match_insufficient_evidence"",   ""patient_facing_answer"": ""Thank you for sharing your situation. While you seem to meet some of the eligibility criteria, we need more information to fully determine if you can participate in this trial. Please let us know if you have any addi"
nli4pr_test_44,NCT04290013,contradiction,mismatch,possible_match_insufficient_evidence,match,True,"{   ""decision"": ""possible_match_insufficient_evidence"",   ""patient_facing_answer"": ""Thank you for sharing your situation. Based on the information you've provided, you seem to fit some parts of the eligibility criteria, but we need to check a few things further."",   ""supported_patient_facts"": [""you "
nli4pr_test_240,NCT03479749,entailment,match,possible_match_insufficient_evidence,match,True,"{   ""decision"": ""possible_match_insufficient_evidence"",   ""patient_facing_answer"": ""Based on the information you provided, we need more details to determine if you qualify for this clinical trial. Please let your doctor know about your symptoms and ask them to check if you meet the eligibility crite"
nli4pr_test_289,NCT01281826,entailment,match,likely_match,match,True,"{   ""decision"": ""likely_match"",   ""patient_facing_answer"": ""Based on the information you provided, you seem to be a good fit for the trial. However, we need to check a few more details before we can confirm."",   ""supported_patient_facts"": [     ""Compression fractures (thoracic and lumbar vertebrae)"""
nli4pr_test_754,NCT00581867,contradiction,mismatch,possible_match_insufficient_evidence,match,True,"{   ""decision"": ""possible_match_insufficient_evidence"",   ""patient_facing_answer"": ""Based on the information you've shared, you seem to fit well with the age requirement for the trial, but there are some details we need to check further."",   ""supported_patient_facts"": [""you are 70 years old"", ""you h"
nli4pr_test_1433,NCT02075671,contradiction,mismatch,cannot_determine,undetermined,False,"{   ""decision"": ""possible_match_insufficient_evidence"",   ""patient_facing_answer"": ""Based on the information you provided, it seems like you might be eligible for the study, but we need to check a few things first."",   ""supported_patient_facts"": [""you are 41 years old"", ""you have papulopustular rosa"
nli4pr_test_544,NCT04438057,entailment,match,cannot_determine,undetermined,False,"{   ""decision"": ""possible_match_insufficient_evidence"",   ""patient_facing_answer"": ""Based on the information you provided, we have some matches with our study criteria, but we need more details to confirm your eligibility. Please let us know if you have been diagnosed with SARS-CoV-2 and if you have"
nli4pr_test_1090,NCT04240860,entailment,match,possible_match_insufficient_evidence,match,True,"{   ""decision"": ""possible_match_insufficient_evidence"",   ""patient_facing_answer"": ""Based on the information you've shared, you seem to fit the age range and general health criteria, but we need more details to confirm your eligibility. Please let us know if you have any additional medical history o"
nli4pr_test_306,NCT01160263,entailment,match,cannot_determine,undetermined,False,"{   ""decision"": ""possible_match_insufficient_evidence"",   ""patient_facing_answer"": ""Based on the information you provided, it seems like you might be eligible for this clinical trial. However, we need more details to confirm. Please let your doctor know so they can help us gather the necessary infor"
nli4pr_test_1501,NCT01883778,entailment,match,possible_match_insufficient_evidence,match,True,"{   ""decision"": ""possible_match_insufficient_evidence"",   ""patient_facing_answer"": ""Thank you for sharing your health history. We need more information to decide if you can join our study."",   ""supported_patient_facts"": [     ""You are 23 years old, which meets the age requirement."",     ""Your lab te"
nli4pr_test_115,NCT01158794,contradiction,mismatch,cannot_determine,undetermined,False,"{   ""decision"": ""possible_match_insufficient_evidence"",   ""patient_facing_answer"": ""Based on the information you provided, it seems like you might be eligible for this clinical trial, but we need more details to confirm. Please let us know if you've been transfused with red blood cells more than 12 "
nli4pr_test_350,NCT04233749,contradiction,mismatch,possible_match_insufficient_evidence,match,True,"{   ""decision"": ""possible_match_insufficient_evidence"",   ""patient_facing_answer"": ""Based on the information you've shared, you seem to fit some parts of the trial's eligibility criteria, but we need more details to confirm if you can join the study."",   ""supported_patient_facts"": [""you are 27 years"
nli4pr_test_1504,NCT01717924,entailment,match,possible_match_insufficient_evidence,match,True,"{   ""decision"": ""possible_match_insufficient_evidence"",   ""patient_facing_answer"": ""Based on the information you provided, we have some matching criteria, but we need to check a few things further."",   ""supported_patient_facts"": [     ""you have adenocarcinoma of the stomach or the oesogastric juncti"
nli4pr_test_1057,NCT04829565,entailment,match,cannot_determine,undetermined,False,"{   ""decision"": ""possible_match_insufficient_evidence"",   ""patient_facing_answer"": ""Based on the information you've shared, you seem to fit some of the criteria for this clinical trial, but we need more details to confirm your eligibility. Please let us know if you have any additional information."","
nli4pr_test_175,NCT02603653,entailment,match,possible_match_insufficient_evidence,match,True,"{   ""decision"": ""possible_match_insufficient_evidence"",   ""patient_facing_answer"": ""Based on the information you provided, you seem to fit well with the inclusion criteria for this trial, especially regarding your diagnosis of endogenous Cushing Syndrome. However, there are some details we need to c"
nli4pr_test_1172,NCT00307346,contradiction,mismatch,possible_match_insufficient_evidence,match,True,"{   ""decision"": ""possible_match_insufficient_evidence"",   ""patient_facing_answer"": ""Your son's case seems to align well with the inclusion criteria for this trial, as he is 8 years old and has been diagnosed with Duchenne muscular dystrophy. However, there are some details we need to confirm before "
nli4pr_test_483,NCT00222963,contradiction,mismatch,possible_match_insufficient_evidence,match,True,"{   ""decision"": ""possible_match_insufficient_evidence"",   ""patient_facing_answer"": ""Your daughter seems to have some medical conditions that might make it difficult to participate in this trial. We need more information to decide if she can join."",   ""supported_patient_facts"": [""your daughter is 9 y"
nli4pr_test_361,NCT01786174,entailment,match,cannot_determine,undetermined,False,"{   ""decision"": ""possible_match_insufficient_evidence"",   ""patient_facing_answer"": ""Based on the information you provided, it seems like you might be eligible for this clinical trial, but we need more details to confirm. Please let your doctor know so they can help us gather the necessary informatio"
nli4pr_test_1507,NCT04590456,entailment,match,possible_match_insufficient_evidence,match,True,"{   ""decision"": ""possible_match_insufficient_evidence"",   ""patient_facing_answer"": ""Based on the information you provided, you seem to meet some of the inclusion criteria for the study, but we need more details to fully assess your eligibility. Please let us know if you can provide additional inform"
nli4pr_test_78,NCT00001599,contradiction,mismatch,possible_match_insufficient_evidence,match,True,"{   ""decision"": ""possible_match_insufficient_evidence"",   ""patient_facing_answer"": ""Thank you for sharing your health details. We need more information to decide if you can join our study. Please let us know about your menstrual cycle and if you've had any surgeries."",   ""supported_patient_facts"": ["
nli4pr_test_677,NCT01959581,entailment,match,possible_match_insufficient_evidence,match,True,"{   ""decision"": ""possible_match_insufficient_evidence"",   ""patient_facing_answer"": ""Your baby seems to have some characteristics that might make him eligible for the trial, but we need more information to confirm. We know your baby has Down syndrome and was born prematurely. However, we don't have a"
nli4pr_test_1453,NCT04678830,contradiction,mismatch,possible_match_insufficient_evidence,match,True,"{   ""decision"": ""possible_match_insufficient_evidence"",   ""patient_facing_answer"": ""Based on the information you provided, it seems like you might be eligible for the study, but we need to check a few things before we can confirm."",   ""supported_patient_facts"": [""you had a confirmed COVID-19 diagnos"
nli4pr_test_1496,NCT04637373,entailment,match,possible_match_insufficient_evidence,match,True,"{   ""decision"": ""possible_match_insufficient_evidence"",   ""patient_facing_answer"": ""Based on the information you've shared, you seem to fit the age range and some of the symptoms described in the trial, but we need more details to confirm your eligibility. Please let us know if you have any addition"
nli4pr_test_978,NCT02196467,contradiction,mismatch,possible_match_insufficient_evidence,match,True,"{   ""decision"": ""possible_match_insufficient_evidence"",   ""patient_facing_answer"": ""Your son seems to meet some of the eligibility criteria for the trial, but we need more information to confirm if he can participate. We'll check if he meets all the remaining requirements."",   ""supported_patient_fac"
nli4pr_test_1379,NCT01101035,contradiction,mismatch,possible_match_insufficient_evidence,match,True,"{   ""decision"": ""possible_match_insufficient_evidence"",   ""patient_facing_answer"": ""Based on the information you provided, it seems like you might be eligible for the study, but we need to check a few things."",   ""supported_patient_facts"": [""you are a 39-year-old man"", ""you have a history of gout"", "
nli4pr_test_741,NCT03774121,entailment,match,cannot_determine,undetermined,False,"{   ""decision"": ""possible_match_insufficient_evidence"",   ""patient_facing_answer"": ""Thank you for sharing your health details. We need more information to decide if you can participate in this trial. Please let us know if you have any additional medical history or if there are any issues we haven't "
nli4pr_test_15,NCT01484678,entailment,match,possible_match_insufficient_evidence,match,True,"{   ""decision"": ""possible_match_insufficient_evidence"",   ""patient_facing_answer"": ""Your son seems to have Duchenne Muscular Dystrophy (DMD), which matches one of the inclusion criteria for the clinical trial. However, we need more information to confirm if he meets all the required criteria. We als"
nli4pr_test_620,NCT02632461,entailment,match,possible_match_insufficient_evidence,match,True,"{   ""decision"": ""possible_match_insufficient_evidence"",   ""patient_facing_answer"": ""It seems you might not be eligible for this study right now, but we need to check a few things."",   ""supported_patient_facts"": [""you are 19 years old"", ""you have a mass on your left wrist"", ""you are left-handed"", ""yo"
nli4pr_test_422,NCT01717768,entailment,match,possible_match_insufficient_evidence,match,True,"{   ""decision"": ""possible_match_insufficient_evidence"",   ""patient_facing_answer"": ""Based on your test results, you seem to meet some of the criteria for the study, but we need more information to fully decide if you can join. Please let us know about any other details we might need."",   ""supported_"
nli4pr_test_382,NCT03083236,contradiction,mismatch,possible_match_insufficient_evidence,match,True,"{   ""decision"": ""possible_match_insufficient_evidence"",   ""patient_facing_answer"": ""Your child seems to fit the age range for the trial, but we need more information about her language skills and if English is her first language. We also need to check if your child has any known sensory, structural,"
nli4pr_test_1286,NCT04237857,contradiction,mismatch,possible_match_insufficient_evidence,match,True,"{   ""decision"": ""possible_match_insufficient_evidence"",   ""patient_facing_answer"": ""It seems like you might be eligible for the trial, but we need to check a few things first."",   ""supported_patient_facts"": [""you are a 63-year-old male"", ""you have a stomach lesion that shows typical features of stom"
nli4pr_test_1418,NCT01409551,entailment,match,possible_match_insufficient_evidence,match,True,"{   ""decision"": ""possible_match_insufficient_evidence"",   ""patient_facing_answer"": ""Based on the information you provided, you seem to fit well with the inclusion criteria for this trial. However, there are some details we need to check further before we can decide if you're eligible."",   ""supported"
nli4pr_test_1116,NCT03836300,contradiction,mismatch,possible_match_insufficient_evidence,match,True,"{   ""decision"": ""possible_match_insufficient_evidence"",   ""patient_facing_answer"": ""Your son seems to meet some of the criteria for this clinical trial, but we need more information to confirm if he can participate."",   ""supported_patient_facts"": [""Son is 15 years old"", ""Son has fragile X syndrome"","
nli4pr_test_1567,NCT04540406,contradiction,mismatch,possible_match_insufficient_evidence,match,True,"{   ""decision"": ""possible_match_insufficient_evidence"",   ""patient_facing_answer"": ""Based on the information you provided, we need more details to decide if you can join our study. We know you had mild to moderate COVID-19-like symptoms, but we need to confirm your symptoms matched the criteria. Als"
nli4pr_test_584,NCT02999698,contradiction,mismatch,possible_match_insufficient_evidence,match,True,"{   ""decision"": ""possible_match_insufficient_evidence"",   ""patient_facing_answer"": ""Based on the information you've shared, you seem to fit some parts of the trial's criteria, but we need more details to confirm your eligibility."",   ""supported_patient_facts"": [""you are 27 years old"", ""you have rash"
nli4pr_test_888,NCT03940807,contradiction,mismatch,possible_match_insufficient_evidence,match,True,"{   ""decision"": ""possible_match_insufficient_evidence"",   ""patient_facing_answer"": ""Based on the information you provided, you seem to fit some of the criteria for the trial, but there are some details we need to confirm. We will need to check if your adenomyosis meets the required thickness on MRI,"
nli4pr_test_949,NCT02825238,entailment,match,unlikely_match,mismatch,True,"{   ""decision"": ""unlikely_match"",   ""patient_facing_answer"": ""Based on the information you provided, it seems you do not meet the eligibility criteria for this clinical trial. The trial is specifically looking for patients with knee osteoarthritis, which is not what you described. You mentioned issu"
nli4pr_test_1234,NCT02740322,contradiction,mismatch,possible_match_insufficient_evidence,match,True,"{   ""decision"": ""possible_match_insufficient_evidence"",   ""patient_facing_answer"": ""Based on the information you provided, it seems you might not be eligible for this specific clinical trial due to age and hearing health criteria. However, we need more details to confirm."",   ""supported_patient_fact"
nli4pr_test_199,NCT04758624,entailment,match,possible_match_insufficient_evidence,match,True,"{   ""decision"": ""possible_match_insufficient_evidence"",   ""patient_facing_answer"": ""Thank you for sharing your situation. Based on the information you provided, you seem to meet some of the criteria for this trial, but we need to check a few things before we can decide if you're eligible."",   ""suppo"
nli4pr_test_1380,NCT02532140,contradiction,mismatch,possible_match_insufficient_evidence,match,True,"{   ""decision"": ""possible_match_insufficient_evidence"",   ""patient_facing_answer"": ""It seems like you might be eligible for the trial, but we need to check a few things first."",   ""supported_patient_facts"": [""you are 63 years old"", ""you have a stomach lesion that shows typical features of stomach ca"
nli4pr_test_1314,NCT04417023,entailment,match,possible_match_insufficient_evidence,match,True,"{   ""decision"": ""possible_match_insufficient_evidence"",   ""patient_facing_answer"": ""Based on the information you provided, it seems like you might be eligible for this trial, but we need more details to confirm. Please let us know if you have any additional information about your condition."",   ""sup"
nli4pr_test_670,NCT03597360,entailment,match,possible_match_insufficient_evidence,match,True,"{   ""decision"": ""possible_match_insufficient_evidence"",   ""patient_facing_answer"": ""Thank you for sharing your situation. Based on the information you've given, it seems like you might be a good candidate for our trial, but we need to check a few more details before we can decide."",   ""supported_pat"
nli4pr_test_309,NCT04579848,entailment,match,cannot_determine,undetermined,False,"{   ""decision"": ""possible_match_insufficient_evidence"",   ""patient_facing_answer"": ""Based on the information you provided, you seem to fit well with the inclusion criteria for this study. However, there are some details we need to confirm. We will check if your hand symptoms align with the study's d"
nli4pr_test_809,NCT02667483,entailment,match,possible_match_insufficient_evidence,match,True,"{   ""decision"": ""possible_match_insufficient_evidence"",   ""patient_facing_answer"": ""Your son seems to fit the age range for the trial, but we need more information about his health status and muscle function to decide if he can join the study."",   ""supported_patient_facts"": [""He is 8 years old."", ""H"
nli4pr_test_1075,NCT00905736,contradiction,mismatch,possible_match_insufficient_evidence,match,True,"{   ""decision"": ""possible_match_insufficient_evidence"",   ""patient_facing_answer"": ""Based on the information you provided, you seem to fit well with the inclusion criteria for the trial, but there are some details we need to check further."",   ""supported_patient_facts"": [     ""you have been sufferin"
nli4pr_test_838,NCT02301481,entailment,match,cannot_determine,undetermined,False,"{   ""decision"": ""possible_match_insufficient_evidence"",   ""patient_facing_answer"": ""It seems like you might be eligible for the trial, but we need more information to confirm. Please let us know if you have any questions or if you can provide details about your medical history."",   ""supported_patien"
nli4pr_test_867,NCT01747018,entailment,match,possible_match_insufficient_evidence,match,True,"{   ""decision"": ""possible_match_insufficient_evidence"",   ""patient_facing_answer"": ""Based on the information you've shared, you seem to fit well with the inclusion criteria for this trial. However, we need more details to confirm if you meet all the requirements. Please let us know about your medica"
nli4pr_test_543,NCT04684641,entailment,match,possible_match_insufficient_evidence,match,True,"{   ""decision"": ""possible_match_insufficient_evidence"",   ""patient_facing_answer"": ""Your situation seems to align with some parts of the study criteria, but there are some details we need to check further."",   ""supported_patient_facts"": [""you are 30 years old"", ""you have azoospermia"", ""you are sexua"
nli4pr_test_1355,NCT03637595,entailment,match,possible_match_insufficient_evidence,match,True,"{   ""decision"": ""possible_match_insufficient_evidence"",   ""patient_facing_answer"": ""Thank you for sharing your health details. We need a few more pieces of information to decide if you can join our study."",   ""supported_patient_facts"": [""you are 47 years old"", ""you have osteoarthritis"", ""you have be"
nli4pr_test_1448,NCT00390104,contradiction,mismatch,possible_match_insufficient_evidence,match,True,"{   ""decision"": ""possible_match_insufficient_evidence"",   ""patient_facing_answer"": ""Thank you for sharing your health details. Based on the information you provided, it seems like you might be eligible for our study, but we need to check a few things before we can confirm."",   ""supported_patient_fac"
nli4pr_test_940,NCT02494440,contradiction,mismatch,possible_match_insufficient_evidence,match,True,"{   ""decision"": ""possible_match_insufficient_evidence"",   ""patient_facing_answer"": ""Based on the information you've shared, we need more details to decide if you can join our study. We need to know your exact date of last menstrual period and confirm that you haven't been using hormonal birth contro"
nli4pr_test_538,NCT02557126,entailment,match,likely_match,match,True,"{   ""decision"": ""likely_match"",   ""patient_facing_answer"": ""Based on the information you provided, it seems like you might be eligible for the clinical trial. However, we need to check a few more details."",   ""supported_patient_facts"": [""you have been diagnosed with gout"", ""you take Lopurin to preve"
nli4pr_test_591,NCT02062229,entailment,match,possible_match_insufficient_evidence,match,True,"{   ""decision"": ""possible_match_insufficient_evidence"",   ""patient_facing_answer"": ""Your situation seems concerning, but we need more information to decide if you can join our study. Please let us know about your full medical history and any ongoing treatments."",   ""supported_patient_facts"": [""you a"
nli4pr_test_56,NCT03120078,entailment,match,possible_match_insufficient_evidence,match,True,"{   ""decision"": ""possible_match_insufficient_evidence"",   ""patient_facing_answer"": ""Based on the information you provided, you seem to fit the general age and health criteria for the trial. However, there are some details missing or unclear that need to be checked."",   ""supported_patient_facts"": [""y"
nli4pr_test_73,NCT00896285,entailment,match,possible_match_insufficient_evidence,match,True,"{   ""decision"": ""possible_match_insufficient_evidence"",   ""patient_facing_answer"": ""Thank you for sharing your health details. Based on what you've told me, we need to check a few things before we can decide if you're eligible for this trial. We know you have a pleural effusion, which is a fluid bui"
nli4pr_test_529,NCT00800098,entailment,match,possible_match_insufficient_evidence,match,True,"{   ""decision"": ""possible_match_insufficient_evidence"",   ""patient_facing_answer"": ""Thank you for sharing your health details. We need more information to decide if you can participate in this trial."",   ""supported_patient_facts"": [     ""You are 47 years old, within the age range of 40-70 years old."
nli4pr_test_433,NCT00016679,entailment,match,possible_match_insufficient_evidence,match,True,"{   ""decision"": ""possible_match_insufficient_evidence"",   ""patient_facing_answer"": ""Thank you for sharing your situation. Based on the information you provided, you seem to fit well with the inclusion criteria for this trial, especially regarding your essential tremor and response to ethanol. Howeve"
nli4pr_test_1132,NCT02759094,contradiction,mismatch,cannot_determine,undetermined,False,"{   ""decision"": ""possible_match_insufficient_evidence"",   ""patient_facing_answer"": ""Based on the information you provided, you seem to fit some of the criteria for this clinical trial, but we need more details to confirm your eligibility. Please let us know if you have any additional medical records"
nli4pr_test_712,NCT01160341,entailment,match,possible_match_insufficient_evidence,match,True,"{   ""decision"": ""possible_match_insufficient_evidence"",   ""patient_facing_answer"": ""Based on your test results, you seem to fit some of the criteria for this study, but we need more information to be sure. Please let us know if you have any other medical conditions or if you've had any treatments re"
nli4pr_test_43,NCT03078595,entailment,match,possible_match_insufficient_evidence,match,True,"{   ""decision"": ""possible_match_insufficient_evidence"",   ""patient_facing_answer"": ""Based on the information you provided, you seem to fit well with the age and general health criteria for the trial. However, we need more details about your specific condition and some lab results to confirm if you m"
nli4pr_test_570,NCT02172027,entailment,match,possible_match_insufficient_evidence,match,True,"{   ""decision"": ""possible_match_insufficient_evidence"",   ""patient_facing_answer"": ""Based on the information you provided, you seem to fit the general criteria for this trial, but we need more details to confirm your eligibility."",   ""supported_patient_facts"": [""Age 61"", ""Coughing and breath shortne"
nli4pr_test_416,NCT03905512,contradiction,mismatch,possible_match_insufficient_evidence,match,True,"{   ""decision"": ""possible_match_insufficient_evidence"",   ""patient_facing_answer"": ""Based on the information you provided, it seems like you might be eligible for the trial, but we need to check a few more things."",   ""supported_patient_facts"": [""you have a history of gouty arthritis"", ""you take Lop"
nli4pr_test_1510,NCT04321668,entailment,match,cannot_determine,undetermined,False,"{   ""decision"": ""possible_match_insufficient_evidence"",   ""patient_facing_answer"": ""Based on the information you've provided, it seems like you might be eligible for the trial, but we need to check a few things first. We'll need to confirm your age, weight, and if you meet all the other criteria. Pl"
nli4pr_test_270,NCT00001598,entailment,match,possible_match_insufficient_evidence,match,True,"{   ""decision"": ""possible_match_insufficient_evidence"",   ""patient_facing_answer"": ""Thank you for sharing your symptoms and medical history. We need more information to decide if you can join our study."",   ""supported_patient_facts"": [""you have a diagnosis of Sjogren's syndrome"", ""you are a 40-year-"
nli4pr_test_101,NCT03201302,contradiction,mismatch,possible_match_insufficient_evidence,match,True,"{   ""decision"": ""possible_match_insufficient_evidence"",   ""patient_facing_answer"": ""Based on the information you provided, you seem to fit some parts of the trial's criteria, but we need more details to fully understand if you can join the study."",   ""supported_patient_facts"": [""you are 19 years old"
nli4pr_test_1031,NCT02875678,contradiction,mismatch,possible_match_insufficient_evidence,match,True,"{   ""decision"": ""possible_match_insufficient_evidence"",   ""patient_facing_answer"": ""Based on the information you provided, your symptoms and test results seem to align with the inclusion criteria for this clinical trial. However, there are some details we need to confirm before we can decide if you'"
nli4pr_test_601,NCT03467438,contradiction,mismatch,cannot_determine,undetermined,False,"{   ""decision"": ""possible_match_insufficient_evidence"",   ""patient_facing_answer"": ""Based on the information you provided, you seem to fit well with the inclusion criteria for this clinical trial. However, there are some details we need to check further to confirm your eligibility."",   ""supported_pa"
nli4pr_test_618,NCT02039323,entailment,match,cannot_determine,undetermined,False,"{   ""decision"": ""possible_match_insufficient_evidence"",   ""patient_facing_answer"": ""Based on the information you provided, you seem to fit well with the general criteria for the study, but there are some details that need further clarification. Your symptoms and history align with what the study is "
nli4pr_test_107,NCT00136032,contradiction,mismatch,possible_match_insufficient_evidence,match,True,"{   ""decision"": ""possible_match_insufficient_evidence"",   ""patient_facing_answer"": ""Your symptoms and medical history suggest you might be eligible for the trial, but we need more information to confirm."",   ""supported_patient_facts"": [""you have Addison disease"", ""you are taking levothyroxine for Ha"
nli4pr_test_425,NCT01601288,contradiction,mismatch,possible_match_insufficient_evidence,match,True,"{   ""decision"": ""possible_match_insufficient_evidence"",   ""patient_facing_answer"": ""Thank you for sharing your health details. We need more information to decide if you can participate in our study."",   ""supported_patient_facts"": [     ""you are a 47-year-old man"",     ""you have smoked a pack of ciga"
nli4pr_test_909,NCT02533154,contradiction,mismatch,cannot_determine,undetermined,False,"{   ""decision"": ""possible_match_insufficient_evidence"",   ""patient_facing_answer"": ""Based on the information you provided, you seem to fit well with the inclusion criteria for this clinical trial. However, there are some details we need to check further to confirm your eligibility."",   ""supported_pa"
nli4pr_test_1211,NCT00603655,contradiction,mismatch,possible_match_insufficient_evidence,match,True,"{   ""decision"": ""possible_match_insufficient_evidence"",   ""patient_facing_answer"": ""Your daughter seems to meet some of the eligibility criteria for this trial, but we need more information to confirm if she can participate."",   ""supported_patient_facts"": [""Overweight or obese adults"", ""She is 9 yea"
nli4pr_test_1101,NCT03067090,entailment,match,possible_match_insufficient_evidence,match,True,"{   ""decision"": ""possible_match_insufficient_evidence"",   ""patient_facing_answer"": ""Based on the information you've shared, you seem to fit well with the age requirement and the knee joint issues, but we need more details about your hand joint problems and the specific treatments you've tried."",   """
nli4pr_test_1050,NCT01382225,contradiction,mismatch,possible_match_insufficient_evidence,match,True,"{   ""decision"": ""possible_match_insufficient_evidence"",   ""patient_facing_answer"": ""Based on the information you provided, you seem to fit well with the inclusion criteria for this trial. However, we need more details to confirm if you meet all the requirements. Please let us know if you have any su"
nli4pr_test_1009,NCT02880956,entailment,match,possible_match_insufficient_evidence,match,True,"{   ""decision"": ""possible_match_insufficient_evidence"",   ""patient_facing_answer"": ""Based on the information you provided, it seems like you might be eligible for the trial, but there are some details we need to check. Please provide more information about your MRI results and the specific type of A"
nli4pr_test_1103,NCT03564379,entailment,match,cannot_determine,undetermined,False,"{   ""decision"": ""possible_match_insufficient_evidence"",   ""patient_facing_answer"": ""Your situation seems to align with the study's criteria, but there are some details we need to confirm before we can enroll you. Please wait for further instructions."",   ""supported_patient_facts"": [""you are a 30-yea"
nli4pr_test_1197,NCT00578877,contradiction,mismatch,cannot_determine,undetermined,False,"{   ""decision"": ""possible_match_insufficient_evidence"",   ""patient_facing_answer"": ""Based on the information you provided, you seem to fit some of the criteria for the clinical trial, but we need more details to confirm your eligibility. Please let us know if you have any additional information or i"
nli4pr_test_170,NCT03908177,entailment,match,possible_match_insufficient_evidence,match,True,"{   ""decision"": ""possible_match_insufficient_evidence"",   ""patient_facing_answer"": ""Hello! Based on the information you provided, you seem to fit some parts of the study's eligibility criteria, but we still need more details to confirm your eligibility. Please let us know if you can provide the foll"
nli4pr_test_843,NCT03769961,entailment,match,cannot_determine,undetermined,False,"{   ""decision"": ""possible_match_insufficient_evidence"",   ""patient_facing_answer"": ""Thank you for sharing your situation. Based on the information you provided, you seem to fit well with the inclusion criteria for this trial. However, there are some details we need to confirm before we can fully det"
nli4pr_test_893,NCT00511797,entailment,match,possible_match_insufficient_evidence,match,True,"{   ""decision"": ""possible_match_insufficient_evidence"",   ""patient_facing_answer"": ""Based on the information you provided, you seem to fit some of the criteria for the study, but there are some details we need to confirm."",   ""supported_patient_facts"": [""you are 43 years old"", ""your last periods wer"
nli4pr_test_128,NCT00323609,entailment,match,possible_match_insufficient_evidence,match,True,"{   ""decision"": ""possible_match_insufficient_evidence"",   ""patient_facing_answer"": ""Based on the information you provided, you seem to fit some of the criteria for the study, but we need more details to confirm your eligibility. Please let us know if you have any additional information or if there a"
nli4pr_test_366,NCT01015690,entailment,match,possible_match_insufficient_evidence,match,True,"{   ""decision"": ""possible_match_insufficient_evidence"",   ""patient_facing_answer"": ""Based on the information you've shared, you seem to fit some parts of the eligibility criteria, but we need more details to confirm if you can join this trial."",   ""supported_patient_facts"": [""you are Female"", ""you a"
nli4pr_test_651,NCT01035177,contradiction,mismatch,possible_match_insufficient_evidence,match,True,"{   ""decision"": ""possible_match_insufficient_evidence"",   ""patient_facing_answer"": ""Hello! You seem to fit the age requirement for this trial, which is being 60 years or older. However, we need more information to fully determine your eligibility. Please provide details about any medications you're "
nli4pr_test_621,NCT01753128,contradiction,mismatch,cannot_determine,undetermined,False,"{   ""decision"": ""possible_match_insufficient_evidence"",   ""patient_facing_answer"": ""Based on the information you provided, you seem to fit some of the criteria for the trial, but we need more details to confirm your eligibility. Please let us know if you have any additional medical records or if the"
nli4pr_test_786,NCT04473170,contradiction,mismatch,possible_match_insufficient_evidence,match,True,"{   ""decision"": ""possible_match_insufficient_evidence"",   ""patient_facing_answer"": ""Based on the information you provided, you seem to meet some of the inclusion criteria for this trial, but we need more details to confirm your eligibility. Please let us know if you have any additional medical histo"
nli4pr_test_1198,NCT03164070,entailment,match,cannot_determine,undetermined,False,"{   ""decision"": ""possible_match_insufficient_evidence"",   ""patient_facing_answer"": ""Based on the information you've shared, you seem to fit well with the inclusion criteria for this trial, but we need more details to confirm your eligibility. Please let us know if you have any concerns or if there a"
nli4pr_test_405,NCT02350153,entailment,match,possible_match_insufficient_evidence,match,True,"{   ""decision"": ""possible_match_insufficient_evidence"",   ""patient_facing_answer"": ""Based on the information you provided, it seems like you might be eligible for the trial, but we need more details to confirm."",   ""supported_patient_facts"": [     ""you have endogenous Cushing Syndrome"",     ""your ag"
nli4pr_test_1543,NCT03717207,contradiction,mismatch,possible_match_insufficient_evidence,match,True,"{   ""decision"": ""possible_match_insufficient_evidence"",   ""patient_facing_answer"": ""Based on the information you've shared, you seem to fit some criteria for this trial, but we need more details to confirm your eligibility. Please let us know if you have any additional health information."",   ""suppo"
nli4pr_test_271,NCT03718728,contradiction,mismatch,possible_match_insufficient_evidence,match,True,"{   ""decision"": ""possible_match_insufficient_evidence"",   ""patient_facing_answer"": ""Your daughter seems to meet some of the eligibility criteria for this study, but we need more information to confirm if she can join. We will check if she meets all the necessary conditions."",   ""supported_patient_fa"
nli4pr_test_1473,NCT03192969,entailment,match,cannot_determine,undetermined,False,"{   ""decision"": ""possible_match_insufficient_evidence"",   ""patient_facing_answer"": ""Based on the information you provided, it seems like you might be eligible for the clinical trial. However, we need to check a few things before we can confirm. We need to know if your ESR levels are consistently hig"
nli4pr_test_394,NCT04224584,entailment,match,possible_match_insufficient_evidence,match,True,"{   ""decision"": ""possible_match_insufficient_evidence"",   ""patient_facing_answer"": ""Based on the information you've shared, you seem to fit some criteria for the study, but we need to check a few things first. We'll need to confirm if your hand joint pain meets the severity and frequency criteria, a"
nli4pr_test_353,NCT02459431,contradiction,mismatch,possible_match_insufficient_evidence,match,True,"{   ""decision"": ""possible_match_insufficient_evidence"",   ""patient_facing_answer"": ""Based on the information you provided, you seem to fit some criteria for this trial, but we need more details to confirm your eligibility. Please let us know if you have any additional information."",   ""supported_pat"
nli4pr_test_847,NCT04684940,contradiction,mismatch,possible_match_insufficient_evidence,match,True,"{   ""decision"": ""possible_match_insufficient_evidence"",   ""patient_facing_answer"": ""Based on the information you provided, you seem to meet some of the eligibility criteria for this trial, but we need more details to confirm your eligibility. Please provide additional information about your medical "
nli4pr_test_631,NCT01485471,contradiction,mismatch,possible_match_insufficient_evidence,match,True,"{   ""decision"": ""possible_match_insufficient_evidence"",   ""patient_facing_answer"": ""Based on the information you provided, it seems you might be eligible for the trial, but we need more details to confirm. Please let us know if you have any additional medical history or if you've undergone any proce"
nli4pr_test_1229,NCT04476121,contradiction,mismatch,possible_match_insufficient_evidence,match,True,"{   ""decision"": ""possible_match_insufficient_evidence"",   ""patient_facing_answer"": ""Based on the information you provided, you seem to fit well with the general eligibility criteria for this trial, but we need more details to confirm your eligibility. Please let us know if you have any other medical"
nli4pr_test_485,NCT01311648,contradiction,mismatch,cannot_determine,undetermined,False,"{   ""decision"": ""possible_match_insufficient_evidence"",   ""patient_facing_answer"": ""Based on the information you provided, you seem to meet some of the eligibility criteria for this trial, but we need more details to confirm your eligibility. Please provide additional information about your medical "
nli4pr_test_1535,NCT04075903,entailment,match,possible_match_insufficient_evidence,match,True,"{   ""decision"": ""possible_match_insufficient_evidence"",   ""patient_facing_answer"": ""Based on the information you provided, you seem to fit well with the inclusion criteria for this trial, especially regarding your gout diagnosis. However, we need more details about your medical history and current h"
nli4pr_test_1431,NCT03350646,contradiction,mismatch,possible_match_insufficient_evidence,match,True,"{   ""decision"": ""possible_match_insufficient_evidence"",   ""patient_facing_answer"": ""Based on the information you've shared, it seems like you might be a potential candidate for this clinical trial, but we need to confirm a few things before we can decide."",   ""supported_patient_facts"": [""you are fem"
nli4pr_test_948,NCT04723524,entailment,match,cannot_determine,undetermined,False,"{   ""decision"": ""possible_match_insufficient_evidence"",   ""patient_facing_answer"": ""Based on the information you provided, you seem to meet some of the inclusion criteria for this trial, but we need more details to confirm if you can participate fully. Please let us know if you have any other health"
nli4pr_test_974,NCT04224662,entailment,match,possible_match_insufficient_evidence,match,True,"{   ""decision"": ""possible_match_insufficient_evidence"",   ""patient_facing_answer"": ""Based on the information you provided, you seem to fit the general criteria for this study, but we need more details to confirm your eligibility. We will check if you meet all the specific requirements."",   ""supporte"
nli4pr_test_231,NCT00376311,contradiction,mismatch,cannot_determine,undetermined,False,"{   ""decision"": ""possible_match_insufficient_evidence"",   ""patient_facing_answer"": ""Based on the information you've shared, you seem to fit well with some of the criteria for this clinical trial, but we need more details to confirm your eligibility. Please let us know if you can provide any addition"
nli4pr_test_1349,NCT02151006,contradiction,mismatch,cannot_determine,undetermined,False,"{   ""decision"": ""possible_match_insufficient_evidence"",   ""patient_facing_answer"": ""Based on the information you've shared, you seem to fit the age range and general health criteria for this trial. However, we need more details about your medical history, especially regarding your fertility treatmen"
nli4pr_test_585,NCT01385930,contradiction,mismatch,possible_match_insufficient_evidence,match,True,"{   ""decision"": ""possible_match_insufficient_evidence"",   ""patient_facing_answer"": ""Based on the information you provided, you seem to meet some of the eligibility criteria for this trial, but we need more details to confirm your eligibility. Please let us know if you can provide your BMI, and any a"
nli4pr_test_163,NCT01529645,entailment,match,possible_match_insufficient_evidence,match,True,"{   ""decision"": ""possible_match_insufficient_evidence"",   ""patient_facing_answer"": ""Based on the information you provided, you seem to meet some of the eligibility criteria for the study, but there are some details we need to confirm before we can decide if you're eligible."",   ""supported_patient_fa"
nli4pr_test_765,NCT03472859,entailment,match,possible_match_insufficient_evidence,match,True,"{   ""decision"": ""possible_match_insufficient_evidence"",   ""patient_facing_answer"": ""Thank you for sharing your details. We need to check a few things before we can decide if you're eligible for our trial."",   ""supported_patient_facts"": [     ""you are 41 years old"",     ""you have symmetrical facial t"
nli4pr_test_506,NCT04693104,entailment,match,possible_match_insufficient_evidence,match,True,"{   ""decision"": ""possible_match_insufficient_evidence"",   ""patient_facing_answer"": ""Based on the information you've shared, you seem to fit some criteria for the study, but we need more details to confirm your eligibility. Please let us know if you have any additional medical history or if there are"
nli4pr_test_855,NCT03784183,entailment,match,possible_match_insufficient_evidence,match,True,"{   ""decision"": ""possible_match_insufficient_evidence"",   ""patient_facing_answer"": ""Thank you for sharing your situation. Based on the information you've provided, it seems like you might be a potential participant in this study, but we need to check a few more details before we can confirm."",   ""su"
nli4pr_test_1295,NCT03139955,contradiction,mismatch,possible_match_insufficient_evidence,match,True,"{   ""decision"": ""possible_match_insufficient_evidence"",   ""patient_facing_answer"": ""Based on the information you provided, you seem to meet some of the eligibility criteria for the study, but we need more details to confirm your eligibility. Please provide additional information about your health co"
nli4pr_test_1249,NCT03438786,entailment,match,possible_match_insufficient_evidence,match,True,"{   ""decision"": ""possible_match_insufficient_evidence"",   ""patient_facing_answer"": ""Based on the information you provided, you seem to fit the age range and general health status required for this trial. However, we need more details about your specific injury and whether it qualifies as an inguinal"
nli4pr_test_192,NCT04445974,entailment,match,possible_match_insufficient_evidence,match,True,"{   ""decision"": ""possible_match_insufficient_evidence"",   ""patient_facing_answer"": ""Thank you for sharing your details. Based on what you've told me, you seem to fit well with our study's criteria, but we need to check a few things before we can decide if you're eligible."",   ""supported_patient_fact"
nli4pr_test_1246,NCT03963635,entailment,match,possible_match_insufficient_evidence,match,True,"{   ""decision"": ""possible_match_insufficient_evidence"",   ""patient_facing_answer"": ""Based on the information you provided, you seem to meet some of the eligibility criteria for this clinical trial, but we need more details to confirm your eligibility. Please let us know if you have any additional me"
nli4pr_test_63,NCT04009213,entailment,match,possible_match_insufficient_evidence,match,True,"{   ""decision"": ""possible_match_insufficient_evidence"",   ""patient_facing_answer"": ""Based on the information you provided, you seem to fit well with the trial's main criteria, but we need more details to confirm your eligibility. Please let us know if you have any additional information about your h"
nli4pr_test_755,NCT03139890,contradiction,mismatch,cannot_determine,undetermined,False,"{   ""decision"": ""possible_match_insufficient_evidence"",   ""patient_facing_answer"": ""Based on the information you provided, you seem to fit well with some of the inclusion criteria, but we need more details to confirm your eligibility. Please provide any missing information or we may need to check fu"
nli4pr_test_946,NCT02674178,contradiction,mismatch,possible_match_insufficient_evidence,match,True,"{   ""decision"": ""possible_match_insufficient_evidence"",   ""patient_facing_answer"": ""Based on the information you've shared, it seems like you might not be eligible for this trial right now. We need more details to confirm if you meet all the criteria."",   ""supported_patient_facts"": [""you are female"""
nli4pr_test_1000,NCT04728217,entailment,match,possible_match_insufficient_evidence,match,True,"{   ""decision"": ""possible_match_insufficient_evidence"",   ""patient_facing_answer"": ""Based on the information you provided, you seem to meet some of the eligibility criteria for this trial, but we need more details to confirm your eligibility. Please let us know if you have any additional medical his"
nli4pr_test_1013,NCT00272376,entailment,match,possible_match_insufficient_evidence,match,True,"{   ""decision"": ""possible_match_insufficient_evidence"",   ""patient_facing_answer"": ""Based on the information you provided, you seem to fit some criteria for this trial, but we need more details to confirm your eligibility. Please let us know if you have any additional medical history or if there are"
nli4pr_test_1522,NCT03971981,entailment,match,possible_match_insufficient_evidence,match,True,"{   ""decision"": ""possible_match_insufficient_evidence"",   ""patient_facing_answer"": ""Your symptoms and test results suggest you might be eligible for the trial, but we need more information to confirm. Please let us know if you have any other medical conditions or if you've had any surgeries."",   ""su"
nli4pr_test_841,NCT00270686,entailment,match,possible_match_insufficient_evidence,match,True,"{   ""decision"": ""possible_match_insufficient_evidence"",   ""patient_facing_answer"": ""Based on the information you provided, you seem to meet some of the criteria for this clinical trial, but we need more details to confirm your eligibility. Please let us know if you have any additional medical record"
nli4pr_test_941,NCT02025543,entailment,match,possible_match_insufficient_evidence,match,True,"{   ""decision"": ""possible_match_insufficient_evidence"",   ""patient_facing_answer"": ""Based on the information you provided, you seem to meet some key criteria for this clinical trial, but we need more details to confirm your eligibility."",   ""supported_patient_facts"": [     ""you have a mutation of th"
nli4pr_test_1091,NCT01502124,contradiction,mismatch,possible_match_insufficient_evidence,match,True,"{   ""decision"": ""possible_match_insufficient_evidence"",   ""patient_facing_answer"": ""Your daughter seems to have some characteristics that might make her eligible for the trial, but we need more information to confirm. We will check if she meets all the necessary criteria."",   ""supported_patient_fact"
nli4pr_test_218,NCT01122485,entailment,match,possible_match_insufficient_evidence,match,True,"{   ""decision"": ""possible_match_insufficient_evidence"",   ""patient_facing_answer"": ""Thank you for sharing your health details. Based on the information you've provided, it seems like you may be eligible for the study, but we need to check a few things first. We'll need to confirm your age, check if "
nli4pr_test_528,NCT03208933,entailment,match,possible_match_insufficient_evidence,match,True,"{   ""decision"": ""possible_match_insufficient_evidence"",   ""patient_facing_answer"": ""Based on the information you provided, you seem to meet some key criteria for this clinical trial, but we need more details to confirm your eligibility. Please provide additional information about your recent health "
nli4pr_test_286,NCT03785457,entailment,match,cannot_determine,undetermined,False,"{   ""decision"": ""possible_match_insufficient_evidence"",   ""patient_facing_answer"": ""Thank you for sharing your situation. Based on the information you've given, we think you might be a good candidate for our trial, but we need to check a few things first."",   ""supported_patient_facts"": [""you are a 5"
nli4pr_test_1274,NCT04135833,entailment,match,possible_match_insufficient_evidence,match,True,"{   ""decision"": ""possible_match_insufficient_evidence"",   ""patient_facing_answer"": ""Based on the information you provided, you seem to fit the age range and general health criteria. However, we need more details about your medical history and specific conditions like Marfan syndrome to fully determi"
nli4pr_test_479,NCT00792727,entailment,match,possible_match_insufficient_evidence,match,True,"{   ""decision"": ""possible_match_insufficient_evidence"",   ""patient_facing_answer"": ""Thank you for sharing your health details. We need more information to decide if you can participate in this trial."",   ""supported_patient_facts"": [     ""you are a 47-year-old woman"",     ""you have been diagnosed wit"
nli4pr_test_693,NCT03325192,entailment,match,possible_match_insufficient_evidence,match,True,"{   ""decision"": ""possible_match_insufficient_evidence"",   ""patient_facing_answer"": ""Thank you for sharing your health details. We need more information to decide if you can join this trial. Please let us know if you have any additional medical records or if there are any unresolved issues."",   ""supp"
nli4pr_test_1351,NCT01841528,contradiction,mismatch,possible_match_insufficient_evidence,match,True,"{   ""decision"": ""possible_match_insufficient_evidence"",   ""patient_facing_answer"": ""Based on the information you provided, you seem to fit some of the criteria for this clinical trial, but we need more details to confirm your eligibility. Please let us know if you meet all the required conditions."","
nli4pr_test_1300,NCT03319420,entailment,match,possible_match_insufficient_evidence,match,True,"{   ""decision"": ""possible_match_insufficient_evidence"",   ""patient_facing_answer"": ""Thank you for sharing your symptoms and health information. We need more details to decide if you can participate in our study. Please let us know if you have any questions."",   ""supported_patient_facts"": [     ""you "
nli4pr_test_1068,NCT00775905,entailment,match,possible_match_insufficient_evidence,match,True,"{   ""decision"": ""possible_match_insufficient_evidence"",   ""patient_facing_answer"": ""Based on the information you provided, you seem to meet some of the eligibility criteria for this study, but we need more details to confirm your eligibility."",   ""supported_patient_facts"": [""you are 19 years old"", """
nli4pr_test_464,NCT04218877,entailment,match,possible_match_insufficient_evidence,match,True,"{   ""decision"": ""possible_match_insufficient_evidence"",   ""patient_facing_answer"": ""Your child seems to have a rash that matches the inclusion criteria for the trial, but we need more information to confirm if he meets all the requirements."",   ""supported_patient_facts"": [""child is 2 years old"", ""ch"
nli4pr_test_1149,NCT02680379,entailment,match,possible_match_insufficient_evidence,match,True,"{   ""decision"": ""possible_match_insufficient_evidence"",   ""patient_facing_answer"": ""Your son seems to meet some of the criteria for this clinical trial, but we need more information to confirm if he can participate. Please check if he meets all the required conditions."",   ""supported_patient_facts"":"
nli4pr_test_1176,NCT04252209,entailment,match,cannot_determine,undetermined,False,"{   ""decision"": ""possible_match_insufficient_evidence"",   ""patient_facing_answer"": ""Thank you for sharing your symptoms and medical history. Based on what you've told me, you seem to fit well with the inclusion criteria for this study, especially since you have been diagnosed with Sjögren's syndrome"
nli4pr_test_582,NCT04860232,contradiction,mismatch,possible_match_insufficient_evidence,match,True,"{   ""decision"": ""possible_match_insufficient_evidence"",   ""patient_facing_answer"": ""Based on the information you provided, you seem to meet some of the eligibility criteria for the study, but we need more details to confirm your eligibility."",   ""supported_patient_facts"": [""you were diagnosed as COV"
nli4pr_test_611,NCT00275743,contradiction,mismatch,possible_match_insufficient_evidence,match,True,"{   ""decision"": ""possible_match_insufficient_evidence"",   ""patient_facing_answer"": ""It seems like you might be eligible for the trial, but we need to check a few things first."",   ""supported_patient_facts"": [""you are a 63-year-old male"", ""you have a stomach lesion that shows typical features of stom"
nli4pr_test_1111,NCT04660019,contradiction,mismatch,possible_match_insufficient_evidence,match,True,"{   ""decision"": ""possible_match_insufficient_evidence"",   ""patient_facing_answer"": ""Based on your symptoms and findings, you seem to fit well with the inclusion criteria for this trial. However, we still need more information to confirm if you're eligible. For example, we need to know if you've been"
nli4pr_test_471,NCT04788771,entailment,match,possible_match_insufficient_evidence,match,True,"{   ""decision"": ""possible_match_insufficient_evidence"",   ""patient_facing_answer"": ""Your symptoms sound like they might be related to an inguinal hernia, which is something this clinical trial is looking for. However, we need more information to confirm if you can join the trial."",   ""supported_pati"
nli4pr_test_1131,NCT01699022,entailment,match,cannot_determine,undetermined,False,"{   ""decision"": ""possible_match_insufficient_evidence"",   ""patient_facing_answer"": ""Based on the information you provided, you seem to fit some of the eligibility criteria for the study, but there are some details that need more information before we can determine if you're eligible."",   ""supported_"
nli4pr_test_439,NCT03204500,entailment,match,cannot_determine,undetermined,False,"{   ""decision"": ""possible_match_insufficient_evidence"",   ""patient_facing_answer"": ""Based on the information you provided, it seems like you might be eligible for this clinical trial, but we need more details to confirm. Please let your doctor know so they can help us gather any missing information."
nli4pr_test_818,NCT02731313,entailment,match,possible_match_insufficient_evidence,match,True,"{   ""decision"": ""possible_match_insufficient_evidence"",   ""patient_facing_answer"": ""It seems like you might be eligible for the trial, but we need more information to confirm. Can you tell us if your tumor sample has enough material for analysis?"",   ""supported_patient_facts"": [""you have a lesion in"
nli4pr_test_1108,NCT01710254,entailment,match,possible_match_insufficient_evidence,match,True,"{   ""decision"": ""possible_match_insufficient_evidence"",   ""patient_facing_answer"": ""Your son seems to have Duchenne muscular dystrophy, which is a serious condition. However, we need more information about your son to decide if he can participate in our clinical trial. We need to know if he meets al"
nli4pr_test_1212,NCT03410160,entailment,match,possible_match_insufficient_evidence,match,True,"{   ""decision"": ""possible_match_insufficient_evidence"",   ""patient_facing_answer"": ""Based on the information you provided, it seems like you might be eligible for the trial, but we need more details to confirm. Can you tell us if you've been diagnosed with Addison disease for at least 2 years?"",   """
nli4pr_test_1144,NCT01413698,contradiction,mismatch,possible_match_insufficient_evidence,match,True,"{   ""decision"": ""possible_match_insufficient_evidence"",   ""patient_facing_answer"": ""Thank you for sharing your health details. We need more information to decide if you can participate in our study."",   ""supported_patient_facts"": [     ""you are a 47-year-old man"",     ""you have smoked a pack of ciga"
nli4pr_test_1391,NCT04462068,entailment,match,possible_match_insufficient_evidence,match,True,"{   ""decision"": ""possible_match_insufficient_evidence"",   ""patient_facing_answer"": ""Based on the information you provided, we need more details to determine if you can join this trial. We need to know if you have been diagnosed with sarcoidosis."",   ""supported_patient_facts"": [""you are a 39-year-old"
nli4pr_test_1571,NCT03123003,contradiction,mismatch,possible_match_insufficient_evidence,match,True,"{   ""decision"": ""possible_match_insufficient_evidence"",   ""patient_facing_answer"": ""Your child seems to fit the age range for the trial, but we need more information about her specific condition and whether she has taken any medications that could affect her bones recently."",   ""supported_patient_fa"
nli4pr_test_277,NCT03228407,entailment,match,cannot_determine,undetermined,False,"{   ""decision"": ""possible_match_insufficient_evidence"",   ""patient_facing_answer"": ""Based on the information you provided, you seem to fit well with the age requirement and ability to give informed consent. However, we need more details about your medical history, such as whether you've had any prio"
nli4pr_test_1226,NCT01007331,contradiction,mismatch,possible_match_insufficient_evidence,match,True,"{   ""decision"": ""possible_match_insufficient_evidence"",   ""patient_facing_answer"": ""Your child seems to have atopic dermatitis based on the rash symptoms, but we need more information to confirm if he meets all the study requirements."",   ""supported_patient_facts"": [""child has atopic dermatitis"", ""c"
nli4pr_test_1450,NCT03842852,entailment,match,possible_match_insufficient_evidence,match,True,"{   ""decision"": ""possible_match_insufficient_evidence"",   ""patient_facing_answer"": ""Based on the information you've shared, you seem to fit well into the trial's age and general health criteria. However, we need more details about your hernia and if it's been diagnosed as an inguinal hernia. Also, w"
nli4pr_test_1517,NCT01887418,entailment,match,possible_match_insufficient_evidence,match,True,"{   ""decision"": ""possible_match_insufficient_evidence"",   ""patient_facing_answer"": ""Based on your test results, you seem to have low testosterone levels, which might suggest hypogonadism. However, we need more information to confirm if you're eligible for this trial."",   ""supported_patient_facts"": ["
nli4pr_test_236,NCT03855904,entailment,match,possible_match_insufficient_evidence,match,True,"{   ""decision"": ""possible_match_insufficient_evidence"",   ""patient_facing_answer"": ""It seems like you might be eligible for the trial, but we need more information to confirm. Please let us know if you have any other health conditions or if you've been treated for anything recently."",   ""supported_p"
nli4pr_test_1170,NCT02215395,contradiction,mismatch,cannot_determine,undetermined,False,"{   ""decision"": ""possible_match_insufficient_evidence"",   ""patient_facing_answer"": ""Based on the information you provided, you seem to fit the age requirement and general health criteria. However, we need more details about your medical history, especially regarding your reproductive health and rece"
nli4pr_test_1318,NCT00409149,entailment,match,possible_match_insufficient_evidence,match,True,"{   ""decision"": ""possible_match_insufficient_evidence"",   ""patient_facing_answer"": ""Thank you for sharing your health details. Based on what you've told me, you seem to fit well with the age requirement and have no exclusionary conditions related to smoking, drinking, or pregnancy/lactation. However"
nli4pr_test_1519,NCT04684290,contradiction,mismatch,possible_match_insufficient_evidence,match,True,"{   ""decision"": ""possible_match_insufficient_evidence"",   ""patient_facing_answer"": ""Based on the information you provided, you seem to fit some criteria for the trial, but we need more details to confirm your eligibility. We will check if you meet the age requirement and if your heart condition qual"
nli4pr_test_486,NCT02087046,entailment,match,cannot_determine,undetermined,False,"{   ""decision"": ""possible_match_insufficient_evidence"",   ""patient_facing_answer"": ""Thank you for sharing your situation. Based on the information you provided, you seem to meet some of the eligibility criteria for this trial, but we need to check a few things further."",   ""supported_patient_facts"":"
nli4pr_test_1142,NCT00522847,contradiction,mismatch,cannot_determine,undetermined,False,"{   ""decision"": ""possible_match_insufficient_evidence"",   ""patient_facing_answer"": ""Based on the information you provided, you seem to fit some parts of the study's eligibility criteria, but we need more details to confirm your eligibility. Please let us know if you have any additional information o"
nli4pr_test_208,NCT03883945,entailment,match,possible_match_insufficient_evidence,match,True,"{   ""decision"": ""possible_match_insufficient_evidence"",   ""patient_facing_answer"": ""Thank you for sharing your details. We need to check a few things before we can decide if you're eligible for the trial."",   ""supported_patient_facts"": [     ""you are 41 years old"",     ""you have an IUD""   ],   ""miss"
nli4pr_test_428,NCT03540823,entailment,match,possible_match_insufficient_evidence,match,True,"{   ""decision"": ""possible_match_insufficient_evidence"",   ""patient_facing_answer"": ""Thank you for sharing your symptoms and medical history. While your symptoms and diagnosis seem consistent with the inclusion criteria, we need more information to confirm your eligibility. Please wait for further in"
nli4pr_test_1348,NCT03988023,entailment,match,possible_match_insufficient_evidence,match,True,"{   ""decision"": ""possible_match_insufficient_evidence"",   ""patient_facing_answer"": ""Based on the information you provided, it seems like you might be eligible for the trial, but we need more details to confirm. Please let us know if you have taken any medications or treatments for your knee pain in "
nli4pr_test_462,NCT00120900,entailment,match,cannot_determine,undetermined,False,"{   ""decision"": ""possible_match_insufficient_evidence"",   ""patient_facing_answer"": ""Thank you for sharing your health details. We think you might be a good fit for our study, but we need to check a few more things before we can decide."",   ""supported_patient_facts"": [""you have osteoarthritis of the "
nli4pr_test_58,NCT00847847,entailment,match,possible_match_insufficient_evidence,match,True,"{   ""decision"": ""possible_match_insufficient_evidence"",   ""patient_facing_answer"": ""Based on the information you provided, it seems like you might be a potential participant in this trial, but we need more details to confirm. Please let us know if you meet all the required conditions."",   ""supported"
nli4pr_test_367,NCT03287999,contradiction,mismatch,possible_match_insufficient_evidence,match,True,"{   ""decision"": ""possible_match_insufficient_evidence"",   ""patient_facing_answer"": ""Based on the information you provided, you seem to meet some of the eligibility criteria for this study, but we need more details to confirm your eligibility. Please let us know if you have received any antiplatelet "
nli4pr_test_576,NCT01588509,contradiction,mismatch,cannot_determine,undetermined,False,"{   ""decision"": ""possible_match_insufficient_evidence"",   ""patient_facing_answer"": ""Thank you for sharing your health information. We need more details to decide if you can participate in this trial. Please let us know if you have taken alendronate for at least 1 year and if your 25-OH-VitD levels a"
nli4pr_test_482,NCT01810965,contradiction,mismatch,possible_match_insufficient_evidence,match,True,"{   ""decision"": ""possible_match_insufficient_evidence"",   ""patient_facing_answer"": ""Thank you for sharing your health details. Based on what you've told me, it seems like you might be a good fit for our trial, but we need to check a few more things before we can decide."",   ""supported_patient_facts"""
nli4pr_test_1445,NCT03812913,entailment,match,unlikely_match,mismatch,True,"{   ""decision"": ""unlikely_match"",   ""patient_facing_answer"": ""Your daughter seems to have some characteristics that might be related to medical research, but based on the information we have, it doesn't seem like she meets all the specific requirements for this particular trial."",   ""supported_patie"
nli4pr_test_1252,NCT01586000,contradiction,mismatch,cannot_determine,undetermined,False,"{   ""decision"": ""possible_match_insufficient_evidence"",   ""patient_facing_answer"": ""Based on the information you've shared, you seem to fit some parts of the eligibility criteria for the study, but we need more details to confirm your eligibility. For example, we don't know if you have a regular men"
nli4pr_test_792,NCT04439799,entailment,match,possible_match_insufficient_evidence,match,True,"{   ""decision"": ""possible_match_insufficient_evidence"",   ""patient_facing_answer"": ""Based on your test results, you seem to meet some of the criteria for the study, but we need more information to fully determine if you can join. Please let us know if you have any additional details about your healt"
nli4pr_test_1273,NCT04482712,contradiction,mismatch,possible_match_insufficient_evidence,match,True,"{   ""decision"": ""possible_match_insufficient_evidence"",   ""patient_facing_answer"": ""Based on the information you provided, you seem to meet some of the criteria for the trial, but we need more details to confirm your eligibility. Please provide any missing information or we may need to check further"
nli4pr_test_950,NCT03145285,contradiction,mismatch,cannot_determine,undetermined,False,"{   ""decision"": ""possible_match_insufficient_evidence"",   ""patient_facing_answer"": ""Based on the information you provided, it seems like you might not be eligible for this specific clinical trial. However, we need more details to confirm. Please check with your doctor if you think you might qualify."
nli4pr_test_916,NCT03533504,entailment,match,possible_match_insufficient_evidence,match,True,"{   ""decision"": ""possible_match_insufficient_evidence"",   ""patient_facing_answer"": ""Based on the information you provided, you seem to meet some of the eligibility criteria for this trial. However, we need more details to confirm your eligibility. Please provide any missing information or we may nee"
nli4pr_test_292,NCT03274544,entailment,match,possible_match_insufficient_evidence,match,True,"{   ""decision"": ""possible_match_insufficient_evidence"",   ""patient_facing_answer"": ""Thank you for sharing your health details. We need more information to decide if you can participate in our study. Please let us know about your smoking history and any other medications you are taking."",   ""supporte"
nli4pr_test_1417,NCT00833911,entailment,match,possible_match_insufficient_evidence,match,True,"{   ""decision"": ""possible_match_insufficient_evidence"",   ""patient_facing_answer"": ""Based on the information you provided, you seem to fit some criteria for the study, but we need more details to confirm your eligibility. Please let us know if you have had knee pain, stiffness, and joint space narro"
nli4pr_test_1214,NCT03142295,contradiction,mismatch,possible_match_insufficient_evidence,match,True,"{   ""decision"": ""possible_match_insufficient_evidence"",   ""patient_facing_answer"": ""Based on the information you provided, you seem to fit some of the criteria for this clinical trial, but we need more details to confirm your eligibility. Please let us know if you have any additional medical records"
nli4pr_test_905,NCT01378299,contradiction,mismatch,possible_match_insufficient_evidence,match,True,"{   ""decision"": ""possible_match_insufficient_evidence"",   ""patient_facing_answer"": ""Based on your test results and the information you shared, you seem to fit some parts of the study's criteria, but we need more information to fully decide if you can join the trial. Please let us know if you have an"
nli4pr_test_774,NCT04508205,entailment,match,possible_match_insufficient_evidence,match,True,"{   ""decision"": ""possible_match_insufficient_evidence"",   ""patient_facing_answer"": ""Thank you for sharing your details. We need to check a few things before we can decide if you're eligible for this study."",   ""supported_patient_facts"": [     ""you are 41 years old"",     ""you have an IUD and do not w"
nli4pr_test_233,NCT03910335,entailment,match,possible_match_insufficient_evidence,match,True,"{   ""decision"": ""possible_match_insufficient_evidence"",   ""patient_facing_answer"": ""Based on the information you provided, you seem to fit the age requirement for the trial, but we need more details about your medical history and current health status to fully determine if you can participate."",   """
nli4pr_test_1094,NCT02697214,entailment,match,possible_match_insufficient_evidence,match,True,"{   ""decision"": ""possible_match_insufficient_evidence"",   ""patient_facing_answer"": ""Hello! Based on the information you've shared, you seem to fit well with some parts of the study's requirements, but we still need more details to make sure everything matches."",   ""supported_patient_facts"": [""you ar"
nli4pr_test_196,NCT00475501,contradiction,mismatch,unlikely_match,mismatch,True,"{   ""decision"": ""unlikely_match"",   ""patient_facing_answer"": ""Based on the information you provided, you do not seem to meet the age requirement for this clinical trial. You are 19 years old, which is below the minimum age of 60 years specified in the inclusion criteria."",   ""supported_patient_facts"
nli4pr_test_1280,NCT01495455,entailment,match,possible_match_insufficient_evidence,match,True,"{   ""decision"": ""possible_match_insufficient_evidence"",   ""patient_facing_answer"": ""Based on the information you've shared, you seem to fit well with the criteria for the trial, but we need more details to confirm your eligibility. Please let us know if you can provide your age and if you have any o"
nli4pr_test_1325,NCT00878059,entailment,match,possible_match_insufficient_evidence,match,True,"{   ""decision"": ""possible_match_insufficient_evidence"",   ""patient_facing_answer"": ""Based on the information you provided, you seem to fit well with the inclusion criteria for this trial, especially as a family member-caregiver for someone with Alzheimer's Disease. However, there are some details we"
nli4pr_test_81,NCT04433507,contradiction,mismatch,possible_match_insufficient_evidence,match,True,"{   ""decision"": ""possible_match_insufficient_evidence"",   ""patient_facing_answer"": ""Based on the information you provided, you seem to fit some criteria for the trial, but we need more details to confirm your eligibility. Please let us know if you have had any previous surgeries or if you smoke, dri"
nli4pr_test_1475,NCT01120626,entailment,match,possible_match_insufficient_evidence,match,True,"{   ""decision"": ""possible_match_insufficient_evidence"",   ""patient_facing_answer"": ""Your son seems to meet some of the eligibility criteria for this clinical trial, but we need to check a few things before we can decide if he qualifies."",   ""supported_patient_facts"": [""confirmed genetic diagnosis of"
nli4pr_test_420,NCT04777188,entailment,match,possible_match_insufficient_evidence,match,True,"{   ""decision"": ""possible_match_insufficient_evidence"",   ""patient_facing_answer"": ""Based on the information you've shared, you seem to fit some criteria for this trial, but we need more details to confirm your eligibility. We will check if your heart condition meets the required standards."",   ""sup"
nli4pr_test_1216,NCT02917460,entailment,match,possible_match_insufficient_evidence,match,True,"{   ""decision"": ""possible_match_insufficient_evidence"",   ""patient_facing_answer"": ""Your son seems to meet most of the eligibility criteria for this trial, but we need more information about his specific condition and how it affects his health."",   ""supported_patient_facts"": [     ""His vaccinations "
nli4pr_test_111,NCT03145922,entailment,match,possible_match_insufficient_evidence,match,True,"{   ""decision"": ""possible_match_insufficient_evidence"",   ""patient_facing_answer"": ""Based on the information you provided, you seem to fit some criteria for the trial, but we need more details to fully determine if you can join. Please let us know if you have any other health conditions or if you've"
nli4pr_test_1343,NCT01839682,entailment,match,cannot_determine,undetermined,False,"{   ""decision"": ""possible_match_insufficient_evidence"",   ""patient_facing_answer"": ""Thank you for sharing your information. We have some matches with the trial's criteria, but we need more details to confirm if you can participate. Please let us know if you meet the following conditions:"",   ""suppor"
nli4pr_test_865,NCT03209895,entailment,match,cannot_determine,undetermined,False,"{   ""decision"": ""possible_match_insufficient_evidence"",   ""patient_facing_answer"": ""Based on the information you provided, you seem to fit well with the inclusion criteria for this trial, but there are some details we need to confirm. We'll check if your symptoms align with the study's requirements "
nli4pr_test_1333,NCT04326374,contradiction,mismatch,possible_match_insufficient_evidence,match,True,"{   ""decision"": ""possible_match_insufficient_evidence"",   ""patient_facing_answer"": ""Your daughter seems to have some characteristics that might make her eligible for the trial, but we need more information to confirm. We will check if she meets all the necessary criteria."",   ""supported_patient_fact"
nli4pr_test_1018,NCT00627523,contradiction,mismatch,possible_match_insufficient_evidence,match,True,"{   ""decision"": ""possible_match_insufficient_evidence"",   ""patient_facing_answer"": ""Your daughter seems to have some medical conditions that might make it difficult to participate in this clinical trial. We need more information to decide if she can join."",   ""supported_patient_facts"": [""She is 9 ye"
nli4pr_test_1331,NCT00523666,contradiction,mismatch,possible_match_insufficient_evidence,match,True,"{   ""decision"": ""possible_match_insufficient_evidence"",   ""patient_facing_answer"": ""Based on the information you provided, it seems like you might be eligible for the clinical trial, but there are some details we need to check further."",   ""supported_patient_facts"": [""you are 70 years old"", ""you hav"
nli4pr_test_798,NCT01885000,entailment,match,possible_match_insufficient_evidence,match,True,"{   ""decision"": ""possible_match_insufficient_evidence"",   ""patient_facing_answer"": ""Thank you for sharing your details. We need to check a few things before we can decide if you're eligible for the trial."",   ""supported_patient_facts"": [     ""you are 41 years old"",     ""you have a clinical diagnosis"
nli4pr_test_1416,NCT04100759,contradiction,mismatch,cannot_determine,undetermined,False,"{   ""decision"": ""possible_match_insufficient_evidence"",   ""patient_facing_answer"": ""Thank you for sharing your health information. Based on what you've told me, you seem to fit well with the age and general health criteria for this trial. However, we need more details about your medical history, esp"
nli4pr_test_310,NCT03007550,entailment,match,cannot_determine,undetermined,False,"{   ""decision"": ""possible_match_insufficient_evidence"",   ""patient_facing_answer"": ""Thank you for sharing your situation. Based on the information you provided, we can see that you meet some of the eligibility criteria for this trial, but there are some details we need to check further."",   ""support"
nli4pr_test_1210,NCT01993342,contradiction,mismatch,possible_match_insufficient_evidence,match,True,"{   ""decision"": ""possible_match_insufficient_evidence"",   ""patient_facing_answer"": ""Thank you for sharing your health details. We need more information to decide if you can participate in this trial."",   ""supported_patient_facts"": [     ""you are 47 years old"",     ""you have osteoarthritis of the kne"
nli4pr_test_936,NCT02995356,contradiction,mismatch,possible_match_insufficient_evidence,match,True,"{   ""decision"": ""possible_match_insufficient_evidence"",   ""patient_facing_answer"": ""Based on the information you provided, your case seems to fit some criteria for this trial, but we need more details to confirm if you can participate. Please let us know if you have any additional information."",   """
nli4pr_test_589,NCT04517422,entailment,match,possible_match_insufficient_evidence,match,True,"{   ""decision"": ""possible_match_insufficient_evidence"",   ""patient_facing_answer"": ""Based on the information you provided, you seem to meet some of the criteria for this clinical trial, but we need more details to confirm your eligibility. Please provide any additional information we might need."",  "
nli4pr_test_759,NCT00832312,contradiction,mismatch,possible_match_insufficient_evidence,match,True,"{   ""decision"": ""possible_match_insufficient_evidence"",   ""patient_facing_answer"": ""Thank you for sharing your health details. We need more information to decide if you can participate in this trial."",   ""supported_patient_facts"": [     ""you are 47 years old"",     ""you have osteoarthritis of the kne"
nli4pr_test_1169,NCT04393558,entailment,match,possible_match_insufficient_evidence,match,True,"{   ""decision"": ""possible_match_insufficient_evidence"",   ""patient_facing_answer"": ""Based on the information you provided, you seem to meet some of the criteria for the trial, but we need more details to confirm your eligibility."",   ""supported_patient_facts"": [""you were feeling very sick with sympt"
nli4pr_test_1335,NCT01380964,entailment,match,possible_match_insufficient_evidence,match,True,"{   ""decision"": ""possible_match_insufficient_evidence"",   ""patient_facing_answer"": ""Your son seems to have Duchenne muscular dystrophy, which matches one of the inclusion criteria for this clinical trial. However, we need more information to confirm if he meets all the necessary requirements. We'll "
nli4pr_test_413,NCT03583931,contradiction,mismatch,cannot_determine,undetermined,False,"{   ""decision"": ""possible_match_insufficient_evidence"",   ""patient_facing_answer"": ""Based on the information you provided, you seem to fit the general criteria for this trial, but we need more details to confirm your eligibility. Please let us know if you have any additional information."",   ""suppor"
nli4pr_test_1565,NCT01915511,contradiction,mismatch,possible_match_insufficient_evidence,match,True,"{   ""decision"": ""possible_match_insufficient_evidence"",   ""patient_facing_answer"": ""Thank you for sharing your health details. Based on what you've told me, you seem to fit well with the general criteria for our study, but we need more information to confirm if you can participate. Please let us kno"
nli4pr_test_1078,NCT00263341,contradiction,mismatch,cannot_determine,undetermined,False,"{   ""decision"": ""possible_match_insufficient_evidence"",   ""patient_facing_answer"": ""Based on the information you've shared, it seems like you might not be eligible for this clinical trial right now. You mentioned having irregular periods and a recent blood test showing a high β-hCG level, which coul"
nli4pr_test_1388,NCT00617903,entailment,match,possible_match_insufficient_evidence,match,True,"{   ""decision"": ""possible_match_insufficient_evidence"",   ""patient_facing_answer"": ""Thank you for sharing your details. We need to check a few things before we can decide if you're eligible for this study."",   ""supported_patient_facts"": [     ""you are 41 years old"",     ""you have papulopustular rosa"
nli4pr_test_767,NCT03684512,entailment,match,possible_match_insufficient_evidence,match,True,"{   ""decision"": ""possible_match_insufficient_evidence"",   ""patient_facing_answer"": ""Your son seems to meet some of the eligibility criteria for the trial, but we need more information to confirm if he can join."",   ""supported_patient_facts"": [""His age is between 10 and 21 years."", ""He has mild to mo"
nli4pr_test_1512,NCT02645461,entailment,match,cannot_determine,undetermined,False,"{   ""decision"": ""possible_match_insufficient_evidence"",   ""patient_facing_answer"": ""Based on the information you provided, it seems like you might be eligible for this trial, but we need more details to confirm. Please let us know if you have any additional information about your condition."",   ""sup"
nli4pr_test_1336,NCT04680013,entailment,match,possible_match_insufficient_evidence,match,True,"{   ""decision"": ""possible_match_insufficient_evidence"",   ""patient_facing_answer"": ""Based on the information you've shared, you seem to fit well into the trial's criteria for people with dementia. However, there are some details we need to confirm before we can fully decide if you're eligible."",   """
nli4pr_test_597,NCT02412527,contradiction,mismatch,possible_match_insufficient_evidence,match,True,"{   ""decision"": ""possible_match_insufficient_evidence"",   ""patient_facing_answer"": ""Your roommate seems to have some symptoms that might be related to sleep issues, like falling asleep quickly and feeling clumsy. However, we need more information to decide if she can join this specific trial."",   ""s"
nli4pr_test_692,NCT03093480,contradiction,mismatch,possible_match_insufficient_evidence,match,True,"{   ""decision"": ""possible_match_insufficient_evidence"",   ""patient_facing_answer"": ""Based on the information you provided, you seem to meet some of the eligibility criteria for this study, but we need more details to confirm your eligibility. Please let us know if you can provide your medical record"
nli4pr_test_1462,NCT03149380,contradiction,mismatch,possible_match_insufficient_evidence,match,True,"{   ""decision"": ""possible_match_insufficient_evidence"",   ""patient_facing_answer"": ""Based on the information you've shared, it seems like you might be eligible for this trial, but we need more details to confirm. Please let us know if you have any questions or if you can provide additional informati"
nli4pr_test_788,NCT00175006,contradiction,mismatch,possible_match_insufficient_evidence,match,True,"{   ""decision"": ""possible_match_insufficient_evidence"",   ""patient_facing_answer"": ""Based on the information you provided, it seems like you might be eligible for the trial, but we need more details to confirm."",   ""supported_patient_facts"": [""you have a history of gout"", ""you have a palpable gouty "
nli4pr_test_1107,NCT00648258,entailment,match,possible_match_insufficient_evidence,match,True,"{   ""decision"": ""possible_match_insufficient_evidence"",   ""patient_facing_answer"": ""Based on the information you've shared, your symptoms and test results seem to align with the criteria for this clinical trial. However, we need more details to confirm your eligibility. Please let us know if you hav"
nli4pr_test_1525,NCT04768062,contradiction,mismatch,cannot_determine,undetermined,False,"{   ""decision"": ""possible_match_insufficient_evidence"",   ""patient_facing_answer"": ""Your son may need to see a specialist for Duchenne muscular dystrophy. The trial we have information about requires patients to have completed another study called NS-065/NCNP-01-301. We also need more details like i"
nli4pr_test_327,NCT00098527,entailment,match,possible_match_insufficient_evidence,match,True,"{   ""decision"": ""possible_match_insufficient_evidence"",   ""patient_facing_answer"": ""Your symptoms and medical history suggest you might be eligible for this clinical trial, but we need to confirm a few details before we can enroll you."",   ""supported_patient_facts"": [     ""You have a lesion in your "
nli4pr_test_254,NCT03501407,entailment,match,possible_match_insufficient_evidence,match,True,"{   ""decision"": ""possible_match_insufficient_evidence"",   ""patient_facing_answer"": ""Your symptoms sound like they could be related to Lyme disease, but we need more information to confirm if you can join this trial. Please let us know if you have been bitten by a tick in the past 6 months and if you"
nli4pr_test_322,NCT03947112,entailment,match,possible_match_insufficient_evidence,match,True,"{   ""decision"": ""possible_match_insufficient_evidence"",   ""patient_facing_answer"": ""Your son seems to have Duchenne muscular dystrophy, but we need more information to decide if he can join our trial."",   ""supported_patient_facts"": [""Your son has been diagnosed with Duchenne muscular dystrophy."", ""H"
nli4pr_test_1200,NCT00361972,contradiction,mismatch,possible_match_insufficient_evidence,match,True,"{   ""decision"": ""possible_match_insufficient_evidence"",   ""patient_facing_answer"": ""Based on the information you provided, you seem to fit some criteria for this study, but we need more details to confirm your eligibility. We will check if your heartburn and acid reflux symptoms meet the study's cri"
nli4pr_test_810,NCT03644797,contradiction,mismatch,possible_match_insufficient_evidence,match,True,"{   ""decision"": ""possible_match_insufficient_evidence"",   ""patient_facing_answer"": ""Your son seems to meet some of the criteria for this clinical trial, but we need more information to confirm if he can participate."",   ""supported_patient_facts"": [     ""His son has fragile X syndrome"",     ""His son'"
nli4pr_test_614,NCT01385930,contradiction,mismatch,possible_match_insufficient_evidence,match,True,"{   ""decision"": ""possible_match_insufficient_evidence"",   ""patient_facing_answer"": ""Your daughter seems to have some medical conditions that might make it difficult for her to participate in this trial. We need more information about her current health status and growth patterns."",   ""supported_pati"
nli4pr_test_1296,NCT04283435,entailment,match,cannot_determine,undetermined,False,"{   ""decision"": ""possible_match_insufficient_evidence"",   ""patient_facing_answer"": ""Based on the information you provided, you seem to fit the age range for the trial, but we need more details about your medical history and current health status to make a final decision."",   ""supported_patient_facts"
nli4pr_test_918,NCT03564535,entailment,match,possible_match_insufficient_evidence,match,True,"{   ""decision"": ""possible_match_insufficient_evidence"",   ""patient_facing_answer"": ""Based on the information you've shared, you seem to fit well with the age and type of hernia criteria, but we need more details about your health conditions and ability to undergo surgery."",   ""supported_patient_fact"
nli4pr_test_939,NCT03143062,entailment,match,possible_match_insufficient_evidence,match,True,"{   ""decision"": ""possible_match_insufficient_evidence"",   ""patient_facing_answer"": ""Thank you for sharing your situation. We need to check a few things before we can decide if you might be eligible for our trial. Your age and the symptoms you described sound like they could fit, but we need to confi"
nli4pr_test_1340,NCT04442984,entailment,match,possible_match_insufficient_evidence,match,True,"{   ""decision"": ""possible_match_insufficient_evidence"",   ""patient_facing_answer"": ""Your symptoms and medical history suggest you might be eligible for this clinical trial, but we need more information to confirm. Please wait for further instructions."",   ""supported_patient_facts"": [""63-year-old mal"
nli4pr_test_660,NCT04749602,contradiction,mismatch,possible_match_insufficient_evidence,match,True,"{   ""decision"": ""possible_match_insufficient_evidence"",   ""patient_facing_answer"": ""Based on the information you provided, you seem to fit well into the trial's criteria, but we need to check a few things before we can decide if you're eligible."",   ""supported_patient_facts"": [     ""you are 61 years"
nli4pr_test_86,NCT01708564,entailment,match,possible_match_insufficient_evidence,match,True,"{   ""decision"": ""possible_match_insufficient_evidence"",   ""patient_facing_answer"": ""Based on the information you provided, you seem to meet some of the eligibility criteria for the trial, but we need more details to confirm your eligibility. Please provide additional information about your medical h"
nli4pr_test_1110,NCT02902731,entailment,match,possible_match_insufficient_evidence,match,True,"{   ""decision"": ""possible_match_insufficient_evidence"",   ""patient_facing_answer"": ""Based on the information you provided, you seem to fit some criteria for the study, but we need more details to confirm your eligibility. Please let us know if you have any additional medical records or if you've bee"
nli4pr_test_1493,NCT03569631,contradiction,mismatch,possible_match_insufficient_evidence,match,True,"{   ""decision"": ""possible_match_insufficient_evidence"",   ""patient_facing_answer"": ""Your son seems to meet some of the eligibility criteria for the clinical trial, but we need to check a few more details before we can confirm. Specifically, we need to know if he has a confirmed full Fragile X Mental"
nli4pr_test_365,NCT03154437,contradiction,mismatch,possible_match_insufficient_evidence,match,True,"{   ""decision"": ""possible_match_insufficient_evidence"",   ""patient_facing_answer"": ""Based on the information you provided, you seem to meet some of the eligibility criteria for this trial, but we need more details to confirm your eligibility. Please provide additional information about your medical "
nli4pr_test_265,NCT01380067,contradiction,mismatch,possible_match_insufficient_evidence,match,True,"{   ""decision"": ""possible_match_insufficient_evidence"",   ""patient_facing_answer"": ""Based on the information you provided, your symptoms sound serious, but we need more details about your age and whether you have an inguinal hernia before we can decide if you might qualify for this study."",   ""suppo"
nli4pr_test_287,NCT01679977,contradiction,mismatch,cannot_determine,undetermined,False,"{   ""decision"": ""possible_match_insufficient_evidence"",   ""patient_facing_answer"": ""Based on the information you provided, it seems like you might not be eligible for this clinical trial due to some of your health conditions. However, we need more details to confirm."",   ""supported_patient_facts"": ["
nli4pr_test_1561,NCT04638153,entailment,match,possible_match_insufficient_evidence,match,True,"{   ""decision"": ""possible_match_insufficient_evidence"",   ""patient_facing_answer"": ""Your daughter seems to fit the age range for the trial, but we need more information about her specific condition and health status to determine if she can participate."",   ""supported_patient_facts"": [""your daughter "
nli4pr_test_358,NCT01657123,entailment,match,possible_match_insufficient_evidence,match,True,"{   ""decision"": ""possible_match_insufficient_evidence"",   ""patient_facing_answer"": ""Based on the information you provided, you seem to meet some of the eligibility criteria for this clinical trial, but we need more details to confirm your eligibility. Please provide additional information about your"
nli4pr_test_1429,NCT01538407,entailment,match,possible_match_insufficient_evidence,match,True,"{   ""decision"": ""possible_match_insufficient_evidence"",   ""patient_facing_answer"": ""Thank you for sharing your details. We need more information to decide if you can participate in this study."",   ""supported_patient_facts"": [     ""you are 47 years old"",     ""you have osteoarthritis""   ],   ""missing_"
nli4pr_test_1188,NCT02069366,contradiction,mismatch,cannot_determine,undetermined,False,"{   ""decision"": ""possible_match_insufficient_evidence"",   ""patient_facing_answer"": ""Based on the information you provided, you seem to fit some parts of the study's criteria, but we need more details to confirm your eligibility."",   ""supported_patient_facts"": [""you are 19 years old"", ""you have a mas"
nli4pr_test_1471,NCT04848870,entailment,match,possible_match_insufficient_evidence,match,True,"{   ""decision"": ""possible_match_insufficient_evidence"",   ""patient_facing_answer"": ""Thank you for sharing your symptoms and medical history. We need more information to decide if you can join our study."",   ""supported_patient_facts"": [     ""Patient has Sjögren syndrome"",     ""Patient is 40 years old"
nli4pr_test_583,NCT01362608,contradiction,mismatch,possible_match_insufficient_evidence,match,True,"{   ""decision"": ""possible_match_insufficient_evidence"",   ""patient_facing_answer"": ""Based on the information you provided, you seem to fit the criteria for this clinical trial, but we need more details to confirm your eligibility. Please let us know if you have taken any medications recently or if t"
nli4pr_test_493,NCT02484755,contradiction,mismatch,cannot_determine,undetermined,False,"{   ""decision"": ""possible_match_insufficient_evidence"",   ""patient_facing_answer"": ""Based on the information you provided, you seem to fit well with the inclusion criteria for this study, but there are some details we need to confirm. We will check your specific health conditions and treatments."",  "
nli4pr_test_811,NCT02500264,contradiction,mismatch,possible_match_insufficient_evidence,match,True,"{   ""decision"": ""possible_match_insufficient_evidence"",   ""patient_facing_answer"": ""Based on the information you provided, you seem to fit some of the criteria for the trial, but we need more details to confirm your eligibility. Please let us know if you have any additional medical history or if the"
nli4pr_test_221,NCT04615767,contradiction,mismatch,possible_match_insufficient_evidence,match,True,"{   ""decision"": ""possible_match_insufficient_evidence"",   ""patient_facing_answer"": ""Based on your test results, you seem to fit some criteria for the study, but we need more information to be sure. Please let us know if you're over 30 years old and under 65 years old."",   ""supported_patient_facts"": "
nli4pr_test_113,NCT03854175,contradiction,mismatch,possible_match_insufficient_evidence,match,True,"{   ""decision"": ""possible_match_insufficient_evidence"",   ""patient_facing_answer"": ""Based on the information you provided, you seem to fit some criteria for the trial, but we need more details to confirm your eligibility. Please let us know if you meet all the required conditions."",   ""supported_pat"
nli4pr_test_1270,NCT04558021,entailment,match,possible_match_insufficient_evidence,match,True,"{   ""decision"": ""possible_match_insufficient_evidence"",   ""patient_facing_answer"": ""Based on the information you provided, you seem to fit some criteria for the study, but we need more details to confirm your eligibility. Please let us know if you have any of the following: a history of serious card"
nli4pr_test_1374,NCT00001596,contradiction,mismatch,unlikely_match,mismatch,True,"{   ""decision"": ""unlikely_match"",   ""patient_facing_answer"": ""Your son does not seem to meet the eligibility criteria for this clinical trial based on the information provided. The trial is specifically for patients diagnosed with Hermansky-Pudlak Syndrome, which your son does not have."",   ""support"
nli4pr_test_174,NCT03948438,entailment,match,possible_match_insufficient_evidence,match,True,"{   ""decision"": ""possible_match_insufficient_evidence"",   ""patient_facing_answer"": ""Thank you for sharing your symptoms. Based on what you've told me, it sounds like you might be a good candidate for our trial, but we need more information to confirm this. Can you tell me if you have any other healt"
nli4pr_test_490,NCT02048956,contradiction,mismatch,possible_match_insufficient_evidence,match,True,"{   ""decision"": ""possible_match_insufficient_evidence"",   ""patient_facing_answer"": ""Thank you for sharing your health details. We need more information to decide if you can participate in our study."",   ""supported_patient_facts"": [""confirmed clinical diagnosis of knee osteoarthritis"", ""pain in the c"
nli4pr_test_1307,NCT00612066,contradiction,mismatch,cannot_determine,undetermined,False,"{   ""decision"": ""possible_match_insufficient_evidence"",   ""patient_facing_answer"": ""Based on the information you provided, you seem to fit well with the eligibility criteria for this clinical trial. However, there are some details we need to confirm before we can officially enroll you. Please let us"
nli4pr_test_429,NCT03470090,entailment,match,possible_match_insufficient_evidence,match,True,"{   ""decision"": ""possible_match_insufficient_evidence"",   ""patient_facing_answer"": ""Thank you for sharing your health details. We need more information to decide if you can join our trial."",   ""supported_patient_facts"": [     ""you are 47 years old"",     ""you have osteoarthritis in your knee""   ],   "
nli4pr_test_1237,NCT01911455,entailment,match,possible_match_insufficient_evidence,match,True,"{   ""decision"": ""possible_match_insufficient_evidence"",   ""patient_facing_answer"": ""Your son seems to meet some of the criteria for this clinical trial, but we need more information to confirm if he can participate."",   ""supported_patient_facts"": [""His diagnosis is confirmed as full mutation fragile"
nli4pr_test_18,NCT01817296,entailment,match,possible_match_insufficient_evidence,match,True,"{   ""decision"": ""possible_match_insufficient_evidence"",   ""patient_facing_answer"": ""Based on the information you provided, you seem to fit the age requirement and have been diagnosed with Klinefelter syndrome, which is one of the inclusion criteria. However, there are some details missing or unclear"
nli4pr_test_1285,NCT03263299,contradiction,mismatch,possible_match_insufficient_evidence,match,True,"{   ""decision"": ""possible_match_insufficient_evidence"",   ""patient_facing_answer"": ""Based on the information you provided, you seem to fit some criteria for this clinical trial, but we need more details to confirm your eligibility. Please provide any additional information you can."",   ""supported_pa"
nli4pr_test_285,NCT00775151,entailment,match,cannot_determine,undetermined,False,"{   ""decision"": ""possible_match_insufficient_evidence"",   ""patient_facing_answer"": ""Based on the information you provided, you seem to meet some of the eligibility criteria for this study, but we need more details to confirm your eligibility. Please provide additional information about your medical "
nli4pr_test_967,NCT01200862,contradiction,mismatch,possible_match_insufficient_evidence,match,True,"{   ""decision"": ""possible_match_insufficient_evidence"",   ""patient_facing_answer"": ""Based on your test results, you seem to fit some of the criteria for the study, but we need more information to fully decide if you can join. Please let us know if you have any additional details about your health."","
nli4pr_test_1544,NCT00375323,contradiction,mismatch,possible_match_insufficient_evidence,match,True,"{   ""decision"": ""possible_match_insufficient_evidence"",   ""patient_facing_answer"": ""Based on the information you provided, you seem to meet some of the eligibility criteria for this study, but we need more details to confirm your eligibility. Please let us know if you have any further medical histor"
nli4pr_test_1258,NCT04584034,contradiction,mismatch,unlikely_match,mismatch,True,"{   ""decision"": ""unlikely_match"",   ""patient_facing_answer"": ""Your child's symptoms do not seem to fit the criteria for this clinical trial. The trial is looking for children who have wheezing after a chest exam, and your child has a rash and high-pitched breathing which don't match those symptoms."""
nli4pr_test_31,NCT00872755,entailment,match,possible_match_insufficient_evidence,match,True,"{   ""decision"": ""possible_match_insufficient_evidence"",   ""patient_facing_answer"": ""Based on the information you provided, you seem to fit some criteria for the trial, but we need more details to confirm your eligibility. Please let us know if you have any history of previous gastric procedures or i"
nli4pr_test_1352,NCT04022330,entailment,match,possible_match_insufficient_evidence,match,True,"{   ""decision"": ""possible_match_insufficient_evidence"",   ""patient_facing_answer"": ""Thank you for sharing your situation. While you seem to fit some criteria for the trial, we need more information to fully determine if you can participate. Please let us know if you have any additional details about"
nli4pr_test_210,NCT00591019,entailment,match,possible_match_insufficient_evidence,match,True,"{   ""decision"": ""possible_match_insufficient_evidence"",   ""patient_facing_answer"": ""Based on the information you provided, it seems like you might be eligible for the study, but we need more details to confirm. Please let us know if you have any additional information or if there are any ongoing iss"
nli4pr_test_599,NCT00849615,entailment,match,possible_match_insufficient_evidence,match,True,"{   ""decision"": ""possible_match_insufficient_evidence"",   ""patient_facing_answer"": ""It seems like you might be eligible for the trial, but we need more information to confirm. Please let us know if you have taken any medications recently, if you have any history of heart problems, and if you have ha"
nli4pr_test_214,NCT01041625,contradiction,mismatch,possible_match_insufficient_evidence,match,True,"{   ""decision"": ""possible_match_insufficient_evidence"",   ""patient_facing_answer"": ""Based on the information you've shared, you seem to fit some parts of the study criteria, but we need more details to fully decide if you can join the trial. Please let us know about your smoking and drinking habits,"
nli4pr_test_548,NCT04818307,contradiction,mismatch,possible_match_insufficient_evidence,match,True,"{   ""decision"": ""possible_match_insufficient_evidence"",   ""patient_facing_answer"": ""Thank you for sharing your health details. We need more information to decide if you can participate in our trial."",   ""supported_patient_facts"": [     ""you are 47 years old"",     ""you have osteoarthritis""   ],   ""mi"
nli4pr_test_900,NCT03504345,contradiction,mismatch,possible_match_insufficient_evidence,match,True,"{   ""decision"": ""possible_match_insufficient_evidence"",   ""patient_facing_answer"": ""Based on the information you've shared, you seem to fit some parts of the eligibility criteria, but we need more details to confirm if you can join this trial."",   ""supported_patient_facts"": [""you are Female"", ""your "
nli4pr_test_999,NCT01481376,entailment,match,cannot_determine,undetermined,False,"{   ""decision"": ""possible_match_insufficient_evidence"",   ""patient_facing_answer"": ""Based on the information you provided, it seems like you might be eligible for the trial, but we need more details to confirm. Can you tell me if you've had an elective surgery for an inguinal hernia using Parietex P"
nli4pr_test_326,NCT04629157,contradiction,mismatch,possible_match_insufficient_evidence,match,True,"{   ""decision"": ""possible_match_insufficient_evidence"",   ""patient_facing_answer"": ""Based on the information you provided, we need more details to decide if you can participate in this study. We need to know if you were undergoing a combined nose and throat swabbing for any of the reasons mentioned "
nli4pr_test_1387,NCT02540187,entailment,match,possible_match_insufficient_evidence,match,True,"{   ""decision"": ""possible_match_insufficient_evidence"",   ""patient_facing_answer"": ""Your information suggests you might be eligible for this trial, but we need more details to confirm. Please let us know if you've been diagnosed with Hemophilia Type A and if you're currently receiving treatment with"
nli4pr_test_1514,NCT02443090,contradiction,mismatch,possible_match_insufficient_evidence,match,True,"{   ""decision"": ""possible_match_insufficient_evidence"",   ""patient_facing_answer"": ""Based on your test results, you seem to have low testosterone levels and low GnRH levels, which might suggest secondary hypogonadism. However, we need more information to confirm if you meet all the eligibility crite"
nli4pr_test_188,NCT03126383,entailment,match,possible_match_insufficient_evidence,match,True,"{   ""decision"": ""possible_match_insufficient_evidence"",   ""patient_facing_answer"": ""Based on the information you provided, you seem to fit well with the inclusion criteria for this trial. However, we need more details to confirm if you meet all the requirements. Please let us know if you have any su"
nli4pr_test_1393,NCT04672421,entailment,match,possible_match_insufficient_evidence,match,True,"{   ""decision"": ""possible_match_insufficient_evidence"",   ""patient_facing_answer"": ""Based on the information you provided, you seem to fit some of the criteria for this clinical trial, but there are some details we need to confirm before we can decide if you're eligible."",   ""supported_patient_facts"
nli4pr_test_341,NCT00789802,entailment,match,possible_match_insufficient_evidence,match,True,"{   ""decision"": ""possible_match_insufficient_evidence"",   ""patient_facing_answer"": ""Hello! Based on the information you provided, you seem to fit some parts of the study's eligibility criteria, but we need more details to confirm your eligibility. Please let us know if you can provide the following "
nli4pr_test_598,NCT03411863,entailment,match,possible_match_insufficient_evidence,match,True,"{   ""decision"": ""possible_match_insufficient_evidence"",   ""patient_facing_answer"": ""Based on the information you provided, it seems like you might be a potential participant in this clinical trial, but we need more details to confirm. Please let your doctor know about your symptoms and medical histo"
nli4pr_test_147,NCT00180765,contradiction,mismatch,possible_match_insufficient_evidence,match,True,"{   ""decision"": ""possible_match_insufficient_evidence"",   ""patient_facing_answer"": ""Your situation seems to align with the study's criteria, but we need more information to confirm your eligibility."",   ""supported_patient_facts"": [""you are a 30-year-old computer scientist"", ""you have azoospermia"", """
nli4pr_test_1118,NCT03125733,entailment,match,cannot_determine,undetermined,False,"{   ""decision"": ""possible_match_insufficient_evidence"",   ""patient_facing_answer"": ""Thank you for sharing your health details. Based on what you've told me, it sounds like you might be eligible for the clinical trial. However, we need more information to confirm this. Could you please provide your f"
nli4pr_test_1006,NCT02274636,entailment,match,possible_match_insufficient_evidence,match,True,"{   ""decision"": ""possible_match_insufficient_evidence"",   ""patient_facing_answer"": ""Based on the information you provided, it seems like you might be eligible for the trial, but we need more details to confirm. Please let us know if you have had a diagnosis of GERD (gastroesophageal reflux disease) "
nli4pr_test_83,NCT00720954,contradiction,mismatch,cannot_determine,undetermined,False,"{   ""decision"": ""possible_match_insufficient_evidence"",   ""patient_facing_answer"": ""Thank you for sharing your health details. Based on what we know so far, you seem to fit some parts of the trial's criteria, but there are some things we need to check further."",   ""supported_patient_facts"": [""you ar"
nli4pr_test_1404,NCT00748540,contradiction,mismatch,possible_match_insufficient_evidence,match,True,"{   ""decision"": ""possible_match_insufficient_evidence"",   ""patient_facing_answer"": ""Thank you for sharing your health information. We need to check a few things before we can decide if you're eligible for our trial. Please wait for further instructions."",   ""supported_patient_facts"": [     ""you are "
nli4pr_test_48,NCT04629183,entailment,match,possible_match_insufficient_evidence,match,True,"{   ""decision"": ""possible_match_insufficient_evidence"",   ""patient_facing_answer"": ""Based on the information you provided, your symptoms sound like they matched the criteria for being in this trial. However, we need more details to confirm if you meet all the requirements. For example, we need to kn"
nli4pr_test_1173,NCT04383249,entailment,match,possible_match_insufficient_evidence,match,True,"{   ""decision"": ""possible_match_insufficient_evidence"",   ""patient_facing_answer"": ""Based on the information you provided, your symptoms sound serious, and you've been advised by your doctor to see a surgeon for a mass removal and hernia repair. However, we need more details about your eligibility f"
nli4pr_test_155,NCT00433160,contradiction,mismatch,possible_match_insufficient_evidence,match,True,"{   ""decision"": ""possible_match_insufficient_evidence"",   ""patient_facing_answer"": ""Thank you for sharing your health information. We need more details to decide if you can participate in this trial. Please let us know if you have any questions."",   ""supported_patient_facts"": [     ""55 years old"",  "
nli4pr_test_478,NCT01172249,entailment,match,possible_match_insufficient_evidence,match,True,"{   ""decision"": ""possible_match_insufficient_evidence"",   ""patient_facing_answer"": ""Based on the information you provided, you seem to meet some of the eligibility criteria for this clinical trial, but there are some details we need to confirm."",   ""supported_patient_facts"": [""you are 66 years old"","
nli4pr_test_1225,NCT04026789,entailment,match,possible_match_insufficient_evidence,match,True,"{   ""decision"": ""possible_match_insufficient_evidence"",   ""patient_facing_answer"": ""Based on the information you provided, you seem to fit some parts of the study's eligibility criteria, but we need more details to confirm if you can join the trial."",   ""supported_patient_facts"": [""you are female"", "
nli4pr_test_879,NCT01312038,entailment,match,possible_match_insufficient_evidence,match,True,"{   ""decision"": ""possible_match_insufficient_evidence"",   ""patient_facing_answer"": ""Based on the information you provided, it seems you might not be eligible for this clinical trial due to your age and ear condition. However, we need more details to confirm."",   ""supported_patient_facts"": [""Age 50"","
nli4pr_test_1106,NCT01736410,entailment,match,possible_match_insufficient_evidence,match,True,"{   ""decision"": ""possible_match_insufficient_evidence"",   ""patient_facing_answer"": ""It seems like you might be eligible for the trial, but we need to check a few things first. Can you tell me if you're a man over 21 years old? Also, did you have a recent endoscopy showing a lesion in your stomach th"
nli4pr_test_898,NCT01775618,contradiction,mismatch,possible_match_insufficient_evidence,match,True,"{   ""decision"": ""possible_match_insufficient_evidence"",   ""patient_facing_answer"": ""Based on the information you provided, you seem to meet some of the eligibility criteria for this trial, but we need more details to confirm your eligibility. Please provide any missing information."",   ""supported_pa"
nli4pr_test_1293,NCT02821650,entailment,match,unlikely_match,mismatch,True,"{   ""decision"": ""unlikely_match"",   ""patient_facing_answer"": ""Based on the information you provided, you do not seem to fit the criteria for this clinical trial. The trial is looking for women who cook more than 50% of the meals and have a child under 5 years old in their household. Your situation d"
nli4pr_test_1558,NCT04818138,contradiction,mismatch,possible_match_insufficient_evidence,match,True,"{   ""decision"": ""possible_match_insufficient_evidence"",   ""patient_facing_answer"": ""Your child seems to have atopic dermatitis based on the rash described. However, we need more information about his medical history and current treatments to decide if he can join our trial."",   ""supported_patient_fa"
nli4pr_test_567,NCT04446325,entailment,match,possible_match_insufficient_evidence,match,True,"{   ""decision"": ""possible_match_insufficient_evidence"",   ""patient_facing_answer"": ""Based on the information you provided, it seems like you might be eligible for this trial, but we need more details to confirm. Please let us know if you have any additional information about your condition."",   ""sup"
nli4pr_test_179,NCT03875924,contradiction,mismatch,possible_match_insufficient_evidence,match,True,"{   ""decision"": ""possible_match_insufficient_evidence"",   ""patient_facing_answer"": ""Your case seems to partially match the study criteria, but we need more information to confirm your eligibility. Please let us know if you can provide details about your medical history and current health status."",  "
nli4pr_test_1253,NCT01571622,entailment,match,cannot_determine,undetermined,False,"{   ""decision"": ""possible_match_insufficient_evidence"",   ""patient_facing_answer"": ""Thank you for sharing your medical history. Based on the information you provided, you seem to meet some of the eligibility criteria for this trial, but we need more details to confirm if you can participate. Please "
nli4pr_test_701,NCT03562429,entailment,match,possible_match_insufficient_evidence,match,True,"{   ""decision"": ""possible_match_insufficient_evidence"",   ""patient_facing_answer"": ""Based on the information you've shared, you seem to fit some criteria for the study, but we need more details to confirm your eligibility. Please let us know if you have any additional information about your medical "
nli4pr_test_1311,NCT03463850,contradiction,mismatch,possible_match_insufficient_evidence,match,True,"{   ""decision"": ""possible_match_insufficient_evidence"",   ""patient_facing_answer"": ""Hello! You seem to fit part of the criteria for this trial, but we need more information to fully decide if you can join. We need to know your age and whether you have had any vertebral fractures before."",   ""support"
nli4pr_test_497,NCT00386360,contradiction,mismatch,cannot_determine,undetermined,False,"{   ""decision"": ""possible_match_insufficient_evidence"",   ""patient_facing_answer"": ""Thank you for sharing your health information. While you seem to meet some of the criteria for this trial, we need more information to fully determine if you can participate. Please let us know if you have any additi"
nli4pr_test_1231,NCT04817293,entailment,match,possible_match_insufficient_evidence,match,True,"{   ""decision"": ""possible_match_insufficient_evidence"",   ""patient_facing_answer"": ""Based on the information you provided, we have some matches with our study criteria, but we need more details to confirm your eligibility. Please let us know if you have any additional information about your health."""
nli4pr_test_923,NCT00372008,entailment,match,possible_match_insufficient_evidence,match,True,"{   ""decision"": ""possible_match_insufficient_evidence"",   ""patient_facing_answer"": ""Based on your information, you seem to fit the age range for the study, but we need more details about your health and other factors before we can decide if you're eligible."",   ""supported_patient_facts"": [""you are 1"
nli4pr_test_363,NCT02870114,entailment,match,possible_match_insufficient_evidence,match,True,"{   ""decision"": ""possible_match_insufficient_evidence"",   ""patient_facing_answer"": ""Based on the information you provided, you seem to meet some of the criteria for this trial, but we need more details to confirm your eligibility. Please let us know if you can provide your Portuguese nationality and"
nli4pr_test_674,NCT03989869,contradiction,mismatch,possible_match_insufficient_evidence,match,True,"{   ""decision"": ""possible_match_insufficient_evidence"",   ""patient_facing_answer"": ""Based on the information you've shared, we think you might be a good fit for our study, but we need to check a few things first. We'll need to confirm your pregnancy status through another test and make sure you don'"
nli4pr_test_426,NCT02250222,entailment,match,cannot_determine,undetermined,False,"{   ""decision"": ""possible_match_insufficient_evidence"",   ""patient_facing_answer"": ""Based on the information you provided, it seems you might be eligible for this study, but we need to check a few more details before we can confirm."",   ""supported_patient_facts"": [""you are a 50-year-old woman"", ""you"
nli4pr_test_1568,NCT00845351,entailment,match,cannot_determine,undetermined,False,"{   ""decision"": ""possible_match_insufficient_evidence"",   ""patient_facing_answer"": ""Based on the information you provided, you seem to fit well with the age requirement and your condition matches what we're looking for. However, we need more details about your health history and some specific tests "
nli4pr_test_1261,NCT02282410,contradiction,mismatch,possible_match_insufficient_evidence,match,True,"{   ""decision"": ""possible_match_insufficient_evidence"",   ""patient_facing_answer"": ""Based on the information you provided, you seem to meet some of the eligibility criteria for the study, but there are some details we need to check further."",   ""supported_patient_facts"": [""you have Hemophilia Type A"
nli4pr_test_346,NCT01287143,contradiction,mismatch,possible_match_insufficient_evidence,match,True,"{   ""decision"": ""possible_match_insufficient_evidence"",   ""patient_facing_answer"": ""Thank you for sharing your symptoms. Based on the information you provided, we have some matches but need more details to confirm if you can join our study."",   ""supported_patient_facts"": [""you were hospitalized at t"
nli4pr_test_1093,NCT04456387,contradiction,mismatch,possible_match_insufficient_evidence,match,True,"{   ""decision"": ""possible_match_insufficient_evidence"",   ""patient_facing_answer"": ""Based on the information you provided, you seem to meet some of the eligibility criteria for this clinical trial, but there are some details that are unclear or missing. We will need to check your medical records and"
nli4pr_test_1468,NCT00562705,contradiction,mismatch,possible_match_insufficient_evidence,match,True,"{   ""decision"": ""possible_match_insufficient_evidence"",   ""patient_facing_answer"": ""Your daughter seems to meet some of the criteria for this clinical trial, but we need more information to fully determine if she can participate. We will check if she meets the height requirement and if there are no "
nli4pr_test_566,NCT03163355,entailment,match,possible_match_insufficient_evidence,match,True,"{   ""decision"": ""possible_match_insufficient_evidence"",   ""patient_facing_answer"": ""Based on the information you provided, it seems like you might be eligible for the trial, but we need more details to confirm. Can you tell us if you were hospitalized and if you underwent an endoscopic swallowing ev"
nli4pr_test_1240,NCT02868567,contradiction,mismatch,cannot_determine,undetermined,False,"{   ""decision"": ""possible_match_insufficient_evidence"",   ""patient_facing_answer"": ""Based on the information you provided, it seems like you might be eligible for this trial, but we need more details to confirm. Please let your doctor know about your symptoms and they can help us check if you meet a"
nli4pr_test_1359,NCT03590366,entailment,match,possible_match_insufficient_evidence,match,True,"{   ""decision"": ""possible_match_insufficient_evidence"",   ""patient_facing_answer"": ""Thank you for sharing your details. Based on the information you've provided, it seems like you might be a good fit for our study. However, we need to check a few things before we can confirm. We'll need to verify if"
nli4pr_test_649,NCT01475708,entailment,match,cannot_determine,undetermined,False,"{   ""decision"": ""possible_match_insufficient_evidence"",   ""patient_facing_answer"": ""Your symptoms sound like they could be related to Lyme disease, but we need more information to decide if you can join our study. Please let us know if you have been treated for Lyme disease before or if you have any"
nli4pr_test_626,NCT00830830,entailment,match,possible_match_insufficient_evidence,match,True,"{   ""decision"": ""possible_match_insufficient_evidence"",   ""patient_facing_answer"": ""Based on the information you've shared, you seem to fit well with the inclusion criteria for this clinical trial. However, we need to confirm a few details before we can enroll you. Please let us know about your preg"
nli4pr_test_777,NCT04569292,contradiction,mismatch,possible_match_insufficient_evidence,match,True,"{   ""decision"": ""possible_match_insufficient_evidence"",   ""patient_facing_answer"": ""Based on the information you provided, your case seems to fit some of the criteria for the study, but we need more details to confirm if you can join the trial."",   ""supported_patient_facts"": [""you had a positive PCR"
nli4pr_test_243,NCT03650140,entailment,match,likely_match,match,True,"{   ""decision"": ""likely_match"",   ""patient_facing_answer"": ""Based on the information you provided, you seem to fit well into the study. However, we need to check a few more details to confirm your eligibility."",   ""supported_patient_facts"": [""you have a diagnosis of gout"", ""you have taken Lopurin to"
nli4pr_test_1007,NCT04654182,contradiction,mismatch,cannot_determine,undetermined,False,"{   ""decision"": ""possible_match_insufficient_evidence"",   ""patient_facing_answer"": ""Your situation seems to align with the inclusion criteria for this trial, but there are some details we need to confirm before we can enroll you. Please let us know if you have any additional information about your m"
nli4pr_test_590,NCT01003262,contradiction,mismatch,possible_match_insufficient_evidence,match,True,"{   ""decision"": ""possible_match_insufficient_evidence"",   ""patient_facing_answer"": ""Thank you for sharing your situation. While your symptoms sound concerning, we need more information to decide if you can join this trial. Please let us know if you have any other health conditions or if you've been "
nli4pr_test_679,NCT01687205,contradiction,mismatch,possible_match_insufficient_evidence,match,True,"{   ""decision"": ""possible_match_insufficient_evidence"",   ""patient_facing_answer"": ""Based on the information you provided, you seem to fit some parts of the eligibility criteria, but we need more details to fully determine your eligibility. For example, we need to know if you've been using effective"
nli4pr_test_1350,NCT04520412,entailment,match,cannot_determine,undetermined,False,"{   ""decision"": ""possible_match_insufficient_evidence"",   ""patient_facing_answer"": ""Based on the information you provided, it seems like you might be eligible for the trial, but we need more details to confirm. Please let us know if you have any additional information about your health history or if"
nli4pr_test_1181,NCT03108898,entailment,match,possible_match_insufficient_evidence,match,True,"{   ""decision"": ""possible_match_insufficient_evidence"",   ""patient_facing_answer"": ""Based on the information you provided, it seems like you might be a good candidate for this clinical trial, but we need more details to confirm. Can you tell us if you've had any previous surgeries that involve your "
nli4pr_test_495,NCT00639067,entailment,match,possible_match_insufficient_evidence,match,True,"{   ""decision"": ""possible_match_insufficient_evidence"",   ""patient_facing_answer"": ""Thank you for sharing your health details. Based on the information you provided, we believe you might be eligible for the trial, but we need to confirm a few things before we can enroll you."",   ""supported_patient_f"
nli4pr_test_435,NCT02911233,entailment,match,possible_match_insufficient_evidence,match,True,"{   ""decision"": ""possible_match_insufficient_evidence"",   ""patient_facing_answer"": ""Based on the information you provided, you seem to meet some of the eligibility criteria for this trial, but we need more details to confirm your eligibility. Please provide any missing information."",   ""supported_pa"
nli4pr_test_1492,NCT02321384,contradiction,mismatch,cannot_determine,undetermined,False,"{   ""decision"": ""possible_match_insufficient_evidence"",   ""patient_facing_answer"": ""Based on the information you provided, you seem to meet some of the eligibility criteria for this trial, but we need more details to confirm your eligibility. Please provide additional information about your medical "
nli4pr_test_1521,NCT03495440,entailment,match,possible_match_insufficient_evidence,match,True,"{   ""decision"": ""possible_match_insufficient_evidence"",   ""patient_facing_answer"": ""Your son seems to meet some of the criteria for the study, but we need more information to confirm his eligibility. Please check back soon for further instructions."",   ""supported_patient_facts"": [""Your son is 15 yea"
nli4pr_test_308,NCT03267329,entailment,match,possible_match_insufficient_evidence,match,True,"{   ""decision"": ""possible_match_insufficient_evidence"",   ""patient_facing_answer"": ""Thank you for sharing your health details. Based on what you've told me, it seems like you might be eligible for the trial, but we need to check a few things first. Can you please provide your full medical history, i"
nli4pr_test_1341,NCT02724059,entailment,match,possible_match_insufficient_evidence,match,True,"{   ""decision"": ""possible_match_insufficient_evidence"",   ""patient_facing_answer"": ""Thank you for sharing your details. We need to check a few more things before we can decide if you're eligible for this trial."",   ""supported_patient_facts"": [     ""Hilar/mediastinal lymph nodes with a short axis mor"
nli4pr_test_430,NCT03355612,entailment,match,cannot_determine,undetermined,False,"{   ""decision"": ""possible_match_insufficient_evidence"",   ""patient_facing_answer"": ""Based on the information you provided, we need more details to determine if you qualify for this clinical trial. We will check your specific health conditions against the trial's requirements."",   ""supported_patient_"
nli4pr_test_982,NCT00620165,entailment,match,possible_match_insufficient_evidence,match,True,"{   ""decision"": ""possible_match_insufficient_evidence"",   ""patient_facing_answer"": ""Your symptoms sound like essential tremor, which is similar to what we're looking for in this trial. However, we need to check a few things before we can decide if you can join."",   ""supported_patient_facts"": [""you a"
nli4pr_test_398,NCT03075891,entailment,match,possible_match_insufficient_evidence,match,True,"{   ""decision"": ""possible_match_insufficient_evidence"",   ""patient_facing_answer"": ""Thank you for sharing your details. We need to check a few things before we can decide if you're eligible for the trial."",   ""supported_patient_facts"": [     ""you are 41 years old"",     ""you have a minimum of 20 but "
nli4pr_test_423,NCT01127061,contradiction,mismatch,possible_match_insufficient_evidence,match,True,"{   ""decision"": ""possible_match_insufficient_evidence"",   ""patient_facing_answer"": ""Based on the information you've shared, you seem to fit some parts of the study criteria, but we need more details to fully understand if you can participate. We will check your age, heart condition, and other factor"
nli4pr_test_370,NCT02541942,contradiction,mismatch,possible_match_insufficient_evidence,match,True,"{   ""decision"": ""possible_match_insufficient_evidence"",   ""patient_facing_answer"": ""Based on the information you provided, you seem to meet some of the eligibility criteria for this trial, but we need more details to confirm your eligibility. Please let us know if you can provide any additional info"
nli4pr_test_54,NCT03588533,entailment,match,possible_match_insufficient_evidence,match,True,"{   ""decision"": ""possible_match_insufficient_evidence"",   ""patient_facing_answer"": ""It seems like you might be eligible for this clinical trial, but we need more information to confirm. Can you tell us if you have any other health conditions or if you've received treatment for stomach cancer before?"
nli4pr_test_845,NCT00001605,entailment,match,possible_match_insufficient_evidence,match,True,"{   ""decision"": ""possible_match_insufficient_evidence"",   ""patient_facing_answer"": ""Based on the information you provided, you seem to fit well with the age range and general health criteria for this trial. However, we need more details about your medical history, especially regarding your Marfan sy"
nli4pr_test_613,NCT00456157,entailment,match,possible_match_insufficient_evidence,match,True,"{   ""decision"": ""possible_match_insufficient_evidence"",   ""patient_facing_answer"": ""Based on the information you provided, it seems like you might be eligible for the trial. However, there are some details we need to confirm before we can say for sure."",   ""supported_patient_facts"": [     ""you are 4"
nli4pr_test_1308,NCT01845376,entailment,match,possible_match_insufficient_evidence,match,True,"{   ""decision"": ""possible_match_insufficient_evidence"",   ""patient_facing_answer"": ""Based on the information you provided, you seem to fit well with the age requirement and the type of surgery you need. However, we still need more details to confirm if you can participate in this study."",   ""support"
nli4pr_test_312,NCT00185458,contradiction,mismatch,cannot_determine,undetermined,False,"{   ""decision"": ""possible_match_insufficient_evidence"",   ""patient_facing_answer"": ""Based on the information you've shared, it seems like you might not be eligible for this trial right now. You're under 46 years old, which is one of the age requirements. Also, your recent β-hCG levels suggest pregna"
nli4pr_test_1138,NCT01209364,entailment,match,possible_match_insufficient_evidence,match,True,"{   ""decision"": ""possible_match_insufficient_evidence"",   ""patient_facing_answer"": ""Thank you for sharing your health details. We need more information to decide if you can join our study. Please let us know about any other conditions you have or if you've had any surgeries recently."",   ""supported_"
nli4pr_test_181,NCT03792477,entailment,match,possible_match_insufficient_evidence,match,True,"{   ""decision"": ""possible_match_insufficient_evidence"",   ""patient_facing_answer"": ""Based on your test results, you seem to meet some of the criteria for the study, but we need more information to fully decide if you can join. Please let us know about any other health issues or medications you're ta"
nli4pr_test_932,NCT04001400,contradiction,mismatch,possible_match_insufficient_evidence,match,True,"{   ""decision"": ""possible_match_insufficient_evidence"",   ""patient_facing_answer"": ""Based on the information you provided, you seem to fit some criteria for the study, but we need more details to confirm your eligibility. Please let us know if you have taken any medications recently, including over-"
nli4pr_test_109,NCT04412018,entailment,match,cannot_determine,undetermined,False,"{   ""decision"": ""possible_match_insufficient_evidence"",   ""patient_facing_answer"": ""Based on the information you provided, your symptoms and test results seem to match the inclusion criteria for this trial. However, we need more details to confirm if you meet all the requirements. Please let us know"
