rho,tau,mu,kap,n,n_accept,accept_rate,abstain_rate,tp_any,fp_any,fn_any,tn_any,precision_any,recall_any,f1_any,tp_strict,fp_strict,fn_strict,precision_strict,recall_strict,f1_strict,n_generic,generic_accepted,generic_abstain_rate
1.0,0.15,-7.0,1,150,107,0.7133333333333334,0.2866666666666666,16,65,5,14,0.19753086419753085,0.7619047619047619,0.31372549019607837,5,76,4,0.06172839506172839,0.5555555555555556,0.1111111111111111,22,0,1.0
1.0,0.15,-7.0,2,150,122,0.8133333333333334,0.18666666666666665,19,75,2,4,0.20212765957446807,0.9047619047619048,0.3304347826086957,7,87,2,0.07446808510638298,0.7777777777777778,0.13592233009708737,22,0,1.0
1.0,0.15,-7.0,3,150,127,0.8466666666666667,0.15333333333333332,21,78,0,1,0.21212121212121213,1.0,0.35,9,90,0,0.09090909090909091,1.0,0.16666666666666669,22,0,1.0
1.0,0.15,-7.0,5,150,127,0.8466666666666667,0.15333333333333332,21,78,0,1,0.21212121212121213,1.0,0.35,9,90,0,0.09090909090909091,1.0,0.16666666666666669,22,0,1.0
1.0,0.15,-7.0,999,150,127,0.8466666666666667,0.15333333333333332,21,78,0,1,0.21212121212121213,1.0,0.35,9,90,0,0.09090909090909091,1.0,0.16666666666666669,22,0,1.0
1.0,0.15,-6.0,1,150,95,0.6333333333333333,0.3666666666666667,14,55,7,24,0.2028985507246377,0.6666666666666666,0.3111111111111111,4,65,5,0.057971014492753624,0.4444444444444444,0.10256410256410256,22,0,1.0
1.0,0.15,-6.0,2,150,108,0.72,0.28,16,64,5,15,0.2,0.7619047619047619,0.3168316831683169,5,75,4,0.0625,0.5555555555555556,0.11235955056179775,22,0,1.0
1.0,0.15,-6.0,3,150,112,0.7466666666666667,0.2533333333333333,18,66,3,13,0.21428571428571427,0.8571428571428571,0.34285714285714286,7,77,2,0.08333333333333333,0.7777777777777778,0.15053763440860213,22,0,1.0
1.0,0.15,-6.0,5,150,112,0.7466666666666667,0.2533333333333333,18,66,3,13,0.21428571428571427,0.8571428571428571,0.34285714285714286,7,77,2,0.08333333333333333,0.7777777777777778,0.15053763440860213,22,0,1.0
1.0,0.15,-6.0,999,150,112,0.7466666666666667,0.2533333333333333,18,66,3,13,0.21428571428571427,0.8571428571428571,0.34285714285714286,7,77,2,0.08333333333333333,0.7777777777777778,0.15053763440860213,22,0,1.0
1.0,0.15,-5.0,1,150,77,0.5133333333333333,0.4866666666666667,13,41,8,38,0.24074074074074073,0.6190476190476191,0.3466666666666667,4,50,5,0.07407407407407407,0.4444444444444444,0.12698412698412698,22,0,1.0
1.0,0.15,-5.0,2,150,87,0.58,0.42000000000000004,15,47,6,32,0.24193548387096775,0.7142857142857143,0.3614457831325301,5,57,4,0.08064516129032258,0.5555555555555556,0.1408450704225352,22,0,1.0
1.0,0.15,-5.0,3,150,91,0.6066666666666667,0.3933333333333333,17,49,4,30,0.25757575757575757,0.8095238095238095,0.39080459770114945,7,59,2,0.10606060606060606,0.7777777777777778,0.18666666666666665,22,0,1.0
1.0,0.15,-5.0,5,150,91,0.6066666666666667,0.3933333333333333,17,49,4,30,0.25757575757575757,0.8095238095238095,0.39080459770114945,7,59,2,0.10606060606060606,0.7777777777777778,0.18666666666666665,22,0,1.0
1.0,0.15,-5.0,999,150,91,0.6066666666666667,0.3933333333333333,17,49,4,30,0.25757575757575757,0.8095238095238095,0.39080459770114945,7,59,2,0.10606060606060606,0.7777777777777778,0.18666666666666665,22,0,1.0
1.0,0.15,-4.5,1,150,54,0.36,0.64,11,26,10,53,0.2972972972972973,0.5238095238095238,0.37931034482758624,2,35,7,0.05405405405405406,0.2222222222222222,0.08695652173913043,22,0,1.0
1.0,0.15,-4.5,2,150,64,0.4266666666666667,0.5733333333333333,13,32,8,47,0.28888888888888886,0.6190476190476191,0.3939393939393939,3,42,6,0.06666666666666667,0.3333333333333333,0.1111111111111111,22,0,1.0
1.0,0.15,-4.5,3,150,67,0.44666666666666666,0.5533333333333333,14,34,7,45,0.2916666666666667,0.6666666666666666,0.4057971014492754,4,44,5,0.08333333333333333,0.4444444444444444,0.14035087719298245,22,0,1.0
1.0,0.15,-4.5,5,150,67,0.44666666666666666,0.5533333333333333,14,34,7,45,0.2916666666666667,0.6666666666666666,0.4057971014492754,4,44,5,0.08333333333333333,0.4444444444444444,0.14035087719298245,22,0,1.0
1.0,0.15,-4.5,999,150,67,0.44666666666666666,0.5533333333333333,14,34,7,45,0.2916666666666667,0.6666666666666666,0.4057971014492754,4,44,5,0.08333333333333333,0.4444444444444444,0.14035087719298245,22,0,1.0
1.0,0.15,-4.0,1,150,39,0.26,0.74,8,17,13,62,0.32,0.38095238095238093,0.34782608695652173,2,23,7,0.08,0.2222222222222222,0.11764705882352941,22,0,1.0
1.0,0.15,-4.0,2,150,47,0.31333333333333335,0.6866666666666666,10,22,11,57,0.3125,0.47619047619047616,0.37735849056603776,3,29,6,0.09375,0.3333333333333333,0.14634146341463417,22,0,1.0
1.0,0.15,-4.0,3,150,48,0.32,0.6799999999999999,11,22,10,57,0.3333333333333333,0.5238095238095238,0.40740740740740733,4,29,5,0.12121212121212122,0.4444444444444444,0.19047619047619047,22,0,1.0
1.0,0.15,-4.0,5,150,48,0.32,0.6799999999999999,11,22,10,57,0.3333333333333333,0.5238095238095238,0.40740740740740733,4,29,5,0.12121212121212122,0.4444444444444444,0.19047619047619047,22,0,1.0
1.0,0.15,-4.0,999,150,48,0.32,0.6799999999999999,11,22,10,57,0.3333333333333333,0.5238095238095238,0.40740740740740733,4,29,5,0.12121212121212122,0.4444444444444444,0.19047619047619047,22,0,1.0
1.0,0.15,-3.0,1,150,25,0.16666666666666666,0.8333333333333334,4,7,17,72,0.36363636363636365,0.19047619047619047,0.25,1,10,8,0.09090909090909091,0.1111111111111111,0.09999999999999999,22,0,1.0
1.0,0.15,-3.0,2,150,28,0.18666666666666668,0.8133333333333334,5,9,16,70,0.35714285714285715,0.23809523809523808,0.2857142857142857,2,12,7,0.14285714285714285,0.2222222222222222,0.17391304347826086,22,0,1.0
1.0,0.15,-3.0,3,150,29,0.19333333333333333,0.8066666666666666,6,9,15,70,0.4,0.2857142857142857,0.3333333333333333,3,12,6,0.2,0.3333333333333333,0.25,22,0,1.0
1.0,0.15,-3.0,5,150,29,0.19333333333333333,0.8066666666666666,6,9,15,70,0.4,0.2857142857142857,0.3333333333333333,3,12,6,0.2,0.3333333333333333,0.25,22,0,1.0
1.0,0.15,-3.0,999,150,29,0.19333333333333333,0.8066666666666666,6,9,15,70,0.4,0.2857142857142857,0.3333333333333333,3,12,6,0.2,0.3333333333333333,0.25,22,0,1.0
1.0,0.15,-2.0,1,150,17,0.11333333333333333,0.8866666666666667,3,3,18,76,0.5,0.14285714285714285,0.22222222222222224,1,5,8,0.16666666666666666,0.1111111111111111,0.13333333333333333,22,0,1.0
1.0,0.15,-2.0,2,150,19,0.12666666666666668,0.8733333333333333,4,4,17,75,0.5,0.19047619047619047,0.27586206896551724,2,6,7,0.25,0.2222222222222222,0.23529411764705882,22,0,1.0
1.0,0.15,-2.0,3,150,20,0.13333333333333333,0.8666666666666667,5,4,16,75,0.5555555555555556,0.23809523809523808,0.33333333333333326,3,6,6,0.3333333333333333,0.3333333333333333,0.3333333333333333,22,0,1.0
1.0,0.15,-2.0,5,150,20,0.13333333333333333,0.8666666666666667,5,4,16,75,0.5555555555555556,0.23809523809523808,0.33333333333333326,3,6,6,0.3333333333333333,0.3333333333333333,0.3333333333333333,22,0,1.0
1.0,0.15,-2.0,999,150,20,0.13333333333333333,0.8666666666666667,5,4,16,75,0.5555555555555556,0.23809523809523808,0.33333333333333326,3,6,6,0.3333333333333333,0.3333333333333333,0.3333333333333333,22,0,1.0
1.0,0.15,0.0,1,150,4,0.02666666666666667,0.9733333333333334,0,0,21,79,0.0,0.0,0.0,0,0,9,0.0,0.0,0.0,22,0,1.0
1.0,0.15,0.0,2,150,4,0.02666666666666667,0.9733333333333334,0,0,21,79,0.0,0.0,0.0,0,0,9,0.0,0.0,0.0,22,0,1.0
1.0,0.15,0.0,3,150,4,0.02666666666666667,0.9733333333333334,0,0,21,79,0.0,0.0,0.0,0,0,9,0.0,0.0,0.0,22,0,1.0
1.0,0.15,0.0,5,150,4,0.02666666666666667,0.9733333333333334,0,0,21,79,0.0,0.0,0.0,0,0,9,0.0,0.0,0.0,22,0,1.0
1.0,0.15,0.0,999,150,4,0.02666666666666667,0.9733333333333334,0,0,21,79,0.0,0.0,0.0,0,0,9,0.0,0.0,0.0,22,0,1.0
1.0,0.15,1.0,1,150,3,0.02,0.98,0,0,21,79,0.0,0.0,0.0,0,0,9,0.0,0.0,0.0,22,0,1.0
1.0,0.15,1.0,2,150,3,0.02,0.98,0,0,21,79,0.0,0.0,0.0,0,0,9,0.0,0.0,0.0,22,0,1.0
1.0,0.15,1.0,3,150,3,0.02,0.98,0,0,21,79,0.0,0.0,0.0,0,0,9,0.0,0.0,0.0,22,0,1.0
1.0,0.15,1.0,5,150,3,0.02,0.98,0,0,21,79,0.0,0.0,0.0,0,0,9,0.0,0.0,0.0,22,0,1.0
1.0,0.15,1.0,999,150,3,0.02,0.98,0,0,21,79,0.0,0.0,0.0,0,0,9,0.0,0.0,0.0,22,0,1.0
1.0,0.2,-7.0,1,150,107,0.7133333333333334,0.2866666666666666,16,65,5,14,0.19753086419753085,0.7619047619047619,0.31372549019607837,5,76,4,0.06172839506172839,0.5555555555555556,0.1111111111111111,22,0,1.0
1.0,0.2,-7.0,2,150,122,0.8133333333333334,0.18666666666666665,19,75,2,4,0.20212765957446807,0.9047619047619048,0.3304347826086957,7,87,2,0.07446808510638298,0.7777777777777778,0.13592233009708737,22,0,1.0
1.0,0.2,-7.0,3,150,127,0.8466666666666667,0.15333333333333332,21,78,0,1,0.21212121212121213,1.0,0.35,9,90,0,0.09090909090909091,1.0,0.16666666666666669,22,0,1.0
1.0,0.2,-7.0,5,150,127,0.8466666666666667,0.15333333333333332,21,78,0,1,0.21212121212121213,1.0,0.35,9,90,0,0.09090909090909091,1.0,0.16666666666666669,22,0,1.0
1.0,0.2,-7.0,999,150,127,0.8466666666666667,0.15333333333333332,21,78,0,1,0.21212121212121213,1.0,0.35,9,90,0,0.09090909090909091,1.0,0.16666666666666669,22,0,1.0
1.0,0.2,-6.0,1,150,95,0.6333333333333333,0.3666666666666667,14,55,7,24,0.2028985507246377,0.6666666666666666,0.3111111111111111,4,65,5,0.057971014492753624,0.4444444444444444,0.10256410256410256,22,0,1.0
1.0,0.2,-6.0,2,150,108,0.72,0.28,16,64,5,15,0.2,0.7619047619047619,0.3168316831683169,5,75,4,0.0625,0.5555555555555556,0.11235955056179775,22,0,1.0
1.0,0.2,-6.0,3,150,112,0.7466666666666667,0.2533333333333333,18,66,3,13,0.21428571428571427,0.8571428571428571,0.34285714285714286,7,77,2,0.08333333333333333,0.7777777777777778,0.15053763440860213,22,0,1.0
1.0,0.2,-6.0,5,150,112,0.7466666666666667,0.2533333333333333,18,66,3,13,0.21428571428571427,0.8571428571428571,0.34285714285714286,7,77,2,0.08333333333333333,0.7777777777777778,0.15053763440860213,22,0,1.0
1.0,0.2,-6.0,999,150,112,0.7466666666666667,0.2533333333333333,18,66,3,13,0.21428571428571427,0.8571428571428571,0.34285714285714286,7,77,2,0.08333333333333333,0.7777777777777778,0.15053763440860213,22,0,1.0
1.0,0.2,-5.0,1,150,77,0.5133333333333333,0.4866666666666667,13,41,8,38,0.24074074074074073,0.6190476190476191,0.3466666666666667,4,50,5,0.07407407407407407,0.4444444444444444,0.12698412698412698,22,0,1.0
1.0,0.2,-5.0,2,150,87,0.58,0.42000000000000004,15,47,6,32,0.24193548387096775,0.7142857142857143,0.3614457831325301,5,57,4,0.08064516129032258,0.5555555555555556,0.1408450704225352,22,0,1.0
1.0,0.2,-5.0,3,150,91,0.6066666666666667,0.3933333333333333,17,49,4,30,0.25757575757575757,0.8095238095238095,0.39080459770114945,7,59,2,0.10606060606060606,0.7777777777777778,0.18666666666666665,22,0,1.0
1.0,0.2,-5.0,5,150,91,0.6066666666666667,0.3933333333333333,17,49,4,30,0.25757575757575757,0.8095238095238095,0.39080459770114945,7,59,2,0.10606060606060606,0.7777777777777778,0.18666666666666665,22,0,1.0
1.0,0.2,-5.0,999,150,91,0.6066666666666667,0.3933333333333333,17,49,4,30,0.25757575757575757,0.8095238095238095,0.39080459770114945,7,59,2,0.10606060606060606,0.7777777777777778,0.18666666666666665,22,0,1.0
1.0,0.2,-4.5,1,150,54,0.36,0.64,11,26,10,53,0.2972972972972973,0.5238095238095238,0.37931034482758624,2,35,7,0.05405405405405406,0.2222222222222222,0.08695652173913043,22,0,1.0
1.0,0.2,-4.5,2,150,64,0.4266666666666667,0.5733333333333333,13,32,8,47,0.28888888888888886,0.6190476190476191,0.3939393939393939,3,42,6,0.06666666666666667,0.3333333333333333,0.1111111111111111,22,0,1.0
1.0,0.2,-4.5,3,150,67,0.44666666666666666,0.5533333333333333,14,34,7,45,0.2916666666666667,0.6666666666666666,0.4057971014492754,4,44,5,0.08333333333333333,0.4444444444444444,0.14035087719298245,22,0,1.0
1.0,0.2,-4.5,5,150,67,0.44666666666666666,0.5533333333333333,14,34,7,45,0.2916666666666667,0.6666666666666666,0.4057971014492754,4,44,5,0.08333333333333333,0.4444444444444444,0.14035087719298245,22,0,1.0
1.0,0.2,-4.5,999,150,67,0.44666666666666666,0.5533333333333333,14,34,7,45,0.2916666666666667,0.6666666666666666,0.4057971014492754,4,44,5,0.08333333333333333,0.4444444444444444,0.14035087719298245,22,0,1.0
1.0,0.2,-4.0,1,150,39,0.26,0.74,8,17,13,62,0.32,0.38095238095238093,0.34782608695652173,2,23,7,0.08,0.2222222222222222,0.11764705882352941,22,0,1.0
1.0,0.2,-4.0,2,150,47,0.31333333333333335,0.6866666666666666,10,22,11,57,0.3125,0.47619047619047616,0.37735849056603776,3,29,6,0.09375,0.3333333333333333,0.14634146341463417,22,0,1.0
1.0,0.2,-4.0,3,150,48,0.32,0.6799999999999999,11,22,10,57,0.3333333333333333,0.5238095238095238,0.40740740740740733,4,29,5,0.12121212121212122,0.4444444444444444,0.19047619047619047,22,0,1.0
1.0,0.2,-4.0,5,150,48,0.32,0.6799999999999999,11,22,10,57,0.3333333333333333,0.5238095238095238,0.40740740740740733,4,29,5,0.12121212121212122,0.4444444444444444,0.19047619047619047,22,0,1.0
1.0,0.2,-4.0,999,150,48,0.32,0.6799999999999999,11,22,10,57,0.3333333333333333,0.5238095238095238,0.40740740740740733,4,29,5,0.12121212121212122,0.4444444444444444,0.19047619047619047,22,0,1.0
1.0,0.2,-3.0,1,150,25,0.16666666666666666,0.8333333333333334,4,7,17,72,0.36363636363636365,0.19047619047619047,0.25,1,10,8,0.09090909090909091,0.1111111111111111,0.09999999999999999,22,0,1.0
1.0,0.2,-3.0,2,150,28,0.18666666666666668,0.8133333333333334,5,9,16,70,0.35714285714285715,0.23809523809523808,0.2857142857142857,2,12,7,0.14285714285714285,0.2222222222222222,0.17391304347826086,22,0,1.0
1.0,0.2,-3.0,3,150,29,0.19333333333333333,0.8066666666666666,6,9,15,70,0.4,0.2857142857142857,0.3333333333333333,3,12,6,0.2,0.3333333333333333,0.25,22,0,1.0
1.0,0.2,-3.0,5,150,29,0.19333333333333333,0.8066666666666666,6,9,15,70,0.4,0.2857142857142857,0.3333333333333333,3,12,6,0.2,0.3333333333333333,0.25,22,0,1.0
1.0,0.2,-3.0,999,150,29,0.19333333333333333,0.8066666666666666,6,9,15,70,0.4,0.2857142857142857,0.3333333333333333,3,12,6,0.2,0.3333333333333333,0.25,22,0,1.0
1.0,0.2,-2.0,1,150,17,0.11333333333333333,0.8866666666666667,3,3,18,76,0.5,0.14285714285714285,0.22222222222222224,1,5,8,0.16666666666666666,0.1111111111111111,0.13333333333333333,22,0,1.0
1.0,0.2,-2.0,2,150,19,0.12666666666666668,0.8733333333333333,4,4,17,75,0.5,0.19047619047619047,0.27586206896551724,2,6,7,0.25,0.2222222222222222,0.23529411764705882,22,0,1.0
1.0,0.2,-2.0,3,150,20,0.13333333333333333,0.8666666666666667,5,4,16,75,0.5555555555555556,0.23809523809523808,0.33333333333333326,3,6,6,0.3333333333333333,0.3333333333333333,0.3333333333333333,22,0,1.0
1.0,0.2,-2.0,5,150,20,0.13333333333333333,0.8666666666666667,5,4,16,75,0.5555555555555556,0.23809523809523808,0.33333333333333326,3,6,6,0.3333333333333333,0.3333333333333333,0.3333333333333333,22,0,1.0
1.0,0.2,-2.0,999,150,20,0.13333333333333333,0.8666666666666667,5,4,16,75,0.5555555555555556,0.23809523809523808,0.33333333333333326,3,6,6,0.3333333333333333,0.3333333333333333,0.3333333333333333,22,0,1.0
1.0,0.2,0.0,1,150,4,0.02666666666666667,0.9733333333333334,0,0,21,79,0.0,0.0,0.0,0,0,9,0.0,0.0,0.0,22,0,1.0
1.0,0.2,0.0,2,150,4,0.02666666666666667,0.9733333333333334,0,0,21,79,0.0,0.0,0.0,0,0,9,0.0,0.0,0.0,22,0,1.0
1.0,0.2,0.0,3,150,4,0.02666666666666667,0.9733333333333334,0,0,21,79,0.0,0.0,0.0,0,0,9,0.0,0.0,0.0,22,0,1.0
1.0,0.2,0.0,5,150,4,0.02666666666666667,0.9733333333333334,0,0,21,79,0.0,0.0,0.0,0,0,9,0.0,0.0,0.0,22,0,1.0
1.0,0.2,0.0,999,150,4,0.02666666666666667,0.9733333333333334,0,0,21,79,0.0,0.0,0.0,0,0,9,0.0,0.0,0.0,22,0,1.0
1.0,0.2,1.0,1,150,3,0.02,0.98,0,0,21,79,0.0,0.0,0.0,0,0,9,0.0,0.0,0.0,22,0,1.0
1.0,0.2,1.0,2,150,3,0.02,0.98,0,0,21,79,0.0,0.0,0.0,0,0,9,0.0,0.0,0.0,22,0,1.0
1.0,0.2,1.0,3,150,3,0.02,0.98,0,0,21,79,0.0,0.0,0.0,0,0,9,0.0,0.0,0.0,22,0,1.0
1.0,0.2,1.0,5,150,3,0.02,0.98,0,0,21,79,0.0,0.0,0.0,0,0,9,0.0,0.0,0.0,22,0,1.0
1.0,0.2,1.0,999,150,3,0.02,0.98,0,0,21,79,0.0,0.0,0.0,0,0,9,0.0,0.0,0.0,22,0,1.0
1.0,0.25,-7.0,1,150,92,0.6133333333333333,0.3866666666666667,15,54,6,25,0.21739130434782608,0.7142857142857143,0.3333333333333333,5,64,4,0.07246376811594203,0.5555555555555556,0.12820512820512822,22,0,1.0
1.0,0.25,-7.0,2,150,107,0.7133333333333334,0.2866666666666666,18,64,3,15,0.21951219512195122,0.8571428571428571,0.3495145631067961,7,75,2,0.08536585365853659,0.7777777777777778,0.15384615384615385,22,0,1.0
1.0,0.25,-7.0,3,150,111,0.74,0.26,20,66,1,13,0.23255813953488372,0.9523809523809523,0.37383177570093457,9,77,0,0.10465116279069768,1.0,0.18947368421052632,22,0,1.0
1.0,0.25,-7.0,5,150,111,0.74,0.26,20,66,1,13,0.23255813953488372,0.9523809523809523,0.37383177570093457,9,77,0,0.10465116279069768,1.0,0.18947368421052632,22,0,1.0
1.0,0.25,-7.0,999,150,111,0.74,0.26,20,66,1,13,0.23255813953488372,0.9523809523809523,0.37383177570093457,9,77,0,0.10465116279069768,1.0,0.18947368421052632,22,0,1.0
1.0,0.25,-6.0,1,150,83,0.5533333333333333,0.44666666666666666,13,47,8,32,0.21666666666666667,0.6190476190476191,0.32098765432098764,4,56,5,0.06666666666666667,0.4444444444444444,0.11594202898550725,22,0,1.0
1.0,0.25,-6.0,2,150,96,0.64,0.36,15,56,6,23,0.2112676056338028,0.7142857142857143,0.3260869565217391,5,66,4,0.07042253521126761,0.5555555555555556,0.125,22,0,1.0
1.0,0.25,-6.0,3,150,100,0.6666666666666666,0.33333333333333337,17,58,4,21,0.22666666666666666,0.8095238095238095,0.3541666666666667,7,68,2,0.09333333333333334,0.7777777777777778,0.16666666666666666,22,0,1.0
1.0,0.25,-6.0,5,150,100,0.6666666666666666,0.33333333333333337,17,58,4,21,0.22666666666666666,0.8095238095238095,0.3541666666666667,7,68,2,0.09333333333333334,0.7777777777777778,0.16666666666666666,22,0,1.0
1.0,0.25,-6.0,999,150,100,0.6666666666666666,0.33333333333333337,17,58,4,21,0.22666666666666666,0.8095238095238095,0.3541666666666667,7,68,2,0.09333333333333334,0.7777777777777778,0.16666666666666666,22,0,1.0
1.0,0.25,-5.0,1,150,67,0.44666666666666666,0.5533333333333333,12,35,9,44,0.2553191489361702,0.5714285714285714,0.35294117647058826,4,43,5,0.0851063829787234,0.4444444444444444,0.14285714285714285,22,0,1.0
1.0,0.25,-5.0,2,150,77,0.5133333333333333,0.4866666666666667,14,41,7,38,0.2545454545454545,0.6666666666666666,0.3684210526315789,5,50,4,0.09090909090909091,0.5555555555555556,0.15625,22,0,1.0
1.0,0.25,-5.0,3,150,81,0.54,0.45999999999999996,16,43,5,36,0.2711864406779661,0.7619047619047619,0.4,7,52,2,0.11864406779661017,0.7777777777777778,0.2058823529411765,22,0,1.0
1.0,0.25,-5.0,5,150,81,0.54,0.45999999999999996,16,43,5,36,0.2711864406779661,0.7619047619047619,0.4,7,52,2,0.11864406779661017,0.7777777777777778,0.2058823529411765,22,0,1.0
1.0,0.25,-5.0,999,150,81,0.54,0.45999999999999996,16,43,5,36,0.2711864406779661,0.7619047619047619,0.4,7,52,2,0.11864406779661017,0.7777777777777778,0.2058823529411765,22,0,1.0
1.0,0.25,-4.5,1,150,46,0.30666666666666664,0.6933333333333334,10,22,11,57,0.3125,0.47619047619047616,0.37735849056603776,2,30,7,0.0625,0.2222222222222222,0.0975609756097561,22,0,1.0
1.0,0.25,-4.5,2,150,56,0.37333333333333335,0.6266666666666667,12,28,9,51,0.3,0.5714285714285714,0.3934426229508196,3,37,6,0.075,0.3333333333333333,0.12244897959183673,22,0,1.0
1.0,0.25,-4.5,3,150,59,0.3933333333333333,0.6066666666666667,13,30,8,49,0.3023255813953488,0.6190476190476191,0.40625,4,39,5,0.09302325581395349,0.4444444444444444,0.15384615384615385,22,0,1.0
1.0,0.25,-4.5,5,150,59,0.3933333333333333,0.6066666666666667,13,30,8,49,0.3023255813953488,0.6190476190476191,0.40625,4,39,5,0.09302325581395349,0.4444444444444444,0.15384615384615385,22,0,1.0
1.0,0.25,-4.5,999,150,59,0.3933333333333333,0.6066666666666667,13,30,8,49,0.3023255813953488,0.6190476190476191,0.40625,4,39,5,0.09302325581395349,0.4444444444444444,0.15384615384615385,22,0,1.0
1.0,0.25,-4.0,1,150,32,0.21333333333333335,0.7866666666666666,8,13,13,66,0.38095238095238093,0.38095238095238093,0.38095238095238093,2,19,7,0.09523809523809523,0.2222222222222222,0.13333333333333333,22,0,1.0
1.0,0.25,-4.0,2,150,40,0.26666666666666666,0.7333333333333334,10,18,11,61,0.35714285714285715,0.47619047619047616,0.40816326530612246,3,25,6,0.10714285714285714,0.3333333333333333,0.16216216216216214,22,0,1.0
1.0,0.25,-4.0,3,150,41,0.2733333333333333,0.7266666666666667,11,18,10,61,0.3793103448275862,0.5238095238095238,0.44,4,25,5,0.13793103448275862,0.4444444444444444,0.21052631578947367,22,0,1.0
1.0,0.25,-4.0,5,150,41,0.2733333333333333,0.7266666666666667,11,18,10,61,0.3793103448275862,0.5238095238095238,0.44,4,25,5,0.13793103448275862,0.4444444444444444,0.21052631578947367,22,0,1.0
1.0,0.25,-4.0,999,150,41,0.2733333333333333,0.7266666666666667,11,18,10,61,0.3793103448275862,0.5238095238095238,0.44,4,25,5,0.13793103448275862,0.4444444444444444,0.21052631578947367,22,0,1.0
1.0,0.25,-3.0,1,150,20,0.13333333333333333,0.8666666666666667,4,5,17,74,0.4444444444444444,0.19047619047619047,0.26666666666666666,1,8,8,0.1111111111111111,0.1111111111111111,0.1111111111111111,22,0,1.0
1.0,0.25,-3.0,2,150,23,0.15333333333333332,0.8466666666666667,5,7,16,72,0.4166666666666667,0.23809523809523808,0.30303030303030304,2,10,7,0.16666666666666666,0.2222222222222222,0.1904761904761905,22,0,1.0
1.0,0.25,-3.0,3,150,24,0.16,0.84,6,7,15,72,0.46153846153846156,0.2857142857142857,0.35294117647058826,3,10,6,0.23076923076923078,0.3333333333333333,0.27272727272727276,22,0,1.0
1.0,0.25,-3.0,5,150,24,0.16,0.84,6,7,15,72,0.46153846153846156,0.2857142857142857,0.35294117647058826,3,10,6,0.23076923076923078,0.3333333333333333,0.27272727272727276,22,0,1.0
1.0,0.25,-3.0,999,150,24,0.16,0.84,6,7,15,72,0.46153846153846156,0.2857142857142857,0.35294117647058826,3,10,6,0.23076923076923078,0.3333333333333333,0.27272727272727276,22,0,1.0
1.0,0.25,-2.0,1,150,16,0.10666666666666667,0.8933333333333333,3,3,18,76,0.5,0.14285714285714285,0.22222222222222224,1,5,8,0.16666666666666666,0.1111111111111111,0.13333333333333333,22,0,1.0
1.0,0.25,-2.0,2,150,18,0.12,0.88,4,4,17,75,0.5,0.19047619047619047,0.27586206896551724,2,6,7,0.25,0.2222222222222222,0.23529411764705882,22,0,1.0
1.0,0.25,-2.0,3,150,19,0.12666666666666668,0.8733333333333333,5,4,16,75,0.5555555555555556,0.23809523809523808,0.33333333333333326,3,6,6,0.3333333333333333,0.3333333333333333,0.3333333333333333,22,0,1.0
1.0,0.25,-2.0,5,150,19,0.12666666666666668,0.8733333333333333,5,4,16,75,0.5555555555555556,0.23809523809523808,0.33333333333333326,3,6,6,0.3333333333333333,0.3333333333333333,0.3333333333333333,22,0,1.0
1.0,0.25,-2.0,999,150,19,0.12666666666666668,0.8733333333333333,5,4,16,75,0.5555555555555556,0.23809523809523808,0.33333333333333326,3,6,6,0.3333333333333333,0.3333333333333333,0.3333333333333333,22,0,1.0
1.0,0.25,0.0,1,150,3,0.02,0.98,0,0,21,79,0.0,0.0,0.0,0,0,9,0.0,0.0,0.0,22,0,1.0
1.0,0.25,0.0,2,150,3,0.02,0.98,0,0,21,79,0.0,0.0,0.0,0,0,9,0.0,0.0,0.0,22,0,1.0
1.0,0.25,0.0,3,150,3,0.02,0.98,0,0,21,79,0.0,0.0,0.0,0,0,9,0.0,0.0,0.0,22,0,1.0
1.0,0.25,0.0,5,150,3,0.02,0.98,0,0,21,79,0.0,0.0,0.0,0,0,9,0.0,0.0,0.0,22,0,1.0
1.0,0.25,0.0,999,150,3,0.02,0.98,0,0,21,79,0.0,0.0,0.0,0,0,9,0.0,0.0,0.0,22,0,1.0
1.0,0.25,1.0,1,150,2,0.013333333333333334,0.9866666666666667,0,0,21,79,0.0,0.0,0.0,0,0,9,0.0,0.0,0.0,22,0,1.0
1.0,0.25,1.0,2,150,2,0.013333333333333334,0.9866666666666667,0,0,21,79,0.0,0.0,0.0,0,0,9,0.0,0.0,0.0,22,0,1.0
1.0,0.25,1.0,3,150,2,0.013333333333333334,0.9866666666666667,0,0,21,79,0.0,0.0,0.0,0,0,9,0.0,0.0,0.0,22,0,1.0
1.0,0.25,1.0,5,150,2,0.013333333333333334,0.9866666666666667,0,0,21,79,0.0,0.0,0.0,0,0,9,0.0,0.0,0.0,22,0,1.0
1.0,0.25,1.0,999,150,2,0.013333333333333334,0.9866666666666667,0,0,21,79,0.0,0.0,0.0,0,0,9,0.0,0.0,0.0,22,0,1.0
1.0,0.28,-7.0,1,150,84,0.56,0.43999999999999995,15,47,6,32,0.24193548387096775,0.7142857142857143,0.3614457831325301,5,57,4,0.08064516129032258,0.5555555555555556,0.1408450704225352,22,0,1.0
1.0,0.28,-7.0,2,150,97,0.6466666666666666,0.3533333333333334,17,56,4,23,0.2328767123287671,0.8095238095238095,0.36170212765957444,6,67,3,0.0821917808219178,0.6666666666666666,0.14634146341463414,22,0,1.0
1.0,0.28,-7.0,3,150,100,0.6666666666666666,0.33333333333333337,18,58,3,21,0.23684210526315788,0.8571428571428571,0.3711340206185567,7,69,2,0.09210526315789473,0.7777777777777778,0.16470588235294117,22,0,1.0
1.0,0.28,-7.0,5,150,100,0.6666666666666666,0.33333333333333337,18,58,3,21,0.23684210526315788,0.8571428571428571,0.3711340206185567,7,69,2,0.09210526315789473,0.7777777777777778,0.16470588235294117,22,0,1.0
1.0,0.28,-7.0,999,150,100,0.6666666666666666,0.33333333333333337,18,58,3,21,0.23684210526315788,0.8571428571428571,0.3711340206185567,7,69,2,0.09210526315789473,0.7777777777777778,0.16470588235294117,22,0,1.0
1.0,0.28,-6.0,1,150,75,0.5,0.5,13,40,8,39,0.24528301886792453,0.6190476190476191,0.35135135135135137,4,49,5,0.07547169811320754,0.4444444444444444,0.12903225806451613,22,0,1.0
1.0,0.28,-6.0,2,150,87,0.58,0.42000000000000004,15,48,6,31,0.23809523809523808,0.7142857142857143,0.35714285714285715,5,58,4,0.07936507936507936,0.5555555555555556,0.1388888888888889,22,0,1.0
1.0,0.28,-6.0,3,150,90,0.6,0.4,16,50,5,29,0.24242424242424243,0.7619047619047619,0.367816091954023,6,60,3,0.09090909090909091,0.6666666666666666,0.16,22,0,1.0
1.0,0.28,-6.0,5,150,90,0.6,0.4,16,50,5,29,0.24242424242424243,0.7619047619047619,0.367816091954023,6,60,3,0.09090909090909091,0.6666666666666666,0.16,22,0,1.0
1.0,0.28,-6.0,999,150,90,0.6,0.4,16,50,5,29,0.24242424242424243,0.7619047619047619,0.367816091954023,6,60,3,0.09090909090909091,0.6666666666666666,0.16,22,0,1.0
1.0,0.28,-5.0,1,150,62,0.41333333333333333,0.5866666666666667,12,30,9,49,0.2857142857142857,0.5714285714285714,0.38095238095238093,4,38,5,0.09523809523809523,0.4444444444444444,0.1568627450980392,22,0,1.0
1.0,0.28,-5.0,2,150,72,0.48,0.52,14,36,7,43,0.28,0.6666666666666666,0.3943661971830986,5,45,4,0.1,0.5555555555555556,0.16949152542372883,22,0,1.0
1.0,0.28,-5.0,3,150,75,0.5,0.5,15,38,6,41,0.2830188679245283,0.7142857142857143,0.4054054054054054,6,47,3,0.11320754716981132,0.6666666666666666,0.1935483870967742,22,0,1.0
1.0,0.28,-5.0,5,150,75,0.5,0.5,15,38,6,41,0.2830188679245283,0.7142857142857143,0.4054054054054054,6,47,3,0.11320754716981132,0.6666666666666666,0.1935483870967742,22,0,1.0
1.0,0.28,-5.0,999,150,75,0.5,0.5,15,38,6,41,0.2830188679245283,0.7142857142857143,0.4054054054054054,6,47,3,0.11320754716981132,0.6666666666666666,0.1935483870967742,22,0,1.0
1.0,0.28,-4.5,1,150,41,0.2733333333333333,0.7266666666666667,10,17,11,62,0.37037037037037035,0.47619047619047616,0.4166666666666667,2,25,7,0.07407407407407407,0.2222222222222222,0.1111111111111111,22,0,1.0
1.0,0.28,-4.5,2,150,51,0.34,0.6599999999999999,12,23,9,56,0.34285714285714286,0.5714285714285714,0.42857142857142855,3,32,6,0.08571428571428572,0.3333333333333333,0.13636363636363638,22,0,1.0
1.0,0.28,-4.5,3,150,53,0.35333333333333333,0.6466666666666667,12,25,9,54,0.32432432432432434,0.5714285714285714,0.41379310344827586,3,34,6,0.08108108108108109,0.3333333333333333,0.13043478260869568,22,0,1.0
1.0,0.28,-4.5,5,150,53,0.35333333333333333,0.6466666666666667,12,25,9,54,0.32432432432432434,0.5714285714285714,0.41379310344827586,3,34,6,0.08108108108108109,0.3333333333333333,0.13043478260869568,22,0,1.0
1.0,0.28,-4.5,999,150,53,0.35333333333333333,0.6466666666666667,12,25,9,54,0.32432432432432434,0.5714285714285714,0.41379310344827586,3,34,6,0.08108108108108109,0.3333333333333333,0.13043478260869568,22,0,1.0
1.0,0.28,-4.0,1,150,28,0.18666666666666668,0.8133333333333334,8,9,13,70,0.47058823529411764,0.38095238095238093,0.42105263157894735,2,15,7,0.11764705882352941,0.2222222222222222,0.15384615384615383,22,0,1.0
1.0,0.28,-4.0,2,150,36,0.24,0.76,10,14,11,65,0.4166666666666667,0.47619047619047616,0.4444444444444445,3,21,6,0.125,0.3333333333333333,0.18181818181818182,22,0,1.0
1.0,0.28,-4.0,3,150,36,0.24,0.76,10,14,11,65,0.4166666666666667,0.47619047619047616,0.4444444444444445,3,21,6,0.125,0.3333333333333333,0.18181818181818182,22,0,1.0
1.0,0.28,-4.0,5,150,36,0.24,0.76,10,14,11,65,0.4166666666666667,0.47619047619047616,0.4444444444444445,3,21,6,0.125,0.3333333333333333,0.18181818181818182,22,0,1.0
1.0,0.28,-4.0,999,150,36,0.24,0.76,10,14,11,65,0.4166666666666667,0.47619047619047616,0.4444444444444445,3,21,6,0.125,0.3333333333333333,0.18181818181818182,22,0,1.0
1.0,0.28,-3.0,1,150,20,0.13333333333333333,0.8666666666666667,4,5,17,74,0.4444444444444444,0.19047619047619047,0.26666666666666666,1,8,8,0.1111111111111111,0.1111111111111111,0.1111111111111111,22,0,1.0
1.0,0.28,-3.0,2,150,23,0.15333333333333332,0.8466666666666667,5,7,16,72,0.4166666666666667,0.23809523809523808,0.30303030303030304,2,10,7,0.16666666666666666,0.2222222222222222,0.1904761904761905,22,0,1.0
1.0,0.28,-3.0,3,150,23,0.15333333333333332,0.8466666666666667,5,7,16,72,0.4166666666666667,0.23809523809523808,0.30303030303030304,2,10,7,0.16666666666666666,0.2222222222222222,0.1904761904761905,22,0,1.0
1.0,0.28,-3.0,5,150,23,0.15333333333333332,0.8466666666666667,5,7,16,72,0.4166666666666667,0.23809523809523808,0.30303030303030304,2,10,7,0.16666666666666666,0.2222222222222222,0.1904761904761905,22,0,1.0
1.0,0.28,-3.0,999,150,23,0.15333333333333332,0.8466666666666667,5,7,16,72,0.4166666666666667,0.23809523809523808,0.30303030303030304,2,10,7,0.16666666666666666,0.2222222222222222,0.1904761904761905,22,0,1.0
1.0,0.28,-2.0,1,150,16,0.10666666666666667,0.8933333333333333,3,3,18,76,0.5,0.14285714285714285,0.22222222222222224,1,5,8,0.16666666666666666,0.1111111111111111,0.13333333333333333,22,0,1.0
1.0,0.28,-2.0,2,150,18,0.12,0.88,4,4,17,75,0.5,0.19047619047619047,0.27586206896551724,2,6,7,0.25,0.2222222222222222,0.23529411764705882,22,0,1.0
1.0,0.28,-2.0,3,150,18,0.12,0.88,4,4,17,75,0.5,0.19047619047619047,0.27586206896551724,2,6,7,0.25,0.2222222222222222,0.23529411764705882,22,0,1.0
1.0,0.28,-2.0,5,150,18,0.12,0.88,4,4,17,75,0.5,0.19047619047619047,0.27586206896551724,2,6,7,0.25,0.2222222222222222,0.23529411764705882,22,0,1.0
1.0,0.28,-2.0,999,150,18,0.12,0.88,4,4,17,75,0.5,0.19047619047619047,0.27586206896551724,2,6,7,0.25,0.2222222222222222,0.23529411764705882,22,0,1.0
1.0,0.28,0.0,1,150,3,0.02,0.98,0,0,21,79,0.0,0.0,0.0,0,0,9,0.0,0.0,0.0,22,0,1.0
1.0,0.28,0.0,2,150,3,0.02,0.98,0,0,21,79,0.0,0.0,0.0,0,0,9,0.0,0.0,0.0,22,0,1.0
1.0,0.28,0.0,3,150,3,0.02,0.98,0,0,21,79,0.0,0.0,0.0,0,0,9,0.0,0.0,0.0,22,0,1.0
1.0,0.28,0.0,5,150,3,0.02,0.98,0,0,21,79,0.0,0.0,0.0,0,0,9,0.0,0.0,0.0,22,0,1.0
1.0,0.28,0.0,999,150,3,0.02,0.98,0,0,21,79,0.0,0.0,0.0,0,0,9,0.0,0.0,0.0,22,0,1.0
1.0,0.28,1.0,1,150,2,0.013333333333333334,0.9866666666666667,0,0,21,79,0.0,0.0,0.0,0,0,9,0.0,0.0,0.0,22,0,1.0
1.0,0.28,1.0,2,150,2,0.013333333333333334,0.9866666666666667,0,0,21,79,0.0,0.0,0.0,0,0,9,0.0,0.0,0.0,22,0,1.0
1.0,0.28,1.0,3,150,2,0.013333333333333334,0.9866666666666667,0,0,21,79,0.0,0.0,0.0,0,0,9,0.0,0.0,0.0,22,0,1.0
1.0,0.28,1.0,5,150,2,0.013333333333333334,0.9866666666666667,0,0,21,79,0.0,0.0,0.0,0,0,9,0.0,0.0,0.0,22,0,1.0
1.0,0.28,1.0,999,150,2,0.013333333333333334,0.9866666666666667,0,0,21,79,0.0,0.0,0.0,0,0,9,0.0,0.0,0.0,22,0,1.0
1.0,0.32,-7.0,1,150,64,0.4266666666666667,0.5733333333333333,11,36,10,43,0.23404255319148937,0.5238095238095238,0.3235294117647059,4,43,5,0.0851063829787234,0.4444444444444444,0.14285714285714285,22,0,1.0
1.0,0.32,-7.0,2,150,71,0.47333333333333333,0.5266666666666666,13,41,8,38,0.24074074074074073,0.6190476190476191,0.3466666666666667,5,49,4,0.09259259259259259,0.5555555555555556,0.15873015873015875,22,0,1.0
1.0,0.32,-7.0,3,150,74,0.49333333333333335,0.5066666666666666,14,43,7,36,0.24561403508771928,0.6666666666666666,0.358974358974359,6,51,3,0.10526315789473684,0.6666666666666666,0.18181818181818182,22,0,1.0
1.0,0.32,-7.0,5,150,74,0.49333333333333335,0.5066666666666666,14,43,7,36,0.24561403508771928,0.6666666666666666,0.358974358974359,6,51,3,0.10526315789473684,0.6666666666666666,0.18181818181818182,22,0,1.0
1.0,0.32,-7.0,999,150,74,0.49333333333333335,0.5066666666666666,14,43,7,36,0.24561403508771928,0.6666666666666666,0.358974358974359,6,51,3,0.10526315789473684,0.6666666666666666,0.18181818181818182,22,0,1.0
1.0,0.32,-6.0,1,150,56,0.37333333333333335,0.6266666666666667,10,29,11,50,0.2564102564102564,0.47619047619047616,0.3333333333333333,3,36,6,0.07692307692307693,0.3333333333333333,0.125,22,0,1.0
1.0,0.32,-6.0,2,150,62,0.41333333333333333,0.5866666666666667,12,33,9,46,0.26666666666666666,0.5714285714285714,0.36363636363636365,4,41,5,0.08888888888888889,0.4444444444444444,0.14814814814814814,22,0,1.0
1.0,0.32,-6.0,3,150,65,0.43333333333333335,0.5666666666666667,13,35,8,44,0.2708333333333333,0.6190476190476191,0.37681159420289856,5,43,4,0.10416666666666667,0.5555555555555556,0.1754385964912281,22,0,1.0
1.0,0.32,-6.0,5,150,65,0.43333333333333335,0.5666666666666667,13,35,8,44,0.2708333333333333,0.6190476190476191,0.37681159420289856,5,43,4,0.10416666666666667,0.5555555555555556,0.1754385964912281,22,0,1.0
1.0,0.32,-6.0,999,150,65,0.43333333333333335,0.5666666666666667,13,35,8,44,0.2708333333333333,0.6190476190476191,0.37681159420289856,5,43,4,0.10416666666666667,0.5555555555555556,0.1754385964912281,22,0,1.0
1.0,0.32,-5.0,1,150,46,0.30666666666666664,0.6933333333333334,10,21,11,58,0.3225806451612903,0.47619047619047616,0.3846153846153846,3,28,6,0.0967741935483871,0.3333333333333333,0.15000000000000002,22,0,1.0
1.0,0.32,-5.0,2,150,51,0.34,0.6599999999999999,12,24,9,55,0.3333333333333333,0.5714285714285714,0.4210526315789474,4,32,5,0.1111111111111111,0.4444444444444444,0.17777777777777776,22,0,1.0
1.0,0.32,-5.0,3,150,54,0.36,0.64,13,26,8,53,0.3333333333333333,0.6190476190476191,0.43333333333333335,5,34,4,0.1282051282051282,0.5555555555555556,0.20833333333333334,22,0,1.0
1.0,0.32,-5.0,5,150,54,0.36,0.64,13,26,8,53,0.3333333333333333,0.6190476190476191,0.43333333333333335,5,34,4,0.1282051282051282,0.5555555555555556,0.20833333333333334,22,0,1.0
1.0,0.32,-5.0,999,150,54,0.36,0.64,13,26,8,53,0.3333333333333333,0.6190476190476191,0.43333333333333335,5,34,4,0.1282051282051282,0.5555555555555556,0.20833333333333334,22,0,1.0
1.0,0.32,-4.5,1,150,32,0.21333333333333335,0.7866666666666666,9,13,12,66,0.4090909090909091,0.42857142857142855,0.4186046511627907,2,20,7,0.09090909090909091,0.2222222222222222,0.1290322580645161,22,0,1.0
1.0,0.32,-4.5,2,150,37,0.24666666666666667,0.7533333333333333,11,16,10,63,0.4074074074074074,0.5238095238095238,0.4583333333333333,3,24,6,0.1111111111111111,0.3333333333333333,0.16666666666666666,22,0,1.0
1.0,0.32,-4.5,3,150,39,0.26,0.74,11,18,10,61,0.3793103448275862,0.5238095238095238,0.44,3,26,6,0.10344827586206896,0.3333333333333333,0.15789473684210528,22,0,1.0
1.0,0.32,-4.5,5,150,39,0.26,0.74,11,18,10,61,0.3793103448275862,0.5238095238095238,0.44,3,26,6,0.10344827586206896,0.3333333333333333,0.15789473684210528,22,0,1.0
1.0,0.32,-4.5,999,150,39,0.26,0.74,11,18,10,61,0.3793103448275862,0.5238095238095238,0.44,3,26,6,0.10344827586206896,0.3333333333333333,0.15789473684210528,22,0,1.0
1.0,0.32,-4.0,1,150,21,0.14,0.86,7,7,14,72,0.5,0.3333333333333333,0.4,2,12,7,0.14285714285714285,0.2222222222222222,0.17391304347826086,22,0,1.0
1.0,0.32,-4.0,2,150,25,0.16666666666666666,0.8333333333333334,9,9,12,70,0.5,0.42857142857142855,0.4615384615384615,3,15,6,0.16666666666666666,0.3333333333333333,0.2222222222222222,22,0,1.0
1.0,0.32,-4.0,3,150,25,0.16666666666666666,0.8333333333333334,9,9,12,70,0.5,0.42857142857142855,0.4615384615384615,3,15,6,0.16666666666666666,0.3333333333333333,0.2222222222222222,22,0,1.0
1.0,0.32,-4.0,5,150,25,0.16666666666666666,0.8333333333333334,9,9,12,70,0.5,0.42857142857142855,0.4615384615384615,3,15,6,0.16666666666666666,0.3333333333333333,0.2222222222222222,22,0,1.0
1.0,0.32,-4.0,999,150,25,0.16666666666666666,0.8333333333333334,9,9,12,70,0.5,0.42857142857142855,0.4615384615384615,3,15,6,0.16666666666666666,0.3333333333333333,0.2222222222222222,22,0,1.0
1.0,0.32,-3.0,1,150,13,0.08666666666666667,0.9133333333333333,3,3,18,76,0.5,0.14285714285714285,0.22222222222222224,1,5,8,0.16666666666666666,0.1111111111111111,0.13333333333333333,22,0,1.0
1.0,0.32,-3.0,2,150,14,0.09333333333333334,0.9066666666666666,4,3,17,76,0.5714285714285714,0.19047619047619047,0.2857142857142857,2,5,7,0.2857142857142857,0.2222222222222222,0.25,22,0,1.0
1.0,0.32,-3.0,3,150,14,0.09333333333333334,0.9066666666666666,4,3,17,76,0.5714285714285714,0.19047619047619047,0.2857142857142857,2,5,7,0.2857142857142857,0.2222222222222222,0.25,22,0,1.0
1.0,0.32,-3.0,5,150,14,0.09333333333333334,0.9066666666666666,4,3,17,76,0.5714285714285714,0.19047619047619047,0.2857142857142857,2,5,7,0.2857142857142857,0.2222222222222222,0.25,22,0,1.0
1.0,0.32,-3.0,999,150,14,0.09333333333333334,0.9066666666666666,4,3,17,76,0.5714285714285714,0.19047619047619047,0.2857142857142857,2,5,7,0.2857142857142857,0.2222222222222222,0.25,22,0,1.0
1.0,0.32,-2.0,1,150,12,0.08,0.92,3,3,18,76,0.5,0.14285714285714285,0.22222222222222224,1,5,8,0.16666666666666666,0.1111111111111111,0.13333333333333333,22,0,1.0
1.0,0.32,-2.0,2,150,13,0.08666666666666667,0.9133333333333333,4,3,17,76,0.5714285714285714,0.19047619047619047,0.2857142857142857,2,5,7,0.2857142857142857,0.2222222222222222,0.25,22,0,1.0
1.0,0.32,-2.0,3,150,13,0.08666666666666667,0.9133333333333333,4,3,17,76,0.5714285714285714,0.19047619047619047,0.2857142857142857,2,5,7,0.2857142857142857,0.2222222222222222,0.25,22,0,1.0
1.0,0.32,-2.0,5,150,13,0.08666666666666667,0.9133333333333333,4,3,17,76,0.5714285714285714,0.19047619047619047,0.2857142857142857,2,5,7,0.2857142857142857,0.2222222222222222,0.25,22,0,1.0
1.0,0.32,-2.0,999,150,13,0.08666666666666667,0.9133333333333333,4,3,17,76,0.5714285714285714,0.19047619047619047,0.2857142857142857,2,5,7,0.2857142857142857,0.2222222222222222,0.25,22,0,1.0
1.0,0.32,0.0,1,150,2,0.013333333333333334,0.9866666666666667,0,0,21,79,0.0,0.0,0.0,0,0,9,0.0,0.0,0.0,22,0,1.0
1.0,0.32,0.0,2,150,2,0.013333333333333334,0.9866666666666667,0,0,21,79,0.0,0.0,0.0,0,0,9,0.0,0.0,0.0,22,0,1.0
1.0,0.32,0.0,3,150,2,0.013333333333333334,0.9866666666666667,0,0,21,79,0.0,0.0,0.0,0,0,9,0.0,0.0,0.0,22,0,1.0
1.0,0.32,0.0,5,150,2,0.013333333333333334,0.9866666666666667,0,0,21,79,0.0,0.0,0.0,0,0,9,0.0,0.0,0.0,22,0,1.0
1.0,0.32,0.0,999,150,2,0.013333333333333334,0.9866666666666667,0,0,21,79,0.0,0.0,0.0,0,0,9,0.0,0.0,0.0,22,0,1.0
1.0,0.32,1.0,1,150,1,0.006666666666666667,0.9933333333333333,0,0,21,79,0.0,0.0,0.0,0,0,9,0.0,0.0,0.0,22,0,1.0
1.0,0.32,1.0,2,150,1,0.006666666666666667,0.9933333333333333,0,0,21,79,0.0,0.0,0.0,0,0,9,0.0,0.0,0.0,22,0,1.0
1.0,0.32,1.0,3,150,1,0.006666666666666667,0.9933333333333333,0,0,21,79,0.0,0.0,0.0,0,0,9,0.0,0.0,0.0,22,0,1.0
1.0,0.32,1.0,5,150,1,0.006666666666666667,0.9933333333333333,0,0,21,79,0.0,0.0,0.0,0,0,9,0.0,0.0,0.0,22,0,1.0
1.0,0.32,1.0,999,150,1,0.006666666666666667,0.9933333333333333,0,0,21,79,0.0,0.0,0.0,0,0,9,0.0,0.0,0.0,22,0,1.0
1.0,0.4,-7.0,1,150,39,0.26,0.74,8,22,13,57,0.26666666666666666,0.38095238095238093,0.3137254901960784,3,27,6,0.1,0.3333333333333333,0.15384615384615383,22,0,1.0
1.0,0.4,-7.0,2,150,42,0.28,0.72,9,24,12,55,0.2727272727272727,0.42857142857142855,0.33333333333333326,4,29,5,0.12121212121212122,0.4444444444444444,0.19047619047619047,22,0,1.0
1.0,0.4,-7.0,3,150,43,0.2866666666666667,0.7133333333333334,10,24,11,55,0.29411764705882354,0.47619047619047616,0.3636363636363637,5,29,4,0.14705882352941177,0.5555555555555556,0.23255813953488372,22,0,1.0
1.0,0.4,-7.0,5,150,43,0.2866666666666667,0.7133333333333334,10,24,11,55,0.29411764705882354,0.47619047619047616,0.3636363636363637,5,29,4,0.14705882352941177,0.5555555555555556,0.23255813953488372,22,0,1.0
1.0,0.4,-7.0,999,150,43,0.2866666666666667,0.7133333333333334,10,24,11,55,0.29411764705882354,0.47619047619047616,0.3636363636363637,5,29,4,0.14705882352941177,0.5555555555555556,0.23255813953488372,22,0,1.0
1.0,0.4,-6.0,1,150,34,0.22666666666666666,0.7733333333333333,7,18,14,61,0.28,0.3333333333333333,0.30434782608695654,2,23,7,0.08,0.2222222222222222,0.11764705882352941,22,0,1.0
1.0,0.4,-6.0,2,150,36,0.24,0.76,8,19,13,60,0.2962962962962963,0.38095238095238093,0.3333333333333333,3,24,6,0.1111111111111111,0.3333333333333333,0.16666666666666666,22,0,1.0
1.0,0.4,-6.0,3,150,37,0.24666666666666667,0.7533333333333333,9,19,12,60,0.32142857142857145,0.42857142857142855,0.3673469387755102,4,24,5,0.14285714285714285,0.4444444444444444,0.21621621621621623,22,0,1.0
1.0,0.4,-6.0,5,150,37,0.24666666666666667,0.7533333333333333,9,19,12,60,0.32142857142857145,0.42857142857142855,0.3673469387755102,4,24,5,0.14285714285714285,0.4444444444444444,0.21621621621621623,22,0,1.0
1.0,0.4,-6.0,999,150,37,0.24666666666666667,0.7533333333333333,9,19,12,60,0.32142857142857145,0.42857142857142855,0.3673469387755102,4,24,5,0.14285714285714285,0.4444444444444444,0.21621621621621623,22,0,1.0
1.0,0.4,-5.0,1,150,28,0.18666666666666668,0.8133333333333334,7,14,14,65,0.3333333333333333,0.3333333333333333,0.3333333333333333,2,19,7,0.09523809523809523,0.2222222222222222,0.13333333333333333,22,0,1.0
1.0,0.4,-5.0,2,150,30,0.2,0.8,8,15,13,64,0.34782608695652173,0.38095238095238093,0.3636363636363636,3,20,6,0.13043478260869565,0.3333333333333333,0.18750000000000003,22,0,1.0
1.0,0.4,-5.0,3,150,31,0.20666666666666667,0.7933333333333333,9,15,12,64,0.375,0.42857142857142855,0.39999999999999997,4,20,5,0.16666666666666666,0.4444444444444444,0.24242424242424243,22,0,1.0
1.0,0.4,-5.0,5,150,31,0.20666666666666667,0.7933333333333333,9,15,12,64,0.375,0.42857142857142855,0.39999999999999997,4,20,5,0.16666666666666666,0.4444444444444444,0.24242424242424243,22,0,1.0
1.0,0.4,-5.0,999,150,31,0.20666666666666667,0.7933333333333333,9,15,12,64,0.375,0.42857142857142855,0.39999999999999997,4,20,5,0.16666666666666666,0.4444444444444444,0.24242424242424243,22,0,1.0
1.0,0.4,-4.5,1,150,19,0.12666666666666668,0.8733333333333333,6,10,15,69,0.375,0.2857142857142857,0.3243243243243243,1,15,8,0.0625,0.1111111111111111,0.08,22,0,1.0
1.0,0.4,-4.5,2,150,21,0.14,0.86,7,11,14,68,0.3888888888888889,0.3333333333333333,0.358974358974359,2,16,7,0.1111111111111111,0.2222222222222222,0.14814814814814814,22,0,1.0
1.0,0.4,-4.5,3,150,21,0.14,0.86,7,11,14,68,0.3888888888888889,0.3333333333333333,0.358974358974359,2,16,7,0.1111111111111111,0.2222222222222222,0.14814814814814814,22,0,1.0
1.0,0.4,-4.5,5,150,21,0.14,0.86,7,11,14,68,0.3888888888888889,0.3333333333333333,0.358974358974359,2,16,7,0.1111111111111111,0.2222222222222222,0.14814814814814814,22,0,1.0
1.0,0.4,-4.5,999,150,21,0.14,0.86,7,11,14,68,0.3888888888888889,0.3333333333333333,0.358974358974359,2,16,7,0.1111111111111111,0.2222222222222222,0.14814814814814814,22,0,1.0
1.0,0.4,-4.0,1,150,11,0.07333333333333333,0.9266666666666666,4,6,17,73,0.4,0.19047619047619047,0.25806451612903225,1,9,8,0.1,0.1111111111111111,0.10526315789473685,22,0,1.0
1.0,0.4,-4.0,2,150,13,0.08666666666666667,0.9133333333333333,5,7,16,72,0.4166666666666667,0.23809523809523808,0.30303030303030304,2,10,7,0.16666666666666666,0.2222222222222222,0.1904761904761905,22,0,1.0
1.0,0.4,-4.0,3,150,13,0.08666666666666667,0.9133333333333333,5,7,16,72,0.4166666666666667,0.23809523809523808,0.30303030303030304,2,10,7,0.16666666666666666,0.2222222222222222,0.1904761904761905,22,0,1.0
1.0,0.4,-4.0,5,150,13,0.08666666666666667,0.9133333333333333,5,7,16,72,0.4166666666666667,0.23809523809523808,0.30303030303030304,2,10,7,0.16666666666666666,0.2222222222222222,0.1904761904761905,22,0,1.0
1.0,0.4,-4.0,999,150,13,0.08666666666666667,0.9133333333333333,5,7,16,72,0.4166666666666667,0.23809523809523808,0.30303030303030304,2,10,7,0.16666666666666666,0.2222222222222222,0.1904761904761905,22,0,1.0
1.0,0.4,-3.0,1,150,6,0.04,0.96,2,3,19,76,0.4,0.09523809523809523,0.15384615384615385,1,4,8,0.2,0.1111111111111111,0.14285714285714285,22,0,1.0
1.0,0.4,-3.0,2,150,7,0.04666666666666667,0.9533333333333334,3,3,18,76,0.5,0.14285714285714285,0.22222222222222224,2,4,7,0.3333333333333333,0.2222222222222222,0.26666666666666666,22,0,1.0
1.0,0.4,-3.0,3,150,7,0.04666666666666667,0.9533333333333334,3,3,18,76,0.5,0.14285714285714285,0.22222222222222224,2,4,7,0.3333333333333333,0.2222222222222222,0.26666666666666666,22,0,1.0
1.0,0.4,-3.0,5,150,7,0.04666666666666667,0.9533333333333334,3,3,18,76,0.5,0.14285714285714285,0.22222222222222224,2,4,7,0.3333333333333333,0.2222222222222222,0.26666666666666666,22,0,1.0
1.0,0.4,-3.0,999,150,7,0.04666666666666667,0.9533333333333334,3,3,18,76,0.5,0.14285714285714285,0.22222222222222224,2,4,7,0.3333333333333333,0.2222222222222222,0.26666666666666666,22,0,1.0
1.0,0.4,-2.0,1,150,6,0.04,0.96,2,3,19,76,0.4,0.09523809523809523,0.15384615384615385,1,4,8,0.2,0.1111111111111111,0.14285714285714285,22,0,1.0
1.0,0.4,-2.0,2,150,7,0.04666666666666667,0.9533333333333334,3,3,18,76,0.5,0.14285714285714285,0.22222222222222224,2,4,7,0.3333333333333333,0.2222222222222222,0.26666666666666666,22,0,1.0
1.0,0.4,-2.0,3,150,7,0.04666666666666667,0.9533333333333334,3,3,18,76,0.5,0.14285714285714285,0.22222222222222224,2,4,7,0.3333333333333333,0.2222222222222222,0.26666666666666666,22,0,1.0
1.0,0.4,-2.0,5,150,7,0.04666666666666667,0.9533333333333334,3,3,18,76,0.5,0.14285714285714285,0.22222222222222224,2,4,7,0.3333333333333333,0.2222222222222222,0.26666666666666666,22,0,1.0
1.0,0.4,-2.0,999,150,7,0.04666666666666667,0.9533333333333334,3,3,18,76,0.5,0.14285714285714285,0.22222222222222224,2,4,7,0.3333333333333333,0.2222222222222222,0.26666666666666666,22,0,1.0
1.0,0.4,0.0,1,150,0,0.0,1.0,0,0,21,79,0.0,0.0,0.0,0,0,9,0.0,0.0,0.0,22,0,1.0
1.0,0.4,0.0,2,150,0,0.0,1.0,0,0,21,79,0.0,0.0,0.0,0,0,9,0.0,0.0,0.0,22,0,1.0
1.0,0.4,0.0,3,150,0,0.0,1.0,0,0,21,79,0.0,0.0,0.0,0,0,9,0.0,0.0,0.0,22,0,1.0
1.0,0.4,0.0,5,150,0,0.0,1.0,0,0,21,79,0.0,0.0,0.0,0,0,9,0.0,0.0,0.0,22,0,1.0
1.0,0.4,0.0,999,150,0,0.0,1.0,0,0,21,79,0.0,0.0,0.0,0,0,9,0.0,0.0,0.0,22,0,1.0
1.0,0.4,1.0,1,150,0,0.0,1.0,0,0,21,79,0.0,0.0,0.0,0,0,9,0.0,0.0,0.0,22,0,1.0
1.0,0.4,1.0,2,150,0,0.0,1.0,0,0,21,79,0.0,0.0,0.0,0,0,9,0.0,0.0,0.0,22,0,1.0
1.0,0.4,1.0,3,150,0,0.0,1.0,0,0,21,79,0.0,0.0,0.0,0,0,9,0.0,0.0,0.0,22,0,1.0
1.0,0.4,1.0,5,150,0,0.0,1.0,0,0,21,79,0.0,0.0,0.0,0,0,9,0.0,0.0,0.0,22,0,1.0
1.0,0.4,1.0,999,150,0,0.0,1.0,0,0,21,79,0.0,0.0,0.0,0,0,9,0.0,0.0,0.0,22,0,1.0
1.0,0.5,-7.0,1,150,22,0.14666666666666667,0.8533333333333333,4,10,17,69,0.2857142857142857,0.19047619047619047,0.22857142857142854,1,13,8,0.07142857142857142,0.1111111111111111,0.08695652173913043,22,0,1.0
1.0,0.5,-7.0,2,150,23,0.15333333333333332,0.8466666666666667,4,11,17,68,0.26666666666666666,0.19047619047619047,0.2222222222222222,1,14,8,0.06666666666666667,0.1111111111111111,0.08333333333333334,22,0,1.0
1.0,0.5,-7.0,3,150,23,0.15333333333333332,0.8466666666666667,4,11,17,68,0.26666666666666666,0.19047619047619047,0.2222222222222222,1,14,8,0.06666666666666667,0.1111111111111111,0.08333333333333334,22,0,1.0
1.0,0.5,-7.0,5,150,23,0.15333333333333332,0.8466666666666667,4,11,17,68,0.26666666666666666,0.19047619047619047,0.2222222222222222,1,14,8,0.06666666666666667,0.1111111111111111,0.08333333333333334,22,0,1.0
1.0,0.5,-7.0,999,150,23,0.15333333333333332,0.8466666666666667,4,11,17,68,0.26666666666666666,0.19047619047619047,0.2222222222222222,1,14,8,0.06666666666666667,0.1111111111111111,0.08333333333333334,22,0,1.0
1.0,0.5,-6.0,1,150,19,0.12666666666666668,0.8733333333333333,3,8,18,71,0.2727272727272727,0.14285714285714285,0.18749999999999997,0,11,9,0.0,0.0,0.0,22,0,1.0
1.0,0.5,-6.0,2,150,19,0.12666666666666668,0.8733333333333333,3,8,18,71,0.2727272727272727,0.14285714285714285,0.18749999999999997,0,11,9,0.0,0.0,0.0,22,0,1.0
1.0,0.5,-6.0,3,150,19,0.12666666666666668,0.8733333333333333,3,8,18,71,0.2727272727272727,0.14285714285714285,0.18749999999999997,0,11,9,0.0,0.0,0.0,22,0,1.0
1.0,0.5,-6.0,5,150,19,0.12666666666666668,0.8733333333333333,3,8,18,71,0.2727272727272727,0.14285714285714285,0.18749999999999997,0,11,9,0.0,0.0,0.0,22,0,1.0
1.0,0.5,-6.0,999,150,19,0.12666666666666668,0.8733333333333333,3,8,18,71,0.2727272727272727,0.14285714285714285,0.18749999999999997,0,11,9,0.0,0.0,0.0,22,0,1.0
1.0,0.5,-5.0,1,150,15,0.1,0.9,3,6,18,73,0.3333333333333333,0.14285714285714285,0.2,0,9,9,0.0,0.0,0.0,22,0,1.0
1.0,0.5,-5.0,2,150,15,0.1,0.9,3,6,18,73,0.3333333333333333,0.14285714285714285,0.2,0,9,9,0.0,0.0,0.0,22,0,1.0
1.0,0.5,-5.0,3,150,15,0.1,0.9,3,6,18,73,0.3333333333333333,0.14285714285714285,0.2,0,9,9,0.0,0.0,0.0,22,0,1.0
1.0,0.5,-5.0,5,150,15,0.1,0.9,3,6,18,73,0.3333333333333333,0.14285714285714285,0.2,0,9,9,0.0,0.0,0.0,22,0,1.0
1.0,0.5,-5.0,999,150,15,0.1,0.9,3,6,18,73,0.3333333333333333,0.14285714285714285,0.2,0,9,9,0.0,0.0,0.0,22,0,1.0
1.0,0.5,-4.5,1,150,12,0.08,0.92,3,6,18,73,0.3333333333333333,0.14285714285714285,0.2,0,9,9,0.0,0.0,0.0,22,0,1.0
1.0,0.5,-4.5,2,150,12,0.08,0.92,3,6,18,73,0.3333333333333333,0.14285714285714285,0.2,0,9,9,0.0,0.0,0.0,22,0,1.0
1.0,0.5,-4.5,3,150,12,0.08,0.92,3,6,18,73,0.3333333333333333,0.14285714285714285,0.2,0,9,9,0.0,0.0,0.0,22,0,1.0
1.0,0.5,-4.5,5,150,12,0.08,0.92,3,6,18,73,0.3333333333333333,0.14285714285714285,0.2,0,9,9,0.0,0.0,0.0,22,0,1.0
1.0,0.5,-4.5,999,150,12,0.08,0.92,3,6,18,73,0.3333333333333333,0.14285714285714285,0.2,0,9,9,0.0,0.0,0.0,22,0,1.0
1.0,0.5,-4.0,1,150,7,0.04666666666666667,0.9533333333333334,2,4,19,75,0.3333333333333333,0.09523809523809523,0.14814814814814814,0,6,9,0.0,0.0,0.0,22,0,1.0
1.0,0.5,-4.0,2,150,7,0.04666666666666667,0.9533333333333334,2,4,19,75,0.3333333333333333,0.09523809523809523,0.14814814814814814,0,6,9,0.0,0.0,0.0,22,0,1.0
1.0,0.5,-4.0,3,150,7,0.04666666666666667,0.9533333333333334,2,4,19,75,0.3333333333333333,0.09523809523809523,0.14814814814814814,0,6,9,0.0,0.0,0.0,22,0,1.0
1.0,0.5,-4.0,5,150,7,0.04666666666666667,0.9533333333333334,2,4,19,75,0.3333333333333333,0.09523809523809523,0.14814814814814814,0,6,9,0.0,0.0,0.0,22,0,1.0
1.0,0.5,-4.0,999,150,7,0.04666666666666667,0.9533333333333334,2,4,19,75,0.3333333333333333,0.09523809523809523,0.14814814814814814,0,6,9,0.0,0.0,0.0,22,0,1.0
1.0,0.5,-3.0,1,150,3,0.02,0.98,1,1,20,78,0.5,0.047619047619047616,0.08695652173913042,0,2,9,0.0,0.0,0.0,22,0,1.0
1.0,0.5,-3.0,2,150,3,0.02,0.98,1,1,20,78,0.5,0.047619047619047616,0.08695652173913042,0,2,9,0.0,0.0,0.0,22,0,1.0
1.0,0.5,-3.0,3,150,3,0.02,0.98,1,1,20,78,0.5,0.047619047619047616,0.08695652173913042,0,2,9,0.0,0.0,0.0,22,0,1.0
1.0,0.5,-3.0,5,150,3,0.02,0.98,1,1,20,78,0.5,0.047619047619047616,0.08695652173913042,0,2,9,0.0,0.0,0.0,22,0,1.0
1.0,0.5,-3.0,999,150,3,0.02,0.98,1,1,20,78,0.5,0.047619047619047616,0.08695652173913042,0,2,9,0.0,0.0,0.0,22,0,1.0
1.0,0.5,-2.0,1,150,3,0.02,0.98,1,1,20,78,0.5,0.047619047619047616,0.08695652173913042,0,2,9,0.0,0.0,0.0,22,0,1.0
1.0,0.5,-2.0,2,150,3,0.02,0.98,1,1,20,78,0.5,0.047619047619047616,0.08695652173913042,0,2,9,0.0,0.0,0.0,22,0,1.0
1.0,0.5,-2.0,3,150,3,0.02,0.98,1,1,20,78,0.5,0.047619047619047616,0.08695652173913042,0,2,9,0.0,0.0,0.0,22,0,1.0
1.0,0.5,-2.0,5,150,3,0.02,0.98,1,1,20,78,0.5,0.047619047619047616,0.08695652173913042,0,2,9,0.0,0.0,0.0,22,0,1.0
1.0,0.5,-2.0,999,150,3,0.02,0.98,1,1,20,78,0.5,0.047619047619047616,0.08695652173913042,0,2,9,0.0,0.0,0.0,22,0,1.0
1.0,0.5,0.0,1,150,0,0.0,1.0,0,0,21,79,0.0,0.0,0.0,0,0,9,0.0,0.0,0.0,22,0,1.0
1.0,0.5,0.0,2,150,0,0.0,1.0,0,0,21,79,0.0,0.0,0.0,0,0,9,0.0,0.0,0.0,22,0,1.0
1.0,0.5,0.0,3,150,0,0.0,1.0,0,0,21,79,0.0,0.0,0.0,0,0,9,0.0,0.0,0.0,22,0,1.0
1.0,0.5,0.0,5,150,0,0.0,1.0,0,0,21,79,0.0,0.0,0.0,0,0,9,0.0,0.0,0.0,22,0,1.0
1.0,0.5,0.0,999,150,0,0.0,1.0,0,0,21,79,0.0,0.0,0.0,0,0,9,0.0,0.0,0.0,22,0,1.0
1.0,0.5,1.0,1,150,0,0.0,1.0,0,0,21,79,0.0,0.0,0.0,0,0,9,0.0,0.0,0.0,22,0,1.0
1.0,0.5,1.0,2,150,0,0.0,1.0,0,0,21,79,0.0,0.0,0.0,0,0,9,0.0,0.0,0.0,22,0,1.0
1.0,0.5,1.0,3,150,0,0.0,1.0,0,0,21,79,0.0,0.0,0.0,0,0,9,0.0,0.0,0.0,22,0,1.0
1.0,0.5,1.0,5,150,0,0.0,1.0,0,0,21,79,0.0,0.0,0.0,0,0,9,0.0,0.0,0.0,22,0,1.0
1.0,0.5,1.0,999,150,0,0.0,1.0,0,0,21,79,0.0,0.0,0.0,0,0,9,0.0,0.0,0.0,22,0,1.0
1.15,0.15,-7.0,1,150,93,0.62,0.38,14,56,7,23,0.2,0.6666666666666666,0.30769230769230765,5,65,4,0.07142857142857142,0.5555555555555556,0.12658227848101264,22,0,1.0
1.15,0.15,-7.0,2,150,100,0.6666666666666666,0.33333333333333337,15,60,6,19,0.2,0.7142857142857143,0.3125,6,69,3,0.08,0.6666666666666666,0.14285714285714285,22,0,1.0
1.15,0.15,-7.0,3,150,101,0.6733333333333333,0.32666666666666666,15,61,6,18,0.19736842105263158,0.7142857142857143,0.30927835051546393,6,70,3,0.07894736842105263,0.6666666666666666,0.1411764705882353,22,0,1.0
1.15,0.15,-7.0,5,150,101,0.6733333333333333,0.32666666666666666,15,61,6,18,0.19736842105263158,0.7142857142857143,0.30927835051546393,6,70,3,0.07894736842105263,0.6666666666666666,0.1411764705882353,22,0,1.0
1.15,0.15,-7.0,999,150,101,0.6733333333333333,0.32666666666666666,15,61,6,18,0.19736842105263158,0.7142857142857143,0.30927835051546393,6,70,3,0.07894736842105263,0.6666666666666666,0.1411764705882353,22,0,1.0
1.15,0.15,-6.0,1,150,82,0.5466666666666666,0.45333333333333337,12,47,9,32,0.2033898305084746,0.5714285714285714,0.30000000000000004,4,55,5,0.06779661016949153,0.4444444444444444,0.1176470588235294,22,0,1.0
1.15,0.15,-6.0,2,150,88,0.5866666666666667,0.41333333333333333,13,50,8,29,0.20634920634920634,0.6190476190476191,0.30952380952380953,5,58,4,0.07936507936507936,0.5555555555555556,0.1388888888888889,22,0,1.0
1.15,0.15,-6.0,3,150,89,0.5933333333333334,0.4066666666666666,13,51,8,28,0.203125,0.6190476190476191,0.30588235294117644,5,59,4,0.078125,0.5555555555555556,0.136986301369863,22,0,1.0
1.15,0.15,-6.0,5,150,89,0.5933333333333334,0.4066666666666666,13,51,8,28,0.203125,0.6190476190476191,0.30588235294117644,5,59,4,0.078125,0.5555555555555556,0.136986301369863,22,0,1.0
1.15,0.15,-6.0,999,150,89,0.5933333333333334,0.4066666666666666,13,51,8,28,0.203125,0.6190476190476191,0.30588235294117644,5,59,4,0.078125,0.5555555555555556,0.136986301369863,22,0,1.0
1.15,0.15,-5.0,1,150,65,0.43333333333333335,0.5666666666666667,11,33,10,46,0.25,0.5238095238095238,0.3384615384615385,4,40,5,0.09090909090909091,0.4444444444444444,0.1509433962264151,22,0,1.0
1.15,0.15,-5.0,2,150,71,0.47333333333333333,0.5266666666666666,12,36,9,43,0.25,0.5714285714285714,0.34782608695652173,5,43,4,0.10416666666666667,0.5555555555555556,0.1754385964912281,22,0,1.0
1.15,0.15,-5.0,3,150,72,0.48,0.52,12,37,9,42,0.24489795918367346,0.5714285714285714,0.3428571428571428,5,44,4,0.10204081632653061,0.5555555555555556,0.1724137931034483,22,0,1.0
1.15,0.15,-5.0,5,150,72,0.48,0.52,12,37,9,42,0.24489795918367346,0.5714285714285714,0.3428571428571428,5,44,4,0.10204081632653061,0.5555555555555556,0.1724137931034483,22,0,1.0
1.15,0.15,-5.0,999,150,72,0.48,0.52,12,37,9,42,0.24489795918367346,0.5714285714285714,0.3428571428571428,5,44,4,0.10204081632653061,0.5555555555555556,0.1724137931034483,22,0,1.0
1.15,0.15,-4.5,1,150,44,0.29333333333333333,0.7066666666666667,9,20,12,59,0.3103448275862069,0.42857142857142855,0.36000000000000004,2,27,7,0.06896551724137931,0.2222222222222222,0.10526315789473684,22,0,1.0
1.15,0.15,-4.5,2,150,50,0.3333333333333333,0.6666666666666667,10,23,11,56,0.30303030303030304,0.47619047619047616,0.37037037037037035,3,30,6,0.09090909090909091,0.3333333333333333,0.14285714285714288,22,0,1.0
1.15,0.15,-4.5,3,150,51,0.34,0.6599999999999999,10,24,11,55,0.29411764705882354,0.47619047619047616,0.3636363636363637,3,31,6,0.08823529411764706,0.3333333333333333,0.13953488372093023,22,0,1.0
1.15,0.15,-4.5,5,150,51,0.34,0.6599999999999999,10,24,11,55,0.29411764705882354,0.47619047619047616,0.3636363636363637,3,31,6,0.08823529411764706,0.3333333333333333,0.13953488372093023,22,0,1.0
1.15,0.15,-4.5,999,150,51,0.34,0.6599999999999999,10,24,11,55,0.29411764705882354,0.47619047619047616,0.3636363636363637,3,31,6,0.08823529411764706,0.3333333333333333,0.13953488372093023,22,0,1.0
1.15,0.15,-4.0,1,150,33,0.22,0.78,7,14,14,65,0.3333333333333333,0.3333333333333333,0.3333333333333333,2,19,7,0.09523809523809523,0.2222222222222222,0.13333333333333333,22,0,1.0
1.15,0.15,-4.0,2,150,37,0.24666666666666667,0.7533333333333333,8,16,13,63,0.3333333333333333,0.38095238095238093,0.35555555555555557,3,21,6,0.125,0.3333333333333333,0.18181818181818182,22,0,1.0
1.15,0.15,-4.0,3,150,37,0.24666666666666667,0.7533333333333333,8,16,13,63,0.3333333333333333,0.38095238095238093,0.35555555555555557,3,21,6,0.125,0.3333333333333333,0.18181818181818182,22,0,1.0
1.15,0.15,-4.0,5,150,37,0.24666666666666667,0.7533333333333333,8,16,13,63,0.3333333333333333,0.38095238095238093,0.35555555555555557,3,21,6,0.125,0.3333333333333333,0.18181818181818182,22,0,1.0
1.15,0.15,-4.0,999,150,37,0.24666666666666667,0.7533333333333333,8,16,13,63,0.3333333333333333,0.38095238095238093,0.35555555555555557,3,21,6,0.125,0.3333333333333333,0.18181818181818182,22,0,1.0
1.15,0.15,-3.0,1,150,22,0.14666666666666667,0.8533333333333333,4,6,17,73,0.4,0.19047619047619047,0.25806451612903225,1,9,8,0.1,0.1111111111111111,0.10526315789473685,22,0,1.0
1.15,0.15,-3.0,2,150,24,0.16,0.84,5,7,16,72,0.4166666666666667,0.23809523809523808,0.30303030303030304,2,10,7,0.16666666666666666,0.2222222222222222,0.1904761904761905,22,0,1.0
1.15,0.15,-3.0,3,150,24,0.16,0.84,5,7,16,72,0.4166666666666667,0.23809523809523808,0.30303030303030304,2,10,7,0.16666666666666666,0.2222222222222222,0.1904761904761905,22,0,1.0
1.15,0.15,-3.0,5,150,24,0.16,0.84,5,7,16,72,0.4166666666666667,0.23809523809523808,0.30303030303030304,2,10,7,0.16666666666666666,0.2222222222222222,0.1904761904761905,22,0,1.0
1.15,0.15,-3.0,999,150,24,0.16,0.84,5,7,16,72,0.4166666666666667,0.23809523809523808,0.30303030303030304,2,10,7,0.16666666666666666,0.2222222222222222,0.1904761904761905,22,0,1.0
1.15,0.15,-2.0,1,150,17,0.11333333333333333,0.8866666666666667,3,3,18,76,0.5,0.14285714285714285,0.22222222222222224,1,5,8,0.16666666666666666,0.1111111111111111,0.13333333333333333,22,0,1.0
1.15,0.15,-2.0,2,150,18,0.12,0.88,4,3,17,76,0.5714285714285714,0.19047619047619047,0.2857142857142857,2,5,7,0.2857142857142857,0.2222222222222222,0.25,22,0,1.0
1.15,0.15,-2.0,3,150,18,0.12,0.88,4,3,17,76,0.5714285714285714,0.19047619047619047,0.2857142857142857,2,5,7,0.2857142857142857,0.2222222222222222,0.25,22,0,1.0
1.15,0.15,-2.0,5,150,18,0.12,0.88,4,3,17,76,0.5714285714285714,0.19047619047619047,0.2857142857142857,2,5,7,0.2857142857142857,0.2222222222222222,0.25,22,0,1.0
1.15,0.15,-2.0,999,150,18,0.12,0.88,4,3,17,76,0.5714285714285714,0.19047619047619047,0.2857142857142857,2,5,7,0.2857142857142857,0.2222222222222222,0.25,22,0,1.0
1.15,0.15,0.0,1,150,4,0.02666666666666667,0.9733333333333334,0,0,21,79,0.0,0.0,0.0,0,0,9,0.0,0.0,0.0,22,0,1.0
1.15,0.15,0.0,2,150,4,0.02666666666666667,0.9733333333333334,0,0,21,79,0.0,0.0,0.0,0,0,9,0.0,0.0,0.0,22,0,1.0
1.15,0.15,0.0,3,150,4,0.02666666666666667,0.9733333333333334,0,0,21,79,0.0,0.0,0.0,0,0,9,0.0,0.0,0.0,22,0,1.0
1.15,0.15,0.0,5,150,4,0.02666666666666667,0.9733333333333334,0,0,21,79,0.0,0.0,0.0,0,0,9,0.0,0.0,0.0,22,0,1.0
1.15,0.15,0.0,999,150,4,0.02666666666666667,0.9733333333333334,0,0,21,79,0.0,0.0,0.0,0,0,9,0.0,0.0,0.0,22,0,1.0
1.15,0.15,1.0,1,150,3,0.02,0.98,0,0,21,79,0.0,0.0,0.0,0,0,9,0.0,0.0,0.0,22,0,1.0
1.15,0.15,1.0,2,150,3,0.02,0.98,0,0,21,79,0.0,0.0,0.0,0,0,9,0.0,0.0,0.0,22,0,1.0
1.15,0.15,1.0,3,150,3,0.02,0.98,0,0,21,79,0.0,0.0,0.0,0,0,9,0.0,0.0,0.0,22,0,1.0
1.15,0.15,1.0,5,150,3,0.02,0.98,0,0,21,79,0.0,0.0,0.0,0,0,9,0.0,0.0,0.0,22,0,1.0
1.15,0.15,1.0,999,150,3,0.02,0.98,0,0,21,79,0.0,0.0,0.0,0,0,9,0.0,0.0,0.0,22,0,1.0
1.15,0.2,-7.0,1,150,93,0.62,0.38,14,56,7,23,0.2,0.6666666666666666,0.30769230769230765,5,65,4,0.07142857142857142,0.5555555555555556,0.12658227848101264,22,0,1.0
1.15,0.2,-7.0,2,150,100,0.6666666666666666,0.33333333333333337,15,60,6,19,0.2,0.7142857142857143,0.3125,6,69,3,0.08,0.6666666666666666,0.14285714285714285,22,0,1.0
1.15,0.2,-7.0,3,150,101,0.6733333333333333,0.32666666666666666,15,61,6,18,0.19736842105263158,0.7142857142857143,0.30927835051546393,6,70,3,0.07894736842105263,0.6666666666666666,0.1411764705882353,22,0,1.0
1.15,0.2,-7.0,5,150,101,0.6733333333333333,0.32666666666666666,15,61,6,18,0.19736842105263158,0.7142857142857143,0.30927835051546393,6,70,3,0.07894736842105263,0.6666666666666666,0.1411764705882353,22,0,1.0
1.15,0.2,-7.0,999,150,101,0.6733333333333333,0.32666666666666666,15,61,6,18,0.19736842105263158,0.7142857142857143,0.30927835051546393,6,70,3,0.07894736842105263,0.6666666666666666,0.1411764705882353,22,0,1.0
1.15,0.2,-6.0,1,150,82,0.5466666666666666,0.45333333333333337,12,47,9,32,0.2033898305084746,0.5714285714285714,0.30000000000000004,4,55,5,0.06779661016949153,0.4444444444444444,0.1176470588235294,22,0,1.0
1.15,0.2,-6.0,2,150,88,0.5866666666666667,0.41333333333333333,13,50,8,29,0.20634920634920634,0.6190476190476191,0.30952380952380953,5,58,4,0.07936507936507936,0.5555555555555556,0.1388888888888889,22,0,1.0
1.15,0.2,-6.0,3,150,89,0.5933333333333334,0.4066666666666666,13,51,8,28,0.203125,0.6190476190476191,0.30588235294117644,5,59,4,0.078125,0.5555555555555556,0.136986301369863,22,0,1.0
1.15,0.2,-6.0,5,150,89,0.5933333333333334,0.4066666666666666,13,51,8,28,0.203125,0.6190476190476191,0.30588235294117644,5,59,4,0.078125,0.5555555555555556,0.136986301369863,22,0,1.0
1.15,0.2,-6.0,999,150,89,0.5933333333333334,0.4066666666666666,13,51,8,28,0.203125,0.6190476190476191,0.30588235294117644,5,59,4,0.078125,0.5555555555555556,0.136986301369863,22,0,1.0
1.15,0.2,-5.0,1,150,65,0.43333333333333335,0.5666666666666667,11,33,10,46,0.25,0.5238095238095238,0.3384615384615385,4,40,5,0.09090909090909091,0.4444444444444444,0.1509433962264151,22,0,1.0
1.15,0.2,-5.0,2,150,71,0.47333333333333333,0.5266666666666666,12,36,9,43,0.25,0.5714285714285714,0.34782608695652173,5,43,4,0.10416666666666667,0.5555555555555556,0.1754385964912281,22,0,1.0
1.15,0.2,-5.0,3,150,72,0.48,0.52,12,37,9,42,0.24489795918367346,0.5714285714285714,0.3428571428571428,5,44,4,0.10204081632653061,0.5555555555555556,0.1724137931034483,22,0,1.0
1.15,0.2,-5.0,5,150,72,0.48,0.52,12,37,9,42,0.24489795918367346,0.5714285714285714,0.3428571428571428,5,44,4,0.10204081632653061,0.5555555555555556,0.1724137931034483,22,0,1.0
1.15,0.2,-5.0,999,150,72,0.48,0.52,12,37,9,42,0.24489795918367346,0.5714285714285714,0.3428571428571428,5,44,4,0.10204081632653061,0.5555555555555556,0.1724137931034483,22,0,1.0
1.15,0.2,-4.5,1,150,44,0.29333333333333333,0.7066666666666667,9,20,12,59,0.3103448275862069,0.42857142857142855,0.36000000000000004,2,27,7,0.06896551724137931,0.2222222222222222,0.10526315789473684,22,0,1.0
1.15,0.2,-4.5,2,150,50,0.3333333333333333,0.6666666666666667,10,23,11,56,0.30303030303030304,0.47619047619047616,0.37037037037037035,3,30,6,0.09090909090909091,0.3333333333333333,0.14285714285714288,22,0,1.0
1.15,0.2,-4.5,3,150,51,0.34,0.6599999999999999,10,24,11,55,0.29411764705882354,0.47619047619047616,0.3636363636363637,3,31,6,0.08823529411764706,0.3333333333333333,0.13953488372093023,22,0,1.0
1.15,0.2,-4.5,5,150,51,0.34,0.6599999999999999,10,24,11,55,0.29411764705882354,0.47619047619047616,0.3636363636363637,3,31,6,0.08823529411764706,0.3333333333333333,0.13953488372093023,22,0,1.0
1.15,0.2,-4.5,999,150,51,0.34,0.6599999999999999,10,24,11,55,0.29411764705882354,0.47619047619047616,0.3636363636363637,3,31,6,0.08823529411764706,0.3333333333333333,0.13953488372093023,22,0,1.0
1.15,0.2,-4.0,1,150,33,0.22,0.78,7,14,14,65,0.3333333333333333,0.3333333333333333,0.3333333333333333,2,19,7,0.09523809523809523,0.2222222222222222,0.13333333333333333,22,0,1.0
1.15,0.2,-4.0,2,150,37,0.24666666666666667,0.7533333333333333,8,16,13,63,0.3333333333333333,0.38095238095238093,0.35555555555555557,3,21,6,0.125,0.3333333333333333,0.18181818181818182,22,0,1.0
1.15,0.2,-4.0,3,150,37,0.24666666666666667,0.7533333333333333,8,16,13,63,0.3333333333333333,0.38095238095238093,0.35555555555555557,3,21,6,0.125,0.3333333333333333,0.18181818181818182,22,0,1.0
1.15,0.2,-4.0,5,150,37,0.24666666666666667,0.7533333333333333,8,16,13,63,0.3333333333333333,0.38095238095238093,0.35555555555555557,3,21,6,0.125,0.3333333333333333,0.18181818181818182,22,0,1.0
1.15,0.2,-4.0,999,150,37,0.24666666666666667,0.7533333333333333,8,16,13,63,0.3333333333333333,0.38095238095238093,0.35555555555555557,3,21,6,0.125,0.3333333333333333,0.18181818181818182,22,0,1.0
1.15,0.2,-3.0,1,150,22,0.14666666666666667,0.8533333333333333,4,6,17,73,0.4,0.19047619047619047,0.25806451612903225,1,9,8,0.1,0.1111111111111111,0.10526315789473685,22,0,1.0
1.15,0.2,-3.0,2,150,24,0.16,0.84,5,7,16,72,0.4166666666666667,0.23809523809523808,0.30303030303030304,2,10,7,0.16666666666666666,0.2222222222222222,0.1904761904761905,22,0,1.0
1.15,0.2,-3.0,3,150,24,0.16,0.84,5,7,16,72,0.4166666666666667,0.23809523809523808,0.30303030303030304,2,10,7,0.16666666666666666,0.2222222222222222,0.1904761904761905,22,0,1.0
1.15,0.2,-3.0,5,150,24,0.16,0.84,5,7,16,72,0.4166666666666667,0.23809523809523808,0.30303030303030304,2,10,7,0.16666666666666666,0.2222222222222222,0.1904761904761905,22,0,1.0
1.15,0.2,-3.0,999,150,24,0.16,0.84,5,7,16,72,0.4166666666666667,0.23809523809523808,0.30303030303030304,2,10,7,0.16666666666666666,0.2222222222222222,0.1904761904761905,22,0,1.0
1.15,0.2,-2.0,1,150,17,0.11333333333333333,0.8866666666666667,3,3,18,76,0.5,0.14285714285714285,0.22222222222222224,1,5,8,0.16666666666666666,0.1111111111111111,0.13333333333333333,22,0,1.0
1.15,0.2,-2.0,2,150,18,0.12,0.88,4,3,17,76,0.5714285714285714,0.19047619047619047,0.2857142857142857,2,5,7,0.2857142857142857,0.2222222222222222,0.25,22,0,1.0
1.15,0.2,-2.0,3,150,18,0.12,0.88,4,3,17,76,0.5714285714285714,0.19047619047619047,0.2857142857142857,2,5,7,0.2857142857142857,0.2222222222222222,0.25,22,0,1.0
1.15,0.2,-2.0,5,150,18,0.12,0.88,4,3,17,76,0.5714285714285714,0.19047619047619047,0.2857142857142857,2,5,7,0.2857142857142857,0.2222222222222222,0.25,22,0,1.0
1.15,0.2,-2.0,999,150,18,0.12,0.88,4,3,17,76,0.5714285714285714,0.19047619047619047,0.2857142857142857,2,5,7,0.2857142857142857,0.2222222222222222,0.25,22,0,1.0
1.15,0.2,0.0,1,150,4,0.02666666666666667,0.9733333333333334,0,0,21,79,0.0,0.0,0.0,0,0,9,0.0,0.0,0.0,22,0,1.0
1.15,0.2,0.0,2,150,4,0.02666666666666667,0.9733333333333334,0,0,21,79,0.0,0.0,0.0,0,0,9,0.0,0.0,0.0,22,0,1.0
1.15,0.2,0.0,3,150,4,0.02666666666666667,0.9733333333333334,0,0,21,79,0.0,0.0,0.0,0,0,9,0.0,0.0,0.0,22,0,1.0
1.15,0.2,0.0,5,150,4,0.02666666666666667,0.9733333333333334,0,0,21,79,0.0,0.0,0.0,0,0,9,0.0,0.0,0.0,22,0,1.0
1.15,0.2,0.0,999,150,4,0.02666666666666667,0.9733333333333334,0,0,21,79,0.0,0.0,0.0,0,0,9,0.0,0.0,0.0,22,0,1.0
1.15,0.2,1.0,1,150,3,0.02,0.98,0,0,21,79,0.0,0.0,0.0,0,0,9,0.0,0.0,0.0,22,0,1.0
1.15,0.2,1.0,2,150,3,0.02,0.98,0,0,21,79,0.0,0.0,0.0,0,0,9,0.0,0.0,0.0,22,0,1.0
1.15,0.2,1.0,3,150,3,0.02,0.98,0,0,21,79,0.0,0.0,0.0,0,0,9,0.0,0.0,0.0,22,0,1.0
1.15,0.2,1.0,5,150,3,0.02,0.98,0,0,21,79,0.0,0.0,0.0,0,0,9,0.0,0.0,0.0,22,0,1.0
1.15,0.2,1.0,999,150,3,0.02,0.98,0,0,21,79,0.0,0.0,0.0,0,0,9,0.0,0.0,0.0,22,0,1.0
1.15,0.25,-7.0,1,150,84,0.56,0.43999999999999995,13,49,8,30,0.20967741935483872,0.6190476190476191,0.3132530120481928,5,57,4,0.08064516129032258,0.5555555555555556,0.1408450704225352,22,0,1.0
1.15,0.25,-7.0,2,150,91,0.6066666666666667,0.3933333333333333,14,53,7,26,0.208955223880597,0.6666666666666666,0.3181818181818181,6,61,3,0.08955223880597014,0.6666666666666666,0.15789473684210525,22,0,1.0
1.15,0.25,-7.0,3,150,92,0.6133333333333333,0.3866666666666667,14,54,7,25,0.20588235294117646,0.6666666666666666,0.31460674157303364,6,62,3,0.08823529411764706,0.6666666666666666,0.15584415584415584,22,0,1.0
1.15,0.25,-7.0,5,150,92,0.6133333333333333,0.3866666666666667,14,54,7,25,0.20588235294117646,0.6666666666666666,0.31460674157303364,6,62,3,0.08823529411764706,0.6666666666666666,0.15584415584415584,22,0,1.0
1.15,0.25,-7.0,999,150,92,0.6133333333333333,0.3866666666666667,14,54,7,25,0.20588235294117646,0.6666666666666666,0.31460674157303364,6,62,3,0.08823529411764706,0.6666666666666666,0.15584415584415584,22,0,1.0
1.15,0.25,-6.0,1,150,76,0.5066666666666667,0.4933333333333333,11,43,10,36,0.2037037037037037,0.5238095238095238,0.2933333333333333,4,50,5,0.07407407407407407,0.4444444444444444,0.12698412698412698,22,0,1.0
1.15,0.25,-6.0,2,150,82,0.5466666666666666,0.45333333333333337,12,46,9,33,0.20689655172413793,0.5714285714285714,0.3037974683544304,5,53,4,0.08620689655172414,0.5555555555555556,0.1492537313432836,22,0,1.0
1.15,0.25,-6.0,3,150,83,0.5533333333333333,0.44666666666666666,12,47,9,32,0.2033898305084746,0.5714285714285714,0.30000000000000004,5,54,4,0.0847457627118644,0.5555555555555556,0.14705882352941177,22,0,1.0
1.15,0.25,-6.0,5,150,83,0.5533333333333333,0.44666666666666666,12,47,9,32,0.2033898305084746,0.5714285714285714,0.30000000000000004,5,54,4,0.0847457627118644,0.5555555555555556,0.14705882352941177,22,0,1.0
1.15,0.25,-6.0,999,150,83,0.5533333333333333,0.44666666666666666,12,47,9,32,0.2033898305084746,0.5714285714285714,0.30000000000000004,5,54,4,0.0847457627118644,0.5555555555555556,0.14705882352941177,22,0,1.0
1.15,0.25,-5.0,1,150,61,0.4066666666666667,0.5933333333333333,10,31,11,48,0.24390243902439024,0.47619047619047616,0.3225806451612903,4,37,5,0.0975609756097561,0.4444444444444444,0.16,22,0,1.0
1.15,0.25,-5.0,2,150,67,0.44666666666666666,0.5533333333333333,11,34,10,45,0.24444444444444444,0.5238095238095238,0.3333333333333333,5,40,4,0.1111111111111111,0.5555555555555556,0.18518518518518515,22,0,1.0
1.15,0.25,-5.0,3,150,68,0.4533333333333333,0.5466666666666666,11,35,10,44,0.2391304347826087,0.5238095238095238,0.32835820895522383,5,41,4,0.10869565217391304,0.5555555555555556,0.1818181818181818,22,0,1.0
1.15,0.25,-5.0,5,150,68,0.4533333333333333,0.5466666666666666,11,35,10,44,0.2391304347826087,0.5238095238095238,0.32835820895522383,5,41,4,0.10869565217391304,0.5555555555555556,0.1818181818181818,22,0,1.0
1.15,0.25,-5.0,999,150,68,0.4533333333333333,0.5466666666666666,11,35,10,44,0.2391304347826087,0.5238095238095238,0.32835820895522383,5,41,4,0.10869565217391304,0.5555555555555556,0.1818181818181818,22,0,1.0
1.15,0.25,-4.5,1,150,40,0.26666666666666666,0.7333333333333334,8,18,13,61,0.3076923076923077,0.38095238095238093,0.3404255319148936,2,24,7,0.07692307692307693,0.2222222222222222,0.1142857142857143,22,0,1.0
1.15,0.25,-4.5,2,150,46,0.30666666666666664,0.6933333333333334,9,21,12,58,0.3,0.42857142857142855,0.3529411764705882,3,27,6,0.1,0.3333333333333333,0.15384615384615383,22,0,1.0
1.15,0.25,-4.5,3,150,47,0.31333333333333335,0.6866666666666666,9,22,12,57,0.2903225806451613,0.42857142857142855,0.34615384615384615,3,28,6,0.0967741935483871,0.3333333333333333,0.15000000000000002,22,0,1.0
1.15,0.25,-4.5,5,150,47,0.31333333333333335,0.6866666666666666,9,22,12,57,0.2903225806451613,0.42857142857142855,0.34615384615384615,3,28,6,0.0967741935483871,0.3333333333333333,0.15000000000000002,22,0,1.0
1.15,0.25,-4.5,999,150,47,0.31333333333333335,0.6866666666666666,9,22,12,57,0.2903225806451613,0.42857142857142855,0.34615384615384615,3,28,6,0.0967741935483871,0.3333333333333333,0.15000000000000002,22,0,1.0
1.15,0.25,-4.0,1,150,30,0.2,0.8,7,12,14,67,0.3684210526315789,0.3333333333333333,0.35,2,17,7,0.10526315789473684,0.2222222222222222,0.14285714285714285,22,0,1.0
1.15,0.25,-4.0,2,150,34,0.22666666666666666,0.7733333333333333,8,14,13,65,0.36363636363636365,0.38095238095238093,0.37209302325581395,3,19,6,0.13636363636363635,0.3333333333333333,0.1935483870967742,22,0,1.0
1.15,0.25,-4.0,3,150,34,0.22666666666666666,0.7733333333333333,8,14,13,65,0.36363636363636365,0.38095238095238093,0.37209302325581395,3,19,6,0.13636363636363635,0.3333333333333333,0.1935483870967742,22,0,1.0
1.15,0.25,-4.0,5,150,34,0.22666666666666666,0.7733333333333333,8,14,13,65,0.36363636363636365,0.38095238095238093,0.37209302325581395,3,19,6,0.13636363636363635,0.3333333333333333,0.1935483870967742,22,0,1.0
1.15,0.25,-4.0,999,150,34,0.22666666666666666,0.7733333333333333,8,14,13,65,0.36363636363636365,0.38095238095238093,0.37209302325581395,3,19,6,0.13636363636363635,0.3333333333333333,0.1935483870967742,22,0,1.0
1.15,0.25,-3.0,1,150,20,0.13333333333333333,0.8666666666666667,4,5,17,74,0.4444444444444444,0.19047619047619047,0.26666666666666666,1,8,8,0.1111111111111111,0.1111111111111111,0.1111111111111111,22,0,1.0
1.15,0.25,-3.0,2,150,22,0.14666666666666667,0.8533333333333333,5,6,16,73,0.45454545454545453,0.23809523809523808,0.31249999999999994,2,9,7,0.18181818181818182,0.2222222222222222,0.19999999999999998,22,0,1.0
1.15,0.25,-3.0,3,150,22,0.14666666666666667,0.8533333333333333,5,6,16,73,0.45454545454545453,0.23809523809523808,0.31249999999999994,2,9,7,0.18181818181818182,0.2222222222222222,0.19999999999999998,22,0,1.0
1.15,0.25,-3.0,5,150,22,0.14666666666666667,0.8533333333333333,5,6,16,73,0.45454545454545453,0.23809523809523808,0.31249999999999994,2,9,7,0.18181818181818182,0.2222222222222222,0.19999999999999998,22,0,1.0
1.15,0.25,-3.0,999,150,22,0.14666666666666667,0.8533333333333333,5,6,16,73,0.45454545454545453,0.23809523809523808,0.31249999999999994,2,9,7,0.18181818181818182,0.2222222222222222,0.19999999999999998,22,0,1.0
1.15,0.25,-2.0,1,150,16,0.10666666666666667,0.8933333333333333,3,3,18,76,0.5,0.14285714285714285,0.22222222222222224,1,5,8,0.16666666666666666,0.1111111111111111,0.13333333333333333,22,0,1.0
1.15,0.25,-2.0,2,150,17,0.11333333333333333,0.8866666666666667,4,3,17,76,0.5714285714285714,0.19047619047619047,0.2857142857142857,2,5,7,0.2857142857142857,0.2222222222222222,0.25,22,0,1.0
1.15,0.25,-2.0,3,150,17,0.11333333333333333,0.8866666666666667,4,3,17,76,0.5714285714285714,0.19047619047619047,0.2857142857142857,2,5,7,0.2857142857142857,0.2222222222222222,0.25,22,0,1.0
1.15,0.25,-2.0,5,150,17,0.11333333333333333,0.8866666666666667,4,3,17,76,0.5714285714285714,0.19047619047619047,0.2857142857142857,2,5,7,0.2857142857142857,0.2222222222222222,0.25,22,0,1.0
1.15,0.25,-2.0,999,150,17,0.11333333333333333,0.8866666666666667,4,3,17,76,0.5714285714285714,0.19047619047619047,0.2857142857142857,2,5,7,0.2857142857142857,0.2222222222222222,0.25,22,0,1.0
1.15,0.25,0.0,1,150,3,0.02,0.98,0,0,21,79,0.0,0.0,0.0,0,0,9,0.0,0.0,0.0,22,0,1.0
1.15,0.25,0.0,2,150,3,0.02,0.98,0,0,21,79,0.0,0.0,0.0,0,0,9,0.0,0.0,0.0,22,0,1.0
1.15,0.25,0.0,3,150,3,0.02,0.98,0,0,21,79,0.0,0.0,0.0,0,0,9,0.0,0.0,0.0,22,0,1.0
1.15,0.25,0.0,5,150,3,0.02,0.98,0,0,21,79,0.0,0.0,0.0,0,0,9,0.0,0.0,0.0,22,0,1.0
1.15,0.25,0.0,999,150,3,0.02,0.98,0,0,21,79,0.0,0.0,0.0,0,0,9,0.0,0.0,0.0,22,0,1.0
1.15,0.25,1.0,1,150,2,0.013333333333333334,0.9866666666666667,0,0,21,79,0.0,0.0,0.0,0,0,9,0.0,0.0,0.0,22,0,1.0
1.15,0.25,1.0,2,150,2,0.013333333333333334,0.9866666666666667,0,0,21,79,0.0,0.0,0.0,0,0,9,0.0,0.0,0.0,22,0,1.0
1.15,0.25,1.0,3,150,2,0.013333333333333334,0.9866666666666667,0,0,21,79,0.0,0.0,0.0,0,0,9,0.0,0.0,0.0,22,0,1.0
1.15,0.25,1.0,5,150,2,0.013333333333333334,0.9866666666666667,0,0,21,79,0.0,0.0,0.0,0,0,9,0.0,0.0,0.0,22,0,1.0
1.15,0.25,1.0,999,150,2,0.013333333333333334,0.9866666666666667,0,0,21,79,0.0,0.0,0.0,0,0,9,0.0,0.0,0.0,22,0,1.0
1.15,0.28,-7.0,1,150,78,0.52,0.48,13,43,8,36,0.23214285714285715,0.6190476190476191,0.33766233766233766,5,51,4,0.08928571428571429,0.5555555555555556,0.15384615384615385,22,0,1.0
1.15,0.28,-7.0,2,150,85,0.5666666666666667,0.43333333333333335,14,47,7,32,0.22950819672131148,0.6666666666666666,0.34146341463414637,6,55,3,0.09836065573770492,0.6666666666666666,0.1714285714285714,22,0,1.0
1.15,0.28,-7.0,3,150,86,0.5733333333333334,0.42666666666666664,14,48,7,31,0.22580645161290322,0.6666666666666666,0.3373493975903614,6,56,3,0.0967741935483871,0.6666666666666666,0.16901408450704225,22,0,1.0
1.15,0.28,-7.0,5,150,86,0.5733333333333334,0.42666666666666664,14,48,7,31,0.22580645161290322,0.6666666666666666,0.3373493975903614,6,56,3,0.0967741935483871,0.6666666666666666,0.16901408450704225,22,0,1.0
1.15,0.28,-7.0,999,150,86,0.5733333333333334,0.42666666666666664,14,48,7,31,0.22580645161290322,0.6666666666666666,0.3373493975903614,6,56,3,0.0967741935483871,0.6666666666666666,0.16901408450704225,22,0,1.0
1.15,0.28,-6.0,1,150,70,0.4666666666666667,0.5333333333333333,11,37,10,42,0.22916666666666666,0.5238095238095238,0.31884057971014496,4,44,5,0.08333333333333333,0.4444444444444444,0.14035087719298245,22,0,1.0
1.15,0.28,-6.0,2,150,76,0.5066666666666667,0.4933333333333333,12,40,9,39,0.23076923076923078,0.5714285714285714,0.3287671232876712,5,47,4,0.09615384615384616,0.5555555555555556,0.1639344262295082,22,0,1.0
1.15,0.28,-6.0,3,150,77,0.5133333333333333,0.4866666666666667,12,41,9,38,0.22641509433962265,0.5714285714285714,0.3243243243243244,5,48,4,0.09433962264150944,0.5555555555555556,0.16129032258064518,22,0,1.0
1.15,0.28,-6.0,5,150,77,0.5133333333333333,0.4866666666666667,12,41,9,38,0.22641509433962265,0.5714285714285714,0.3243243243243244,5,48,4,0.09433962264150944,0.5555555555555556,0.16129032258064518,22,0,1.0
1.15,0.28,-6.0,999,150,77,0.5133333333333333,0.4866666666666667,12,41,9,38,0.22641509433962265,0.5714285714285714,0.3243243243243244,5,48,4,0.09433962264150944,0.5555555555555556,0.16129032258064518,22,0,1.0
1.15,0.28,-5.0,1,150,57,0.38,0.62,10,27,11,52,0.2702702702702703,0.47619047619047616,0.3448275862068966,4,33,5,0.10810810810810811,0.4444444444444444,0.17391304347826086,22,0,1.0
1.15,0.28,-5.0,2,150,63,0.42,0.5800000000000001,11,30,10,49,0.2682926829268293,0.5238095238095238,0.3548387096774194,5,36,4,0.12195121951219512,0.5555555555555556,0.2,22,0,1.0
1.15,0.28,-5.0,3,150,64,0.4266666666666667,0.5733333333333333,11,31,10,48,0.2619047619047619,0.5238095238095238,0.3492063492063492,5,37,4,0.11904761904761904,0.5555555555555556,0.196078431372549,22,0,1.0
1.15,0.28,-5.0,5,150,64,0.4266666666666667,0.5733333333333333,11,31,10,48,0.2619047619047619,0.5238095238095238,0.3492063492063492,5,37,4,0.11904761904761904,0.5555555555555556,0.196078431372549,22,0,1.0
1.15,0.28,-5.0,999,150,64,0.4266666666666667,0.5733333333333333,11,31,10,48,0.2619047619047619,0.5238095238095238,0.3492063492063492,5,37,4,0.11904761904761904,0.5555555555555556,0.196078431372549,22,0,1.0
1.15,0.28,-4.5,1,150,36,0.24,0.76,8,14,13,65,0.36363636363636365,0.38095238095238093,0.37209302325581395,2,20,7,0.09090909090909091,0.2222222222222222,0.1290322580645161,22,0,1.0
1.15,0.28,-4.5,2,150,42,0.28,0.72,9,17,12,62,0.34615384615384615,0.42857142857142855,0.3829787234042554,3,23,6,0.11538461538461539,0.3333333333333333,0.17142857142857146,22,0,1.0
1.15,0.28,-4.5,3,150,43,0.2866666666666667,0.7133333333333334,9,18,12,61,0.3333333333333333,0.42857142857142855,0.375,3,24,6,0.1111111111111111,0.3333333333333333,0.16666666666666666,22,0,1.0
1.15,0.28,-4.5,5,150,43,0.2866666666666667,0.7133333333333334,9,18,12,61,0.3333333333333333,0.42857142857142855,0.375,3,24,6,0.1111111111111111,0.3333333333333333,0.16666666666666666,22,0,1.0
1.15,0.28,-4.5,999,150,43,0.2866666666666667,0.7133333333333334,9,18,12,61,0.3333333333333333,0.42857142857142855,0.375,3,24,6,0.1111111111111111,0.3333333333333333,0.16666666666666666,22,0,1.0
1.15,0.28,-4.0,1,150,27,0.18,0.8200000000000001,7,9,14,70,0.4375,0.3333333333333333,0.37837837837837834,2,14,7,0.125,0.2222222222222222,0.16,22,0,1.0
1.15,0.28,-4.0,2,150,31,0.20666666666666667,0.7933333333333333,8,11,13,68,0.42105263157894735,0.38095238095238093,0.4,3,16,6,0.15789473684210525,0.3333333333333333,0.21428571428571427,22,0,1.0
1.15,0.28,-4.0,3,150,31,0.20666666666666667,0.7933333333333333,8,11,13,68,0.42105263157894735,0.38095238095238093,0.4,3,16,6,0.15789473684210525,0.3333333333333333,0.21428571428571427,22,0,1.0
1.15,0.28,-4.0,5,150,31,0.20666666666666667,0.7933333333333333,8,11,13,68,0.42105263157894735,0.38095238095238093,0.4,3,16,6,0.15789473684210525,0.3333333333333333,0.21428571428571427,22,0,1.0
1.15,0.28,-4.0,999,150,31,0.20666666666666667,0.7933333333333333,8,11,13,68,0.42105263157894735,0.38095238095238093,0.4,3,16,6,0.15789473684210525,0.3333333333333333,0.21428571428571427,22,0,1.0
1.15,0.28,-3.0,1,150,20,0.13333333333333333,0.8666666666666667,4,5,17,74,0.4444444444444444,0.19047619047619047,0.26666666666666666,1,8,8,0.1111111111111111,0.1111111111111111,0.1111111111111111,22,0,1.0
1.15,0.28,-3.0,2,150,22,0.14666666666666667,0.8533333333333333,5,6,16,73,0.45454545454545453,0.23809523809523808,0.31249999999999994,2,9,7,0.18181818181818182,0.2222222222222222,0.19999999999999998,22,0,1.0
1.15,0.28,-3.0,3,150,22,0.14666666666666667,0.8533333333333333,5,6,16,73,0.45454545454545453,0.23809523809523808,0.31249999999999994,2,9,7,0.18181818181818182,0.2222222222222222,0.19999999999999998,22,0,1.0
1.15,0.28,-3.0,5,150,22,0.14666666666666667,0.8533333333333333,5,6,16,73,0.45454545454545453,0.23809523809523808,0.31249999999999994,2,9,7,0.18181818181818182,0.2222222222222222,0.19999999999999998,22,0,1.0
1.15,0.28,-3.0,999,150,22,0.14666666666666667,0.8533333333333333,5,6,16,73,0.45454545454545453,0.23809523809523808,0.31249999999999994,2,9,7,0.18181818181818182,0.2222222222222222,0.19999999999999998,22,0,1.0
1.15,0.28,-2.0,1,150,16,0.10666666666666667,0.8933333333333333,3,3,18,76,0.5,0.14285714285714285,0.22222222222222224,1,5,8,0.16666666666666666,0.1111111111111111,0.13333333333333333,22,0,1.0
1.15,0.28,-2.0,2,150,17,0.11333333333333333,0.8866666666666667,4,3,17,76,0.5714285714285714,0.19047619047619047,0.2857142857142857,2,5,7,0.2857142857142857,0.2222222222222222,0.25,22,0,1.0
1.15,0.28,-2.0,3,150,17,0.11333333333333333,0.8866666666666667,4,3,17,76,0.5714285714285714,0.19047619047619047,0.2857142857142857,2,5,7,0.2857142857142857,0.2222222222222222,0.25,22,0,1.0
1.15,0.28,-2.0,5,150,17,0.11333333333333333,0.8866666666666667,4,3,17,76,0.5714285714285714,0.19047619047619047,0.2857142857142857,2,5,7,0.2857142857142857,0.2222222222222222,0.25,22,0,1.0
1.15,0.28,-2.0,999,150,17,0.11333333333333333,0.8866666666666667,4,3,17,76,0.5714285714285714,0.19047619047619047,0.2857142857142857,2,5,7,0.2857142857142857,0.2222222222222222,0.25,22,0,1.0
1.15,0.28,0.0,1,150,3,0.02,0.98,0,0,21,79,0.0,0.0,0.0,0,0,9,0.0,0.0,0.0,22,0,1.0
1.15,0.28,0.0,2,150,3,0.02,0.98,0,0,21,79,0.0,0.0,0.0,0,0,9,0.0,0.0,0.0,22,0,1.0
1.15,0.28,0.0,3,150,3,0.02,0.98,0,0,21,79,0.0,0.0,0.0,0,0,9,0.0,0.0,0.0,22,0,1.0
1.15,0.28,0.0,5,150,3,0.02,0.98,0,0,21,79,0.0,0.0,0.0,0,0,9,0.0,0.0,0.0,22,0,1.0
1.15,0.28,0.0,999,150,3,0.02,0.98,0,0,21,79,0.0,0.0,0.0,0,0,9,0.0,0.0,0.0,22,0,1.0
1.15,0.28,1.0,1,150,2,0.013333333333333334,0.9866666666666667,0,0,21,79,0.0,0.0,0.0,0,0,9,0.0,0.0,0.0,22,0,1.0
1.15,0.28,1.0,2,150,2,0.013333333333333334,0.9866666666666667,0,0,21,79,0.0,0.0,0.0,0,0,9,0.0,0.0,0.0,22,0,1.0
1.15,0.28,1.0,3,150,2,0.013333333333333334,0.9866666666666667,0,0,21,79,0.0,0.0,0.0,0,0,9,0.0,0.0,0.0,22,0,1.0
1.15,0.28,1.0,5,150,2,0.013333333333333334,0.9866666666666667,0,0,21,79,0.0,0.0,0.0,0,0,9,0.0,0.0,0.0,22,0,1.0
1.15,0.28,1.0,999,150,2,0.013333333333333334,0.9866666666666667,0,0,21,79,0.0,0.0,0.0,0,0,9,0.0,0.0,0.0,22,0,1.0
1.15,0.32,-7.0,1,150,59,0.3933333333333333,0.6066666666666667,9,33,12,46,0.21428571428571427,0.42857142857142855,0.2857142857142857,4,38,5,0.09523809523809523,0.4444444444444444,0.1568627450980392,22,0,1.0
1.15,0.32,-7.0,2,150,63,0.42,0.5800000000000001,10,36,11,43,0.21739130434782608,0.47619047619047616,0.2985074626865672,5,41,4,0.10869565217391304,0.5555555555555556,0.1818181818181818,22,0,1.0
1.15,0.32,-7.0,3,150,64,0.4266666666666667,0.5733333333333333,10,37,11,42,0.2127659574468085,0.47619047619047616,0.29411764705882354,5,42,4,0.10638297872340426,0.5555555555555556,0.17857142857142855,22,0,1.0
1.15,0.32,-7.0,5,150,64,0.4266666666666667,0.5733333333333333,10,37,11,42,0.2127659574468085,0.47619047619047616,0.29411764705882354,5,42,4,0.10638297872340426,0.5555555555555556,0.17857142857142855,22,0,1.0
1.15,0.32,-7.0,999,150,64,0.4266666666666667,0.5733333333333333,10,37,11,42,0.2127659574468085,0.47619047619047616,0.29411764705882354,5,42,4,0.10638297872340426,0.5555555555555556,0.17857142857142855,22,0,1.0
1.15,0.32,-6.0,1,150,52,0.3466666666666667,0.6533333333333333,8,27,13,52,0.22857142857142856,0.38095238095238093,0.2857142857142857,3,32,6,0.08571428571428572,0.3333333333333333,0.13636363636363638,22,0,1.0
1.15,0.32,-6.0,2,150,55,0.36666666666666664,0.6333333333333333,9,29,12,50,0.23684210526315788,0.42857142857142855,0.30508474576271183,4,34,5,0.10526315789473684,0.4444444444444444,0.1702127659574468,22,0,1.0
1.15,0.32,-6.0,3,150,56,0.37333333333333335,0.6266666666666667,9,30,12,49,0.23076923076923078,0.42857142857142855,0.3,4,35,5,0.10256410256410256,0.4444444444444444,0.16666666666666666,22,0,1.0
1.15,0.32,-6.0,5,150,56,0.37333333333333335,0.6266666666666667,9,30,12,49,0.23076923076923078,0.42857142857142855,0.3,4,35,5,0.10256410256410256,0.4444444444444444,0.16666666666666666,22,0,1.0
1.15,0.32,-6.0,999,150,56,0.37333333333333335,0.6266666666666667,9,30,12,49,0.23076923076923078,0.42857142857142855,0.3,4,35,5,0.10256410256410256,0.4444444444444444,0.16666666666666666,22,0,1.0
1.15,0.32,-5.0,1,150,42,0.28,0.72,8,19,13,60,0.2962962962962963,0.38095238095238093,0.3333333333333333,3,24,6,0.1111111111111111,0.3333333333333333,0.16666666666666666,22,0,1.0
1.15,0.32,-5.0,2,150,45,0.3,0.7,9,21,12,58,0.3,0.42857142857142855,0.3529411764705882,4,26,5,0.13333333333333333,0.4444444444444444,0.20512820512820512,22,0,1.0
1.15,0.32,-5.0,3,150,46,0.30666666666666664,0.6933333333333334,9,22,12,57,0.2903225806451613,0.42857142857142855,0.34615384615384615,4,27,5,0.12903225806451613,0.4444444444444444,0.19999999999999998,22,0,1.0
1.15,0.32,-5.0,5,150,46,0.30666666666666664,0.6933333333333334,9,22,12,57,0.2903225806451613,0.42857142857142855,0.34615384615384615,4,27,5,0.12903225806451613,0.4444444444444444,0.19999999999999998,22,0,1.0
1.15,0.32,-5.0,999,150,46,0.30666666666666664,0.6933333333333334,9,22,12,57,0.2903225806451613,0.42857142857142855,0.34615384615384615,4,27,5,0.12903225806451613,0.4444444444444444,0.19999999999999998,22,0,1.0
1.15,0.32,-4.5,1,150,28,0.18666666666666668,0.8133333333333334,7,11,14,68,0.3888888888888889,0.3333333333333333,0.358974358974359,2,16,7,0.1111111111111111,0.2222222222222222,0.14814814814814814,22,0,1.0
1.15,0.32,-4.5,2,150,31,0.20666666666666667,0.7933333333333333,8,13,13,66,0.38095238095238093,0.38095238095238093,0.38095238095238093,3,18,6,0.14285714285714285,0.3333333333333333,0.2,22,0,1.0
1.15,0.32,-4.5,3,150,32,0.21333333333333335,0.7866666666666666,8,14,13,65,0.36363636363636365,0.38095238095238093,0.37209302325581395,3,19,6,0.13636363636363635,0.3333333333333333,0.1935483870967742,22,0,1.0
1.15,0.32,-4.5,5,150,32,0.21333333333333335,0.7866666666666666,8,14,13,65,0.36363636363636365,0.38095238095238093,0.37209302325581395,3,19,6,0.13636363636363635,0.3333333333333333,0.1935483870967742,22,0,1.0
1.15,0.32,-4.5,999,150,32,0.21333333333333335,0.7866666666666666,8,14,13,65,0.36363636363636365,0.38095238095238093,0.37209302325581395,3,19,6,0.13636363636363635,0.3333333333333333,0.1935483870967742,22,0,1.0
1.15,0.32,-4.0,1,150,20,0.13333333333333333,0.8666666666666667,6,7,15,72,0.46153846153846156,0.2857142857142857,0.35294117647058826,2,11,7,0.15384615384615385,0.2222222222222222,0.18181818181818185,22,0,1.0
1.15,0.32,-4.0,2,150,22,0.14666666666666667,0.8533333333333333,7,8,14,71,0.4666666666666667,0.3333333333333333,0.3888888888888889,3,12,6,0.2,0.3333333333333333,0.25,22,0,1.0
1.15,0.32,-4.0,3,150,22,0.14666666666666667,0.8533333333333333,7,8,14,71,0.4666666666666667,0.3333333333333333,0.3888888888888889,3,12,6,0.2,0.3333333333333333,0.25,22,0,1.0
1.15,0.32,-4.0,5,150,22,0.14666666666666667,0.8533333333333333,7,8,14,71,0.4666666666666667,0.3333333333333333,0.3888888888888889,3,12,6,0.2,0.3333333333333333,0.25,22,0,1.0
1.15,0.32,-4.0,999,150,22,0.14666666666666667,0.8533333333333333,7,8,14,71,0.4666666666666667,0.3333333333333333,0.3888888888888889,3,12,6,0.2,0.3333333333333333,0.25,22,0,1.0
1.15,0.32,-3.0,1,150,13,0.08666666666666667,0.9133333333333333,3,3,18,76,0.5,0.14285714285714285,0.22222222222222224,1,5,8,0.16666666666666666,0.1111111111111111,0.13333333333333333,22,0,1.0
1.15,0.32,-3.0,2,150,14,0.09333333333333334,0.9066666666666666,4,3,17,76,0.5714285714285714,0.19047619047619047,0.2857142857142857,2,5,7,0.2857142857142857,0.2222222222222222,0.25,22,0,1.0
1.15,0.32,-3.0,3,150,14,0.09333333333333334,0.9066666666666666,4,3,17,76,0.5714285714285714,0.19047619047619047,0.2857142857142857,2,5,7,0.2857142857142857,0.2222222222222222,0.25,22,0,1.0
1.15,0.32,-3.0,5,150,14,0.09333333333333334,0.9066666666666666,4,3,17,76,0.5714285714285714,0.19047619047619047,0.2857142857142857,2,5,7,0.2857142857142857,0.2222222222222222,0.25,22,0,1.0
1.15,0.32,-3.0,999,150,14,0.09333333333333334,0.9066666666666666,4,3,17,76,0.5714285714285714,0.19047619047619047,0.2857142857142857,2,5,7,0.2857142857142857,0.2222222222222222,0.25,22,0,1.0
1.15,0.32,-2.0,1,150,12,0.08,0.92,3,3,18,76,0.5,0.14285714285714285,0.22222222222222224,1,5,8,0.16666666666666666,0.1111111111111111,0.13333333333333333,22,0,1.0
1.15,0.32,-2.0,2,150,13,0.08666666666666667,0.9133333333333333,4,3,17,76,0.5714285714285714,0.19047619047619047,0.2857142857142857,2,5,7,0.2857142857142857,0.2222222222222222,0.25,22,0,1.0
1.15,0.32,-2.0,3,150,13,0.08666666666666667,0.9133333333333333,4,3,17,76,0.5714285714285714,0.19047619047619047,0.2857142857142857,2,5,7,0.2857142857142857,0.2222222222222222,0.25,22,0,1.0
1.15,0.32,-2.0,5,150,13,0.08666666666666667,0.9133333333333333,4,3,17,76,0.5714285714285714,0.19047619047619047,0.2857142857142857,2,5,7,0.2857142857142857,0.2222222222222222,0.25,22,0,1.0
1.15,0.32,-2.0,999,150,13,0.08666666666666667,0.9133333333333333,4,3,17,76,0.5714285714285714,0.19047619047619047,0.2857142857142857,2,5,7,0.2857142857142857,0.2222222222222222,0.25,22,0,1.0
1.15,0.32,0.0,1,150,2,0.013333333333333334,0.9866666666666667,0,0,21,79,0.0,0.0,0.0,0,0,9,0.0,0.0,0.0,22,0,1.0
1.15,0.32,0.0,2,150,2,0.013333333333333334,0.9866666666666667,0,0,21,79,0.0,0.0,0.0,0,0,9,0.0,0.0,0.0,22,0,1.0
1.15,0.32,0.0,3,150,2,0.013333333333333334,0.9866666666666667,0,0,21,79,0.0,0.0,0.0,0,0,9,0.0,0.0,0.0,22,0,1.0
1.15,0.32,0.0,5,150,2,0.013333333333333334,0.9866666666666667,0,0,21,79,0.0,0.0,0.0,0,0,9,0.0,0.0,0.0,22,0,1.0
1.15,0.32,0.0,999,150,2,0.013333333333333334,0.9866666666666667,0,0,21,79,0.0,0.0,0.0,0,0,9,0.0,0.0,0.0,22,0,1.0
1.15,0.32,1.0,1,150,1,0.006666666666666667,0.9933333333333333,0,0,21,79,0.0,0.0,0.0,0,0,9,0.0,0.0,0.0,22,0,1.0
1.15,0.32,1.0,2,150,1,0.006666666666666667,0.9933333333333333,0,0,21,79,0.0,0.0,0.0,0,0,9,0.0,0.0,0.0,22,0,1.0
1.15,0.32,1.0,3,150,1,0.006666666666666667,0.9933333333333333,0,0,21,79,0.0,0.0,0.0,0,0,9,0.0,0.0,0.0,22,0,1.0
1.15,0.32,1.0,5,150,1,0.006666666666666667,0.9933333333333333,0,0,21,79,0.0,0.0,0.0,0,0,9,0.0,0.0,0.0,22,0,1.0
1.15,0.32,1.0,999,150,1,0.006666666666666667,0.9933333333333333,0,0,21,79,0.0,0.0,0.0,0,0,9,0.0,0.0,0.0,22,0,1.0
1.15,0.4,-7.0,1,150,38,0.25333333333333335,0.7466666666666666,7,22,14,57,0.2413793103448276,0.3333333333333333,0.28,3,26,6,0.10344827586206896,0.3333333333333333,0.15789473684210528,22,0,1.0
1.15,0.4,-7.0,2,150,40,0.26666666666666666,0.7333333333333334,8,23,13,56,0.25806451612903225,0.38095238095238093,0.30769230769230765,4,27,5,0.12903225806451613,0.4444444444444444,0.19999999999999998,22,0,1.0
1.15,0.4,-7.0,3,150,40,0.26666666666666666,0.7333333333333334,8,23,13,56,0.25806451612903225,0.38095238095238093,0.30769230769230765,4,27,5,0.12903225806451613,0.4444444444444444,0.19999999999999998,22,0,1.0
1.15,0.4,-7.0,5,150,40,0.26666666666666666,0.7333333333333334,8,23,13,56,0.25806451612903225,0.38095238095238093,0.30769230769230765,4,27,5,0.12903225806451613,0.4444444444444444,0.19999999999999998,22,0,1.0
1.15,0.4,-7.0,999,150,40,0.26666666666666666,0.7333333333333334,8,23,13,56,0.25806451612903225,0.38095238095238093,0.30769230769230765,4,27,5,0.12903225806451613,0.4444444444444444,0.19999999999999998,22,0,1.0
1.15,0.4,-6.0,1,150,33,0.22,0.78,6,18,15,61,0.25,0.2857142857142857,0.26666666666666666,2,22,7,0.08333333333333333,0.2222222222222222,0.12121212121212122,22,0,1.0
1.15,0.4,-6.0,2,150,34,0.22666666666666666,0.7733333333333333,7,18,14,61,0.28,0.3333333333333333,0.30434782608695654,3,22,6,0.12,0.3333333333333333,0.1764705882352941,22,0,1.0
1.15,0.4,-6.0,3,150,34,0.22666666666666666,0.7733333333333333,7,18,14,61,0.28,0.3333333333333333,0.30434782608695654,3,22,6,0.12,0.3333333333333333,0.1764705882352941,22,0,1.0
1.15,0.4,-6.0,5,150,34,0.22666666666666666,0.7733333333333333,7,18,14,61,0.28,0.3333333333333333,0.30434782608695654,3,22,6,0.12,0.3333333333333333,0.1764705882352941,22,0,1.0
1.15,0.4,-6.0,999,150,34,0.22666666666666666,0.7733333333333333,7,18,14,61,0.28,0.3333333333333333,0.30434782608695654,3,22,6,0.12,0.3333333333333333,0.1764705882352941,22,0,1.0
1.15,0.4,-5.0,1,150,27,0.18,0.8200000000000001,6,14,15,65,0.3,0.2857142857142857,0.2926829268292683,2,18,7,0.1,0.2222222222222222,0.13793103448275865,22,0,1.0
1.15,0.4,-5.0,2,150,28,0.18666666666666668,0.8133333333333334,7,14,14,65,0.3333333333333333,0.3333333333333333,0.3333333333333333,3,18,6,0.14285714285714285,0.3333333333333333,0.2,22,0,1.0
1.15,0.4,-5.0,3,150,28,0.18666666666666668,0.8133333333333334,7,14,14,65,0.3333333333333333,0.3333333333333333,0.3333333333333333,3,18,6,0.14285714285714285,0.3333333333333333,0.2,22,0,1.0
1.15,0.4,-5.0,5,150,28,0.18666666666666668,0.8133333333333334,7,14,14,65,0.3333333333333333,0.3333333333333333,0.3333333333333333,3,18,6,0.14285714285714285,0.3333333333333333,0.2,22,0,1.0
1.15,0.4,-5.0,999,150,28,0.18666666666666668,0.8133333333333334,7,14,14,65,0.3333333333333333,0.3333333333333333,0.3333333333333333,3,18,6,0.14285714285714285,0.3333333333333333,0.2,22,0,1.0
1.15,0.4,-4.5,1,150,18,0.12,0.88,5,10,16,69,0.3333333333333333,0.23809523809523808,0.2777777777777778,1,14,8,0.06666666666666667,0.1111111111111111,0.08333333333333334,22,0,1.0
1.15,0.4,-4.5,2,150,19,0.12666666666666668,0.8733333333333333,6,10,15,69,0.375,0.2857142857142857,0.3243243243243243,2,14,7,0.125,0.2222222222222222,0.16,22,0,1.0
1.15,0.4,-4.5,3,150,19,0.12666666666666668,0.8733333333333333,6,10,15,69,0.375,0.2857142857142857,0.3243243243243243,2,14,7,0.125,0.2222222222222222,0.16,22,0,1.0
1.15,0.4,-4.5,5,150,19,0.12666666666666668,0.8733333333333333,6,10,15,69,0.375,0.2857142857142857,0.3243243243243243,2,14,7,0.125,0.2222222222222222,0.16,22,0,1.0
1.15,0.4,-4.5,999,150,19,0.12666666666666668,0.8733333333333333,6,10,15,69,0.375,0.2857142857142857,0.3243243243243243,2,14,7,0.125,0.2222222222222222,0.16,22,0,1.0
1.15,0.4,-4.0,1,150,11,0.07333333333333333,0.9266666666666666,4,6,17,73,0.4,0.19047619047619047,0.25806451612903225,1,9,8,0.1,0.1111111111111111,0.10526315789473685,22,0,1.0
1.15,0.4,-4.0,2,150,12,0.08,0.92,5,6,16,73,0.45454545454545453,0.23809523809523808,0.31249999999999994,2,9,7,0.18181818181818182,0.2222222222222222,0.19999999999999998,22,0,1.0
1.15,0.4,-4.0,3,150,12,0.08,0.92,5,6,16,73,0.45454545454545453,0.23809523809523808,0.31249999999999994,2,9,7,0.18181818181818182,0.2222222222222222,0.19999999999999998,22,0,1.0
1.15,0.4,-4.0,5,150,12,0.08,0.92,5,6,16,73,0.45454545454545453,0.23809523809523808,0.31249999999999994,2,9,7,0.18181818181818182,0.2222222222222222,0.19999999999999998,22,0,1.0
1.15,0.4,-4.0,999,150,12,0.08,0.92,5,6,16,73,0.45454545454545453,0.23809523809523808,0.31249999999999994,2,9,7,0.18181818181818182,0.2222222222222222,0.19999999999999998,22,0,1.0
1.15,0.4,-3.0,1,150,6,0.04,0.96,2,3,19,76,0.4,0.09523809523809523,0.15384615384615385,1,4,8,0.2,0.1111111111111111,0.14285714285714285,22,0,1.0
1.15,0.4,-3.0,2,150,7,0.04666666666666667,0.9533333333333334,3,3,18,76,0.5,0.14285714285714285,0.22222222222222224,2,4,7,0.3333333333333333,0.2222222222222222,0.26666666666666666,22,0,1.0
1.15,0.4,-3.0,3,150,7,0.04666666666666667,0.9533333333333334,3,3,18,76,0.5,0.14285714285714285,0.22222222222222224,2,4,7,0.3333333333333333,0.2222222222222222,0.26666666666666666,22,0,1.0
1.15,0.4,-3.0,5,150,7,0.04666666666666667,0.9533333333333334,3,3,18,76,0.5,0.14285714285714285,0.22222222222222224,2,4,7,0.3333333333333333,0.2222222222222222,0.26666666666666666,22,0,1.0
1.15,0.4,-3.0,999,150,7,0.04666666666666667,0.9533333333333334,3,3,18,76,0.5,0.14285714285714285,0.22222222222222224,2,4,7,0.3333333333333333,0.2222222222222222,0.26666666666666666,22,0,1.0
1.15,0.4,-2.0,1,150,6,0.04,0.96,2,3,19,76,0.4,0.09523809523809523,0.15384615384615385,1,4,8,0.2,0.1111111111111111,0.14285714285714285,22,0,1.0
1.15,0.4,-2.0,2,150,7,0.04666666666666667,0.9533333333333334,3,3,18,76,0.5,0.14285714285714285,0.22222222222222224,2,4,7,0.3333333333333333,0.2222222222222222,0.26666666666666666,22,0,1.0
1.15,0.4,-2.0,3,150,7,0.04666666666666667,0.9533333333333334,3,3,18,76,0.5,0.14285714285714285,0.22222222222222224,2,4,7,0.3333333333333333,0.2222222222222222,0.26666666666666666,22,0,1.0
1.15,0.4,-2.0,5,150,7,0.04666666666666667,0.9533333333333334,3,3,18,76,0.5,0.14285714285714285,0.22222222222222224,2,4,7,0.3333333333333333,0.2222222222222222,0.26666666666666666,22,0,1.0
1.15,0.4,-2.0,999,150,7,0.04666666666666667,0.9533333333333334,3,3,18,76,0.5,0.14285714285714285,0.22222222222222224,2,4,7,0.3333333333333333,0.2222222222222222,0.26666666666666666,22,0,1.0
1.15,0.4,0.0,1,150,0,0.0,1.0,0,0,21,79,0.0,0.0,0.0,0,0,9,0.0,0.0,0.0,22,0,1.0
1.15,0.4,0.0,2,150,0,0.0,1.0,0,0,21,79,0.0,0.0,0.0,0,0,9,0.0,0.0,0.0,22,0,1.0
1.15,0.4,0.0,3,150,0,0.0,1.0,0,0,21,79,0.0,0.0,0.0,0,0,9,0.0,0.0,0.0,22,0,1.0
1.15,0.4,0.0,5,150,0,0.0,1.0,0,0,21,79,0.0,0.0,0.0,0,0,9,0.0,0.0,0.0,22,0,1.0
1.15,0.4,0.0,999,150,0,0.0,1.0,0,0,21,79,0.0,0.0,0.0,0,0,9,0.0,0.0,0.0,22,0,1.0
1.15,0.4,1.0,1,150,0,0.0,1.0,0,0,21,79,0.0,0.0,0.0,0,0,9,0.0,0.0,0.0,22,0,1.0
1.15,0.4,1.0,2,150,0,0.0,1.0,0,0,21,79,0.0,0.0,0.0,0,0,9,0.0,0.0,0.0,22,0,1.0
1.15,0.4,1.0,3,150,0,0.0,1.0,0,0,21,79,0.0,0.0,0.0,0,0,9,0.0,0.0,0.0,22,0,1.0
1.15,0.4,1.0,5,150,0,0.0,1.0,0,0,21,79,0.0,0.0,0.0,0,0,9,0.0,0.0,0.0,22,0,1.0
1.15,0.4,1.0,999,150,0,0.0,1.0,0,0,21,79,0.0,0.0,0.0,0,0,9,0.0,0.0,0.0,22,0,1.0
1.15,0.5,-7.0,1,150,22,0.14666666666666667,0.8533333333333333,4,10,17,69,0.2857142857142857,0.19047619047619047,0.22857142857142854,1,13,8,0.07142857142857142,0.1111111111111111,0.08695652173913043,22,0,1.0
1.15,0.5,-7.0,2,150,23,0.15333333333333332,0.8466666666666667,4,11,17,68,0.26666666666666666,0.19047619047619047,0.2222222222222222,1,14,8,0.06666666666666667,0.1111111111111111,0.08333333333333334,22,0,1.0
1.15,0.5,-7.0,3,150,23,0.15333333333333332,0.8466666666666667,4,11,17,68,0.26666666666666666,0.19047619047619047,0.2222222222222222,1,14,8,0.06666666666666667,0.1111111111111111,0.08333333333333334,22,0,1.0
1.15,0.5,-7.0,5,150,23,0.15333333333333332,0.8466666666666667,4,11,17,68,0.26666666666666666,0.19047619047619047,0.2222222222222222,1,14,8,0.06666666666666667,0.1111111111111111,0.08333333333333334,22,0,1.0
1.15,0.5,-7.0,999,150,23,0.15333333333333332,0.8466666666666667,4,11,17,68,0.26666666666666666,0.19047619047619047,0.2222222222222222,1,14,8,0.06666666666666667,0.1111111111111111,0.08333333333333334,22,0,1.0
1.15,0.5,-6.0,1,150,19,0.12666666666666668,0.8733333333333333,3,8,18,71,0.2727272727272727,0.14285714285714285,0.18749999999999997,0,11,9,0.0,0.0,0.0,22,0,1.0
1.15,0.5,-6.0,2,150,19,0.12666666666666668,0.8733333333333333,3,8,18,71,0.2727272727272727,0.14285714285714285,0.18749999999999997,0,11,9,0.0,0.0,0.0,22,0,1.0
1.15,0.5,-6.0,3,150,19,0.12666666666666668,0.8733333333333333,3,8,18,71,0.2727272727272727,0.14285714285714285,0.18749999999999997,0,11,9,0.0,0.0,0.0,22,0,1.0
1.15,0.5,-6.0,5,150,19,0.12666666666666668,0.8733333333333333,3,8,18,71,0.2727272727272727,0.14285714285714285,0.18749999999999997,0,11,9,0.0,0.0,0.0,22,0,1.0
1.15,0.5,-6.0,999,150,19,0.12666666666666668,0.8733333333333333,3,8,18,71,0.2727272727272727,0.14285714285714285,0.18749999999999997,0,11,9,0.0,0.0,0.0,22,0,1.0
1.15,0.5,-5.0,1,150,15,0.1,0.9,3,6,18,73,0.3333333333333333,0.14285714285714285,0.2,0,9,9,0.0,0.0,0.0,22,0,1.0
1.15,0.5,-5.0,2,150,15,0.1,0.9,3,6,18,73,0.3333333333333333,0.14285714285714285,0.2,0,9,9,0.0,0.0,0.0,22,0,1.0
1.15,0.5,-5.0,3,150,15,0.1,0.9,3,6,18,73,0.3333333333333333,0.14285714285714285,0.2,0,9,9,0.0,0.0,0.0,22,0,1.0
1.15,0.5,-5.0,5,150,15,0.1,0.9,3,6,18,73,0.3333333333333333,0.14285714285714285,0.2,0,9,9,0.0,0.0,0.0,22,0,1.0
1.15,0.5,-5.0,999,150,15,0.1,0.9,3,6,18,73,0.3333333333333333,0.14285714285714285,0.2,0,9,9,0.0,0.0,0.0,22,0,1.0
1.15,0.5,-4.5,1,150,12,0.08,0.92,3,6,18,73,0.3333333333333333,0.14285714285714285,0.2,0,9,9,0.0,0.0,0.0,22,0,1.0
1.15,0.5,-4.5,2,150,12,0.08,0.92,3,6,18,73,0.3333333333333333,0.14285714285714285,0.2,0,9,9,0.0,0.0,0.0,22,0,1.0
1.15,0.5,-4.5,3,150,12,0.08,0.92,3,6,18,73,0.3333333333333333,0.14285714285714285,0.2,0,9,9,0.0,0.0,0.0,22,0,1.0
1.15,0.5,-4.5,5,150,12,0.08,0.92,3,6,18,73,0.3333333333333333,0.14285714285714285,0.2,0,9,9,0.0,0.0,0.0,22,0,1.0
1.15,0.5,-4.5,999,150,12,0.08,0.92,3,6,18,73,0.3333333333333333,0.14285714285714285,0.2,0,9,9,0.0,0.0,0.0,22,0,1.0
1.15,0.5,-4.0,1,150,7,0.04666666666666667,0.9533333333333334,2,4,19,75,0.3333333333333333,0.09523809523809523,0.14814814814814814,0,6,9,0.0,0.0,0.0,22,0,1.0
1.15,0.5,-4.0,2,150,7,0.04666666666666667,0.9533333333333334,2,4,19,75,0.3333333333333333,0.09523809523809523,0.14814814814814814,0,6,9,0.0,0.0,0.0,22,0,1.0
1.15,0.5,-4.0,3,150,7,0.04666666666666667,0.9533333333333334,2,4,19,75,0.3333333333333333,0.09523809523809523,0.14814814814814814,0,6,9,0.0,0.0,0.0,22,0,1.0
1.15,0.5,-4.0,5,150,7,0.04666666666666667,0.9533333333333334,2,4,19,75,0.3333333333333333,0.09523809523809523,0.14814814814814814,0,6,9,0.0,0.0,0.0,22,0,1.0
1.15,0.5,-4.0,999,150,7,0.04666666666666667,0.9533333333333334,2,4,19,75,0.3333333333333333,0.09523809523809523,0.14814814814814814,0,6,9,0.0,0.0,0.0,22,0,1.0
1.15,0.5,-3.0,1,150,3,0.02,0.98,1,1,20,78,0.5,0.047619047619047616,0.08695652173913042,0,2,9,0.0,0.0,0.0,22,0,1.0
1.15,0.5,-3.0,2,150,3,0.02,0.98,1,1,20,78,0.5,0.047619047619047616,0.08695652173913042,0,2,9,0.0,0.0,0.0,22,0,1.0
1.15,0.5,-3.0,3,150,3,0.02,0.98,1,1,20,78,0.5,0.047619047619047616,0.08695652173913042,0,2,9,0.0,0.0,0.0,22,0,1.0
1.15,0.5,-3.0,5,150,3,0.02,0.98,1,1,20,78,0.5,0.047619047619047616,0.08695652173913042,0,2,9,0.0,0.0,0.0,22,0,1.0
1.15,0.5,-3.0,999,150,3,0.02,0.98,1,1,20,78,0.5,0.047619047619047616,0.08695652173913042,0,2,9,0.0,0.0,0.0,22,0,1.0
1.15,0.5,-2.0,1,150,3,0.02,0.98,1,1,20,78,0.5,0.047619047619047616,0.08695652173913042,0,2,9,0.0,0.0,0.0,22,0,1.0
1.15,0.5,-2.0,2,150,3,0.02,0.98,1,1,20,78,0.5,0.047619047619047616,0.08695652173913042,0,2,9,0.0,0.0,0.0,22,0,1.0
1.15,0.5,-2.0,3,150,3,0.02,0.98,1,1,20,78,0.5,0.047619047619047616,0.08695652173913042,0,2,9,0.0,0.0,0.0,22,0,1.0
1.15,0.5,-2.0,5,150,3,0.02,0.98,1,1,20,78,0.5,0.047619047619047616,0.08695652173913042,0,2,9,0.0,0.0,0.0,22,0,1.0
1.15,0.5,-2.0,999,150,3,0.02,0.98,1,1,20,78,0.5,0.047619047619047616,0.08695652173913042,0,2,9,0.0,0.0,0.0,22,0,1.0
1.15,0.5,0.0,1,150,0,0.0,1.0,0,0,21,79,0.0,0.0,0.0,0,0,9,0.0,0.0,0.0,22,0,1.0
1.15,0.5,0.0,2,150,0,0.0,1.0,0,0,21,79,0.0,0.0,0.0,0,0,9,0.0,0.0,0.0,22,0,1.0
1.15,0.5,0.0,3,150,0,0.0,1.0,0,0,21,79,0.0,0.0,0.0,0,0,9,0.0,0.0,0.0,22,0,1.0
1.15,0.5,0.0,5,150,0,0.0,1.0,0,0,21,79,0.0,0.0,0.0,0,0,9,0.0,0.0,0.0,22,0,1.0
1.15,0.5,0.0,999,150,0,0.0,1.0,0,0,21,79,0.0,0.0,0.0,0,0,9,0.0,0.0,0.0,22,0,1.0
1.15,0.5,1.0,1,150,0,0.0,1.0,0,0,21,79,0.0,0.0,0.0,0,0,9,0.0,0.0,0.0,22,0,1.0
1.15,0.5,1.0,2,150,0,0.0,1.0,0,0,21,79,0.0,0.0,0.0,0,0,9,0.0,0.0,0.0,22,0,1.0
1.15,0.5,1.0,3,150,0,0.0,1.0,0,0,21,79,0.0,0.0,0.0,0,0,9,0.0,0.0,0.0,22,0,1.0
1.15,0.5,1.0,5,150,0,0.0,1.0,0,0,21,79,0.0,0.0,0.0,0,0,9,0.0,0.0,0.0,22,0,1.0
1.15,0.5,1.0,999,150,0,0.0,1.0,0,0,21,79,0.0,0.0,0.0,0,0,9,0.0,0.0,0.0,22,0,1.0
1.25,0.15,-7.0,1,150,85,0.5666666666666667,0.43333333333333335,14,49,7,30,0.2222222222222222,0.6666666666666666,0.3333333333333333,5,58,4,0.07936507936507936,0.5555555555555556,0.1388888888888889,22,0,1.0
1.25,0.15,-7.0,2,150,89,0.5933333333333334,0.4066666666666666,15,51,6,28,0.22727272727272727,0.7142857142857143,0.3448275862068965,6,60,3,0.09090909090909091,0.6666666666666666,0.16,22,0,1.0
1.25,0.15,-7.0,3,150,90,0.6,0.4,15,52,6,27,0.22388059701492538,0.7142857142857143,0.34090909090909094,6,61,3,0.08955223880597014,0.6666666666666666,0.15789473684210525,22,0,1.0
1.25,0.15,-7.0,5,150,90,0.6,0.4,15,52,6,27,0.22388059701492538,0.7142857142857143,0.34090909090909094,6,61,3,0.08955223880597014,0.6666666666666666,0.15789473684210525,22,0,1.0
1.25,0.15,-7.0,999,150,90,0.6,0.4,15,52,6,27,0.22388059701492538,0.7142857142857143,0.34090909090909094,6,61,3,0.08955223880597014,0.6666666666666666,0.15789473684210525,22,0,1.0
1.25,0.15,-6.0,1,150,76,0.5066666666666667,0.4933333333333333,12,42,9,37,0.2222222222222222,0.5714285714285714,0.32,4,50,5,0.07407407407407407,0.4444444444444444,0.12698412698412698,22,0,1.0
1.25,0.15,-6.0,2,150,79,0.5266666666666666,0.4733333333333334,13,43,8,36,0.23214285714285715,0.6190476190476191,0.33766233766233766,5,51,4,0.08928571428571429,0.5555555555555556,0.15384615384615385,22,0,1.0
1.25,0.15,-6.0,3,150,80,0.5333333333333333,0.4666666666666667,13,44,8,35,0.22807017543859648,0.6190476190476191,0.3333333333333333,5,52,4,0.08771929824561403,0.5555555555555556,0.1515151515151515,22,0,1.0
1.25,0.15,-6.0,5,150,80,0.5333333333333333,0.4666666666666667,13,44,8,35,0.22807017543859648,0.6190476190476191,0.3333333333333333,5,52,4,0.08771929824561403,0.5555555555555556,0.1515151515151515,22,0,1.0
1.25,0.15,-6.0,999,150,80,0.5333333333333333,0.4666666666666667,13,44,8,35,0.22807017543859648,0.6190476190476191,0.3333333333333333,5,52,4,0.08771929824561403,0.5555555555555556,0.1515151515151515,22,0,1.0
1.25,0.15,-5.0,1,150,60,0.4,0.6,11,29,10,50,0.275,0.5238095238095238,0.36065573770491804,4,36,5,0.1,0.4444444444444444,0.163265306122449,22,0,1.0
1.25,0.15,-5.0,2,150,63,0.42,0.5800000000000001,12,30,9,49,0.2857142857142857,0.5714285714285714,0.38095238095238093,5,37,4,0.11904761904761904,0.5555555555555556,0.196078431372549,22,0,1.0
1.25,0.15,-5.0,3,150,64,0.4266666666666667,0.5733333333333333,12,31,9,48,0.27906976744186046,0.5714285714285714,0.37499999999999994,5,38,4,0.11627906976744186,0.5555555555555556,0.19230769230769232,22,0,1.0
1.25,0.15,-5.0,5,150,64,0.4266666666666667,0.5733333333333333,12,31,9,48,0.27906976744186046,0.5714285714285714,0.37499999999999994,5,38,4,0.11627906976744186,0.5555555555555556,0.19230769230769232,22,0,1.0
1.25,0.15,-5.0,999,150,64,0.4266666666666667,0.5733333333333333,12,31,9,48,0.27906976744186046,0.5714285714285714,0.37499999999999994,5,38,4,0.11627906976744186,0.5555555555555556,0.19230769230769232,22,0,1.0
1.25,0.15,-4.5,1,150,40,0.26666666666666666,0.7333333333333334,9,17,12,62,0.34615384615384615,0.42857142857142855,0.3829787234042554,2,24,7,0.07692307692307693,0.2222222222222222,0.1142857142857143,22,0,1.0
1.25,0.15,-4.5,2,150,43,0.2866666666666667,0.7133333333333334,10,18,11,61,0.35714285714285715,0.47619047619047616,0.40816326530612246,3,25,6,0.10714285714285714,0.3333333333333333,0.16216216216216214,22,0,1.0
1.25,0.15,-4.5,3,150,44,0.29333333333333333,0.7066666666666667,10,19,11,60,0.3448275862068966,0.47619047619047616,0.39999999999999997,3,26,6,0.10344827586206896,0.3333333333333333,0.15789473684210528,22,0,1.0
1.25,0.15,-4.5,5,150,44,0.29333333333333333,0.7066666666666667,10,19,11,60,0.3448275862068966,0.47619047619047616,0.39999999999999997,3,26,6,0.10344827586206896,0.3333333333333333,0.15789473684210528,22,0,1.0
1.25,0.15,-4.5,999,150,44,0.29333333333333333,0.7066666666666667,10,19,11,60,0.3448275862068966,0.47619047619047616,0.39999999999999997,3,26,6,0.10344827586206896,0.3333333333333333,0.15789473684210528,22,0,1.0
1.25,0.15,-4.0,1,150,29,0.19333333333333333,0.8066666666666666,7,11,14,68,0.3888888888888889,0.3333333333333333,0.358974358974359,2,16,7,0.1111111111111111,0.2222222222222222,0.14814814814814814,22,0,1.0
1.25,0.15,-4.0,2,150,32,0.21333333333333335,0.7866666666666666,8,12,13,67,0.4,0.38095238095238093,0.3902439024390244,3,17,6,0.15,0.3333333333333333,0.20689655172413793,22,0,1.0
1.25,0.15,-4.0,3,150,32,0.21333333333333335,0.7866666666666666,8,12,13,67,0.4,0.38095238095238093,0.3902439024390244,3,17,6,0.15,0.3333333333333333,0.20689655172413793,22,0,1.0
1.25,0.15,-4.0,5,150,32,0.21333333333333335,0.7866666666666666,8,12,13,67,0.4,0.38095238095238093,0.3902439024390244,3,17,6,0.15,0.3333333333333333,0.20689655172413793,22,0,1.0
1.25,0.15,-4.0,999,150,32,0.21333333333333335,0.7866666666666666,8,12,13,67,0.4,0.38095238095238093,0.3902439024390244,3,17,6,0.15,0.3333333333333333,0.20689655172413793,22,0,1.0
1.25,0.15,-3.0,1,150,20,0.13333333333333333,0.8666666666666667,4,5,17,74,0.4444444444444444,0.19047619047619047,0.26666666666666666,1,8,8,0.1111111111111111,0.1111111111111111,0.1111111111111111,22,0,1.0
1.25,0.15,-3.0,2,150,21,0.14,0.86,5,5,16,74,0.5,0.23809523809523808,0.3225806451612903,2,8,7,0.2,0.2222222222222222,0.2105263157894737,22,0,1.0
1.25,0.15,-3.0,3,150,21,0.14,0.86,5,5,16,74,0.5,0.23809523809523808,0.3225806451612903,2,8,7,0.2,0.2222222222222222,0.2105263157894737,22,0,1.0
1.25,0.15,-3.0,5,150,21,0.14,0.86,5,5,16,74,0.5,0.23809523809523808,0.3225806451612903,2,8,7,0.2,0.2222222222222222,0.2105263157894737,22,0,1.0
1.25,0.15,-3.0,999,150,21,0.14,0.86,5,5,16,74,0.5,0.23809523809523808,0.3225806451612903,2,8,7,0.2,0.2222222222222222,0.2105263157894737,22,0,1.0
1.25,0.15,-2.0,1,150,16,0.10666666666666667,0.8933333333333333,3,3,18,76,0.5,0.14285714285714285,0.22222222222222224,1,5,8,0.16666666666666666,0.1111111111111111,0.13333333333333333,22,0,1.0
1.25,0.15,-2.0,2,150,17,0.11333333333333333,0.8866666666666667,4,3,17,76,0.5714285714285714,0.19047619047619047,0.2857142857142857,2,5,7,0.2857142857142857,0.2222222222222222,0.25,22,0,1.0
1.25,0.15,-2.0,3,150,17,0.11333333333333333,0.8866666666666667,4,3,17,76,0.5714285714285714,0.19047619047619047,0.2857142857142857,2,5,7,0.2857142857142857,0.2222222222222222,0.25,22,0,1.0
1.25,0.15,-2.0,5,150,17,0.11333333333333333,0.8866666666666667,4,3,17,76,0.5714285714285714,0.19047619047619047,0.2857142857142857,2,5,7,0.2857142857142857,0.2222222222222222,0.25,22,0,1.0
1.25,0.15,-2.0,999,150,17,0.11333333333333333,0.8866666666666667,4,3,17,76,0.5714285714285714,0.19047619047619047,0.2857142857142857,2,5,7,0.2857142857142857,0.2222222222222222,0.25,22,0,1.0
1.25,0.15,0.0,1,150,3,0.02,0.98,0,0,21,79,0.0,0.0,0.0,0,0,9,0.0,0.0,0.0,22,0,1.0
1.25,0.15,0.0,2,150,3,0.02,0.98,0,0,21,79,0.0,0.0,0.0,0,0,9,0.0,0.0,0.0,22,0,1.0
1.25,0.15,0.0,3,150,3,0.02,0.98,0,0,21,79,0.0,0.0,0.0,0,0,9,0.0,0.0,0.0,22,0,1.0
1.25,0.15,0.0,5,150,3,0.02,0.98,0,0,21,79,0.0,0.0,0.0,0,0,9,0.0,0.0,0.0,22,0,1.0
1.25,0.15,0.0,999,150,3,0.02,0.98,0,0,21,79,0.0,0.0,0.0,0,0,9,0.0,0.0,0.0,22,0,1.0
1.25,0.15,1.0,1,150,2,0.013333333333333334,0.9866666666666667,0,0,21,79,0.0,0.0,0.0,0,0,9,0.0,0.0,0.0,22,0,1.0
1.25,0.15,1.0,2,150,2,0.013333333333333334,0.9866666666666667,0,0,21,79,0.0,0.0,0.0,0,0,9,0.0,0.0,0.0,22,0,1.0
1.25,0.15,1.0,3,150,2,0.013333333333333334,0.9866666666666667,0,0,21,79,0.0,0.0,0.0,0,0,9,0.0,0.0,0.0,22,0,1.0
1.25,0.15,1.0,5,150,2,0.013333333333333334,0.9866666666666667,0,0,21,79,0.0,0.0,0.0,0,0,9,0.0,0.0,0.0,22,0,1.0
1.25,0.15,1.0,999,150,2,0.013333333333333334,0.9866666666666667,0,0,21,79,0.0,0.0,0.0,0,0,9,0.0,0.0,0.0,22,0,1.0
1.25,0.2,-7.0,1,150,85,0.5666666666666667,0.43333333333333335,14,49,7,30,0.2222222222222222,0.6666666666666666,0.3333333333333333,5,58,4,0.07936507936507936,0.5555555555555556,0.1388888888888889,22,0,1.0
1.25,0.2,-7.0,2,150,89,0.5933333333333334,0.4066666666666666,15,51,6,28,0.22727272727272727,0.7142857142857143,0.3448275862068965,6,60,3,0.09090909090909091,0.6666666666666666,0.16,22,0,1.0
1.25,0.2,-7.0,3,150,90,0.6,0.4,15,52,6,27,0.22388059701492538,0.7142857142857143,0.34090909090909094,6,61,3,0.08955223880597014,0.6666666666666666,0.15789473684210525,22,0,1.0
1.25,0.2,-7.0,5,150,90,0.6,0.4,15,52,6,27,0.22388059701492538,0.7142857142857143,0.34090909090909094,6,61,3,0.08955223880597014,0.6666666666666666,0.15789473684210525,22,0,1.0
1.25,0.2,-7.0,999,150,90,0.6,0.4,15,52,6,27,0.22388059701492538,0.7142857142857143,0.34090909090909094,6,61,3,0.08955223880597014,0.6666666666666666,0.15789473684210525,22,0,1.0
1.25,0.2,-6.0,1,150,76,0.5066666666666667,0.4933333333333333,12,42,9,37,0.2222222222222222,0.5714285714285714,0.32,4,50,5,0.07407407407407407,0.4444444444444444,0.12698412698412698,22,0,1.0
1.25,0.2,-6.0,2,150,79,0.5266666666666666,0.4733333333333334,13,43,8,36,0.23214285714285715,0.6190476190476191,0.33766233766233766,5,51,4,0.08928571428571429,0.5555555555555556,0.15384615384615385,22,0,1.0
1.25,0.2,-6.0,3,150,80,0.5333333333333333,0.4666666666666667,13,44,8,35,0.22807017543859648,0.6190476190476191,0.3333333333333333,5,52,4,0.08771929824561403,0.5555555555555556,0.1515151515151515,22,0,1.0
1.25,0.2,-6.0,5,150,80,0.5333333333333333,0.4666666666666667,13,44,8,35,0.22807017543859648,0.6190476190476191,0.3333333333333333,5,52,4,0.08771929824561403,0.5555555555555556,0.1515151515151515,22,0,1.0
1.25,0.2,-6.0,999,150,80,0.5333333333333333,0.4666666666666667,13,44,8,35,0.22807017543859648,0.6190476190476191,0.3333333333333333,5,52,4,0.08771929824561403,0.5555555555555556,0.1515151515151515,22,0,1.0
1.25,0.2,-5.0,1,150,60,0.4,0.6,11,29,10,50,0.275,0.5238095238095238,0.36065573770491804,4,36,5,0.1,0.4444444444444444,0.163265306122449,22,0,1.0
1.25,0.2,-5.0,2,150,63,0.42,0.5800000000000001,12,30,9,49,0.2857142857142857,0.5714285714285714,0.38095238095238093,5,37,4,0.11904761904761904,0.5555555555555556,0.196078431372549,22,0,1.0
1.25,0.2,-5.0,3,150,64,0.4266666666666667,0.5733333333333333,12,31,9,48,0.27906976744186046,0.5714285714285714,0.37499999999999994,5,38,4,0.11627906976744186,0.5555555555555556,0.19230769230769232,22,0,1.0
1.25,0.2,-5.0,5,150,64,0.4266666666666667,0.5733333333333333,12,31,9,48,0.27906976744186046,0.5714285714285714,0.37499999999999994,5,38,4,0.11627906976744186,0.5555555555555556,0.19230769230769232,22,0,1.0
1.25,0.2,-5.0,999,150,64,0.4266666666666667,0.5733333333333333,12,31,9,48,0.27906976744186046,0.5714285714285714,0.37499999999999994,5,38,4,0.11627906976744186,0.5555555555555556,0.19230769230769232,22,0,1.0
1.25,0.2,-4.5,1,150,40,0.26666666666666666,0.7333333333333334,9,17,12,62,0.34615384615384615,0.42857142857142855,0.3829787234042554,2,24,7,0.07692307692307693,0.2222222222222222,0.1142857142857143,22,0,1.0
1.25,0.2,-4.5,2,150,43,0.2866666666666667,0.7133333333333334,10,18,11,61,0.35714285714285715,0.47619047619047616,0.40816326530612246,3,25,6,0.10714285714285714,0.3333333333333333,0.16216216216216214,22,0,1.0
1.25,0.2,-4.5,3,150,44,0.29333333333333333,0.7066666666666667,10,19,11,60,0.3448275862068966,0.47619047619047616,0.39999999999999997,3,26,6,0.10344827586206896,0.3333333333333333,0.15789473684210528,22,0,1.0
1.25,0.2,-4.5,5,150,44,0.29333333333333333,0.7066666666666667,10,19,11,60,0.3448275862068966,0.47619047619047616,0.39999999999999997,3,26,6,0.10344827586206896,0.3333333333333333,0.15789473684210528,22,0,1.0
1.25,0.2,-4.5,999,150,44,0.29333333333333333,0.7066666666666667,10,19,11,60,0.3448275862068966,0.47619047619047616,0.39999999999999997,3,26,6,0.10344827586206896,0.3333333333333333,0.15789473684210528,22,0,1.0
1.25,0.2,-4.0,1,150,29,0.19333333333333333,0.8066666666666666,7,11,14,68,0.3888888888888889,0.3333333333333333,0.358974358974359,2,16,7,0.1111111111111111,0.2222222222222222,0.14814814814814814,22,0,1.0
1.25,0.2,-4.0,2,150,32,0.21333333333333335,0.7866666666666666,8,12,13,67,0.4,0.38095238095238093,0.3902439024390244,3,17,6,0.15,0.3333333333333333,0.20689655172413793,22,0,1.0
1.25,0.2,-4.0,3,150,32,0.21333333333333335,0.7866666666666666,8,12,13,67,0.4,0.38095238095238093,0.3902439024390244,3,17,6,0.15,0.3333333333333333,0.20689655172413793,22,0,1.0
1.25,0.2,-4.0,5,150,32,0.21333333333333335,0.7866666666666666,8,12,13,67,0.4,0.38095238095238093,0.3902439024390244,3,17,6,0.15,0.3333333333333333,0.20689655172413793,22,0,1.0
1.25,0.2,-4.0,999,150,32,0.21333333333333335,0.7866666666666666,8,12,13,67,0.4,0.38095238095238093,0.3902439024390244,3,17,6,0.15,0.3333333333333333,0.20689655172413793,22,0,1.0
1.25,0.2,-3.0,1,150,20,0.13333333333333333,0.8666666666666667,4,5,17,74,0.4444444444444444,0.19047619047619047,0.26666666666666666,1,8,8,0.1111111111111111,0.1111111111111111,0.1111111111111111,22,0,1.0
1.25,0.2,-3.0,2,150,21,0.14,0.86,5,5,16,74,0.5,0.23809523809523808,0.3225806451612903,2,8,7,0.2,0.2222222222222222,0.2105263157894737,22,0,1.0
1.25,0.2,-3.0,3,150,21,0.14,0.86,5,5,16,74,0.5,0.23809523809523808,0.3225806451612903,2,8,7,0.2,0.2222222222222222,0.2105263157894737,22,0,1.0
1.25,0.2,-3.0,5,150,21,0.14,0.86,5,5,16,74,0.5,0.23809523809523808,0.3225806451612903,2,8,7,0.2,0.2222222222222222,0.2105263157894737,22,0,1.0
1.25,0.2,-3.0,999,150,21,0.14,0.86,5,5,16,74,0.5,0.23809523809523808,0.3225806451612903,2,8,7,0.2,0.2222222222222222,0.2105263157894737,22,0,1.0
1.25,0.2,-2.0,1,150,16,0.10666666666666667,0.8933333333333333,3,3,18,76,0.5,0.14285714285714285,0.22222222222222224,1,5,8,0.16666666666666666,0.1111111111111111,0.13333333333333333,22,0,1.0
1.25,0.2,-2.0,2,150,17,0.11333333333333333,0.8866666666666667,4,3,17,76,0.5714285714285714,0.19047619047619047,0.2857142857142857,2,5,7,0.2857142857142857,0.2222222222222222,0.25,22,0,1.0
1.25,0.2,-2.0,3,150,17,0.11333333333333333,0.8866666666666667,4,3,17,76,0.5714285714285714,0.19047619047619047,0.2857142857142857,2,5,7,0.2857142857142857,0.2222222222222222,0.25,22,0,1.0
1.25,0.2,-2.0,5,150,17,0.11333333333333333,0.8866666666666667,4,3,17,76,0.5714285714285714,0.19047619047619047,0.2857142857142857,2,5,7,0.2857142857142857,0.2222222222222222,0.25,22,0,1.0
1.25,0.2,-2.0,999,150,17,0.11333333333333333,0.8866666666666667,4,3,17,76,0.5714285714285714,0.19047619047619047,0.2857142857142857,2,5,7,0.2857142857142857,0.2222222222222222,0.25,22,0,1.0
1.25,0.2,0.0,1,150,3,0.02,0.98,0,0,21,79,0.0,0.0,0.0,0,0,9,0.0,0.0,0.0,22,0,1.0
1.25,0.2,0.0,2,150,3,0.02,0.98,0,0,21,79,0.0,0.0,0.0,0,0,9,0.0,0.0,0.0,22,0,1.0
1.25,0.2,0.0,3,150,3,0.02,0.98,0,0,21,79,0.0,0.0,0.0,0,0,9,0.0,0.0,0.0,22,0,1.0
1.25,0.2,0.0,5,150,3,0.02,0.98,0,0,21,79,0.0,0.0,0.0,0,0,9,0.0,0.0,0.0,22,0,1.0
1.25,0.2,0.0,999,150,3,0.02,0.98,0,0,21,79,0.0,0.0,0.0,0,0,9,0.0,0.0,0.0,22,0,1.0
1.25,0.2,1.0,1,150,2,0.013333333333333334,0.9866666666666667,0,0,21,79,0.0,0.0,0.0,0,0,9,0.0,0.0,0.0,22,0,1.0
1.25,0.2,1.0,2,150,2,0.013333333333333334,0.9866666666666667,0,0,21,79,0.0,0.0,0.0,0,0,9,0.0,0.0,0.0,22,0,1.0
1.25,0.2,1.0,3,150,2,0.013333333333333334,0.9866666666666667,0,0,21,79,0.0,0.0,0.0,0,0,9,0.0,0.0,0.0,22,0,1.0
1.25,0.2,1.0,5,150,2,0.013333333333333334,0.9866666666666667,0,0,21,79,0.0,0.0,0.0,0,0,9,0.0,0.0,0.0,22,0,1.0
1.25,0.2,1.0,999,150,2,0.013333333333333334,0.9866666666666667,0,0,21,79,0.0,0.0,0.0,0,0,9,0.0,0.0,0.0,22,0,1.0
1.25,0.25,-7.0,1,150,79,0.5266666666666666,0.4733333333333334,13,44,8,35,0.22807017543859648,0.6190476190476191,0.3333333333333333,5,52,4,0.08771929824561403,0.5555555555555556,0.1515151515151515,22,0,1.0
1.25,0.25,-7.0,2,150,83,0.5533333333333333,0.44666666666666666,14,46,7,33,0.23333333333333334,0.6666666666666666,0.34567901234567905,6,54,3,0.1,0.6666666666666666,0.1739130434782609,22,0,1.0
1.25,0.25,-7.0,3,150,84,0.56,0.43999999999999995,14,47,7,32,0.22950819672131148,0.6666666666666666,0.34146341463414637,6,55,3,0.09836065573770492,0.6666666666666666,0.1714285714285714,22,0,1.0
1.25,0.25,-7.0,5,150,84,0.56,0.43999999999999995,14,47,7,32,0.22950819672131148,0.6666666666666666,0.34146341463414637,6,55,3,0.09836065573770492,0.6666666666666666,0.1714285714285714,22,0,1.0
1.25,0.25,-7.0,999,150,84,0.56,0.43999999999999995,14,47,7,32,0.22950819672131148,0.6666666666666666,0.34146341463414637,6,55,3,0.09836065573770492,0.6666666666666666,0.1714285714285714,22,0,1.0
1.25,0.25,-6.0,1,150,71,0.47333333333333333,0.5266666666666666,11,38,10,41,0.22448979591836735,0.5238095238095238,0.3142857142857143,4,45,5,0.08163265306122448,0.4444444444444444,0.13793103448275862,22,0,1.0
1.25,0.25,-6.0,2,150,74,0.49333333333333335,0.5066666666666666,12,39,9,40,0.23529411764705882,0.5714285714285714,0.3333333333333333,5,46,4,0.09803921568627451,0.5555555555555556,0.16666666666666669,22,0,1.0
1.25,0.25,-6.0,3,150,75,0.5,0.5,12,40,9,39,0.23076923076923078,0.5714285714285714,0.3287671232876712,5,47,4,0.09615384615384616,0.5555555555555556,0.1639344262295082,22,0,1.0
1.25,0.25,-6.0,5,150,75,0.5,0.5,12,40,9,39,0.23076923076923078,0.5714285714285714,0.3287671232876712,5,47,4,0.09615384615384616,0.5555555555555556,0.1639344262295082,22,0,1.0
1.25,0.25,-6.0,999,150,75,0.5,0.5,12,40,9,39,0.23076923076923078,0.5714285714285714,0.3287671232876712,5,47,4,0.09615384615384616,0.5555555555555556,0.1639344262295082,22,0,1.0
1.25,0.25,-5.0,1,150,57,0.38,0.62,10,27,11,52,0.2702702702702703,0.47619047619047616,0.3448275862068966,4,33,5,0.10810810810810811,0.4444444444444444,0.17391304347826086,22,0,1.0
1.25,0.25,-5.0,2,150,60,0.4,0.6,11,28,10,51,0.28205128205128205,0.5238095238095238,0.36666666666666664,5,34,4,0.1282051282051282,0.5555555555555556,0.20833333333333334,22,0,1.0
1.25,0.25,-5.0,3,150,61,0.4066666666666667,0.5933333333333333,11,29,10,50,0.275,0.5238095238095238,0.36065573770491804,5,35,4,0.125,0.5555555555555556,0.20408163265306123,22,0,1.0
1.25,0.25,-5.0,5,150,61,0.4066666666666667,0.5933333333333333,11,29,10,50,0.275,0.5238095238095238,0.36065573770491804,5,35,4,0.125,0.5555555555555556,0.20408163265306123,22,0,1.0
1.25,0.25,-5.0,999,150,61,0.4066666666666667,0.5933333333333333,11,29,10,50,0.275,0.5238095238095238,0.36065573770491804,5,35,4,0.125,0.5555555555555556,0.20408163265306123,22,0,1.0
1.25,0.25,-4.5,1,150,37,0.24666666666666667,0.7533333333333333,8,15,13,64,0.34782608695652173,0.38095238095238093,0.3636363636363636,2,21,7,0.08695652173913043,0.2222222222222222,0.125,22,0,1.0
1.25,0.25,-4.5,2,150,40,0.26666666666666666,0.7333333333333334,9,16,12,63,0.36,0.42857142857142855,0.391304347826087,3,22,6,0.12,0.3333333333333333,0.1764705882352941,22,0,1.0
1.25,0.25,-4.5,3,150,41,0.2733333333333333,0.7266666666666667,9,17,12,62,0.34615384615384615,0.42857142857142855,0.3829787234042554,3,23,6,0.11538461538461539,0.3333333333333333,0.17142857142857146,22,0,1.0
1.25,0.25,-4.5,5,150,41,0.2733333333333333,0.7266666666666667,9,17,12,62,0.34615384615384615,0.42857142857142855,0.3829787234042554,3,23,6,0.11538461538461539,0.3333333333333333,0.17142857142857146,22,0,1.0
1.25,0.25,-4.5,999,150,41,0.2733333333333333,0.7266666666666667,9,17,12,62,0.34615384615384615,0.42857142857142855,0.3829787234042554,3,23,6,0.11538461538461539,0.3333333333333333,0.17142857142857146,22,0,1.0
1.25,0.25,-4.0,1,150,27,0.18,0.8200000000000001,7,9,14,70,0.4375,0.3333333333333333,0.37837837837837834,2,14,7,0.125,0.2222222222222222,0.16,22,0,1.0
1.25,0.25,-4.0,2,150,30,0.2,0.8,8,10,13,69,0.4444444444444444,0.38095238095238093,0.41025641025641024,3,15,6,0.16666666666666666,0.3333333333333333,0.2222222222222222,22,0,1.0
1.25,0.25,-4.0,3,150,30,0.2,0.8,8,10,13,69,0.4444444444444444,0.38095238095238093,0.41025641025641024,3,15,6,0.16666666666666666,0.3333333333333333,0.2222222222222222,22,0,1.0
1.25,0.25,-4.0,5,150,30,0.2,0.8,8,10,13,69,0.4444444444444444,0.38095238095238093,0.41025641025641024,3,15,6,0.16666666666666666,0.3333333333333333,0.2222222222222222,22,0,1.0
1.25,0.25,-4.0,999,150,30,0.2,0.8,8,10,13,69,0.4444444444444444,0.38095238095238093,0.41025641025641024,3,15,6,0.16666666666666666,0.3333333333333333,0.2222222222222222,22,0,1.0
1.25,0.25,-3.0,1,150,19,0.12666666666666668,0.8733333333333333,4,4,17,75,0.5,0.19047619047619047,0.27586206896551724,1,7,8,0.125,0.1111111111111111,0.11764705882352941,22,0,1.0
1.25,0.25,-3.0,2,150,20,0.13333333333333333,0.8666666666666667,5,4,16,75,0.5555555555555556,0.23809523809523808,0.33333333333333326,2,7,7,0.2222222222222222,0.2222222222222222,0.2222222222222222,22,0,1.0
1.25,0.25,-3.0,3,150,20,0.13333333333333333,0.8666666666666667,5,4,16,75,0.5555555555555556,0.23809523809523808,0.33333333333333326,2,7,7,0.2222222222222222,0.2222222222222222,0.2222222222222222,22,0,1.0
1.25,0.25,-3.0,5,150,20,0.13333333333333333,0.8666666666666667,5,4,16,75,0.5555555555555556,0.23809523809523808,0.33333333333333326,2,7,7,0.2222222222222222,0.2222222222222222,0.2222222222222222,22,0,1.0
1.25,0.25,-3.0,999,150,20,0.13333333333333333,0.8666666666666667,5,4,16,75,0.5555555555555556,0.23809523809523808,0.33333333333333326,2,7,7,0.2222222222222222,0.2222222222222222,0.2222222222222222,22,0,1.0
1.25,0.25,-2.0,1,150,16,0.10666666666666667,0.8933333333333333,3,3,18,76,0.5,0.14285714285714285,0.22222222222222224,1,5,8,0.16666666666666666,0.1111111111111111,0.13333333333333333,22,0,1.0
1.25,0.25,-2.0,2,150,17,0.11333333333333333,0.8866666666666667,4,3,17,76,0.5714285714285714,0.19047619047619047,0.2857142857142857,2,5,7,0.2857142857142857,0.2222222222222222,0.25,22,0,1.0
1.25,0.25,-2.0,3,150,17,0.11333333333333333,0.8866666666666667,4,3,17,76,0.5714285714285714,0.19047619047619047,0.2857142857142857,2,5,7,0.2857142857142857,0.2222222222222222,0.25,22,0,1.0
1.25,0.25,-2.0,5,150,17,0.11333333333333333,0.8866666666666667,4,3,17,76,0.5714285714285714,0.19047619047619047,0.2857142857142857,2,5,7,0.2857142857142857,0.2222222222222222,0.25,22,0,1.0
1.25,0.25,-2.0,999,150,17,0.11333333333333333,0.8866666666666667,4,3,17,76,0.5714285714285714,0.19047619047619047,0.2857142857142857,2,5,7,0.2857142857142857,0.2222222222222222,0.25,22,0,1.0
1.25,0.25,0.0,1,150,3,0.02,0.98,0,0,21,79,0.0,0.0,0.0,0,0,9,0.0,0.0,0.0,22,0,1.0
1.25,0.25,0.0,2,150,3,0.02,0.98,0,0,21,79,0.0,0.0,0.0,0,0,9,0.0,0.0,0.0,22,0,1.0
1.25,0.25,0.0,3,150,3,0.02,0.98,0,0,21,79,0.0,0.0,0.0,0,0,9,0.0,0.0,0.0,22,0,1.0
1.25,0.25,0.0,5,150,3,0.02,0.98,0,0,21,79,0.0,0.0,0.0,0,0,9,0.0,0.0,0.0,22,0,1.0
1.25,0.25,0.0,999,150,3,0.02,0.98,0,0,21,79,0.0,0.0,0.0,0,0,9,0.0,0.0,0.0,22,0,1.0
1.25,0.25,1.0,1,150,2,0.013333333333333334,0.9866666666666667,0,0,21,79,0.0,0.0,0.0,0,0,9,0.0,0.0,0.0,22,0,1.0
1.25,0.25,1.0,2,150,2,0.013333333333333334,0.9866666666666667,0,0,21,79,0.0,0.0,0.0,0,0,9,0.0,0.0,0.0,22,0,1.0
1.25,0.25,1.0,3,150,2,0.013333333333333334,0.9866666666666667,0,0,21,79,0.0,0.0,0.0,0,0,9,0.0,0.0,0.0,22,0,1.0
1.25,0.25,1.0,5,150,2,0.013333333333333334,0.9866666666666667,0,0,21,79,0.0,0.0,0.0,0,0,9,0.0,0.0,0.0,22,0,1.0
1.25,0.25,1.0,999,150,2,0.013333333333333334,0.9866666666666667,0,0,21,79,0.0,0.0,0.0,0,0,9,0.0,0.0,0.0,22,0,1.0
1.25,0.28,-7.0,1,150,75,0.5,0.5,13,40,8,39,0.24528301886792453,0.6190476190476191,0.35135135135135137,5,48,4,0.09433962264150944,0.5555555555555556,0.16129032258064518,22,0,1.0
1.25,0.28,-7.0,2,150,79,0.5266666666666666,0.4733333333333334,14,42,7,37,0.25,0.6666666666666666,0.36363636363636365,6,50,3,0.10714285714285714,0.6666666666666666,0.18461538461538463,22,0,1.0
1.25,0.28,-7.0,3,150,80,0.5333333333333333,0.4666666666666667,14,43,7,36,0.24561403508771928,0.6666666666666666,0.358974358974359,6,51,3,0.10526315789473684,0.6666666666666666,0.18181818181818182,22,0,1.0
1.25,0.28,-7.0,5,150,80,0.5333333333333333,0.4666666666666667,14,43,7,36,0.24561403508771928,0.6666666666666666,0.358974358974359,6,51,3,0.10526315789473684,0.6666666666666666,0.18181818181818182,22,0,1.0
1.25,0.28,-7.0,999,150,80,0.5333333333333333,0.4666666666666667,14,43,7,36,0.24561403508771928,0.6666666666666666,0.358974358974359,6,51,3,0.10526315789473684,0.6666666666666666,0.18181818181818182,22,0,1.0
1.25,0.28,-6.0,1,150,67,0.44666666666666666,0.5533333333333333,11,34,10,45,0.24444444444444444,0.5238095238095238,0.3333333333333333,4,41,5,0.08888888888888889,0.4444444444444444,0.14814814814814814,22,0,1.0
1.25,0.28,-6.0,2,150,70,0.4666666666666667,0.5333333333333333,12,35,9,44,0.2553191489361702,0.5714285714285714,0.35294117647058826,5,42,4,0.10638297872340426,0.5555555555555556,0.17857142857142855,22,0,1.0
1.25,0.28,-6.0,3,150,71,0.47333333333333333,0.5266666666666666,12,36,9,43,0.25,0.5714285714285714,0.34782608695652173,5,43,4,0.10416666666666667,0.5555555555555556,0.1754385964912281,22,0,1.0
1.25,0.28,-6.0,5,150,71,0.47333333333333333,0.5266666666666666,12,36,9,43,0.25,0.5714285714285714,0.34782608695652173,5,43,4,0.10416666666666667,0.5555555555555556,0.1754385964912281,22,0,1.0
1.25,0.28,-6.0,999,150,71,0.47333333333333333,0.5266666666666666,12,36,9,43,0.25,0.5714285714285714,0.34782608695652173,5,43,4,0.10416666666666667,0.5555555555555556,0.1754385964912281,22,0,1.0
1.25,0.28,-5.0,1,150,55,0.36666666666666664,0.6333333333333333,10,25,11,54,0.2857142857142857,0.47619047619047616,0.3571428571428571,4,31,5,0.11428571428571428,0.4444444444444444,0.1818181818181818,22,0,1.0
1.25,0.28,-5.0,2,150,58,0.38666666666666666,0.6133333333333333,11,26,10,53,0.2972972972972973,0.5238095238095238,0.37931034482758624,5,32,4,0.13513513513513514,0.5555555555555556,0.2173913043478261,22,0,1.0
1.25,0.28,-5.0,3,150,59,0.3933333333333333,0.6066666666666667,11,27,10,52,0.2894736842105263,0.5238095238095238,0.3728813559322034,5,33,4,0.13157894736842105,0.5555555555555556,0.2127659574468085,22,0,1.0
1.25,0.28,-5.0,5,150,59,0.3933333333333333,0.6066666666666667,11,27,10,52,0.2894736842105263,0.5238095238095238,0.3728813559322034,5,33,4,0.13157894736842105,0.5555555555555556,0.2127659574468085,22,0,1.0
1.25,0.28,-5.0,999,150,59,0.3933333333333333,0.6066666666666667,11,27,10,52,0.2894736842105263,0.5238095238095238,0.3728813559322034,5,33,4,0.13157894736842105,0.5555555555555556,0.2127659574468085,22,0,1.0
1.25,0.28,-4.5,1,150,35,0.23333333333333334,0.7666666666666666,8,13,13,66,0.38095238095238093,0.38095238095238093,0.38095238095238093,2,19,7,0.09523809523809523,0.2222222222222222,0.13333333333333333,22,0,1.0
1.25,0.28,-4.5,2,150,38,0.25333333333333335,0.7466666666666666,9,14,12,65,0.391304347826087,0.42857142857142855,0.4090909090909091,3,20,6,0.13043478260869565,0.3333333333333333,0.18750000000000003,22,0,1.0
1.25,0.28,-4.5,3,150,39,0.26,0.74,9,15,12,64,0.375,0.42857142857142855,0.39999999999999997,3,21,6,0.125,0.3333333333333333,0.18181818181818182,22,0,1.0
1.25,0.28,-4.5,5,150,39,0.26,0.74,9,15,12,64,0.375,0.42857142857142855,0.39999999999999997,3,21,6,0.125,0.3333333333333333,0.18181818181818182,22,0,1.0
1.25,0.28,-4.5,999,150,39,0.26,0.74,9,15,12,64,0.375,0.42857142857142855,0.39999999999999997,3,21,6,0.125,0.3333333333333333,0.18181818181818182,22,0,1.0
1.25,0.28,-4.0,1,150,26,0.17333333333333334,0.8266666666666667,7,8,14,71,0.4666666666666667,0.3333333333333333,0.3888888888888889,2,13,7,0.13333333333333333,0.2222222222222222,0.16666666666666669,22,0,1.0
1.25,0.28,-4.0,2,150,29,0.19333333333333333,0.8066666666666666,8,9,13,70,0.47058823529411764,0.38095238095238093,0.42105263157894735,3,14,6,0.17647058823529413,0.3333333333333333,0.23076923076923078,22,0,1.0
1.25,0.28,-4.0,3,150,29,0.19333333333333333,0.8066666666666666,8,9,13,70,0.47058823529411764,0.38095238095238093,0.42105263157894735,3,14,6,0.17647058823529413,0.3333333333333333,0.23076923076923078,22,0,1.0
1.25,0.28,-4.0,5,150,29,0.19333333333333333,0.8066666666666666,8,9,13,70,0.47058823529411764,0.38095238095238093,0.42105263157894735,3,14,6,0.17647058823529413,0.3333333333333333,0.23076923076923078,22,0,1.0
1.25,0.28,-4.0,999,150,29,0.19333333333333333,0.8066666666666666,8,9,13,70,0.47058823529411764,0.38095238095238093,0.42105263157894735,3,14,6,0.17647058823529413,0.3333333333333333,0.23076923076923078,22,0,1.0
1.25,0.28,-3.0,1,150,19,0.12666666666666668,0.8733333333333333,4,4,17,75,0.5,0.19047619047619047,0.27586206896551724,1,7,8,0.125,0.1111111111111111,0.11764705882352941,22,0,1.0
1.25,0.28,-3.0,2,150,20,0.13333333333333333,0.8666666666666667,5,4,16,75,0.5555555555555556,0.23809523809523808,0.33333333333333326,2,7,7,0.2222222222222222,0.2222222222222222,0.2222222222222222,22,0,1.0
1.25,0.28,-3.0,3,150,20,0.13333333333333333,0.8666666666666667,5,4,16,75,0.5555555555555556,0.23809523809523808,0.33333333333333326,2,7,7,0.2222222222222222,0.2222222222222222,0.2222222222222222,22,0,1.0
1.25,0.28,-3.0,5,150,20,0.13333333333333333,0.8666666666666667,5,4,16,75,0.5555555555555556,0.23809523809523808,0.33333333333333326,2,7,7,0.2222222222222222,0.2222222222222222,0.2222222222222222,22,0,1.0
1.25,0.28,-3.0,999,150,20,0.13333333333333333,0.8666666666666667,5,4,16,75,0.5555555555555556,0.23809523809523808,0.33333333333333326,2,7,7,0.2222222222222222,0.2222222222222222,0.2222222222222222,22,0,1.0
1.25,0.28,-2.0,1,150,16,0.10666666666666667,0.8933333333333333,3,3,18,76,0.5,0.14285714285714285,0.22222222222222224,1,5,8,0.16666666666666666,0.1111111111111111,0.13333333333333333,22,0,1.0
1.25,0.28,-2.0,2,150,17,0.11333333333333333,0.8866666666666667,4,3,17,76,0.5714285714285714,0.19047619047619047,0.2857142857142857,2,5,7,0.2857142857142857,0.2222222222222222,0.25,22,0,1.0
1.25,0.28,-2.0,3,150,17,0.11333333333333333,0.8866666666666667,4,3,17,76,0.5714285714285714,0.19047619047619047,0.2857142857142857,2,5,7,0.2857142857142857,0.2222222222222222,0.25,22,0,1.0
1.25,0.28,-2.0,5,150,17,0.11333333333333333,0.8866666666666667,4,3,17,76,0.5714285714285714,0.19047619047619047,0.2857142857142857,2,5,7,0.2857142857142857,0.2222222222222222,0.25,22,0,1.0
1.25,0.28,-2.0,999,150,17,0.11333333333333333,0.8866666666666667,4,3,17,76,0.5714285714285714,0.19047619047619047,0.2857142857142857,2,5,7,0.2857142857142857,0.2222222222222222,0.25,22,0,1.0
1.25,0.28,0.0,1,150,3,0.02,0.98,0,0,21,79,0.0,0.0,0.0,0,0,9,0.0,0.0,0.0,22,0,1.0
1.25,0.28,0.0,2,150,3,0.02,0.98,0,0,21,79,0.0,0.0,0.0,0,0,9,0.0,0.0,0.0,22,0,1.0
1.25,0.28,0.0,3,150,3,0.02,0.98,0,0,21,79,0.0,0.0,0.0,0,0,9,0.0,0.0,0.0,22,0,1.0
1.25,0.28,0.0,5,150,3,0.02,0.98,0,0,21,79,0.0,0.0,0.0,0,0,9,0.0,0.0,0.0,22,0,1.0
1.25,0.28,0.0,999,150,3,0.02,0.98,0,0,21,79,0.0,0.0,0.0,0,0,9,0.0,0.0,0.0,22,0,1.0
1.25,0.28,1.0,1,150,2,0.013333333333333334,0.9866666666666667,0,0,21,79,0.0,0.0,0.0,0,0,9,0.0,0.0,0.0,22,0,1.0
1.25,0.28,1.0,2,150,2,0.013333333333333334,0.9866666666666667,0,0,21,79,0.0,0.0,0.0,0,0,9,0.0,0.0,0.0,22,0,1.0
1.25,0.28,1.0,3,150,2,0.013333333333333334,0.9866666666666667,0,0,21,79,0.0,0.0,0.0,0,0,9,0.0,0.0,0.0,22,0,1.0
1.25,0.28,1.0,5,150,2,0.013333333333333334,0.9866666666666667,0,0,21,79,0.0,0.0,0.0,0,0,9,0.0,0.0,0.0,22,0,1.0
1.25,0.28,1.0,999,150,2,0.013333333333333334,0.9866666666666667,0,0,21,79,0.0,0.0,0.0,0,0,9,0.0,0.0,0.0,22,0,1.0
1.25,0.32,-7.0,1,150,59,0.3933333333333333,0.6066666666666667,9,33,12,46,0.21428571428571427,0.42857142857142855,0.2857142857142857,4,38,5,0.09523809523809523,0.4444444444444444,0.1568627450980392,22,0,1.0
1.25,0.32,-7.0,2,150,62,0.41333333333333333,0.5866666666666667,10,35,11,44,0.2222222222222222,0.47619047619047616,0.30303030303030304,5,40,4,0.1111111111111111,0.5555555555555556,0.18518518518518515,22,0,1.0
1.25,0.32,-7.0,3,150,63,0.42,0.5800000000000001,10,36,11,43,0.21739130434782608,0.47619047619047616,0.2985074626865672,5,41,4,0.10869565217391304,0.5555555555555556,0.1818181818181818,22,0,1.0
1.25,0.32,-7.0,5,150,63,0.42,0.5800000000000001,10,36,11,43,0.21739130434782608,0.47619047619047616,0.2985074626865672,5,41,4,0.10869565217391304,0.5555555555555556,0.1818181818181818,22,0,1.0
1.25,0.32,-7.0,999,150,63,0.42,0.5800000000000001,10,36,11,43,0.21739130434782608,0.47619047619047616,0.2985074626865672,5,41,4,0.10869565217391304,0.5555555555555556,0.1818181818181818,22,0,1.0
1.25,0.32,-6.0,1,150,52,0.3466666666666667,0.6533333333333333,8,27,13,52,0.22857142857142856,0.38095238095238093,0.2857142857142857,3,32,6,0.08571428571428572,0.3333333333333333,0.13636363636363638,22,0,1.0
1.25,0.32,-6.0,2,150,54,0.36,0.64,9,28,12,51,0.24324324324324326,0.42857142857142855,0.3103448275862069,4,33,5,0.10810810810810811,0.4444444444444444,0.17391304347826086,22,0,1.0
1.25,0.32,-6.0,3,150,55,0.36666666666666664,0.6333333333333333,9,29,12,50,0.23684210526315788,0.42857142857142855,0.30508474576271183,4,34,5,0.10526315789473684,0.4444444444444444,0.1702127659574468,22,0,1.0
1.25,0.32,-6.0,5,150,55,0.36666666666666664,0.6333333333333333,9,29,12,50,0.23684210526315788,0.42857142857142855,0.30508474576271183,4,34,5,0.10526315789473684,0.4444444444444444,0.1702127659574468,22,0,1.0
1.25,0.32,-6.0,999,150,55,0.36666666666666664,0.6333333333333333,9,29,12,50,0.23684210526315788,0.42857142857142855,0.30508474576271183,4,34,5,0.10526315789473684,0.4444444444444444,0.1702127659574468,22,0,1.0
1.25,0.32,-5.0,1,150,42,0.28,0.72,8,19,13,60,0.2962962962962963,0.38095238095238093,0.3333333333333333,3,24,6,0.1111111111111111,0.3333333333333333,0.16666666666666666,22,0,1.0
1.25,0.32,-5.0,2,150,44,0.29333333333333333,0.7066666666666667,9,20,12,59,0.3103448275862069,0.42857142857142855,0.36000000000000004,4,25,5,0.13793103448275862,0.4444444444444444,0.21052631578947367,22,0,1.0
1.25,0.32,-5.0,3,150,45,0.3,0.7,9,21,12,58,0.3,0.42857142857142855,0.3529411764705882,4,26,5,0.13333333333333333,0.4444444444444444,0.20512820512820512,22,0,1.0
1.25,0.32,-5.0,5,150,45,0.3,0.7,9,21,12,58,0.3,0.42857142857142855,0.3529411764705882,4,26,5,0.13333333333333333,0.4444444444444444,0.20512820512820512,22,0,1.0
1.25,0.32,-5.0,999,150,45,0.3,0.7,9,21,12,58,0.3,0.42857142857142855,0.3529411764705882,4,26,5,0.13333333333333333,0.4444444444444444,0.20512820512820512,22,0,1.0
1.25,0.32,-4.5,1,150,28,0.18666666666666668,0.8133333333333334,7,11,14,68,0.3888888888888889,0.3333333333333333,0.358974358974359,2,16,7,0.1111111111111111,0.2222222222222222,0.14814814814814814,22,0,1.0
1.25,0.32,-4.5,2,150,30,0.2,0.8,8,12,13,67,0.4,0.38095238095238093,0.3902439024390244,3,17,6,0.15,0.3333333333333333,0.20689655172413793,22,0,1.0
1.25,0.32,-4.5,3,150,31,0.20666666666666667,0.7933333333333333,8,13,13,66,0.38095238095238093,0.38095238095238093,0.38095238095238093,3,18,6,0.14285714285714285,0.3333333333333333,0.2,22,0,1.0
1.25,0.32,-4.5,5,150,31,0.20666666666666667,0.7933333333333333,8,13,13,66,0.38095238095238093,0.38095238095238093,0.38095238095238093,3,18,6,0.14285714285714285,0.3333333333333333,0.2,22,0,1.0
1.25,0.32,-4.5,999,150,31,0.20666666666666667,0.7933333333333333,8,13,13,66,0.38095238095238093,0.38095238095238093,0.38095238095238093,3,18,6,0.14285714285714285,0.3333333333333333,0.2,22,0,1.0
1.25,0.32,-4.0,1,150,20,0.13333333333333333,0.8666666666666667,6,7,15,72,0.46153846153846156,0.2857142857142857,0.35294117647058826,2,11,7,0.15384615384615385,0.2222222222222222,0.18181818181818185,22,0,1.0
1.25,0.32,-4.0,2,150,22,0.14666666666666667,0.8533333333333333,7,8,14,71,0.4666666666666667,0.3333333333333333,0.3888888888888889,3,12,6,0.2,0.3333333333333333,0.25,22,0,1.0
1.25,0.32,-4.0,3,150,22,0.14666666666666667,0.8533333333333333,7,8,14,71,0.4666666666666667,0.3333333333333333,0.3888888888888889,3,12,6,0.2,0.3333333333333333,0.25,22,0,1.0
1.25,0.32,-4.0,5,150,22,0.14666666666666667,0.8533333333333333,7,8,14,71,0.4666666666666667,0.3333333333333333,0.3888888888888889,3,12,6,0.2,0.3333333333333333,0.25,22,0,1.0
1.25,0.32,-4.0,999,150,22,0.14666666666666667,0.8533333333333333,7,8,14,71,0.4666666666666667,0.3333333333333333,0.3888888888888889,3,12,6,0.2,0.3333333333333333,0.25,22,0,1.0
1.25,0.32,-3.0,1,150,13,0.08666666666666667,0.9133333333333333,3,3,18,76,0.5,0.14285714285714285,0.22222222222222224,1,5,8,0.16666666666666666,0.1111111111111111,0.13333333333333333,22,0,1.0
1.25,0.32,-3.0,2,150,14,0.09333333333333334,0.9066666666666666,4,3,17,76,0.5714285714285714,0.19047619047619047,0.2857142857142857,2,5,7,0.2857142857142857,0.2222222222222222,0.25,22,0,1.0
1.25,0.32,-3.0,3,150,14,0.09333333333333334,0.9066666666666666,4,3,17,76,0.5714285714285714,0.19047619047619047,0.2857142857142857,2,5,7,0.2857142857142857,0.2222222222222222,0.25,22,0,1.0
1.25,0.32,-3.0,5,150,14,0.09333333333333334,0.9066666666666666,4,3,17,76,0.5714285714285714,0.19047619047619047,0.2857142857142857,2,5,7,0.2857142857142857,0.2222222222222222,0.25,22,0,1.0
1.25,0.32,-3.0,999,150,14,0.09333333333333334,0.9066666666666666,4,3,17,76,0.5714285714285714,0.19047619047619047,0.2857142857142857,2,5,7,0.2857142857142857,0.2222222222222222,0.25,22,0,1.0
1.25,0.32,-2.0,1,150,12,0.08,0.92,3,3,18,76,0.5,0.14285714285714285,0.22222222222222224,1,5,8,0.16666666666666666,0.1111111111111111,0.13333333333333333,22,0,1.0
1.25,0.32,-2.0,2,150,13,0.08666666666666667,0.9133333333333333,4,3,17,76,0.5714285714285714,0.19047619047619047,0.2857142857142857,2,5,7,0.2857142857142857,0.2222222222222222,0.25,22,0,1.0
1.25,0.32,-2.0,3,150,13,0.08666666666666667,0.9133333333333333,4,3,17,76,0.5714285714285714,0.19047619047619047,0.2857142857142857,2,5,7,0.2857142857142857,0.2222222222222222,0.25,22,0,1.0
1.25,0.32,-2.0,5,150,13,0.08666666666666667,0.9133333333333333,4,3,17,76,0.5714285714285714,0.19047619047619047,0.2857142857142857,2,5,7,0.2857142857142857,0.2222222222222222,0.25,22,0,1.0
1.25,0.32,-2.0,999,150,13,0.08666666666666667,0.9133333333333333,4,3,17,76,0.5714285714285714,0.19047619047619047,0.2857142857142857,2,5,7,0.2857142857142857,0.2222222222222222,0.25,22,0,1.0
1.25,0.32,0.0,1,150,2,0.013333333333333334,0.9866666666666667,0,0,21,79,0.0,0.0,0.0,0,0,9,0.0,0.0,0.0,22,0,1.0
1.25,0.32,0.0,2,150,2,0.013333333333333334,0.9866666666666667,0,0,21,79,0.0,0.0,0.0,0,0,9,0.0,0.0,0.0,22,0,1.0
1.25,0.32,0.0,3,150,2,0.013333333333333334,0.9866666666666667,0,0,21,79,0.0,0.0,0.0,0,0,9,0.0,0.0,0.0,22,0,1.0
1.25,0.32,0.0,5,150,2,0.013333333333333334,0.9866666666666667,0,0,21,79,0.0,0.0,0.0,0,0,9,0.0,0.0,0.0,22,0,1.0
1.25,0.32,0.0,999,150,2,0.013333333333333334,0.9866666666666667,0,0,21,79,0.0,0.0,0.0,0,0,9,0.0,0.0,0.0,22,0,1.0
1.25,0.32,1.0,1,150,1,0.006666666666666667,0.9933333333333333,0,0,21,79,0.0,0.0,0.0,0,0,9,0.0,0.0,0.0,22,0,1.0
1.25,0.32,1.0,2,150,1,0.006666666666666667,0.9933333333333333,0,0,21,79,0.0,0.0,0.0,0,0,9,0.0,0.0,0.0,22,0,1.0
1.25,0.32,1.0,3,150,1,0.006666666666666667,0.9933333333333333,0,0,21,79,0.0,0.0,0.0,0,0,9,0.0,0.0,0.0,22,0,1.0
1.25,0.32,1.0,5,150,1,0.006666666666666667,0.9933333333333333,0,0,21,79,0.0,0.0,0.0,0,0,9,0.0,0.0,0.0,22,0,1.0
1.25,0.32,1.0,999,150,1,0.006666666666666667,0.9933333333333333,0,0,21,79,0.0,0.0,0.0,0,0,9,0.0,0.0,0.0,22,0,1.0
1.25,0.4,-7.0,1,150,38,0.25333333333333335,0.7466666666666666,7,22,14,57,0.2413793103448276,0.3333333333333333,0.28,3,26,6,0.10344827586206896,0.3333333333333333,0.15789473684210528,22,0,1.0
1.25,0.4,-7.0,2,150,40,0.26666666666666666,0.7333333333333334,8,23,13,56,0.25806451612903225,0.38095238095238093,0.30769230769230765,4,27,5,0.12903225806451613,0.4444444444444444,0.19999999999999998,22,0,1.0
1.25,0.4,-7.0,3,150,40,0.26666666666666666,0.7333333333333334,8,23,13,56,0.25806451612903225,0.38095238095238093,0.30769230769230765,4,27,5,0.12903225806451613,0.4444444444444444,0.19999999999999998,22,0,1.0
1.25,0.4,-7.0,5,150,40,0.26666666666666666,0.7333333333333334,8,23,13,56,0.25806451612903225,0.38095238095238093,0.30769230769230765,4,27,5,0.12903225806451613,0.4444444444444444,0.19999999999999998,22,0,1.0
1.25,0.4,-7.0,999,150,40,0.26666666666666666,0.7333333333333334,8,23,13,56,0.25806451612903225,0.38095238095238093,0.30769230769230765,4,27,5,0.12903225806451613,0.4444444444444444,0.19999999999999998,22,0,1.0
1.25,0.4,-6.0,1,150,33,0.22,0.78,6,18,15,61,0.25,0.2857142857142857,0.26666666666666666,2,22,7,0.08333333333333333,0.2222222222222222,0.12121212121212122,22,0,1.0
1.25,0.4,-6.0,2,150,34,0.22666666666666666,0.7733333333333333,7,18,14,61,0.28,0.3333333333333333,0.30434782608695654,3,22,6,0.12,0.3333333333333333,0.1764705882352941,22,0,1.0
1.25,0.4,-6.0,3,150,34,0.22666666666666666,0.7733333333333333,7,18,14,61,0.28,0.3333333333333333,0.30434782608695654,3,22,6,0.12,0.3333333333333333,0.1764705882352941,22,0,1.0
1.25,0.4,-6.0,5,150,34,0.22666666666666666,0.7733333333333333,7,18,14,61,0.28,0.3333333333333333,0.30434782608695654,3,22,6,0.12,0.3333333333333333,0.1764705882352941,22,0,1.0
1.25,0.4,-6.0,999,150,34,0.22666666666666666,0.7733333333333333,7,18,14,61,0.28,0.3333333333333333,0.30434782608695654,3,22,6,0.12,0.3333333333333333,0.1764705882352941,22,0,1.0
1.25,0.4,-5.0,1,150,27,0.18,0.8200000000000001,6,14,15,65,0.3,0.2857142857142857,0.2926829268292683,2,18,7,0.1,0.2222222222222222,0.13793103448275865,22,0,1.0
1.25,0.4,-5.0,2,150,28,0.18666666666666668,0.8133333333333334,7,14,14,65,0.3333333333333333,0.3333333333333333,0.3333333333333333,3,18,6,0.14285714285714285,0.3333333333333333,0.2,22,0,1.0
1.25,0.4,-5.0,3,150,28,0.18666666666666668,0.8133333333333334,7,14,14,65,0.3333333333333333,0.3333333333333333,0.3333333333333333,3,18,6,0.14285714285714285,0.3333333333333333,0.2,22,0,1.0
1.25,0.4,-5.0,5,150,28,0.18666666666666668,0.8133333333333334,7,14,14,65,0.3333333333333333,0.3333333333333333,0.3333333333333333,3,18,6,0.14285714285714285,0.3333333333333333,0.2,22,0,1.0
1.25,0.4,-5.0,999,150,28,0.18666666666666668,0.8133333333333334,7,14,14,65,0.3333333333333333,0.3333333333333333,0.3333333333333333,3,18,6,0.14285714285714285,0.3333333333333333,0.2,22,0,1.0
1.25,0.4,-4.5,1,150,18,0.12,0.88,5,10,16,69,0.3333333333333333,0.23809523809523808,0.2777777777777778,1,14,8,0.06666666666666667,0.1111111111111111,0.08333333333333334,22,0,1.0
1.25,0.4,-4.5,2,150,19,0.12666666666666668,0.8733333333333333,6,10,15,69,0.375,0.2857142857142857,0.3243243243243243,2,14,7,0.125,0.2222222222222222,0.16,22,0,1.0
1.25,0.4,-4.5,3,150,19,0.12666666666666668,0.8733333333333333,6,10,15,69,0.375,0.2857142857142857,0.3243243243243243,2,14,7,0.125,0.2222222222222222,0.16,22,0,1.0
1.25,0.4,-4.5,5,150,19,0.12666666666666668,0.8733333333333333,6,10,15,69,0.375,0.2857142857142857,0.3243243243243243,2,14,7,0.125,0.2222222222222222,0.16,22,0,1.0
1.25,0.4,-4.5,999,150,19,0.12666666666666668,0.8733333333333333,6,10,15,69,0.375,0.2857142857142857,0.3243243243243243,2,14,7,0.125,0.2222222222222222,0.16,22,0,1.0
1.25,0.4,-4.0,1,150,11,0.07333333333333333,0.9266666666666666,4,6,17,73,0.4,0.19047619047619047,0.25806451612903225,1,9,8,0.1,0.1111111111111111,0.10526315789473685,22,0,1.0
1.25,0.4,-4.0,2,150,12,0.08,0.92,5,6,16,73,0.45454545454545453,0.23809523809523808,0.31249999999999994,2,9,7,0.18181818181818182,0.2222222222222222,0.19999999999999998,22,0,1.0
1.25,0.4,-4.0,3,150,12,0.08,0.92,5,6,16,73,0.45454545454545453,0.23809523809523808,0.31249999999999994,2,9,7,0.18181818181818182,0.2222222222222222,0.19999999999999998,22,0,1.0
1.25,0.4,-4.0,5,150,12,0.08,0.92,5,6,16,73,0.45454545454545453,0.23809523809523808,0.31249999999999994,2,9,7,0.18181818181818182,0.2222222222222222,0.19999999999999998,22,0,1.0
1.25,0.4,-4.0,999,150,12,0.08,0.92,5,6,16,73,0.45454545454545453,0.23809523809523808,0.31249999999999994,2,9,7,0.18181818181818182,0.2222222222222222,0.19999999999999998,22,0,1.0
1.25,0.4,-3.0,1,150,6,0.04,0.96,2,3,19,76,0.4,0.09523809523809523,0.15384615384615385,1,4,8,0.2,0.1111111111111111,0.14285714285714285,22,0,1.0
1.25,0.4,-3.0,2,150,7,0.04666666666666667,0.9533333333333334,3,3,18,76,0.5,0.14285714285714285,0.22222222222222224,2,4,7,0.3333333333333333,0.2222222222222222,0.26666666666666666,22,0,1.0
1.25,0.4,-3.0,3,150,7,0.04666666666666667,0.9533333333333334,3,3,18,76,0.5,0.14285714285714285,0.22222222222222224,2,4,7,0.3333333333333333,0.2222222222222222,0.26666666666666666,22,0,1.0
1.25,0.4,-3.0,5,150,7,0.04666666666666667,0.9533333333333334,3,3,18,76,0.5,0.14285714285714285,0.22222222222222224,2,4,7,0.3333333333333333,0.2222222222222222,0.26666666666666666,22,0,1.0
1.25,0.4,-3.0,999,150,7,0.04666666666666667,0.9533333333333334,3,3,18,76,0.5,0.14285714285714285,0.22222222222222224,2,4,7,0.3333333333333333,0.2222222222222222,0.26666666666666666,22,0,1.0
1.25,0.4,-2.0,1,150,6,0.04,0.96,2,3,19,76,0.4,0.09523809523809523,0.15384615384615385,1,4,8,0.2,0.1111111111111111,0.14285714285714285,22,0,1.0
1.25,0.4,-2.0,2,150,7,0.04666666666666667,0.9533333333333334,3,3,18,76,0.5,0.14285714285714285,0.22222222222222224,2,4,7,0.3333333333333333,0.2222222222222222,0.26666666666666666,22,0,1.0
1.25,0.4,-2.0,3,150,7,0.04666666666666667,0.9533333333333334,3,3,18,76,0.5,0.14285714285714285,0.22222222222222224,2,4,7,0.3333333333333333,0.2222222222222222,0.26666666666666666,22,0,1.0
1.25,0.4,-2.0,5,150,7,0.04666666666666667,0.9533333333333334,3,3,18,76,0.5,0.14285714285714285,0.22222222222222224,2,4,7,0.3333333333333333,0.2222222222222222,0.26666666666666666,22,0,1.0
1.25,0.4,-2.0,999,150,7,0.04666666666666667,0.9533333333333334,3,3,18,76,0.5,0.14285714285714285,0.22222222222222224,2,4,7,0.3333333333333333,0.2222222222222222,0.26666666666666666,22,0,1.0
1.25,0.4,0.0,1,150,0,0.0,1.0,0,0,21,79,0.0,0.0,0.0,0,0,9,0.0,0.0,0.0,22,0,1.0
1.25,0.4,0.0,2,150,0,0.0,1.0,0,0,21,79,0.0,0.0,0.0,0,0,9,0.0,0.0,0.0,22,0,1.0
1.25,0.4,0.0,3,150,0,0.0,1.0,0,0,21,79,0.0,0.0,0.0,0,0,9,0.0,0.0,0.0,22,0,1.0
1.25,0.4,0.0,5,150,0,0.0,1.0,0,0,21,79,0.0,0.0,0.0,0,0,9,0.0,0.0,0.0,22,0,1.0
1.25,0.4,0.0,999,150,0,0.0,1.0,0,0,21,79,0.0,0.0,0.0,0,0,9,0.0,0.0,0.0,22,0,1.0
1.25,0.4,1.0,1,150,0,0.0,1.0,0,0,21,79,0.0,0.0,0.0,0,0,9,0.0,0.0,0.0,22,0,1.0
1.25,0.4,1.0,2,150,0,0.0,1.0,0,0,21,79,0.0,0.0,0.0,0,0,9,0.0,0.0,0.0,22,0,1.0
1.25,0.4,1.0,3,150,0,0.0,1.0,0,0,21,79,0.0,0.0,0.0,0,0,9,0.0,0.0,0.0,22,0,1.0
1.25,0.4,1.0,5,150,0,0.0,1.0,0,0,21,79,0.0,0.0,0.0,0,0,9,0.0,0.0,0.0,22,0,1.0
1.25,0.4,1.0,999,150,0,0.0,1.0,0,0,21,79,0.0,0.0,0.0,0,0,9,0.0,0.0,0.0,22,0,1.0
1.25,0.5,-7.0,1,150,22,0.14666666666666667,0.8533333333333333,4,10,17,69,0.2857142857142857,0.19047619047619047,0.22857142857142854,1,13,8,0.07142857142857142,0.1111111111111111,0.08695652173913043,22,0,1.0
1.25,0.5,-7.0,2,150,23,0.15333333333333332,0.8466666666666667,4,11,17,68,0.26666666666666666,0.19047619047619047,0.2222222222222222,1,14,8,0.06666666666666667,0.1111111111111111,0.08333333333333334,22,0,1.0
1.25,0.5,-7.0,3,150,23,0.15333333333333332,0.8466666666666667,4,11,17,68,0.26666666666666666,0.19047619047619047,0.2222222222222222,1,14,8,0.06666666666666667,0.1111111111111111,0.08333333333333334,22,0,1.0
1.25,0.5,-7.0,5,150,23,0.15333333333333332,0.8466666666666667,4,11,17,68,0.26666666666666666,0.19047619047619047,0.2222222222222222,1,14,8,0.06666666666666667,0.1111111111111111,0.08333333333333334,22,0,1.0
1.25,0.5,-7.0,999,150,23,0.15333333333333332,0.8466666666666667,4,11,17,68,0.26666666666666666,0.19047619047619047,0.2222222222222222,1,14,8,0.06666666666666667,0.1111111111111111,0.08333333333333334,22,0,1.0
1.25,0.5,-6.0,1,150,19,0.12666666666666668,0.8733333333333333,3,8,18,71,0.2727272727272727,0.14285714285714285,0.18749999999999997,0,11,9,0.0,0.0,0.0,22,0,1.0
1.25,0.5,-6.0,2,150,19,0.12666666666666668,0.8733333333333333,3,8,18,71,0.2727272727272727,0.14285714285714285,0.18749999999999997,0,11,9,0.0,0.0,0.0,22,0,1.0
1.25,0.5,-6.0,3,150,19,0.12666666666666668,0.8733333333333333,3,8,18,71,0.2727272727272727,0.14285714285714285,0.18749999999999997,0,11,9,0.0,0.0,0.0,22,0,1.0
1.25,0.5,-6.0,5,150,19,0.12666666666666668,0.8733333333333333,3,8,18,71,0.2727272727272727,0.14285714285714285,0.18749999999999997,0,11,9,0.0,0.0,0.0,22,0,1.0
1.25,0.5,-6.0,999,150,19,0.12666666666666668,0.8733333333333333,3,8,18,71,0.2727272727272727,0.14285714285714285,0.18749999999999997,0,11,9,0.0,0.0,0.0,22,0,1.0
1.25,0.5,-5.0,1,150,15,0.1,0.9,3,6,18,73,0.3333333333333333,0.14285714285714285,0.2,0,9,9,0.0,0.0,0.0,22,0,1.0
1.25,0.5,-5.0,2,150,15,0.1,0.9,3,6,18,73,0.3333333333333333,0.14285714285714285,0.2,0,9,9,0.0,0.0,0.0,22,0,1.0
1.25,0.5,-5.0,3,150,15,0.1,0.9,3,6,18,73,0.3333333333333333,0.14285714285714285,0.2,0,9,9,0.0,0.0,0.0,22,0,1.0
1.25,0.5,-5.0,5,150,15,0.1,0.9,3,6,18,73,0.3333333333333333,0.14285714285714285,0.2,0,9,9,0.0,0.0,0.0,22,0,1.0
1.25,0.5,-5.0,999,150,15,0.1,0.9,3,6,18,73,0.3333333333333333,0.14285714285714285,0.2,0,9,9,0.0,0.0,0.0,22,0,1.0
1.25,0.5,-4.5,1,150,12,0.08,0.92,3,6,18,73,0.3333333333333333,0.14285714285714285,0.2,0,9,9,0.0,0.0,0.0,22,0,1.0
1.25,0.5,-4.5,2,150,12,0.08,0.92,3,6,18,73,0.3333333333333333,0.14285714285714285,0.2,0,9,9,0.0,0.0,0.0,22,0,1.0
1.25,0.5,-4.5,3,150,12,0.08,0.92,3,6,18,73,0.3333333333333333,0.14285714285714285,0.2,0,9,9,0.0,0.0,0.0,22,0,1.0
1.25,0.5,-4.5,5,150,12,0.08,0.92,3,6,18,73,0.3333333333333333,0.14285714285714285,0.2,0,9,9,0.0,0.0,0.0,22,0,1.0
1.25,0.5,-4.5,999,150,12,0.08,0.92,3,6,18,73,0.3333333333333333,0.14285714285714285,0.2,0,9,9,0.0,0.0,0.0,22,0,1.0
1.25,0.5,-4.0,1,150,7,0.04666666666666667,0.9533333333333334,2,4,19,75,0.3333333333333333,0.09523809523809523,0.14814814814814814,0,6,9,0.0,0.0,0.0,22,0,1.0
1.25,0.5,-4.0,2,150,7,0.04666666666666667,0.9533333333333334,2,4,19,75,0.3333333333333333,0.09523809523809523,0.14814814814814814,0,6,9,0.0,0.0,0.0,22,0,1.0
1.25,0.5,-4.0,3,150,7,0.04666666666666667,0.9533333333333334,2,4,19,75,0.3333333333333333,0.09523809523809523,0.14814814814814814,0,6,9,0.0,0.0,0.0,22,0,1.0
1.25,0.5,-4.0,5,150,7,0.04666666666666667,0.9533333333333334,2,4,19,75,0.3333333333333333,0.09523809523809523,0.14814814814814814,0,6,9,0.0,0.0,0.0,22,0,1.0
1.25,0.5,-4.0,999,150,7,0.04666666666666667,0.9533333333333334,2,4,19,75,0.3333333333333333,0.09523809523809523,0.14814814814814814,0,6,9,0.0,0.0,0.0,22,0,1.0
1.25,0.5,-3.0,1,150,3,0.02,0.98,1,1,20,78,0.5,0.047619047619047616,0.08695652173913042,0,2,9,0.0,0.0,0.0,22,0,1.0
1.25,0.5,-3.0,2,150,3,0.02,0.98,1,1,20,78,0.5,0.047619047619047616,0.08695652173913042,0,2,9,0.0,0.0,0.0,22,0,1.0
1.25,0.5,-3.0,3,150,3,0.02,0.98,1,1,20,78,0.5,0.047619047619047616,0.08695652173913042,0,2,9,0.0,0.0,0.0,22,0,1.0
1.25,0.5,-3.0,5,150,3,0.02,0.98,1,1,20,78,0.5,0.047619047619047616,0.08695652173913042,0,2,9,0.0,0.0,0.0,22,0,1.0
1.25,0.5,-3.0,999,150,3,0.02,0.98,1,1,20,78,0.5,0.047619047619047616,0.08695652173913042,0,2,9,0.0,0.0,0.0,22,0,1.0
1.25,0.5,-2.0,1,150,3,0.02,0.98,1,1,20,78,0.5,0.047619047619047616,0.08695652173913042,0,2,9,0.0,0.0,0.0,22,0,1.0
1.25,0.5,-2.0,2,150,3,0.02,0.98,1,1,20,78,0.5,0.047619047619047616,0.08695652173913042,0,2,9,0.0,0.0,0.0,22,0,1.0
1.25,0.5,-2.0,3,150,3,0.02,0.98,1,1,20,78,0.5,0.047619047619047616,0.08695652173913042,0,2,9,0.0,0.0,0.0,22,0,1.0
1.25,0.5,-2.0,5,150,3,0.02,0.98,1,1,20,78,0.5,0.047619047619047616,0.08695652173913042,0,2,9,0.0,0.0,0.0,22,0,1.0
1.25,0.5,-2.0,999,150,3,0.02,0.98,1,1,20,78,0.5,0.047619047619047616,0.08695652173913042,0,2,9,0.0,0.0,0.0,22,0,1.0
1.25,0.5,0.0,1,150,0,0.0,1.0,0,0,21,79,0.0,0.0,0.0,0,0,9,0.0,0.0,0.0,22,0,1.0
1.25,0.5,0.0,2,150,0,0.0,1.0,0,0,21,79,0.0,0.0,0.0,0,0,9,0.0,0.0,0.0,22,0,1.0
1.25,0.5,0.0,3,150,0,0.0,1.0,0,0,21,79,0.0,0.0,0.0,0,0,9,0.0,0.0,0.0,22,0,1.0
1.25,0.5,0.0,5,150,0,0.0,1.0,0,0,21,79,0.0,0.0,0.0,0,0,9,0.0,0.0,0.0,22,0,1.0
1.25,0.5,0.0,999,150,0,0.0,1.0,0,0,21,79,0.0,0.0,0.0,0,0,9,0.0,0.0,0.0,22,0,1.0
1.25,0.5,1.0,1,150,0,0.0,1.0,0,0,21,79,0.0,0.0,0.0,0,0,9,0.0,0.0,0.0,22,0,1.0
1.25,0.5,1.0,2,150,0,0.0,1.0,0,0,21,79,0.0,0.0,0.0,0,0,9,0.0,0.0,0.0,22,0,1.0
1.25,0.5,1.0,3,150,0,0.0,1.0,0,0,21,79,0.0,0.0,0.0,0,0,9,0.0,0.0,0.0,22,0,1.0
1.25,0.5,1.0,5,150,0,0.0,1.0,0,0,21,79,0.0,0.0,0.0,0,0,9,0.0,0.0,0.0,22,0,1.0
1.25,0.5,1.0,999,150,0,0.0,1.0,0,0,21,79,0.0,0.0,0.0,0,0,9,0.0,0.0,0.0,22,0,1.0
1.35,0.15,-7.0,1,150,68,0.4533333333333333,0.5466666666666666,11,37,10,42,0.22916666666666666,0.5238095238095238,0.31884057971014496,5,43,4,0.10416666666666667,0.5555555555555556,0.1754385964912281,22,0,1.0
1.35,0.15,-7.0,2,150,72,0.48,0.52,12,39,9,40,0.23529411764705882,0.5714285714285714,0.3333333333333333,6,45,3,0.11764705882352941,0.6666666666666666,0.2,22,0,1.0
1.35,0.15,-7.0,3,150,73,0.4866666666666667,0.5133333333333333,12,40,9,39,0.23076923076923078,0.5714285714285714,0.3287671232876712,6,46,3,0.11538461538461539,0.6666666666666666,0.19672131147540986,22,0,1.0
1.35,0.15,-7.0,5,150,73,0.4866666666666667,0.5133333333333333,12,40,9,39,0.23076923076923078,0.5714285714285714,0.3287671232876712,6,46,3,0.11538461538461539,0.6666666666666666,0.19672131147540986,22,0,1.0
1.35,0.15,-7.0,999,150,73,0.4866666666666667,0.5133333333333333,12,40,9,39,0.23076923076923078,0.5714285714285714,0.3287671232876712,6,46,3,0.11538461538461539,0.6666666666666666,0.19672131147540986,22,0,1.0
1.35,0.15,-6.0,1,150,61,0.4066666666666667,0.5933333333333333,10,31,11,48,0.24390243902439024,0.47619047619047616,0.3225806451612903,4,37,5,0.0975609756097561,0.4444444444444444,0.16,22,0,1.0
1.35,0.15,-6.0,2,150,64,0.4266666666666667,0.5733333333333333,11,32,10,47,0.2558139534883721,0.5238095238095238,0.34375,5,38,4,0.11627906976744186,0.5555555555555556,0.19230769230769232,22,0,1.0
1.35,0.15,-6.0,3,150,65,0.43333333333333335,0.5666666666666667,11,33,10,46,0.25,0.5238095238095238,0.3384615384615385,5,39,4,0.11363636363636363,0.5555555555555556,0.18867924528301888,22,0,1.0
1.35,0.15,-6.0,5,150,65,0.43333333333333335,0.5666666666666667,11,33,10,46,0.25,0.5238095238095238,0.3384615384615385,5,39,4,0.11363636363636363,0.5555555555555556,0.18867924528301888,22,0,1.0
1.35,0.15,-6.0,999,150,65,0.43333333333333335,0.5666666666666667,11,33,10,46,0.25,0.5238095238095238,0.3384615384615385,5,39,4,0.11363636363636363,0.5555555555555556,0.18867924528301888,22,0,1.0
1.35,0.15,-5.0,1,150,50,0.3333333333333333,0.6666666666666667,9,23,12,56,0.28125,0.42857142857142855,0.3396226415094339,4,28,5,0.125,0.4444444444444444,0.1951219512195122,22,0,1.0
1.35,0.15,-5.0,2,150,53,0.35333333333333333,0.6466666666666667,10,24,11,55,0.29411764705882354,0.47619047619047616,0.3636363636363637,5,29,4,0.14705882352941177,0.5555555555555556,0.23255813953488372,22,0,1.0
1.35,0.15,-5.0,3,150,54,0.36,0.64,10,25,11,54,0.2857142857142857,0.47619047619047616,0.3571428571428571,5,30,4,0.14285714285714285,0.5555555555555556,0.22727272727272727,22,0,1.0
1.35,0.15,-5.0,5,150,54,0.36,0.64,10,25,11,54,0.2857142857142857,0.47619047619047616,0.3571428571428571,5,30,4,0.14285714285714285,0.5555555555555556,0.22727272727272727,22,0,1.0
1.35,0.15,-5.0,999,150,54,0.36,0.64,10,25,11,54,0.2857142857142857,0.47619047619047616,0.3571428571428571,5,30,4,0.14285714285714285,0.5555555555555556,0.22727272727272727,22,0,1.0
1.35,0.15,-4.5,1,150,31,0.20666666666666667,0.7933333333333333,7,11,14,68,0.3888888888888889,0.3333333333333333,0.358974358974359,2,16,7,0.1111111111111111,0.2222222222222222,0.14814814814814814,22,0,1.0
1.35,0.15,-4.5,2,150,34,0.22666666666666666,0.7733333333333333,8,12,13,67,0.4,0.38095238095238093,0.3902439024390244,3,17,6,0.15,0.3333333333333333,0.20689655172413793,22,0,1.0
1.35,0.15,-4.5,3,150,35,0.23333333333333334,0.7666666666666666,8,13,13,66,0.38095238095238093,0.38095238095238093,0.38095238095238093,3,18,6,0.14285714285714285,0.3333333333333333,0.2,22,0,1.0
1.35,0.15,-4.5,5,150,35,0.23333333333333334,0.7666666666666666,8,13,13,66,0.38095238095238093,0.38095238095238093,0.38095238095238093,3,18,6,0.14285714285714285,0.3333333333333333,0.2,22,0,1.0
1.35,0.15,-4.5,999,150,35,0.23333333333333334,0.7666666666666666,8,13,13,66,0.38095238095238093,0.38095238095238093,0.38095238095238093,3,18,6,0.14285714285714285,0.3333333333333333,0.2,22,0,1.0
1.35,0.15,-4.0,1,150,24,0.16,0.84,6,8,15,71,0.42857142857142855,0.2857142857142857,0.34285714285714286,2,12,7,0.14285714285714285,0.2222222222222222,0.17391304347826086,22,0,1.0
1.35,0.15,-4.0,2,150,27,0.18,0.8200000000000001,7,9,14,70,0.4375,0.3333333333333333,0.37837837837837834,3,13,6,0.1875,0.3333333333333333,0.24000000000000005,22,0,1.0
1.35,0.15,-4.0,3,150,27,0.18,0.8200000000000001,7,9,14,70,0.4375,0.3333333333333333,0.37837837837837834,3,13,6,0.1875,0.3333333333333333,0.24000000000000005,22,0,1.0
1.35,0.15,-4.0,5,150,27,0.18,0.8200000000000001,7,9,14,70,0.4375,0.3333333333333333,0.37837837837837834,3,13,6,0.1875,0.3333333333333333,0.24000000000000005,22,0,1.0
1.35,0.15,-4.0,999,150,27,0.18,0.8200000000000001,7,9,14,70,0.4375,0.3333333333333333,0.37837837837837834,3,13,6,0.1875,0.3333333333333333,0.24000000000000005,22,0,1.0
1.35,0.15,-3.0,1,150,17,0.11333333333333333,0.8866666666666667,3,4,18,75,0.42857142857142855,0.14285714285714285,0.21428571428571427,1,6,8,0.14285714285714285,0.1111111111111111,0.125,22,0,1.0
1.35,0.15,-3.0,2,150,18,0.12,0.88,4,4,17,75,0.5,0.19047619047619047,0.27586206896551724,2,6,7,0.25,0.2222222222222222,0.23529411764705882,22,0,1.0
1.35,0.15,-3.0,3,150,18,0.12,0.88,4,4,17,75,0.5,0.19047619047619047,0.27586206896551724,2,6,7,0.25,0.2222222222222222,0.23529411764705882,22,0,1.0
1.35,0.15,-3.0,5,150,18,0.12,0.88,4,4,17,75,0.5,0.19047619047619047,0.27586206896551724,2,6,7,0.25,0.2222222222222222,0.23529411764705882,22,0,1.0
1.35,0.15,-3.0,999,150,18,0.12,0.88,4,4,17,75,0.5,0.19047619047619047,0.27586206896551724,2,6,7,0.25,0.2222222222222222,0.23529411764705882,22,0,1.0
1.35,0.15,-2.0,1,150,14,0.09333333333333334,0.9066666666666666,2,3,19,76,0.4,0.09523809523809523,0.15384615384615385,1,4,8,0.2,0.1111111111111111,0.14285714285714285,22,0,1.0
1.35,0.15,-2.0,2,150,15,0.1,0.9,3,3,18,76,0.5,0.14285714285714285,0.22222222222222224,2,4,7,0.3333333333333333,0.2222222222222222,0.26666666666666666,22,0,1.0
1.35,0.15,-2.0,3,150,15,0.1,0.9,3,3,18,76,0.5,0.14285714285714285,0.22222222222222224,2,4,7,0.3333333333333333,0.2222222222222222,0.26666666666666666,22,0,1.0
1.35,0.15,-2.0,5,150,15,0.1,0.9,3,3,18,76,0.5,0.14285714285714285,0.22222222222222224,2,4,7,0.3333333333333333,0.2222222222222222,0.26666666666666666,22,0,1.0
1.35,0.15,-2.0,999,150,15,0.1,0.9,3,3,18,76,0.5,0.14285714285714285,0.22222222222222224,2,4,7,0.3333333333333333,0.2222222222222222,0.26666666666666666,22,0,1.0
1.35,0.15,0.0,1,150,3,0.02,0.98,0,0,21,79,0.0,0.0,0.0,0,0,9,0.0,0.0,0.0,22,0,1.0
1.35,0.15,0.0,2,150,3,0.02,0.98,0,0,21,79,0.0,0.0,0.0,0,0,9,0.0,0.0,0.0,22,0,1.0
1.35,0.15,0.0,3,150,3,0.02,0.98,0,0,21,79,0.0,0.0,0.0,0,0,9,0.0,0.0,0.0,22,0,1.0
1.35,0.15,0.0,5,150,3,0.02,0.98,0,0,21,79,0.0,0.0,0.0,0,0,9,0.0,0.0,0.0,22,0,1.0
1.35,0.15,0.0,999,150,3,0.02,0.98,0,0,21,79,0.0,0.0,0.0,0,0,9,0.0,0.0,0.0,22,0,1.0
1.35,0.15,1.0,1,150,2,0.013333333333333334,0.9866666666666667,0,0,21,79,0.0,0.0,0.0,0,0,9,0.0,0.0,0.0,22,0,1.0
1.35,0.15,1.0,2,150,2,0.013333333333333334,0.9866666666666667,0,0,21,79,0.0,0.0,0.0,0,0,9,0.0,0.0,0.0,22,0,1.0
1.35,0.15,1.0,3,150,2,0.013333333333333334,0.9866666666666667,0,0,21,79,0.0,0.0,0.0,0,0,9,0.0,0.0,0.0,22,0,1.0
1.35,0.15,1.0,5,150,2,0.013333333333333334,0.9866666666666667,0,0,21,79,0.0,0.0,0.0,0,0,9,0.0,0.0,0.0,22,0,1.0
1.35,0.15,1.0,999,150,2,0.013333333333333334,0.9866666666666667,0,0,21,79,0.0,0.0,0.0,0,0,9,0.0,0.0,0.0,22,0,1.0
1.35,0.2,-7.0,1,150,68,0.4533333333333333,0.5466666666666666,11,37,10,42,0.22916666666666666,0.5238095238095238,0.31884057971014496,5,43,4,0.10416666666666667,0.5555555555555556,0.1754385964912281,22,0,1.0
1.35,0.2,-7.0,2,150,72,0.48,0.52,12,39,9,40,0.23529411764705882,0.5714285714285714,0.3333333333333333,6,45,3,0.11764705882352941,0.6666666666666666,0.2,22,0,1.0
1.35,0.2,-7.0,3,150,73,0.4866666666666667,0.5133333333333333,12,40,9,39,0.23076923076923078,0.5714285714285714,0.3287671232876712,6,46,3,0.11538461538461539,0.6666666666666666,0.19672131147540986,22,0,1.0
1.35,0.2,-7.0,5,150,73,0.4866666666666667,0.5133333333333333,12,40,9,39,0.23076923076923078,0.5714285714285714,0.3287671232876712,6,46,3,0.11538461538461539,0.6666666666666666,0.19672131147540986,22,0,1.0
1.35,0.2,-7.0,999,150,73,0.4866666666666667,0.5133333333333333,12,40,9,39,0.23076923076923078,0.5714285714285714,0.3287671232876712,6,46,3,0.11538461538461539,0.6666666666666666,0.19672131147540986,22,0,1.0
1.35,0.2,-6.0,1,150,61,0.4066666666666667,0.5933333333333333,10,31,11,48,0.24390243902439024,0.47619047619047616,0.3225806451612903,4,37,5,0.0975609756097561,0.4444444444444444,0.16,22,0,1.0
1.35,0.2,-6.0,2,150,64,0.4266666666666667,0.5733333333333333,11,32,10,47,0.2558139534883721,0.5238095238095238,0.34375,5,38,4,0.11627906976744186,0.5555555555555556,0.19230769230769232,22,0,1.0
1.35,0.2,-6.0,3,150,65,0.43333333333333335,0.5666666666666667,11,33,10,46,0.25,0.5238095238095238,0.3384615384615385,5,39,4,0.11363636363636363,0.5555555555555556,0.18867924528301888,22,0,1.0
1.35,0.2,-6.0,5,150,65,0.43333333333333335,0.5666666666666667,11,33,10,46,0.25,0.5238095238095238,0.3384615384615385,5,39,4,0.11363636363636363,0.5555555555555556,0.18867924528301888,22,0,1.0
1.35,0.2,-6.0,999,150,65,0.43333333333333335,0.5666666666666667,11,33,10,46,0.25,0.5238095238095238,0.3384615384615385,5,39,4,0.11363636363636363,0.5555555555555556,0.18867924528301888,22,0,1.0
1.35,0.2,-5.0,1,150,50,0.3333333333333333,0.6666666666666667,9,23,12,56,0.28125,0.42857142857142855,0.3396226415094339,4,28,5,0.125,0.4444444444444444,0.1951219512195122,22,0,1.0
1.35,0.2,-5.0,2,150,53,0.35333333333333333,0.6466666666666667,10,24,11,55,0.29411764705882354,0.47619047619047616,0.3636363636363637,5,29,4,0.14705882352941177,0.5555555555555556,0.23255813953488372,22,0,1.0
1.35,0.2,-5.0,3,150,54,0.36,0.64,10,25,11,54,0.2857142857142857,0.47619047619047616,0.3571428571428571,5,30,4,0.14285714285714285,0.5555555555555556,0.22727272727272727,22,0,1.0
1.35,0.2,-5.0,5,150,54,0.36,0.64,10,25,11,54,0.2857142857142857,0.47619047619047616,0.3571428571428571,5,30,4,0.14285714285714285,0.5555555555555556,0.22727272727272727,22,0,1.0
1.35,0.2,-5.0,999,150,54,0.36,0.64,10,25,11,54,0.2857142857142857,0.47619047619047616,0.3571428571428571,5,30,4,0.14285714285714285,0.5555555555555556,0.22727272727272727,22,0,1.0
1.35,0.2,-4.5,1,150,31,0.20666666666666667,0.7933333333333333,7,11,14,68,0.3888888888888889,0.3333333333333333,0.358974358974359,2,16,7,0.1111111111111111,0.2222222222222222,0.14814814814814814,22,0,1.0
1.35,0.2,-4.5,2,150,34,0.22666666666666666,0.7733333333333333,8,12,13,67,0.4,0.38095238095238093,0.3902439024390244,3,17,6,0.15,0.3333333333333333,0.20689655172413793,22,0,1.0
1.35,0.2,-4.5,3,150,35,0.23333333333333334,0.7666666666666666,8,13,13,66,0.38095238095238093,0.38095238095238093,0.38095238095238093,3,18,6,0.14285714285714285,0.3333333333333333,0.2,22,0,1.0
1.35,0.2,-4.5,5,150,35,0.23333333333333334,0.7666666666666666,8,13,13,66,0.38095238095238093,0.38095238095238093,0.38095238095238093,3,18,6,0.14285714285714285,0.3333333333333333,0.2,22,0,1.0
1.35,0.2,-4.5,999,150,35,0.23333333333333334,0.7666666666666666,8,13,13,66,0.38095238095238093,0.38095238095238093,0.38095238095238093,3,18,6,0.14285714285714285,0.3333333333333333,0.2,22,0,1.0
1.35,0.2,-4.0,1,150,24,0.16,0.84,6,8,15,71,0.42857142857142855,0.2857142857142857,0.34285714285714286,2,12,7,0.14285714285714285,0.2222222222222222,0.17391304347826086,22,0,1.0
1.35,0.2,-4.0,2,150,27,0.18,0.8200000000000001,7,9,14,70,0.4375,0.3333333333333333,0.37837837837837834,3,13,6,0.1875,0.3333333333333333,0.24000000000000005,22,0,1.0
1.35,0.2,-4.0,3,150,27,0.18,0.8200000000000001,7,9,14,70,0.4375,0.3333333333333333,0.37837837837837834,3,13,6,0.1875,0.3333333333333333,0.24000000000000005,22,0,1.0
1.35,0.2,-4.0,5,150,27,0.18,0.8200000000000001,7,9,14,70,0.4375,0.3333333333333333,0.37837837837837834,3,13,6,0.1875,0.3333333333333333,0.24000000000000005,22,0,1.0
1.35,0.2,-4.0,999,150,27,0.18,0.8200000000000001,7,9,14,70,0.4375,0.3333333333333333,0.37837837837837834,3,13,6,0.1875,0.3333333333333333,0.24000000000000005,22,0,1.0
1.35,0.2,-3.0,1,150,17,0.11333333333333333,0.8866666666666667,3,4,18,75,0.42857142857142855,0.14285714285714285,0.21428571428571427,1,6,8,0.14285714285714285,0.1111111111111111,0.125,22,0,1.0
1.35,0.2,-3.0,2,150,18,0.12,0.88,4,4,17,75,0.5,0.19047619047619047,0.27586206896551724,2,6,7,0.25,0.2222222222222222,0.23529411764705882,22,0,1.0
1.35,0.2,-3.0,3,150,18,0.12,0.88,4,4,17,75,0.5,0.19047619047619047,0.27586206896551724,2,6,7,0.25,0.2222222222222222,0.23529411764705882,22,0,1.0
1.35,0.2,-3.0,5,150,18,0.12,0.88,4,4,17,75,0.5,0.19047619047619047,0.27586206896551724,2,6,7,0.25,0.2222222222222222,0.23529411764705882,22,0,1.0
1.35,0.2,-3.0,999,150,18,0.12,0.88,4,4,17,75,0.5,0.19047619047619047,0.27586206896551724,2,6,7,0.25,0.2222222222222222,0.23529411764705882,22,0,1.0
1.35,0.2,-2.0,1,150,14,0.09333333333333334,0.9066666666666666,2,3,19,76,0.4,0.09523809523809523,0.15384615384615385,1,4,8,0.2,0.1111111111111111,0.14285714285714285,22,0,1.0
1.35,0.2,-2.0,2,150,15,0.1,0.9,3,3,18,76,0.5,0.14285714285714285,0.22222222222222224,2,4,7,0.3333333333333333,0.2222222222222222,0.26666666666666666,22,0,1.0
1.35,0.2,-2.0,3,150,15,0.1,0.9,3,3,18,76,0.5,0.14285714285714285,0.22222222222222224,2,4,7,0.3333333333333333,0.2222222222222222,0.26666666666666666,22,0,1.0
1.35,0.2,-2.0,5,150,15,0.1,0.9,3,3,18,76,0.5,0.14285714285714285,0.22222222222222224,2,4,7,0.3333333333333333,0.2222222222222222,0.26666666666666666,22,0,1.0
1.35,0.2,-2.0,999,150,15,0.1,0.9,3,3,18,76,0.5,0.14285714285714285,0.22222222222222224,2,4,7,0.3333333333333333,0.2222222222222222,0.26666666666666666,22,0,1.0
1.35,0.2,0.0,1,150,3,0.02,0.98,0,0,21,79,0.0,0.0,0.0,0,0,9,0.0,0.0,0.0,22,0,1.0
1.35,0.2,0.0,2,150,3,0.02,0.98,0,0,21,79,0.0,0.0,0.0,0,0,9,0.0,0.0,0.0,22,0,1.0
1.35,0.2,0.0,3,150,3,0.02,0.98,0,0,21,79,0.0,0.0,0.0,0,0,9,0.0,0.0,0.0,22,0,1.0
1.35,0.2,0.0,5,150,3,0.02,0.98,0,0,21,79,0.0,0.0,0.0,0,0,9,0.0,0.0,0.0,22,0,1.0
1.35,0.2,0.0,999,150,3,0.02,0.98,0,0,21,79,0.0,0.0,0.0,0,0,9,0.0,0.0,0.0,22,0,1.0
1.35,0.2,1.0,1,150,2,0.013333333333333334,0.9866666666666667,0,0,21,79,0.0,0.0,0.0,0,0,9,0.0,0.0,0.0,22,0,1.0
1.35,0.2,1.0,2,150,2,0.013333333333333334,0.9866666666666667,0,0,21,79,0.0,0.0,0.0,0,0,9,0.0,0.0,0.0,22,0,1.0
1.35,0.2,1.0,3,150,2,0.013333333333333334,0.9866666666666667,0,0,21,79,0.0,0.0,0.0,0,0,9,0.0,0.0,0.0,22,0,1.0
1.35,0.2,1.0,5,150,2,0.013333333333333334,0.9866666666666667,0,0,21,79,0.0,0.0,0.0,0,0,9,0.0,0.0,0.0,22,0,1.0
1.35,0.2,1.0,999,150,2,0.013333333333333334,0.9866666666666667,0,0,21,79,0.0,0.0,0.0,0,0,9,0.0,0.0,0.0,22,0,1.0
1.35,0.25,-7.0,1,150,68,0.4533333333333333,0.5466666666666666,11,37,10,42,0.22916666666666666,0.5238095238095238,0.31884057971014496,5,43,4,0.10416666666666667,0.5555555555555556,0.1754385964912281,22,0,1.0
1.35,0.25,-7.0,2,150,72,0.48,0.52,12,39,9,40,0.23529411764705882,0.5714285714285714,0.3333333333333333,6,45,3,0.11764705882352941,0.6666666666666666,0.2,22,0,1.0
1.35,0.25,-7.0,3,150,73,0.4866666666666667,0.5133333333333333,12,40,9,39,0.23076923076923078,0.5714285714285714,0.3287671232876712,6,46,3,0.11538461538461539,0.6666666666666666,0.19672131147540986,22,0,1.0
1.35,0.25,-7.0,5,150,73,0.4866666666666667,0.5133333333333333,12,40,9,39,0.23076923076923078,0.5714285714285714,0.3287671232876712,6,46,3,0.11538461538461539,0.6666666666666666,0.19672131147540986,22,0,1.0
1.35,0.25,-7.0,999,150,73,0.4866666666666667,0.5133333333333333,12,40,9,39,0.23076923076923078,0.5714285714285714,0.3287671232876712,6,46,3,0.11538461538461539,0.6666666666666666,0.19672131147540986,22,0,1.0
1.35,0.25,-6.0,1,150,61,0.4066666666666667,0.5933333333333333,10,31,11,48,0.24390243902439024,0.47619047619047616,0.3225806451612903,4,37,5,0.0975609756097561,0.4444444444444444,0.16,22,0,1.0
1.35,0.25,-6.0,2,150,64,0.4266666666666667,0.5733333333333333,11,32,10,47,0.2558139534883721,0.5238095238095238,0.34375,5,38,4,0.11627906976744186,0.5555555555555556,0.19230769230769232,22,0,1.0
1.35,0.25,-6.0,3,150,65,0.43333333333333335,0.5666666666666667,11,33,10,46,0.25,0.5238095238095238,0.3384615384615385,5,39,4,0.11363636363636363,0.5555555555555556,0.18867924528301888,22,0,1.0
1.35,0.25,-6.0,5,150,65,0.43333333333333335,0.5666666666666667,11,33,10,46,0.25,0.5238095238095238,0.3384615384615385,5,39,4,0.11363636363636363,0.5555555555555556,0.18867924528301888,22,0,1.0
1.35,0.25,-6.0,999,150,65,0.43333333333333335,0.5666666666666667,11,33,10,46,0.25,0.5238095238095238,0.3384615384615385,5,39,4,0.11363636363636363,0.5555555555555556,0.18867924528301888,22,0,1.0
1.35,0.25,-5.0,1,150,50,0.3333333333333333,0.6666666666666667,9,23,12,56,0.28125,0.42857142857142855,0.3396226415094339,4,28,5,0.125,0.4444444444444444,0.1951219512195122,22,0,1.0
1.35,0.25,-5.0,2,150,53,0.35333333333333333,0.6466666666666667,10,24,11,55,0.29411764705882354,0.47619047619047616,0.3636363636363637,5,29,4,0.14705882352941177,0.5555555555555556,0.23255813953488372,22,0,1.0
1.35,0.25,-5.0,3,150,54,0.36,0.64,10,25,11,54,0.2857142857142857,0.47619047619047616,0.3571428571428571,5,30,4,0.14285714285714285,0.5555555555555556,0.22727272727272727,22,0,1.0
1.35,0.25,-5.0,5,150,54,0.36,0.64,10,25,11,54,0.2857142857142857,0.47619047619047616,0.3571428571428571,5,30,4,0.14285714285714285,0.5555555555555556,0.22727272727272727,22,0,1.0
1.35,0.25,-5.0,999,150,54,0.36,0.64,10,25,11,54,0.2857142857142857,0.47619047619047616,0.3571428571428571,5,30,4,0.14285714285714285,0.5555555555555556,0.22727272727272727,22,0,1.0
1.35,0.25,-4.5,1,150,31,0.20666666666666667,0.7933333333333333,7,11,14,68,0.3888888888888889,0.3333333333333333,0.358974358974359,2,16,7,0.1111111111111111,0.2222222222222222,0.14814814814814814,22,0,1.0
1.35,0.25,-4.5,2,150,34,0.22666666666666666,0.7733333333333333,8,12,13,67,0.4,0.38095238095238093,0.3902439024390244,3,17,6,0.15,0.3333333333333333,0.20689655172413793,22,0,1.0
1.35,0.25,-4.5,3,150,35,0.23333333333333334,0.7666666666666666,8,13,13,66,0.38095238095238093,0.38095238095238093,0.38095238095238093,3,18,6,0.14285714285714285,0.3333333333333333,0.2,22,0,1.0
1.35,0.25,-4.5,5,150,35,0.23333333333333334,0.7666666666666666,8,13,13,66,0.38095238095238093,0.38095238095238093,0.38095238095238093,3,18,6,0.14285714285714285,0.3333333333333333,0.2,22,0,1.0
1.35,0.25,-4.5,999,150,35,0.23333333333333334,0.7666666666666666,8,13,13,66,0.38095238095238093,0.38095238095238093,0.38095238095238093,3,18,6,0.14285714285714285,0.3333333333333333,0.2,22,0,1.0
1.35,0.25,-4.0,1,150,24,0.16,0.84,6,8,15,71,0.42857142857142855,0.2857142857142857,0.34285714285714286,2,12,7,0.14285714285714285,0.2222222222222222,0.17391304347826086,22,0,1.0
1.35,0.25,-4.0,2,150,27,0.18,0.8200000000000001,7,9,14,70,0.4375,0.3333333333333333,0.37837837837837834,3,13,6,0.1875,0.3333333333333333,0.24000000000000005,22,0,1.0
1.35,0.25,-4.0,3,150,27,0.18,0.8200000000000001,7,9,14,70,0.4375,0.3333333333333333,0.37837837837837834,3,13,6,0.1875,0.3333333333333333,0.24000000000000005,22,0,1.0
1.35,0.25,-4.0,5,150,27,0.18,0.8200000000000001,7,9,14,70,0.4375,0.3333333333333333,0.37837837837837834,3,13,6,0.1875,0.3333333333333333,0.24000000000000005,22,0,1.0
1.35,0.25,-4.0,999,150,27,0.18,0.8200000000000001,7,9,14,70,0.4375,0.3333333333333333,0.37837837837837834,3,13,6,0.1875,0.3333333333333333,0.24000000000000005,22,0,1.0
1.35,0.25,-3.0,1,150,17,0.11333333333333333,0.8866666666666667,3,4,18,75,0.42857142857142855,0.14285714285714285,0.21428571428571427,1,6,8,0.14285714285714285,0.1111111111111111,0.125,22,0,1.0
1.35,0.25,-3.0,2,150,18,0.12,0.88,4,4,17,75,0.5,0.19047619047619047,0.27586206896551724,2,6,7,0.25,0.2222222222222222,0.23529411764705882,22,0,1.0
1.35,0.25,-3.0,3,150,18,0.12,0.88,4,4,17,75,0.5,0.19047619047619047,0.27586206896551724,2,6,7,0.25,0.2222222222222222,0.23529411764705882,22,0,1.0
1.35,0.25,-3.0,5,150,18,0.12,0.88,4,4,17,75,0.5,0.19047619047619047,0.27586206896551724,2,6,7,0.25,0.2222222222222222,0.23529411764705882,22,0,1.0
1.35,0.25,-3.0,999,150,18,0.12,0.88,4,4,17,75,0.5,0.19047619047619047,0.27586206896551724,2,6,7,0.25,0.2222222222222222,0.23529411764705882,22,0,1.0
1.35,0.25,-2.0,1,150,14,0.09333333333333334,0.9066666666666666,2,3,19,76,0.4,0.09523809523809523,0.15384615384615385,1,4,8,0.2,0.1111111111111111,0.14285714285714285,22,0,1.0
1.35,0.25,-2.0,2,150,15,0.1,0.9,3,3,18,76,0.5,0.14285714285714285,0.22222222222222224,2,4,7,0.3333333333333333,0.2222222222222222,0.26666666666666666,22,0,1.0
1.35,0.25,-2.0,3,150,15,0.1,0.9,3,3,18,76,0.5,0.14285714285714285,0.22222222222222224,2,4,7,0.3333333333333333,0.2222222222222222,0.26666666666666666,22,0,1.0
1.35,0.25,-2.0,5,150,15,0.1,0.9,3,3,18,76,0.5,0.14285714285714285,0.22222222222222224,2,4,7,0.3333333333333333,0.2222222222222222,0.26666666666666666,22,0,1.0
1.35,0.25,-2.0,999,150,15,0.1,0.9,3,3,18,76,0.5,0.14285714285714285,0.22222222222222224,2,4,7,0.3333333333333333,0.2222222222222222,0.26666666666666666,22,0,1.0
1.35,0.25,0.0,1,150,3,0.02,0.98,0,0,21,79,0.0,0.0,0.0,0,0,9,0.0,0.0,0.0,22,0,1.0
1.35,0.25,0.0,2,150,3,0.02,0.98,0,0,21,79,0.0,0.0,0.0,0,0,9,0.0,0.0,0.0,22,0,1.0
1.35,0.25,0.0,3,150,3,0.02,0.98,0,0,21,79,0.0,0.0,0.0,0,0,9,0.0,0.0,0.0,22,0,1.0
1.35,0.25,0.0,5,150,3,0.02,0.98,0,0,21,79,0.0,0.0,0.0,0,0,9,0.0,0.0,0.0,22,0,1.0
1.35,0.25,0.0,999,150,3,0.02,0.98,0,0,21,79,0.0,0.0,0.0,0,0,9,0.0,0.0,0.0,22,0,1.0
1.35,0.25,1.0,1,150,2,0.013333333333333334,0.9866666666666667,0,0,21,79,0.0,0.0,0.0,0,0,9,0.0,0.0,0.0,22,0,1.0
1.35,0.25,1.0,2,150,2,0.013333333333333334,0.9866666666666667,0,0,21,79,0.0,0.0,0.0,0,0,9,0.0,0.0,0.0,22,0,1.0
1.35,0.25,1.0,3,150,2,0.013333333333333334,0.9866666666666667,0,0,21,79,0.0,0.0,0.0,0,0,9,0.0,0.0,0.0,22,0,1.0
1.35,0.25,1.0,5,150,2,0.013333333333333334,0.9866666666666667,0,0,21,79,0.0,0.0,0.0,0,0,9,0.0,0.0,0.0,22,0,1.0
1.35,0.25,1.0,999,150,2,0.013333333333333334,0.9866666666666667,0,0,21,79,0.0,0.0,0.0,0,0,9,0.0,0.0,0.0,22,0,1.0
1.35,0.28,-7.0,1,150,68,0.4533333333333333,0.5466666666666666,11,37,10,42,0.22916666666666666,0.5238095238095238,0.31884057971014496,5,43,4,0.10416666666666667,0.5555555555555556,0.1754385964912281,22,0,1.0
1.35,0.28,-7.0,2,150,72,0.48,0.52,12,39,9,40,0.23529411764705882,0.5714285714285714,0.3333333333333333,6,45,3,0.11764705882352941,0.6666666666666666,0.2,22,0,1.0
1.35,0.28,-7.0,3,150,73,0.4866666666666667,0.5133333333333333,12,40,9,39,0.23076923076923078,0.5714285714285714,0.3287671232876712,6,46,3,0.11538461538461539,0.6666666666666666,0.19672131147540986,22,0,1.0
1.35,0.28,-7.0,5,150,73,0.4866666666666667,0.5133333333333333,12,40,9,39,0.23076923076923078,0.5714285714285714,0.3287671232876712,6,46,3,0.11538461538461539,0.6666666666666666,0.19672131147540986,22,0,1.0
1.35,0.28,-7.0,999,150,73,0.4866666666666667,0.5133333333333333,12,40,9,39,0.23076923076923078,0.5714285714285714,0.3287671232876712,6,46,3,0.11538461538461539,0.6666666666666666,0.19672131147540986,22,0,1.0
1.35,0.28,-6.0,1,150,61,0.4066666666666667,0.5933333333333333,10,31,11,48,0.24390243902439024,0.47619047619047616,0.3225806451612903,4,37,5,0.0975609756097561,0.4444444444444444,0.16,22,0,1.0
1.35,0.28,-6.0,2,150,64,0.4266666666666667,0.5733333333333333,11,32,10,47,0.2558139534883721,0.5238095238095238,0.34375,5,38,4,0.11627906976744186,0.5555555555555556,0.19230769230769232,22,0,1.0
1.35,0.28,-6.0,3,150,65,0.43333333333333335,0.5666666666666667,11,33,10,46,0.25,0.5238095238095238,0.3384615384615385,5,39,4,0.11363636363636363,0.5555555555555556,0.18867924528301888,22,0,1.0
1.35,0.28,-6.0,5,150,65,0.43333333333333335,0.5666666666666667,11,33,10,46,0.25,0.5238095238095238,0.3384615384615385,5,39,4,0.11363636363636363,0.5555555555555556,0.18867924528301888,22,0,1.0
1.35,0.28,-6.0,999,150,65,0.43333333333333335,0.5666666666666667,11,33,10,46,0.25,0.5238095238095238,0.3384615384615385,5,39,4,0.11363636363636363,0.5555555555555556,0.18867924528301888,22,0,1.0
1.35,0.28,-5.0,1,150,50,0.3333333333333333,0.6666666666666667,9,23,12,56,0.28125,0.42857142857142855,0.3396226415094339,4,28,5,0.125,0.4444444444444444,0.1951219512195122,22,0,1.0
1.35,0.28,-5.0,2,150,53,0.35333333333333333,0.6466666666666667,10,24,11,55,0.29411764705882354,0.47619047619047616,0.3636363636363637,5,29,4,0.14705882352941177,0.5555555555555556,0.23255813953488372,22,0,1.0
1.35,0.28,-5.0,3,150,54,0.36,0.64,10,25,11,54,0.2857142857142857,0.47619047619047616,0.3571428571428571,5,30,4,0.14285714285714285,0.5555555555555556,0.22727272727272727,22,0,1.0
1.35,0.28,-5.0,5,150,54,0.36,0.64,10,25,11,54,0.2857142857142857,0.47619047619047616,0.3571428571428571,5,30,4,0.14285714285714285,0.5555555555555556,0.22727272727272727,22,0,1.0
1.35,0.28,-5.0,999,150,54,0.36,0.64,10,25,11,54,0.2857142857142857,0.47619047619047616,0.3571428571428571,5,30,4,0.14285714285714285,0.5555555555555556,0.22727272727272727,22,0,1.0
1.35,0.28,-4.5,1,150,31,0.20666666666666667,0.7933333333333333,7,11,14,68,0.3888888888888889,0.3333333333333333,0.358974358974359,2,16,7,0.1111111111111111,0.2222222222222222,0.14814814814814814,22,0,1.0
1.35,0.28,-4.5,2,150,34,0.22666666666666666,0.7733333333333333,8,12,13,67,0.4,0.38095238095238093,0.3902439024390244,3,17,6,0.15,0.3333333333333333,0.20689655172413793,22,0,1.0
1.35,0.28,-4.5,3,150,35,0.23333333333333334,0.7666666666666666,8,13,13,66,0.38095238095238093,0.38095238095238093,0.38095238095238093,3,18,6,0.14285714285714285,0.3333333333333333,0.2,22,0,1.0
1.35,0.28,-4.5,5,150,35,0.23333333333333334,0.7666666666666666,8,13,13,66,0.38095238095238093,0.38095238095238093,0.38095238095238093,3,18,6,0.14285714285714285,0.3333333333333333,0.2,22,0,1.0
1.35,0.28,-4.5,999,150,35,0.23333333333333334,0.7666666666666666,8,13,13,66,0.38095238095238093,0.38095238095238093,0.38095238095238093,3,18,6,0.14285714285714285,0.3333333333333333,0.2,22,0,1.0
1.35,0.28,-4.0,1,150,24,0.16,0.84,6,8,15,71,0.42857142857142855,0.2857142857142857,0.34285714285714286,2,12,7,0.14285714285714285,0.2222222222222222,0.17391304347826086,22,0,1.0
1.35,0.28,-4.0,2,150,27,0.18,0.8200000000000001,7,9,14,70,0.4375,0.3333333333333333,0.37837837837837834,3,13,6,0.1875,0.3333333333333333,0.24000000000000005,22,0,1.0
1.35,0.28,-4.0,3,150,27,0.18,0.8200000000000001,7,9,14,70,0.4375,0.3333333333333333,0.37837837837837834,3,13,6,0.1875,0.3333333333333333,0.24000000000000005,22,0,1.0
1.35,0.28,-4.0,5,150,27,0.18,0.8200000000000001,7,9,14,70,0.4375,0.3333333333333333,0.37837837837837834,3,13,6,0.1875,0.3333333333333333,0.24000000000000005,22,0,1.0
1.35,0.28,-4.0,999,150,27,0.18,0.8200000000000001,7,9,14,70,0.4375,0.3333333333333333,0.37837837837837834,3,13,6,0.1875,0.3333333333333333,0.24000000000000005,22,0,1.0
1.35,0.28,-3.0,1,150,17,0.11333333333333333,0.8866666666666667,3,4,18,75,0.42857142857142855,0.14285714285714285,0.21428571428571427,1,6,8,0.14285714285714285,0.1111111111111111,0.125,22,0,1.0
1.35,0.28,-3.0,2,150,18,0.12,0.88,4,4,17,75,0.5,0.19047619047619047,0.27586206896551724,2,6,7,0.25,0.2222222222222222,0.23529411764705882,22,0,1.0
1.35,0.28,-3.0,3,150,18,0.12,0.88,4,4,17,75,0.5,0.19047619047619047,0.27586206896551724,2,6,7,0.25,0.2222222222222222,0.23529411764705882,22,0,1.0
1.35,0.28,-3.0,5,150,18,0.12,0.88,4,4,17,75,0.5,0.19047619047619047,0.27586206896551724,2,6,7,0.25,0.2222222222222222,0.23529411764705882,22,0,1.0
1.35,0.28,-3.0,999,150,18,0.12,0.88,4,4,17,75,0.5,0.19047619047619047,0.27586206896551724,2,6,7,0.25,0.2222222222222222,0.23529411764705882,22,0,1.0
1.35,0.28,-2.0,1,150,14,0.09333333333333334,0.9066666666666666,2,3,19,76,0.4,0.09523809523809523,0.15384615384615385,1,4,8,0.2,0.1111111111111111,0.14285714285714285,22,0,1.0
1.35,0.28,-2.0,2,150,15,0.1,0.9,3,3,18,76,0.5,0.14285714285714285,0.22222222222222224,2,4,7,0.3333333333333333,0.2222222222222222,0.26666666666666666,22,0,1.0
1.35,0.28,-2.0,3,150,15,0.1,0.9,3,3,18,76,0.5,0.14285714285714285,0.22222222222222224,2,4,7,0.3333333333333333,0.2222222222222222,0.26666666666666666,22,0,1.0
1.35,0.28,-2.0,5,150,15,0.1,0.9,3,3,18,76,0.5,0.14285714285714285,0.22222222222222224,2,4,7,0.3333333333333333,0.2222222222222222,0.26666666666666666,22,0,1.0
1.35,0.28,-2.0,999,150,15,0.1,0.9,3,3,18,76,0.5,0.14285714285714285,0.22222222222222224,2,4,7,0.3333333333333333,0.2222222222222222,0.26666666666666666,22,0,1.0
1.35,0.28,0.0,1,150,3,0.02,0.98,0,0,21,79,0.0,0.0,0.0,0,0,9,0.0,0.0,0.0,22,0,1.0
1.35,0.28,0.0,2,150,3,0.02,0.98,0,0,21,79,0.0,0.0,0.0,0,0,9,0.0,0.0,0.0,22,0,1.0
1.35,0.28,0.0,3,150,3,0.02,0.98,0,0,21,79,0.0,0.0,0.0,0,0,9,0.0,0.0,0.0,22,0,1.0
1.35,0.28,0.0,5,150,3,0.02,0.98,0,0,21,79,0.0,0.0,0.0,0,0,9,0.0,0.0,0.0,22,0,1.0
1.35,0.28,0.0,999,150,3,0.02,0.98,0,0,21,79,0.0,0.0,0.0,0,0,9,0.0,0.0,0.0,22,0,1.0
1.35,0.28,1.0,1,150,2,0.013333333333333334,0.9866666666666667,0,0,21,79,0.0,0.0,0.0,0,0,9,0.0,0.0,0.0,22,0,1.0
1.35,0.28,1.0,2,150,2,0.013333333333333334,0.9866666666666667,0,0,21,79,0.0,0.0,0.0,0,0,9,0.0,0.0,0.0,22,0,1.0
1.35,0.28,1.0,3,150,2,0.013333333333333334,0.9866666666666667,0,0,21,79,0.0,0.0,0.0,0,0,9,0.0,0.0,0.0,22,0,1.0
1.35,0.28,1.0,5,150,2,0.013333333333333334,0.9866666666666667,0,0,21,79,0.0,0.0,0.0,0,0,9,0.0,0.0,0.0,22,0,1.0
1.35,0.28,1.0,999,150,2,0.013333333333333334,0.9866666666666667,0,0,21,79,0.0,0.0,0.0,0,0,9,0.0,0.0,0.0,22,0,1.0
1.35,0.32,-7.0,1,150,55,0.36666666666666664,0.6333333333333333,8,31,13,48,0.20512820512820512,0.38095238095238093,0.26666666666666666,4,35,5,0.10256410256410256,0.4444444444444444,0.16666666666666666,22,0,1.0
1.35,0.32,-7.0,2,150,58,0.38666666666666666,0.6133333333333333,9,33,12,46,0.21428571428571427,0.42857142857142855,0.2857142857142857,5,37,4,0.11904761904761904,0.5555555555555556,0.196078431372549,22,0,1.0
1.35,0.32,-7.0,3,150,59,0.3933333333333333,0.6066666666666667,9,34,12,45,0.20930232558139536,0.42857142857142855,0.28125000000000006,5,38,4,0.11627906976744186,0.5555555555555556,0.19230769230769232,22,0,1.0
1.35,0.32,-7.0,5,150,59,0.3933333333333333,0.6066666666666667,9,34,12,45,0.20930232558139536,0.42857142857142855,0.28125000000000006,5,38,4,0.11627906976744186,0.5555555555555556,0.19230769230769232,22,0,1.0
1.35,0.32,-7.0,999,150,59,0.3933333333333333,0.6066666666666667,9,34,12,45,0.20930232558139536,0.42857142857142855,0.28125000000000006,5,38,4,0.11627906976744186,0.5555555555555556,0.19230769230769232,22,0,1.0
1.35,0.32,-6.0,1,150,48,0.32,0.6799999999999999,7,25,14,54,0.21875,0.3333333333333333,0.2641509433962264,3,29,6,0.09375,0.3333333333333333,0.14634146341463417,22,0,1.0
1.35,0.32,-6.0,2,150,50,0.3333333333333333,0.6666666666666667,8,26,13,53,0.23529411764705882,0.38095238095238093,0.29090909090909084,4,30,5,0.11764705882352941,0.4444444444444444,0.18604651162790695,22,0,1.0
1.35,0.32,-6.0,3,150,51,0.34,0.6599999999999999,8,27,13,52,0.22857142857142856,0.38095238095238093,0.2857142857142857,4,31,5,0.11428571428571428,0.4444444444444444,0.1818181818181818,22,0,1.0
1.35,0.32,-6.0,5,150,51,0.34,0.6599999999999999,8,27,13,52,0.22857142857142856,0.38095238095238093,0.2857142857142857,4,31,5,0.11428571428571428,0.4444444444444444,0.1818181818181818,22,0,1.0
1.35,0.32,-6.0,999,150,51,0.34,0.6599999999999999,8,27,13,52,0.22857142857142856,0.38095238095238093,0.2857142857142857,4,31,5,0.11428571428571428,0.4444444444444444,0.1818181818181818,22,0,1.0
1.35,0.32,-5.0,1,150,39,0.26,0.74,7,18,14,61,0.28,0.3333333333333333,0.30434782608695654,3,22,6,0.12,0.3333333333333333,0.1764705882352941,22,0,1.0
1.35,0.32,-5.0,2,150,41,0.2733333333333333,0.7266666666666667,8,19,13,60,0.2962962962962963,0.38095238095238093,0.3333333333333333,4,23,5,0.14814814814814814,0.4444444444444444,0.2222222222222222,22,0,1.0
1.35,0.32,-5.0,3,150,42,0.28,0.72,8,20,13,59,0.2857142857142857,0.38095238095238093,0.32653061224489793,4,24,5,0.14285714285714285,0.4444444444444444,0.21621621621621623,22,0,1.0
1.35,0.32,-5.0,5,150,42,0.28,0.72,8,20,13,59,0.2857142857142857,0.38095238095238093,0.32653061224489793,4,24,5,0.14285714285714285,0.4444444444444444,0.21621621621621623,22,0,1.0
1.35,0.32,-5.0,999,150,42,0.28,0.72,8,20,13,59,0.2857142857142857,0.38095238095238093,0.32653061224489793,4,24,5,0.14285714285714285,0.4444444444444444,0.21621621621621623,22,0,1.0
1.35,0.32,-4.5,1,150,25,0.16666666666666666,0.8333333333333334,6,10,15,69,0.375,0.2857142857142857,0.3243243243243243,2,14,7,0.125,0.2222222222222222,0.16,22,0,1.0
1.35,0.32,-4.5,2,150,27,0.18,0.8200000000000001,7,11,14,68,0.3888888888888889,0.3333333333333333,0.358974358974359,3,15,6,0.16666666666666666,0.3333333333333333,0.2222222222222222,22,0,1.0
1.35,0.32,-4.5,3,150,28,0.18666666666666668,0.8133333333333334,7,12,14,67,0.3684210526315789,0.3333333333333333,0.35,3,16,6,0.15789473684210525,0.3333333333333333,0.21428571428571427,22,0,1.0
1.35,0.32,-4.5,5,150,28,0.18666666666666668,0.8133333333333334,7,12,14,67,0.3684210526315789,0.3333333333333333,0.35,3,16,6,0.15789473684210525,0.3333333333333333,0.21428571428571427,22,0,1.0
1.35,0.32,-4.5,999,150,28,0.18666666666666668,0.8133333333333334,7,12,14,67,0.3684210526315789,0.3333333333333333,0.35,3,16,6,0.15789473684210525,0.3333333333333333,0.21428571428571427,22,0,1.0
1.35,0.32,-4.0,1,150,18,0.12,0.88,5,7,16,72,0.4166666666666667,0.23809523809523808,0.30303030303030304,2,10,7,0.16666666666666666,0.2222222222222222,0.1904761904761905,22,0,1.0
1.35,0.32,-4.0,2,150,20,0.13333333333333333,0.8666666666666667,6,8,15,71,0.42857142857142855,0.2857142857142857,0.34285714285714286,3,11,6,0.21428571428571427,0.3333333333333333,0.2608695652173913,22,0,1.0
1.35,0.32,-4.0,3,150,20,0.13333333333333333,0.8666666666666667,6,8,15,71,0.42857142857142855,0.2857142857142857,0.34285714285714286,3,11,6,0.21428571428571427,0.3333333333333333,0.2608695652173913,22,0,1.0
1.35,0.32,-4.0,5,150,20,0.13333333333333333,0.8666666666666667,6,8,15,71,0.42857142857142855,0.2857142857142857,0.34285714285714286,3,11,6,0.21428571428571427,0.3333333333333333,0.2608695652173913,22,0,1.0
1.35,0.32,-4.0,999,150,20,0.13333333333333333,0.8666666666666667,6,8,15,71,0.42857142857142855,0.2857142857142857,0.34285714285714286,3,11,6,0.21428571428571427,0.3333333333333333,0.2608695652173913,22,0,1.0
1.35,0.32,-3.0,1,150,11,0.07333333333333333,0.9266666666666666,2,3,19,76,0.4,0.09523809523809523,0.15384615384615385,1,4,8,0.2,0.1111111111111111,0.14285714285714285,22,0,1.0
1.35,0.32,-3.0,2,150,12,0.08,0.92,3,3,18,76,0.5,0.14285714285714285,0.22222222222222224,2,4,7,0.3333333333333333,0.2222222222222222,0.26666666666666666,22,0,1.0
1.35,0.32,-3.0,3,150,12,0.08,0.92,3,3,18,76,0.5,0.14285714285714285,0.22222222222222224,2,4,7,0.3333333333333333,0.2222222222222222,0.26666666666666666,22,0,1.0
1.35,0.32,-3.0,5,150,12,0.08,0.92,3,3,18,76,0.5,0.14285714285714285,0.22222222222222224,2,4,7,0.3333333333333333,0.2222222222222222,0.26666666666666666,22,0,1.0
1.35,0.32,-3.0,999,150,12,0.08,0.92,3,3,18,76,0.5,0.14285714285714285,0.22222222222222224,2,4,7,0.3333333333333333,0.2222222222222222,0.26666666666666666,22,0,1.0
1.35,0.32,-2.0,1,150,10,0.06666666666666667,0.9333333333333333,2,3,19,76,0.4,0.09523809523809523,0.15384615384615385,1,4,8,0.2,0.1111111111111111,0.14285714285714285,22,0,1.0
1.35,0.32,-2.0,2,150,11,0.07333333333333333,0.9266666666666666,3,3,18,76,0.5,0.14285714285714285,0.22222222222222224,2,4,7,0.3333333333333333,0.2222222222222222,0.26666666666666666,22,0,1.0
1.35,0.32,-2.0,3,150,11,0.07333333333333333,0.9266666666666666,3,3,18,76,0.5,0.14285714285714285,0.22222222222222224,2,4,7,0.3333333333333333,0.2222222222222222,0.26666666666666666,22,0,1.0
1.35,0.32,-2.0,5,150,11,0.07333333333333333,0.9266666666666666,3,3,18,76,0.5,0.14285714285714285,0.22222222222222224,2,4,7,0.3333333333333333,0.2222222222222222,0.26666666666666666,22,0,1.0
1.35,0.32,-2.0,999,150,11,0.07333333333333333,0.9266666666666666,3,3,18,76,0.5,0.14285714285714285,0.22222222222222224,2,4,7,0.3333333333333333,0.2222222222222222,0.26666666666666666,22,0,1.0
1.35,0.32,0.0,1,150,2,0.013333333333333334,0.9866666666666667,0,0,21,79,0.0,0.0,0.0,0,0,9,0.0,0.0,0.0,22,0,1.0
1.35,0.32,0.0,2,150,2,0.013333333333333334,0.9866666666666667,0,0,21,79,0.0,0.0,0.0,0,0,9,0.0,0.0,0.0,22,0,1.0
1.35,0.32,0.0,3,150,2,0.013333333333333334,0.9866666666666667,0,0,21,79,0.0,0.0,0.0,0,0,9,0.0,0.0,0.0,22,0,1.0
1.35,0.32,0.0,5,150,2,0.013333333333333334,0.9866666666666667,0,0,21,79,0.0,0.0,0.0,0,0,9,0.0,0.0,0.0,22,0,1.0
1.35,0.32,0.0,999,150,2,0.013333333333333334,0.9866666666666667,0,0,21,79,0.0,0.0,0.0,0,0,9,0.0,0.0,0.0,22,0,1.0
1.35,0.32,1.0,1,150,1,0.006666666666666667,0.9933333333333333,0,0,21,79,0.0,0.0,0.0,0,0,9,0.0,0.0,0.0,22,0,1.0
1.35,0.32,1.0,2,150,1,0.006666666666666667,0.9933333333333333,0,0,21,79,0.0,0.0,0.0,0,0,9,0.0,0.0,0.0,22,0,1.0
1.35,0.32,1.0,3,150,1,0.006666666666666667,0.9933333333333333,0,0,21,79,0.0,0.0,0.0,0,0,9,0.0,0.0,0.0,22,0,1.0
1.35,0.32,1.0,5,150,1,0.006666666666666667,0.9933333333333333,0,0,21,79,0.0,0.0,0.0,0,0,9,0.0,0.0,0.0,22,0,1.0
1.35,0.32,1.0,999,150,1,0.006666666666666667,0.9933333333333333,0,0,21,79,0.0,0.0,0.0,0,0,9,0.0,0.0,0.0,22,0,1.0
1.35,0.4,-7.0,1,150,37,0.24666666666666667,0.7533333333333333,7,21,14,58,0.25,0.3333333333333333,0.28571428571428575,3,25,6,0.10714285714285714,0.3333333333333333,0.16216216216216214,22,0,1.0
1.35,0.4,-7.0,2,150,39,0.26,0.74,8,22,13,57,0.26666666666666666,0.38095238095238093,0.3137254901960784,4,26,5,0.13333333333333333,0.4444444444444444,0.20512820512820512,22,0,1.0
1.35,0.4,-7.0,3,150,39,0.26,0.74,8,22,13,57,0.26666666666666666,0.38095238095238093,0.3137254901960784,4,26,5,0.13333333333333333,0.4444444444444444,0.20512820512820512,22,0,1.0
1.35,0.4,-7.0,5,150,39,0.26,0.74,8,22,13,57,0.26666666666666666,0.38095238095238093,0.3137254901960784,4,26,5,0.13333333333333333,0.4444444444444444,0.20512820512820512,22,0,1.0
1.35,0.4,-7.0,999,150,39,0.26,0.74,8,22,13,57,0.26666666666666666,0.38095238095238093,0.3137254901960784,4,26,5,0.13333333333333333,0.4444444444444444,0.20512820512820512,22,0,1.0
1.35,0.4,-6.0,1,150,32,0.21333333333333335,0.7866666666666666,6,17,15,62,0.2608695652173913,0.2857142857142857,0.2727272727272727,2,21,7,0.08695652173913043,0.2222222222222222,0.125,22,0,1.0
1.35,0.4,-6.0,2,150,33,0.22,0.78,7,17,14,62,0.2916666666666667,0.3333333333333333,0.3111111111111111,3,21,6,0.125,0.3333333333333333,0.18181818181818182,22,0,1.0
1.35,0.4,-6.0,3,150,33,0.22,0.78,7,17,14,62,0.2916666666666667,0.3333333333333333,0.3111111111111111,3,21,6,0.125,0.3333333333333333,0.18181818181818182,22,0,1.0
1.35,0.4,-6.0,5,150,33,0.22,0.78,7,17,14,62,0.2916666666666667,0.3333333333333333,0.3111111111111111,3,21,6,0.125,0.3333333333333333,0.18181818181818182,22,0,1.0
1.35,0.4,-6.0,999,150,33,0.22,0.78,7,17,14,62,0.2916666666666667,0.3333333333333333,0.3111111111111111,3,21,6,0.125,0.3333333333333333,0.18181818181818182,22,0,1.0
1.35,0.4,-5.0,1,150,26,0.17333333333333334,0.8266666666666667,6,13,15,66,0.3157894736842105,0.2857142857142857,0.3,2,17,7,0.10526315789473684,0.2222222222222222,0.14285714285714285,22,0,1.0
1.35,0.4,-5.0,2,150,27,0.18,0.8200000000000001,7,13,14,66,0.35,0.3333333333333333,0.3414634146341463,3,17,6,0.15,0.3333333333333333,0.20689655172413793,22,0,1.0
1.35,0.4,-5.0,3,150,27,0.18,0.8200000000000001,7,13,14,66,0.35,0.3333333333333333,0.3414634146341463,3,17,6,0.15,0.3333333333333333,0.20689655172413793,22,0,1.0
1.35,0.4,-5.0,5,150,27,0.18,0.8200000000000001,7,13,14,66,0.35,0.3333333333333333,0.3414634146341463,3,17,6,0.15,0.3333333333333333,0.20689655172413793,22,0,1.0
1.35,0.4,-5.0,999,150,27,0.18,0.8200000000000001,7,13,14,66,0.35,0.3333333333333333,0.3414634146341463,3,17,6,0.15,0.3333333333333333,0.20689655172413793,22,0,1.0
1.35,0.4,-4.5,1,150,17,0.11333333333333333,0.8866666666666667,5,9,16,70,0.35714285714285715,0.23809523809523808,0.2857142857142857,1,13,8,0.07142857142857142,0.1111111111111111,0.08695652173913043,22,0,1.0
1.35,0.4,-4.5,2,150,18,0.12,0.88,6,9,15,70,0.4,0.2857142857142857,0.3333333333333333,2,13,7,0.13333333333333333,0.2222222222222222,0.16666666666666669,22,0,1.0
1.35,0.4,-4.5,3,150,18,0.12,0.88,6,9,15,70,0.4,0.2857142857142857,0.3333333333333333,2,13,7,0.13333333333333333,0.2222222222222222,0.16666666666666669,22,0,1.0
1.35,0.4,-4.5,5,150,18,0.12,0.88,6,9,15,70,0.4,0.2857142857142857,0.3333333333333333,2,13,7,0.13333333333333333,0.2222222222222222,0.16666666666666669,22,0,1.0
1.35,0.4,-4.5,999,150,18,0.12,0.88,6,9,15,70,0.4,0.2857142857142857,0.3333333333333333,2,13,7,0.13333333333333333,0.2222222222222222,0.16666666666666669,22,0,1.0
1.35,0.4,-4.0,1,150,11,0.07333333333333333,0.9266666666666666,4,6,17,73,0.4,0.19047619047619047,0.25806451612903225,1,9,8,0.1,0.1111111111111111,0.10526315789473685,22,0,1.0
1.35,0.4,-4.0,2,150,12,0.08,0.92,5,6,16,73,0.45454545454545453,0.23809523809523808,0.31249999999999994,2,9,7,0.18181818181818182,0.2222222222222222,0.19999999999999998,22,0,1.0
1.35,0.4,-4.0,3,150,12,0.08,0.92,5,6,16,73,0.45454545454545453,0.23809523809523808,0.31249999999999994,2,9,7,0.18181818181818182,0.2222222222222222,0.19999999999999998,22,0,1.0
1.35,0.4,-4.0,5,150,12,0.08,0.92,5,6,16,73,0.45454545454545453,0.23809523809523808,0.31249999999999994,2,9,7,0.18181818181818182,0.2222222222222222,0.19999999999999998,22,0,1.0
1.35,0.4,-4.0,999,150,12,0.08,0.92,5,6,16,73,0.45454545454545453,0.23809523809523808,0.31249999999999994,2,9,7,0.18181818181818182,0.2222222222222222,0.19999999999999998,22,0,1.0
1.35,0.4,-3.0,1,150,6,0.04,0.96,2,3,19,76,0.4,0.09523809523809523,0.15384615384615385,1,4,8,0.2,0.1111111111111111,0.14285714285714285,22,0,1.0
1.35,0.4,-3.0,2,150,7,0.04666666666666667,0.9533333333333334,3,3,18,76,0.5,0.14285714285714285,0.22222222222222224,2,4,7,0.3333333333333333,0.2222222222222222,0.26666666666666666,22,0,1.0
1.35,0.4,-3.0,3,150,7,0.04666666666666667,0.9533333333333334,3,3,18,76,0.5,0.14285714285714285,0.22222222222222224,2,4,7,0.3333333333333333,0.2222222222222222,0.26666666666666666,22,0,1.0
1.35,0.4,-3.0,5,150,7,0.04666666666666667,0.9533333333333334,3,3,18,76,0.5,0.14285714285714285,0.22222222222222224,2,4,7,0.3333333333333333,0.2222222222222222,0.26666666666666666,22,0,1.0
1.35,0.4,-3.0,999,150,7,0.04666666666666667,0.9533333333333334,3,3,18,76,0.5,0.14285714285714285,0.22222222222222224,2,4,7,0.3333333333333333,0.2222222222222222,0.26666666666666666,22,0,1.0
1.35,0.4,-2.0,1,150,6,0.04,0.96,2,3,19,76,0.4,0.09523809523809523,0.15384615384615385,1,4,8,0.2,0.1111111111111111,0.14285714285714285,22,0,1.0
1.35,0.4,-2.0,2,150,7,0.04666666666666667,0.9533333333333334,3,3,18,76,0.5,0.14285714285714285,0.22222222222222224,2,4,7,0.3333333333333333,0.2222222222222222,0.26666666666666666,22,0,1.0
1.35,0.4,-2.0,3,150,7,0.04666666666666667,0.9533333333333334,3,3,18,76,0.5,0.14285714285714285,0.22222222222222224,2,4,7,0.3333333333333333,0.2222222222222222,0.26666666666666666,22,0,1.0
1.35,0.4,-2.0,5,150,7,0.04666666666666667,0.9533333333333334,3,3,18,76,0.5,0.14285714285714285,0.22222222222222224,2,4,7,0.3333333333333333,0.2222222222222222,0.26666666666666666,22,0,1.0
1.35,0.4,-2.0,999,150,7,0.04666666666666667,0.9533333333333334,3,3,18,76,0.5,0.14285714285714285,0.22222222222222224,2,4,7,0.3333333333333333,0.2222222222222222,0.26666666666666666,22,0,1.0
1.35,0.4,0.0,1,150,0,0.0,1.0,0,0,21,79,0.0,0.0,0.0,0,0,9,0.0,0.0,0.0,22,0,1.0
1.35,0.4,0.0,2,150,0,0.0,1.0,0,0,21,79,0.0,0.0,0.0,0,0,9,0.0,0.0,0.0,22,0,1.0
1.35,0.4,0.0,3,150,0,0.0,1.0,0,0,21,79,0.0,0.0,0.0,0,0,9,0.0,0.0,0.0,22,0,1.0
1.35,0.4,0.0,5,150,0,0.0,1.0,0,0,21,79,0.0,0.0,0.0,0,0,9,0.0,0.0,0.0,22,0,1.0
1.35,0.4,0.0,999,150,0,0.0,1.0,0,0,21,79,0.0,0.0,0.0,0,0,9,0.0,0.0,0.0,22,0,1.0
1.35,0.4,1.0,1,150,0,0.0,1.0,0,0,21,79,0.0,0.0,0.0,0,0,9,0.0,0.0,0.0,22,0,1.0
1.35,0.4,1.0,2,150,0,0.0,1.0,0,0,21,79,0.0,0.0,0.0,0,0,9,0.0,0.0,0.0,22,0,1.0
1.35,0.4,1.0,3,150,0,0.0,1.0,0,0,21,79,0.0,0.0,0.0,0,0,9,0.0,0.0,0.0,22,0,1.0
1.35,0.4,1.0,5,150,0,0.0,1.0,0,0,21,79,0.0,0.0,0.0,0,0,9,0.0,0.0,0.0,22,0,1.0
1.35,0.4,1.0,999,150,0,0.0,1.0,0,0,21,79,0.0,0.0,0.0,0,0,9,0.0,0.0,0.0,22,0,1.0
1.35,0.5,-7.0,1,150,21,0.14,0.86,4,9,17,70,0.3076923076923077,0.19047619047619047,0.23529411764705882,1,12,8,0.07692307692307693,0.1111111111111111,0.09090909090909093,22,0,1.0
1.35,0.5,-7.0,2,150,22,0.14666666666666667,0.8533333333333333,4,10,17,69,0.2857142857142857,0.19047619047619047,0.22857142857142854,1,13,8,0.07142857142857142,0.1111111111111111,0.08695652173913043,22,0,1.0
1.35,0.5,-7.0,3,150,22,0.14666666666666667,0.8533333333333333,4,10,17,69,0.2857142857142857,0.19047619047619047,0.22857142857142854,1,13,8,0.07142857142857142,0.1111111111111111,0.08695652173913043,22,0,1.0
1.35,0.5,-7.0,5,150,22,0.14666666666666667,0.8533333333333333,4,10,17,69,0.2857142857142857,0.19047619047619047,0.22857142857142854,1,13,8,0.07142857142857142,0.1111111111111111,0.08695652173913043,22,0,1.0
1.35,0.5,-7.0,999,150,22,0.14666666666666667,0.8533333333333333,4,10,17,69,0.2857142857142857,0.19047619047619047,0.22857142857142854,1,13,8,0.07142857142857142,0.1111111111111111,0.08695652173913043,22,0,1.0
1.35,0.5,-6.0,1,150,18,0.12,0.88,3,7,18,72,0.3,0.14285714285714285,0.19354838709677416,0,10,9,0.0,0.0,0.0,22,0,1.0
1.35,0.5,-6.0,2,150,18,0.12,0.88,3,7,18,72,0.3,0.14285714285714285,0.19354838709677416,0,10,9,0.0,0.0,0.0,22,0,1.0
1.35,0.5,-6.0,3,150,18,0.12,0.88,3,7,18,72,0.3,0.14285714285714285,0.19354838709677416,0,10,9,0.0,0.0,0.0,22,0,1.0
1.35,0.5,-6.0,5,150,18,0.12,0.88,3,7,18,72,0.3,0.14285714285714285,0.19354838709677416,0,10,9,0.0,0.0,0.0,22,0,1.0
1.35,0.5,-6.0,999,150,18,0.12,0.88,3,7,18,72,0.3,0.14285714285714285,0.19354838709677416,0,10,9,0.0,0.0,0.0,22,0,1.0
1.35,0.5,-5.0,1,150,14,0.09333333333333334,0.9066666666666666,3,5,18,74,0.375,0.14285714285714285,0.20689655172413796,0,8,9,0.0,0.0,0.0,22,0,1.0
1.35,0.5,-5.0,2,150,14,0.09333333333333334,0.9066666666666666,3,5,18,74,0.375,0.14285714285714285,0.20689655172413796,0,8,9,0.0,0.0,0.0,22,0,1.0
1.35,0.5,-5.0,3,150,14,0.09333333333333334,0.9066666666666666,3,5,18,74,0.375,0.14285714285714285,0.20689655172413796,0,8,9,0.0,0.0,0.0,22,0,1.0
1.35,0.5,-5.0,5,150,14,0.09333333333333334,0.9066666666666666,3,5,18,74,0.375,0.14285714285714285,0.20689655172413796,0,8,9,0.0,0.0,0.0,22,0,1.0
1.35,0.5,-5.0,999,150,14,0.09333333333333334,0.9066666666666666,3,5,18,74,0.375,0.14285714285714285,0.20689655172413796,0,8,9,0.0,0.0,0.0,22,0,1.0
1.35,0.5,-4.5,1,150,11,0.07333333333333333,0.9266666666666666,3,5,18,74,0.375,0.14285714285714285,0.20689655172413796,0,8,9,0.0,0.0,0.0,22,0,1.0
1.35,0.5,-4.5,2,150,11,0.07333333333333333,0.9266666666666666,3,5,18,74,0.375,0.14285714285714285,0.20689655172413796,0,8,9,0.0,0.0,0.0,22,0,1.0
1.35,0.5,-4.5,3,150,11,0.07333333333333333,0.9266666666666666,3,5,18,74,0.375,0.14285714285714285,0.20689655172413796,0,8,9,0.0,0.0,0.0,22,0,1.0
1.35,0.5,-4.5,5,150,11,0.07333333333333333,0.9266666666666666,3,5,18,74,0.375,0.14285714285714285,0.20689655172413796,0,8,9,0.0,0.0,0.0,22,0,1.0
1.35,0.5,-4.5,999,150,11,0.07333333333333333,0.9266666666666666,3,5,18,74,0.375,0.14285714285714285,0.20689655172413796,0,8,9,0.0,0.0,0.0,22,0,1.0
1.35,0.5,-4.0,1,150,7,0.04666666666666667,0.9533333333333334,2,4,19,75,0.3333333333333333,0.09523809523809523,0.14814814814814814,0,6,9,0.0,0.0,0.0,22,0,1.0
1.35,0.5,-4.0,2,150,7,0.04666666666666667,0.9533333333333334,2,4,19,75,0.3333333333333333,0.09523809523809523,0.14814814814814814,0,6,9,0.0,0.0,0.0,22,0,1.0
1.35,0.5,-4.0,3,150,7,0.04666666666666667,0.9533333333333334,2,4,19,75,0.3333333333333333,0.09523809523809523,0.14814814814814814,0,6,9,0.0,0.0,0.0,22,0,1.0
1.35,0.5,-4.0,5,150,7,0.04666666666666667,0.9533333333333334,2,4,19,75,0.3333333333333333,0.09523809523809523,0.14814814814814814,0,6,9,0.0,0.0,0.0,22,0,1.0
1.35,0.5,-4.0,999,150,7,0.04666666666666667,0.9533333333333334,2,4,19,75,0.3333333333333333,0.09523809523809523,0.14814814814814814,0,6,9,0.0,0.0,0.0,22,0,1.0
1.35,0.5,-3.0,1,150,3,0.02,0.98,1,1,20,78,0.5,0.047619047619047616,0.08695652173913042,0,2,9,0.0,0.0,0.0,22,0,1.0
1.35,0.5,-3.0,2,150,3,0.02,0.98,1,1,20,78,0.5,0.047619047619047616,0.08695652173913042,0,2,9,0.0,0.0,0.0,22,0,1.0
1.35,0.5,-3.0,3,150,3,0.02,0.98,1,1,20,78,0.5,0.047619047619047616,0.08695652173913042,0,2,9,0.0,0.0,0.0,22,0,1.0
1.35,0.5,-3.0,5,150,3,0.02,0.98,1,1,20,78,0.5,0.047619047619047616,0.08695652173913042,0,2,9,0.0,0.0,0.0,22,0,1.0
1.35,0.5,-3.0,999,150,3,0.02,0.98,1,1,20,78,0.5,0.047619047619047616,0.08695652173913042,0,2,9,0.0,0.0,0.0,22,0,1.0
1.35,0.5,-2.0,1,150,3,0.02,0.98,1,1,20,78,0.5,0.047619047619047616,0.08695652173913042,0,2,9,0.0,0.0,0.0,22,0,1.0
1.35,0.5,-2.0,2,150,3,0.02,0.98,1,1,20,78,0.5,0.047619047619047616,0.08695652173913042,0,2,9,0.0,0.0,0.0,22,0,1.0
1.35,0.5,-2.0,3,150,3,0.02,0.98,1,1,20,78,0.5,0.047619047619047616,0.08695652173913042,0,2,9,0.0,0.0,0.0,22,0,1.0
1.35,0.5,-2.0,5,150,3,0.02,0.98,1,1,20,78,0.5,0.047619047619047616,0.08695652173913042,0,2,9,0.0,0.0,0.0,22,0,1.0
1.35,0.5,-2.0,999,150,3,0.02,0.98,1,1,20,78,0.5,0.047619047619047616,0.08695652173913042,0,2,9,0.0,0.0,0.0,22,0,1.0
1.35,0.5,0.0,1,150,0,0.0,1.0,0,0,21,79,0.0,0.0,0.0,0,0,9,0.0,0.0,0.0,22,0,1.0
1.35,0.5,0.0,2,150,0,0.0,1.0,0,0,21,79,0.0,0.0,0.0,0,0,9,0.0,0.0,0.0,22,0,1.0
1.35,0.5,0.0,3,150,0,0.0,1.0,0,0,21,79,0.0,0.0,0.0,0,0,9,0.0,0.0,0.0,22,0,1.0
1.35,0.5,0.0,5,150,0,0.0,1.0,0,0,21,79,0.0,0.0,0.0,0,0,9,0.0,0.0,0.0,22,0,1.0
1.35,0.5,0.0,999,150,0,0.0,1.0,0,0,21,79,0.0,0.0,0.0,0,0,9,0.0,0.0,0.0,22,0,1.0
1.35,0.5,1.0,1,150,0,0.0,1.0,0,0,21,79,0.0,0.0,0.0,0,0,9,0.0,0.0,0.0,22,0,1.0
1.35,0.5,1.0,2,150,0,0.0,1.0,0,0,21,79,0.0,0.0,0.0,0,0,9,0.0,0.0,0.0,22,0,1.0
1.35,0.5,1.0,3,150,0,0.0,1.0,0,0,21,79,0.0,0.0,0.0,0,0,9,0.0,0.0,0.0,22,0,1.0
1.35,0.5,1.0,5,150,0,0.0,1.0,0,0,21,79,0.0,0.0,0.0,0,0,9,0.0,0.0,0.0,22,0,1.0
1.35,0.5,1.0,999,150,0,0.0,1.0,0,0,21,79,0.0,0.0,0.0,0,0,9,0.0,0.0,0.0,22,0,1.0
1.5,0.15,-7.0,1,150,61,0.4066666666666667,0.5933333333333333,10,31,11,48,0.24390243902439024,0.47619047619047616,0.3225806451612903,5,36,4,0.12195121951219512,0.5555555555555556,0.2,22,0,1.0
1.5,0.15,-7.0,2,150,63,0.42,0.5800000000000001,10,33,11,46,0.23255813953488372,0.47619047619047616,0.3125,5,38,4,0.11627906976744186,0.5555555555555556,0.19230769230769232,22,0,1.0
1.5,0.15,-7.0,3,150,63,0.42,0.5800000000000001,10,33,11,46,0.23255813953488372,0.47619047619047616,0.3125,5,38,4,0.11627906976744186,0.5555555555555556,0.19230769230769232,22,0,1.0
1.5,0.15,-7.0,5,150,63,0.42,0.5800000000000001,10,33,11,46,0.23255813953488372,0.47619047619047616,0.3125,5,38,4,0.11627906976744186,0.5555555555555556,0.19230769230769232,22,0,1.0
1.5,0.15,-7.0,999,150,63,0.42,0.5800000000000001,10,33,11,46,0.23255813953488372,0.47619047619047616,0.3125,5,38,4,0.11627906976744186,0.5555555555555556,0.19230769230769232,22,0,1.0
1.5,0.15,-6.0,1,150,55,0.36666666666666664,0.6333333333333333,9,26,12,53,0.2571428571428571,0.42857142857142855,0.3214285714285714,4,31,5,0.11428571428571428,0.4444444444444444,0.1818181818181818,22,0,1.0
1.5,0.15,-6.0,2,150,56,0.37333333333333335,0.6266666666666667,9,27,12,52,0.25,0.42857142857142855,0.3157894736842105,4,32,5,0.1111111111111111,0.4444444444444444,0.17777777777777776,22,0,1.0
1.5,0.15,-6.0,3,150,56,0.37333333333333335,0.6266666666666667,9,27,12,52,0.25,0.42857142857142855,0.3157894736842105,4,32,5,0.1111111111111111,0.4444444444444444,0.17777777777777776,22,0,1.0
1.5,0.15,-6.0,5,150,56,0.37333333333333335,0.6266666666666667,9,27,12,52,0.25,0.42857142857142855,0.3157894736842105,4,32,5,0.1111111111111111,0.4444444444444444,0.17777777777777776,22,0,1.0
1.5,0.15,-6.0,999,150,56,0.37333333333333335,0.6266666666666667,9,27,12,52,0.25,0.42857142857142855,0.3157894736842105,4,32,5,0.1111111111111111,0.4444444444444444,0.17777777777777776,22,0,1.0
1.5,0.15,-5.0,1,150,46,0.30666666666666664,0.6933333333333334,8,20,13,59,0.2857142857142857,0.38095238095238093,0.32653061224489793,4,24,5,0.14285714285714285,0.4444444444444444,0.21621621621621623,22,0,1.0
1.5,0.15,-5.0,2,150,47,0.31333333333333335,0.6866666666666666,8,21,13,58,0.27586206896551724,0.38095238095238093,0.32,4,25,5,0.13793103448275862,0.4444444444444444,0.21052631578947367,22,0,1.0
1.5,0.15,-5.0,3,150,47,0.31333333333333335,0.6866666666666666,8,21,13,58,0.27586206896551724,0.38095238095238093,0.32,4,25,5,0.13793103448275862,0.4444444444444444,0.21052631578947367,22,0,1.0
1.5,0.15,-5.0,5,150,47,0.31333333333333335,0.6866666666666666,8,21,13,58,0.27586206896551724,0.38095238095238093,0.32,4,25,5,0.13793103448275862,0.4444444444444444,0.21052631578947367,22,0,1.0
1.5,0.15,-5.0,999,150,47,0.31333333333333335,0.6866666666666666,8,21,13,58,0.27586206896551724,0.38095238095238093,0.32,4,25,5,0.13793103448275862,0.4444444444444444,0.21052631578947367,22,0,1.0
1.5,0.15,-4.5,1,150,29,0.19333333333333333,0.8066666666666666,6,10,15,69,0.375,0.2857142857142857,0.3243243243243243,2,14,7,0.125,0.2222222222222222,0.16,22,0,1.0
1.5,0.15,-4.5,2,150,30,0.2,0.8,6,11,15,68,0.35294117647058826,0.2857142857142857,0.31578947368421056,2,15,7,0.11764705882352941,0.2222222222222222,0.15384615384615383,22,0,1.0
1.5,0.15,-4.5,3,150,30,0.2,0.8,6,11,15,68,0.35294117647058826,0.2857142857142857,0.31578947368421056,2,15,7,0.11764705882352941,0.2222222222222222,0.15384615384615383,22,0,1.0
1.5,0.15,-4.5,5,150,30,0.2,0.8,6,11,15,68,0.35294117647058826,0.2857142857142857,0.31578947368421056,2,15,7,0.11764705882352941,0.2222222222222222,0.15384615384615383,22,0,1.0
1.5,0.15,-4.5,999,150,30,0.2,0.8,6,11,15,68,0.35294117647058826,0.2857142857142857,0.31578947368421056,2,15,7,0.11764705882352941,0.2222222222222222,0.15384615384615383,22,0,1.0
1.5,0.15,-4.0,1,150,22,0.14666666666666667,0.8533333333333333,5,7,16,72,0.4166666666666667,0.23809523809523808,0.30303030303030304,2,10,7,0.16666666666666666,0.2222222222222222,0.1904761904761905,22,0,1.0
1.5,0.15,-4.0,2,150,23,0.15333333333333332,0.8466666666666667,5,8,16,71,0.38461538461538464,0.23809523809523808,0.2941176470588235,2,11,7,0.15384615384615385,0.2222222222222222,0.18181818181818185,22,0,1.0
1.5,0.15,-4.0,3,150,23,0.15333333333333332,0.8466666666666667,5,8,16,71,0.38461538461538464,0.23809523809523808,0.2941176470588235,2,11,7,0.15384615384615385,0.2222222222222222,0.18181818181818185,22,0,1.0
1.5,0.15,-4.0,5,150,23,0.15333333333333332,0.8466666666666667,5,8,16,71,0.38461538461538464,0.23809523809523808,0.2941176470588235,2,11,7,0.15384615384615385,0.2222222222222222,0.18181818181818185,22,0,1.0
1.5,0.15,-4.0,999,150,23,0.15333333333333332,0.8466666666666667,5,8,16,71,0.38461538461538464,0.23809523809523808,0.2941176470588235,2,11,7,0.15384615384615385,0.2222222222222222,0.18181818181818185,22,0,1.0
1.5,0.15,-3.0,1,150,16,0.10666666666666667,0.8933333333333333,2,4,19,75,0.3333333333333333,0.09523809523809523,0.14814814814814814,1,5,8,0.16666666666666666,0.1111111111111111,0.13333333333333333,22,0,1.0
1.5,0.15,-3.0,2,150,16,0.10666666666666667,0.8933333333333333,2,4,19,75,0.3333333333333333,0.09523809523809523,0.14814814814814814,1,5,8,0.16666666666666666,0.1111111111111111,0.13333333333333333,22,0,1.0
1.5,0.15,-3.0,3,150,16,0.10666666666666667,0.8933333333333333,2,4,19,75,0.3333333333333333,0.09523809523809523,0.14814814814814814,1,5,8,0.16666666666666666,0.1111111111111111,0.13333333333333333,22,0,1.0
1.5,0.15,-3.0,5,150,16,0.10666666666666667,0.8933333333333333,2,4,19,75,0.3333333333333333,0.09523809523809523,0.14814814814814814,1,5,8,0.16666666666666666,0.1111111111111111,0.13333333333333333,22,0,1.0
1.5,0.15,-3.0,999,150,16,0.10666666666666667,0.8933333333333333,2,4,19,75,0.3333333333333333,0.09523809523809523,0.14814814814814814,1,5,8,0.16666666666666666,0.1111111111111111,0.13333333333333333,22,0,1.0
1.5,0.15,-2.0,1,150,14,0.09333333333333334,0.9066666666666666,2,3,19,76,0.4,0.09523809523809523,0.15384615384615385,1,4,8,0.2,0.1111111111111111,0.14285714285714285,22,0,1.0
1.5,0.15,-2.0,2,150,14,0.09333333333333334,0.9066666666666666,2,3,19,76,0.4,0.09523809523809523,0.15384615384615385,1,4,8,0.2,0.1111111111111111,0.14285714285714285,22,0,1.0
1.5,0.15,-2.0,3,150,14,0.09333333333333334,0.9066666666666666,2,3,19,76,0.4,0.09523809523809523,0.15384615384615385,1,4,8,0.2,0.1111111111111111,0.14285714285714285,22,0,1.0
1.5,0.15,-2.0,5,150,14,0.09333333333333334,0.9066666666666666,2,3,19,76,0.4,0.09523809523809523,0.15384615384615385,1,4,8,0.2,0.1111111111111111,0.14285714285714285,22,0,1.0
1.5,0.15,-2.0,999,150,14,0.09333333333333334,0.9066666666666666,2,3,19,76,0.4,0.09523809523809523,0.15384615384615385,1,4,8,0.2,0.1111111111111111,0.14285714285714285,22,0,1.0
1.5,0.15,0.0,1,150,3,0.02,0.98,0,0,21,79,0.0,0.0,0.0,0,0,9,0.0,0.0,0.0,22,0,1.0
1.5,0.15,0.0,2,150,3,0.02,0.98,0,0,21,79,0.0,0.0,0.0,0,0,9,0.0,0.0,0.0,22,0,1.0
1.5,0.15,0.0,3,150,3,0.02,0.98,0,0,21,79,0.0,0.0,0.0,0,0,9,0.0,0.0,0.0,22,0,1.0
1.5,0.15,0.0,5,150,3,0.02,0.98,0,0,21,79,0.0,0.0,0.0,0,0,9,0.0,0.0,0.0,22,0,1.0
1.5,0.15,0.0,999,150,3,0.02,0.98,0,0,21,79,0.0,0.0,0.0,0,0,9,0.0,0.0,0.0,22,0,1.0
1.5,0.15,1.0,1,150,2,0.013333333333333334,0.9866666666666667,0,0,21,79,0.0,0.0,0.0,0,0,9,0.0,0.0,0.0,22,0,1.0
1.5,0.15,1.0,2,150,2,0.013333333333333334,0.9866666666666667,0,0,21,79,0.0,0.0,0.0,0,0,9,0.0,0.0,0.0,22,0,1.0
1.5,0.15,1.0,3,150,2,0.013333333333333334,0.9866666666666667,0,0,21,79,0.0,0.0,0.0,0,0,9,0.0,0.0,0.0,22,0,1.0
1.5,0.15,1.0,5,150,2,0.013333333333333334,0.9866666666666667,0,0,21,79,0.0,0.0,0.0,0,0,9,0.0,0.0,0.0,22,0,1.0
1.5,0.15,1.0,999,150,2,0.013333333333333334,0.9866666666666667,0,0,21,79,0.0,0.0,0.0,0,0,9,0.0,0.0,0.0,22,0,1.0
1.5,0.2,-7.0,1,150,61,0.4066666666666667,0.5933333333333333,10,31,11,48,0.24390243902439024,0.47619047619047616,0.3225806451612903,5,36,4,0.12195121951219512,0.5555555555555556,0.2,22,0,1.0
1.5,0.2,-7.0,2,150,63,0.42,0.5800000000000001,10,33,11,46,0.23255813953488372,0.47619047619047616,0.3125,5,38,4,0.11627906976744186,0.5555555555555556,0.19230769230769232,22,0,1.0
1.5,0.2,-7.0,3,150,63,0.42,0.5800000000000001,10,33,11,46,0.23255813953488372,0.47619047619047616,0.3125,5,38,4,0.11627906976744186,0.5555555555555556,0.19230769230769232,22,0,1.0
1.5,0.2,-7.0,5,150,63,0.42,0.5800000000000001,10,33,11,46,0.23255813953488372,0.47619047619047616,0.3125,5,38,4,0.11627906976744186,0.5555555555555556,0.19230769230769232,22,0,1.0
1.5,0.2,-7.0,999,150,63,0.42,0.5800000000000001,10,33,11,46,0.23255813953488372,0.47619047619047616,0.3125,5,38,4,0.11627906976744186,0.5555555555555556,0.19230769230769232,22,0,1.0
1.5,0.2,-6.0,1,150,55,0.36666666666666664,0.6333333333333333,9,26,12,53,0.2571428571428571,0.42857142857142855,0.3214285714285714,4,31,5,0.11428571428571428,0.4444444444444444,0.1818181818181818,22,0,1.0
1.5,0.2,-6.0,2,150,56,0.37333333333333335,0.6266666666666667,9,27,12,52,0.25,0.42857142857142855,0.3157894736842105,4,32,5,0.1111111111111111,0.4444444444444444,0.17777777777777776,22,0,1.0
1.5,0.2,-6.0,3,150,56,0.37333333333333335,0.6266666666666667,9,27,12,52,0.25,0.42857142857142855,0.3157894736842105,4,32,5,0.1111111111111111,0.4444444444444444,0.17777777777777776,22,0,1.0
1.5,0.2,-6.0,5,150,56,0.37333333333333335,0.6266666666666667,9,27,12,52,0.25,0.42857142857142855,0.3157894736842105,4,32,5,0.1111111111111111,0.4444444444444444,0.17777777777777776,22,0,1.0
1.5,0.2,-6.0,999,150,56,0.37333333333333335,0.6266666666666667,9,27,12,52,0.25,0.42857142857142855,0.3157894736842105,4,32,5,0.1111111111111111,0.4444444444444444,0.17777777777777776,22,0,1.0
1.5,0.2,-5.0,1,150,46,0.30666666666666664,0.6933333333333334,8,20,13,59,0.2857142857142857,0.38095238095238093,0.32653061224489793,4,24,5,0.14285714285714285,0.4444444444444444,0.21621621621621623,22,0,1.0
1.5,0.2,-5.0,2,150,47,0.31333333333333335,0.6866666666666666,8,21,13,58,0.27586206896551724,0.38095238095238093,0.32,4,25,5,0.13793103448275862,0.4444444444444444,0.21052631578947367,22,0,1.0
1.5,0.2,-5.0,3,150,47,0.31333333333333335,0.6866666666666666,8,21,13,58,0.27586206896551724,0.38095238095238093,0.32,4,25,5,0.13793103448275862,0.4444444444444444,0.21052631578947367,22,0,1.0
1.5,0.2,-5.0,5,150,47,0.31333333333333335,0.6866666666666666,8,21,13,58,0.27586206896551724,0.38095238095238093,0.32,4,25,5,0.13793103448275862,0.4444444444444444,0.21052631578947367,22,0,1.0
1.5,0.2,-5.0,999,150,47,0.31333333333333335,0.6866666666666666,8,21,13,58,0.27586206896551724,0.38095238095238093,0.32,4,25,5,0.13793103448275862,0.4444444444444444,0.21052631578947367,22,0,1.0
1.5,0.2,-4.5,1,150,29,0.19333333333333333,0.8066666666666666,6,10,15,69,0.375,0.2857142857142857,0.3243243243243243,2,14,7,0.125,0.2222222222222222,0.16,22,0,1.0
1.5,0.2,-4.5,2,150,30,0.2,0.8,6,11,15,68,0.35294117647058826,0.2857142857142857,0.31578947368421056,2,15,7,0.11764705882352941,0.2222222222222222,0.15384615384615383,22,0,1.0
1.5,0.2,-4.5,3,150,30,0.2,0.8,6,11,15,68,0.35294117647058826,0.2857142857142857,0.31578947368421056,2,15,7,0.11764705882352941,0.2222222222222222,0.15384615384615383,22,0,1.0
1.5,0.2,-4.5,5,150,30,0.2,0.8,6,11,15,68,0.35294117647058826,0.2857142857142857,0.31578947368421056,2,15,7,0.11764705882352941,0.2222222222222222,0.15384615384615383,22,0,1.0
1.5,0.2,-4.5,999,150,30,0.2,0.8,6,11,15,68,0.35294117647058826,0.2857142857142857,0.31578947368421056,2,15,7,0.11764705882352941,0.2222222222222222,0.15384615384615383,22,0,1.0
1.5,0.2,-4.0,1,150,22,0.14666666666666667,0.8533333333333333,5,7,16,72,0.4166666666666667,0.23809523809523808,0.30303030303030304,2,10,7,0.16666666666666666,0.2222222222222222,0.1904761904761905,22,0,1.0
1.5,0.2,-4.0,2,150,23,0.15333333333333332,0.8466666666666667,5,8,16,71,0.38461538461538464,0.23809523809523808,0.2941176470588235,2,11,7,0.15384615384615385,0.2222222222222222,0.18181818181818185,22,0,1.0
1.5,0.2,-4.0,3,150,23,0.15333333333333332,0.8466666666666667,5,8,16,71,0.38461538461538464,0.23809523809523808,0.2941176470588235,2,11,7,0.15384615384615385,0.2222222222222222,0.18181818181818185,22,0,1.0
1.5,0.2,-4.0,5,150,23,0.15333333333333332,0.8466666666666667,5,8,16,71,0.38461538461538464,0.23809523809523808,0.2941176470588235,2,11,7,0.15384615384615385,0.2222222222222222,0.18181818181818185,22,0,1.0
1.5,0.2,-4.0,999,150,23,0.15333333333333332,0.8466666666666667,5,8,16,71,0.38461538461538464,0.23809523809523808,0.2941176470588235,2,11,7,0.15384615384615385,0.2222222222222222,0.18181818181818185,22,0,1.0
1.5,0.2,-3.0,1,150,16,0.10666666666666667,0.8933333333333333,2,4,19,75,0.3333333333333333,0.09523809523809523,0.14814814814814814,1,5,8,0.16666666666666666,0.1111111111111111,0.13333333333333333,22,0,1.0
1.5,0.2,-3.0,2,150,16,0.10666666666666667,0.8933333333333333,2,4,19,75,0.3333333333333333,0.09523809523809523,0.14814814814814814,1,5,8,0.16666666666666666,0.1111111111111111,0.13333333333333333,22,0,1.0
1.5,0.2,-3.0,3,150,16,0.10666666666666667,0.8933333333333333,2,4,19,75,0.3333333333333333,0.09523809523809523,0.14814814814814814,1,5,8,0.16666666666666666,0.1111111111111111,0.13333333333333333,22,0,1.0
1.5,0.2,-3.0,5,150,16,0.10666666666666667,0.8933333333333333,2,4,19,75,0.3333333333333333,0.09523809523809523,0.14814814814814814,1,5,8,0.16666666666666666,0.1111111111111111,0.13333333333333333,22,0,1.0
1.5,0.2,-3.0,999,150,16,0.10666666666666667,0.8933333333333333,2,4,19,75,0.3333333333333333,0.09523809523809523,0.14814814814814814,1,5,8,0.16666666666666666,0.1111111111111111,0.13333333333333333,22,0,1.0
1.5,0.2,-2.0,1,150,14,0.09333333333333334,0.9066666666666666,2,3,19,76,0.4,0.09523809523809523,0.15384615384615385,1,4,8,0.2,0.1111111111111111,0.14285714285714285,22,0,1.0
1.5,0.2,-2.0,2,150,14,0.09333333333333334,0.9066666666666666,2,3,19,76,0.4,0.09523809523809523,0.15384615384615385,1,4,8,0.2,0.1111111111111111,0.14285714285714285,22,0,1.0
1.5,0.2,-2.0,3,150,14,0.09333333333333334,0.9066666666666666,2,3,19,76,0.4,0.09523809523809523,0.15384615384615385,1,4,8,0.2,0.1111111111111111,0.14285714285714285,22,0,1.0
1.5,0.2,-2.0,5,150,14,0.09333333333333334,0.9066666666666666,2,3,19,76,0.4,0.09523809523809523,0.15384615384615385,1,4,8,0.2,0.1111111111111111,0.14285714285714285,22,0,1.0
1.5,0.2,-2.0,999,150,14,0.09333333333333334,0.9066666666666666,2,3,19,76,0.4,0.09523809523809523,0.15384615384615385,1,4,8,0.2,0.1111111111111111,0.14285714285714285,22,0,1.0
1.5,0.2,0.0,1,150,3,0.02,0.98,0,0,21,79,0.0,0.0,0.0,0,0,9,0.0,0.0,0.0,22,0,1.0
1.5,0.2,0.0,2,150,3,0.02,0.98,0,0,21,79,0.0,0.0,0.0,0,0,9,0.0,0.0,0.0,22,0,1.0
1.5,0.2,0.0,3,150,3,0.02,0.98,0,0,21,79,0.0,0.0,0.0,0,0,9,0.0,0.0,0.0,22,0,1.0
1.5,0.2,0.0,5,150,3,0.02,0.98,0,0,21,79,0.0,0.0,0.0,0,0,9,0.0,0.0,0.0,22,0,1.0
1.5,0.2,0.0,999,150,3,0.02,0.98,0,0,21,79,0.0,0.0,0.0,0,0,9,0.0,0.0,0.0,22,0,1.0
1.5,0.2,1.0,1,150,2,0.013333333333333334,0.9866666666666667,0,0,21,79,0.0,0.0,0.0,0,0,9,0.0,0.0,0.0,22,0,1.0
1.5,0.2,1.0,2,150,2,0.013333333333333334,0.9866666666666667,0,0,21,79,0.0,0.0,0.0,0,0,9,0.0,0.0,0.0,22,0,1.0
1.5,0.2,1.0,3,150,2,0.013333333333333334,0.9866666666666667,0,0,21,79,0.0,0.0,0.0,0,0,9,0.0,0.0,0.0,22,0,1.0
1.5,0.2,1.0,5,150,2,0.013333333333333334,0.9866666666666667,0,0,21,79,0.0,0.0,0.0,0,0,9,0.0,0.0,0.0,22,0,1.0
1.5,0.2,1.0,999,150,2,0.013333333333333334,0.9866666666666667,0,0,21,79,0.0,0.0,0.0,0,0,9,0.0,0.0,0.0,22,0,1.0
1.5,0.25,-7.0,1,150,61,0.4066666666666667,0.5933333333333333,10,31,11,48,0.24390243902439024,0.47619047619047616,0.3225806451612903,5,36,4,0.12195121951219512,0.5555555555555556,0.2,22,0,1.0
1.5,0.25,-7.0,2,150,63,0.42,0.5800000000000001,10,33,11,46,0.23255813953488372,0.47619047619047616,0.3125,5,38,4,0.11627906976744186,0.5555555555555556,0.19230769230769232,22,0,1.0
1.5,0.25,-7.0,3,150,63,0.42,0.5800000000000001,10,33,11,46,0.23255813953488372,0.47619047619047616,0.3125,5,38,4,0.11627906976744186,0.5555555555555556,0.19230769230769232,22,0,1.0
1.5,0.25,-7.0,5,150,63,0.42,0.5800000000000001,10,33,11,46,0.23255813953488372,0.47619047619047616,0.3125,5,38,4,0.11627906976744186,0.5555555555555556,0.19230769230769232,22,0,1.0
1.5,0.25,-7.0,999,150,63,0.42,0.5800000000000001,10,33,11,46,0.23255813953488372,0.47619047619047616,0.3125,5,38,4,0.11627906976744186,0.5555555555555556,0.19230769230769232,22,0,1.0
1.5,0.25,-6.0,1,150,55,0.36666666666666664,0.6333333333333333,9,26,12,53,0.2571428571428571,0.42857142857142855,0.3214285714285714,4,31,5,0.11428571428571428,0.4444444444444444,0.1818181818181818,22,0,1.0
1.5,0.25,-6.0,2,150,56,0.37333333333333335,0.6266666666666667,9,27,12,52,0.25,0.42857142857142855,0.3157894736842105,4,32,5,0.1111111111111111,0.4444444444444444,0.17777777777777776,22,0,1.0
1.5,0.25,-6.0,3,150,56,0.37333333333333335,0.6266666666666667,9,27,12,52,0.25,0.42857142857142855,0.3157894736842105,4,32,5,0.1111111111111111,0.4444444444444444,0.17777777777777776,22,0,1.0
1.5,0.25,-6.0,5,150,56,0.37333333333333335,0.6266666666666667,9,27,12,52,0.25,0.42857142857142855,0.3157894736842105,4,32,5,0.1111111111111111,0.4444444444444444,0.17777777777777776,22,0,1.0
1.5,0.25,-6.0,999,150,56,0.37333333333333335,0.6266666666666667,9,27,12,52,0.25,0.42857142857142855,0.3157894736842105,4,32,5,0.1111111111111111,0.4444444444444444,0.17777777777777776,22,0,1.0
1.5,0.25,-5.0,1,150,46,0.30666666666666664,0.6933333333333334,8,20,13,59,0.2857142857142857,0.38095238095238093,0.32653061224489793,4,24,5,0.14285714285714285,0.4444444444444444,0.21621621621621623,22,0,1.0
1.5,0.25,-5.0,2,150,47,0.31333333333333335,0.6866666666666666,8,21,13,58,0.27586206896551724,0.38095238095238093,0.32,4,25,5,0.13793103448275862,0.4444444444444444,0.21052631578947367,22,0,1.0
1.5,0.25,-5.0,3,150,47,0.31333333333333335,0.6866666666666666,8,21,13,58,0.27586206896551724,0.38095238095238093,0.32,4,25,5,0.13793103448275862,0.4444444444444444,0.21052631578947367,22,0,1.0
1.5,0.25,-5.0,5,150,47,0.31333333333333335,0.6866666666666666,8,21,13,58,0.27586206896551724,0.38095238095238093,0.32,4,25,5,0.13793103448275862,0.4444444444444444,0.21052631578947367,22,0,1.0
1.5,0.25,-5.0,999,150,47,0.31333333333333335,0.6866666666666666,8,21,13,58,0.27586206896551724,0.38095238095238093,0.32,4,25,5,0.13793103448275862,0.4444444444444444,0.21052631578947367,22,0,1.0
1.5,0.25,-4.5,1,150,29,0.19333333333333333,0.8066666666666666,6,10,15,69,0.375,0.2857142857142857,0.3243243243243243,2,14,7,0.125,0.2222222222222222,0.16,22,0,1.0
1.5,0.25,-4.5,2,150,30,0.2,0.8,6,11,15,68,0.35294117647058826,0.2857142857142857,0.31578947368421056,2,15,7,0.11764705882352941,0.2222222222222222,0.15384615384615383,22,0,1.0
1.5,0.25,-4.5,3,150,30,0.2,0.8,6,11,15,68,0.35294117647058826,0.2857142857142857,0.31578947368421056,2,15,7,0.11764705882352941,0.2222222222222222,0.15384615384615383,22,0,1.0
1.5,0.25,-4.5,5,150,30,0.2,0.8,6,11,15,68,0.35294117647058826,0.2857142857142857,0.31578947368421056,2,15,7,0.11764705882352941,0.2222222222222222,0.15384615384615383,22,0,1.0
1.5,0.25,-4.5,999,150,30,0.2,0.8,6,11,15,68,0.35294117647058826,0.2857142857142857,0.31578947368421056,2,15,7,0.11764705882352941,0.2222222222222222,0.15384615384615383,22,0,1.0
1.5,0.25,-4.0,1,150,22,0.14666666666666667,0.8533333333333333,5,7,16,72,0.4166666666666667,0.23809523809523808,0.30303030303030304,2,10,7,0.16666666666666666,0.2222222222222222,0.1904761904761905,22,0,1.0
1.5,0.25,-4.0,2,150,23,0.15333333333333332,0.8466666666666667,5,8,16,71,0.38461538461538464,0.23809523809523808,0.2941176470588235,2,11,7,0.15384615384615385,0.2222222222222222,0.18181818181818185,22,0,1.0
1.5,0.25,-4.0,3,150,23,0.15333333333333332,0.8466666666666667,5,8,16,71,0.38461538461538464,0.23809523809523808,0.2941176470588235,2,11,7,0.15384615384615385,0.2222222222222222,0.18181818181818185,22,0,1.0
1.5,0.25,-4.0,5,150,23,0.15333333333333332,0.8466666666666667,5,8,16,71,0.38461538461538464,0.23809523809523808,0.2941176470588235,2,11,7,0.15384615384615385,0.2222222222222222,0.18181818181818185,22,0,1.0
1.5,0.25,-4.0,999,150,23,0.15333333333333332,0.8466666666666667,5,8,16,71,0.38461538461538464,0.23809523809523808,0.2941176470588235,2,11,7,0.15384615384615385,0.2222222222222222,0.18181818181818185,22,0,1.0
1.5,0.25,-3.0,1,150,16,0.10666666666666667,0.8933333333333333,2,4,19,75,0.3333333333333333,0.09523809523809523,0.14814814814814814,1,5,8,0.16666666666666666,0.1111111111111111,0.13333333333333333,22,0,1.0
1.5,0.25,-3.0,2,150,16,0.10666666666666667,0.8933333333333333,2,4,19,75,0.3333333333333333,0.09523809523809523,0.14814814814814814,1,5,8,0.16666666666666666,0.1111111111111111,0.13333333333333333,22,0,1.0
1.5,0.25,-3.0,3,150,16,0.10666666666666667,0.8933333333333333,2,4,19,75,0.3333333333333333,0.09523809523809523,0.14814814814814814,1,5,8,0.16666666666666666,0.1111111111111111,0.13333333333333333,22,0,1.0
1.5,0.25,-3.0,5,150,16,0.10666666666666667,0.8933333333333333,2,4,19,75,0.3333333333333333,0.09523809523809523,0.14814814814814814,1,5,8,0.16666666666666666,0.1111111111111111,0.13333333333333333,22,0,1.0
1.5,0.25,-3.0,999,150,16,0.10666666666666667,0.8933333333333333,2,4,19,75,0.3333333333333333,0.09523809523809523,0.14814814814814814,1,5,8,0.16666666666666666,0.1111111111111111,0.13333333333333333,22,0,1.0
1.5,0.25,-2.0,1,150,14,0.09333333333333334,0.9066666666666666,2,3,19,76,0.4,0.09523809523809523,0.15384615384615385,1,4,8,0.2,0.1111111111111111,0.14285714285714285,22,0,1.0
1.5,0.25,-2.0,2,150,14,0.09333333333333334,0.9066666666666666,2,3,19,76,0.4,0.09523809523809523,0.15384615384615385,1,4,8,0.2,0.1111111111111111,0.14285714285714285,22,0,1.0
1.5,0.25,-2.0,3,150,14,0.09333333333333334,0.9066666666666666,2,3,19,76,0.4,0.09523809523809523,0.15384615384615385,1,4,8,0.2,0.1111111111111111,0.14285714285714285,22,0,1.0
1.5,0.25,-2.0,5,150,14,0.09333333333333334,0.9066666666666666,2,3,19,76,0.4,0.09523809523809523,0.15384615384615385,1,4,8,0.2,0.1111111111111111,0.14285714285714285,22,0,1.0
1.5,0.25,-2.0,999,150,14,0.09333333333333334,0.9066666666666666,2,3,19,76,0.4,0.09523809523809523,0.15384615384615385,1,4,8,0.2,0.1111111111111111,0.14285714285714285,22,0,1.0
1.5,0.25,0.0,1,150,3,0.02,0.98,0,0,21,79,0.0,0.0,0.0,0,0,9,0.0,0.0,0.0,22,0,1.0
1.5,0.25,0.0,2,150,3,0.02,0.98,0,0,21,79,0.0,0.0,0.0,0,0,9,0.0,0.0,0.0,22,0,1.0
1.5,0.25,0.0,3,150,3,0.02,0.98,0,0,21,79,0.0,0.0,0.0,0,0,9,0.0,0.0,0.0,22,0,1.0
1.5,0.25,0.0,5,150,3,0.02,0.98,0,0,21,79,0.0,0.0,0.0,0,0,9,0.0,0.0,0.0,22,0,1.0
1.5,0.25,0.0,999,150,3,0.02,0.98,0,0,21,79,0.0,0.0,0.0,0,0,9,0.0,0.0,0.0,22,0,1.0
1.5,0.25,1.0,1,150,2,0.013333333333333334,0.9866666666666667,0,0,21,79,0.0,0.0,0.0,0,0,9,0.0,0.0,0.0,22,0,1.0
1.5,0.25,1.0,2,150,2,0.013333333333333334,0.9866666666666667,0,0,21,79,0.0,0.0,0.0,0,0,9,0.0,0.0,0.0,22,0,1.0
1.5,0.25,1.0,3,150,2,0.013333333333333334,0.9866666666666667,0,0,21,79,0.0,0.0,0.0,0,0,9,0.0,0.0,0.0,22,0,1.0
1.5,0.25,1.0,5,150,2,0.013333333333333334,0.9866666666666667,0,0,21,79,0.0,0.0,0.0,0,0,9,0.0,0.0,0.0,22,0,1.0
1.5,0.25,1.0,999,150,2,0.013333333333333334,0.9866666666666667,0,0,21,79,0.0,0.0,0.0,0,0,9,0.0,0.0,0.0,22,0,1.0
1.5,0.28,-7.0,1,150,61,0.4066666666666667,0.5933333333333333,10,31,11,48,0.24390243902439024,0.47619047619047616,0.3225806451612903,5,36,4,0.12195121951219512,0.5555555555555556,0.2,22,0,1.0
1.5,0.28,-7.0,2,150,63,0.42,0.5800000000000001,10,33,11,46,0.23255813953488372,0.47619047619047616,0.3125,5,38,4,0.11627906976744186,0.5555555555555556,0.19230769230769232,22,0,1.0
1.5,0.28,-7.0,3,150,63,0.42,0.5800000000000001,10,33,11,46,0.23255813953488372,0.47619047619047616,0.3125,5,38,4,0.11627906976744186,0.5555555555555556,0.19230769230769232,22,0,1.0
1.5,0.28,-7.0,5,150,63,0.42,0.5800000000000001,10,33,11,46,0.23255813953488372,0.47619047619047616,0.3125,5,38,4,0.11627906976744186,0.5555555555555556,0.19230769230769232,22,0,1.0
1.5,0.28,-7.0,999,150,63,0.42,0.5800000000000001,10,33,11,46,0.23255813953488372,0.47619047619047616,0.3125,5,38,4,0.11627906976744186,0.5555555555555556,0.19230769230769232,22,0,1.0
1.5,0.28,-6.0,1,150,55,0.36666666666666664,0.6333333333333333,9,26,12,53,0.2571428571428571,0.42857142857142855,0.3214285714285714,4,31,5,0.11428571428571428,0.4444444444444444,0.1818181818181818,22,0,1.0
1.5,0.28,-6.0,2,150,56,0.37333333333333335,0.6266666666666667,9,27,12,52,0.25,0.42857142857142855,0.3157894736842105,4,32,5,0.1111111111111111,0.4444444444444444,0.17777777777777776,22,0,1.0
1.5,0.28,-6.0,3,150,56,0.37333333333333335,0.6266666666666667,9,27,12,52,0.25,0.42857142857142855,0.3157894736842105,4,32,5,0.1111111111111111,0.4444444444444444,0.17777777777777776,22,0,1.0
1.5,0.28,-6.0,5,150,56,0.37333333333333335,0.6266666666666667,9,27,12,52,0.25,0.42857142857142855,0.3157894736842105,4,32,5,0.1111111111111111,0.4444444444444444,0.17777777777777776,22,0,1.0
1.5,0.28,-6.0,999,150,56,0.37333333333333335,0.6266666666666667,9,27,12,52,0.25,0.42857142857142855,0.3157894736842105,4,32,5,0.1111111111111111,0.4444444444444444,0.17777777777777776,22,0,1.0
1.5,0.28,-5.0,1,150,46,0.30666666666666664,0.6933333333333334,8,20,13,59,0.2857142857142857,0.38095238095238093,0.32653061224489793,4,24,5,0.14285714285714285,0.4444444444444444,0.21621621621621623,22,0,1.0
1.5,0.28,-5.0,2,150,47,0.31333333333333335,0.6866666666666666,8,21,13,58,0.27586206896551724,0.38095238095238093,0.32,4,25,5,0.13793103448275862,0.4444444444444444,0.21052631578947367,22,0,1.0
1.5,0.28,-5.0,3,150,47,0.31333333333333335,0.6866666666666666,8,21,13,58,0.27586206896551724,0.38095238095238093,0.32,4,25,5,0.13793103448275862,0.4444444444444444,0.21052631578947367,22,0,1.0
1.5,0.28,-5.0,5,150,47,0.31333333333333335,0.6866666666666666,8,21,13,58,0.27586206896551724,0.38095238095238093,0.32,4,25,5,0.13793103448275862,0.4444444444444444,0.21052631578947367,22,0,1.0
1.5,0.28,-5.0,999,150,47,0.31333333333333335,0.6866666666666666,8,21,13,58,0.27586206896551724,0.38095238095238093,0.32,4,25,5,0.13793103448275862,0.4444444444444444,0.21052631578947367,22,0,1.0
1.5,0.28,-4.5,1,150,29,0.19333333333333333,0.8066666666666666,6,10,15,69,0.375,0.2857142857142857,0.3243243243243243,2,14,7,0.125,0.2222222222222222,0.16,22,0,1.0
1.5,0.28,-4.5,2,150,30,0.2,0.8,6,11,15,68,0.35294117647058826,0.2857142857142857,0.31578947368421056,2,15,7,0.11764705882352941,0.2222222222222222,0.15384615384615383,22,0,1.0
1.5,0.28,-4.5,3,150,30,0.2,0.8,6,11,15,68,0.35294117647058826,0.2857142857142857,0.31578947368421056,2,15,7,0.11764705882352941,0.2222222222222222,0.15384615384615383,22,0,1.0
1.5,0.28,-4.5,5,150,30,0.2,0.8,6,11,15,68,0.35294117647058826,0.2857142857142857,0.31578947368421056,2,15,7,0.11764705882352941,0.2222222222222222,0.15384615384615383,22,0,1.0
1.5,0.28,-4.5,999,150,30,0.2,0.8,6,11,15,68,0.35294117647058826,0.2857142857142857,0.31578947368421056,2,15,7,0.11764705882352941,0.2222222222222222,0.15384615384615383,22,0,1.0
1.5,0.28,-4.0,1,150,22,0.14666666666666667,0.8533333333333333,5,7,16,72,0.4166666666666667,0.23809523809523808,0.30303030303030304,2,10,7,0.16666666666666666,0.2222222222222222,0.1904761904761905,22,0,1.0
1.5,0.28,-4.0,2,150,23,0.15333333333333332,0.8466666666666667,5,8,16,71,0.38461538461538464,0.23809523809523808,0.2941176470588235,2,11,7,0.15384615384615385,0.2222222222222222,0.18181818181818185,22,0,1.0
1.5,0.28,-4.0,3,150,23,0.15333333333333332,0.8466666666666667,5,8,16,71,0.38461538461538464,0.23809523809523808,0.2941176470588235,2,11,7,0.15384615384615385,0.2222222222222222,0.18181818181818185,22,0,1.0
1.5,0.28,-4.0,5,150,23,0.15333333333333332,0.8466666666666667,5,8,16,71,0.38461538461538464,0.23809523809523808,0.2941176470588235,2,11,7,0.15384615384615385,0.2222222222222222,0.18181818181818185,22,0,1.0
1.5,0.28,-4.0,999,150,23,0.15333333333333332,0.8466666666666667,5,8,16,71,0.38461538461538464,0.23809523809523808,0.2941176470588235,2,11,7,0.15384615384615385,0.2222222222222222,0.18181818181818185,22,0,1.0
1.5,0.28,-3.0,1,150,16,0.10666666666666667,0.8933333333333333,2,4,19,75,0.3333333333333333,0.09523809523809523,0.14814814814814814,1,5,8,0.16666666666666666,0.1111111111111111,0.13333333333333333,22,0,1.0
1.5,0.28,-3.0,2,150,16,0.10666666666666667,0.8933333333333333,2,4,19,75,0.3333333333333333,0.09523809523809523,0.14814814814814814,1,5,8,0.16666666666666666,0.1111111111111111,0.13333333333333333,22,0,1.0
1.5,0.28,-3.0,3,150,16,0.10666666666666667,0.8933333333333333,2,4,19,75,0.3333333333333333,0.09523809523809523,0.14814814814814814,1,5,8,0.16666666666666666,0.1111111111111111,0.13333333333333333,22,0,1.0
1.5,0.28,-3.0,5,150,16,0.10666666666666667,0.8933333333333333,2,4,19,75,0.3333333333333333,0.09523809523809523,0.14814814814814814,1,5,8,0.16666666666666666,0.1111111111111111,0.13333333333333333,22,0,1.0
1.5,0.28,-3.0,999,150,16,0.10666666666666667,0.8933333333333333,2,4,19,75,0.3333333333333333,0.09523809523809523,0.14814814814814814,1,5,8,0.16666666666666666,0.1111111111111111,0.13333333333333333,22,0,1.0
1.5,0.28,-2.0,1,150,14,0.09333333333333334,0.9066666666666666,2,3,19,76,0.4,0.09523809523809523,0.15384615384615385,1,4,8,0.2,0.1111111111111111,0.14285714285714285,22,0,1.0
1.5,0.28,-2.0,2,150,14,0.09333333333333334,0.9066666666666666,2,3,19,76,0.4,0.09523809523809523,0.15384615384615385,1,4,8,0.2,0.1111111111111111,0.14285714285714285,22,0,1.0
1.5,0.28,-2.0,3,150,14,0.09333333333333334,0.9066666666666666,2,3,19,76,0.4,0.09523809523809523,0.15384615384615385,1,4,8,0.2,0.1111111111111111,0.14285714285714285,22,0,1.0
1.5,0.28,-2.0,5,150,14,0.09333333333333334,0.9066666666666666,2,3,19,76,0.4,0.09523809523809523,0.15384615384615385,1,4,8,0.2,0.1111111111111111,0.14285714285714285,22,0,1.0
1.5,0.28,-2.0,999,150,14,0.09333333333333334,0.9066666666666666,2,3,19,76,0.4,0.09523809523809523,0.15384615384615385,1,4,8,0.2,0.1111111111111111,0.14285714285714285,22,0,1.0
1.5,0.28,0.0,1,150,3,0.02,0.98,0,0,21,79,0.0,0.0,0.0,0,0,9,0.0,0.0,0.0,22,0,1.0
1.5,0.28,0.0,2,150,3,0.02,0.98,0,0,21,79,0.0,0.0,0.0,0,0,9,0.0,0.0,0.0,22,0,1.0
1.5,0.28,0.0,3,150,3,0.02,0.98,0,0,21,79,0.0,0.0,0.0,0,0,9,0.0,0.0,0.0,22,0,1.0
1.5,0.28,0.0,5,150,3,0.02,0.98,0,0,21,79,0.0,0.0,0.0,0,0,9,0.0,0.0,0.0,22,0,1.0
1.5,0.28,0.0,999,150,3,0.02,0.98,0,0,21,79,0.0,0.0,0.0,0,0,9,0.0,0.0,0.0,22,0,1.0
1.5,0.28,1.0,1,150,2,0.013333333333333334,0.9866666666666667,0,0,21,79,0.0,0.0,0.0,0,0,9,0.0,0.0,0.0,22,0,1.0
1.5,0.28,1.0,2,150,2,0.013333333333333334,0.9866666666666667,0,0,21,79,0.0,0.0,0.0,0,0,9,0.0,0.0,0.0,22,0,1.0
1.5,0.28,1.0,3,150,2,0.013333333333333334,0.9866666666666667,0,0,21,79,0.0,0.0,0.0,0,0,9,0.0,0.0,0.0,22,0,1.0
1.5,0.28,1.0,5,150,2,0.013333333333333334,0.9866666666666667,0,0,21,79,0.0,0.0,0.0,0,0,9,0.0,0.0,0.0,22,0,1.0
1.5,0.28,1.0,999,150,2,0.013333333333333334,0.9866666666666667,0,0,21,79,0.0,0.0,0.0,0,0,9,0.0,0.0,0.0,22,0,1.0
1.5,0.32,-7.0,1,150,51,0.34,0.6599999999999999,8,27,13,52,0.22857142857142856,0.38095238095238093,0.2857142857142857,4,31,5,0.11428571428571428,0.4444444444444444,0.1818181818181818,22,0,1.0
1.5,0.32,-7.0,2,150,53,0.35333333333333333,0.6466666666666667,8,29,13,50,0.21621621621621623,0.38095238095238093,0.27586206896551724,4,33,5,0.10810810810810811,0.4444444444444444,0.17391304347826086,22,0,1.0
1.5,0.32,-7.0,3,150,53,0.35333333333333333,0.6466666666666667,8,29,13,50,0.21621621621621623,0.38095238095238093,0.27586206896551724,4,33,5,0.10810810810810811,0.4444444444444444,0.17391304347826086,22,0,1.0
1.5,0.32,-7.0,5,150,53,0.35333333333333333,0.6466666666666667,8,29,13,50,0.21621621621621623,0.38095238095238093,0.27586206896551724,4,33,5,0.10810810810810811,0.4444444444444444,0.17391304347826086,22,0,1.0
1.5,0.32,-7.0,999,150,53,0.35333333333333333,0.6466666666666667,8,29,13,50,0.21621621621621623,0.38095238095238093,0.27586206896551724,4,33,5,0.10810810810810811,0.4444444444444444,0.17391304347826086,22,0,1.0
1.5,0.32,-6.0,1,150,45,0.3,0.7,7,22,14,57,0.2413793103448276,0.3333333333333333,0.28,3,26,6,0.10344827586206896,0.3333333333333333,0.15789473684210528,22,0,1.0
1.5,0.32,-6.0,2,150,46,0.30666666666666664,0.6933333333333334,7,23,14,56,0.23333333333333334,0.3333333333333333,0.27450980392156865,3,27,6,0.1,0.3333333333333333,0.15384615384615383,22,0,1.0
1.5,0.32,-6.0,3,150,46,0.30666666666666664,0.6933333333333334,7,23,14,56,0.23333333333333334,0.3333333333333333,0.27450980392156865,3,27,6,0.1,0.3333333333333333,0.15384615384615383,22,0,1.0
1.5,0.32,-6.0,5,150,46,0.30666666666666664,0.6933333333333334,7,23,14,56,0.23333333333333334,0.3333333333333333,0.27450980392156865,3,27,6,0.1,0.3333333333333333,0.15384615384615383,22,0,1.0
1.5,0.32,-6.0,999,150,46,0.30666666666666664,0.6933333333333334,7,23,14,56,0.23333333333333334,0.3333333333333333,0.27450980392156865,3,27,6,0.1,0.3333333333333333,0.15384615384615383,22,0,1.0
1.5,0.32,-5.0,1,150,38,0.25333333333333335,0.7466666666666666,7,17,14,62,0.2916666666666667,0.3333333333333333,0.3111111111111111,3,21,6,0.125,0.3333333333333333,0.18181818181818182,22,0,1.0
1.5,0.32,-5.0,2,150,39,0.26,0.74,7,18,14,61,0.28,0.3333333333333333,0.30434782608695654,3,22,6,0.12,0.3333333333333333,0.1764705882352941,22,0,1.0
1.5,0.32,-5.0,3,150,39,0.26,0.74,7,18,14,61,0.28,0.3333333333333333,0.30434782608695654,3,22,6,0.12,0.3333333333333333,0.1764705882352941,22,0,1.0
1.5,0.32,-5.0,5,150,39,0.26,0.74,7,18,14,61,0.28,0.3333333333333333,0.30434782608695654,3,22,6,0.12,0.3333333333333333,0.1764705882352941,22,0,1.0
1.5,0.32,-5.0,999,150,39,0.26,0.74,7,18,14,61,0.28,0.3333333333333333,0.30434782608695654,3,22,6,0.12,0.3333333333333333,0.1764705882352941,22,0,1.0
1.5,0.32,-4.5,1,150,24,0.16,0.84,6,9,15,70,0.4,0.2857142857142857,0.3333333333333333,2,13,7,0.13333333333333333,0.2222222222222222,0.16666666666666669,22,0,1.0
1.5,0.32,-4.5,2,150,25,0.16666666666666666,0.8333333333333334,6,10,15,69,0.375,0.2857142857142857,0.3243243243243243,2,14,7,0.125,0.2222222222222222,0.16,22,0,1.0
1.5,0.32,-4.5,3,150,25,0.16666666666666666,0.8333333333333334,6,10,15,69,0.375,0.2857142857142857,0.3243243243243243,2,14,7,0.125,0.2222222222222222,0.16,22,0,1.0
1.5,0.32,-4.5,5,150,25,0.16666666666666666,0.8333333333333334,6,10,15,69,0.375,0.2857142857142857,0.3243243243243243,2,14,7,0.125,0.2222222222222222,0.16,22,0,1.0
1.5,0.32,-4.5,999,150,25,0.16666666666666666,0.8333333333333334,6,10,15,69,0.375,0.2857142857142857,0.3243243243243243,2,14,7,0.125,0.2222222222222222,0.16,22,0,1.0
1.5,0.32,-4.0,1,150,17,0.11333333333333333,0.8866666666666667,5,6,16,73,0.45454545454545453,0.23809523809523808,0.31249999999999994,2,9,7,0.18181818181818182,0.2222222222222222,0.19999999999999998,22,0,1.0
1.5,0.32,-4.0,2,150,18,0.12,0.88,5,7,16,72,0.4166666666666667,0.23809523809523808,0.30303030303030304,2,10,7,0.16666666666666666,0.2222222222222222,0.1904761904761905,22,0,1.0
1.5,0.32,-4.0,3,150,18,0.12,0.88,5,7,16,72,0.4166666666666667,0.23809523809523808,0.30303030303030304,2,10,7,0.16666666666666666,0.2222222222222222,0.1904761904761905,22,0,1.0
1.5,0.32,-4.0,5,150,18,0.12,0.88,5,7,16,72,0.4166666666666667,0.23809523809523808,0.30303030303030304,2,10,7,0.16666666666666666,0.2222222222222222,0.1904761904761905,22,0,1.0
1.5,0.32,-4.0,999,150,18,0.12,0.88,5,7,16,72,0.4166666666666667,0.23809523809523808,0.30303030303030304,2,10,7,0.16666666666666666,0.2222222222222222,0.1904761904761905,22,0,1.0
1.5,0.32,-3.0,1,150,11,0.07333333333333333,0.9266666666666666,2,3,19,76,0.4,0.09523809523809523,0.15384615384615385,1,4,8,0.2,0.1111111111111111,0.14285714285714285,22,0,1.0
1.5,0.32,-3.0,2,150,11,0.07333333333333333,0.9266666666666666,2,3,19,76,0.4,0.09523809523809523,0.15384615384615385,1,4,8,0.2,0.1111111111111111,0.14285714285714285,22,0,1.0
1.5,0.32,-3.0,3,150,11,0.07333333333333333,0.9266666666666666,2,3,19,76,0.4,0.09523809523809523,0.15384615384615385,1,4,8,0.2,0.1111111111111111,0.14285714285714285,22,0,1.0
1.5,0.32,-3.0,5,150,11,0.07333333333333333,0.9266666666666666,2,3,19,76,0.4,0.09523809523809523,0.15384615384615385,1,4,8,0.2,0.1111111111111111,0.14285714285714285,22,0,1.0
1.5,0.32,-3.0,999,150,11,0.07333333333333333,0.9266666666666666,2,3,19,76,0.4,0.09523809523809523,0.15384615384615385,1,4,8,0.2,0.1111111111111111,0.14285714285714285,22,0,1.0
1.5,0.32,-2.0,1,150,10,0.06666666666666667,0.9333333333333333,2,3,19,76,0.4,0.09523809523809523,0.15384615384615385,1,4,8,0.2,0.1111111111111111,0.14285714285714285,22,0,1.0
1.5,0.32,-2.0,2,150,10,0.06666666666666667,0.9333333333333333,2,3,19,76,0.4,0.09523809523809523,0.15384615384615385,1,4,8,0.2,0.1111111111111111,0.14285714285714285,22,0,1.0
1.5,0.32,-2.0,3,150,10,0.06666666666666667,0.9333333333333333,2,3,19,76,0.4,0.09523809523809523,0.15384615384615385,1,4,8,0.2,0.1111111111111111,0.14285714285714285,22,0,1.0
1.5,0.32,-2.0,5,150,10,0.06666666666666667,0.9333333333333333,2,3,19,76,0.4,0.09523809523809523,0.15384615384615385,1,4,8,0.2,0.1111111111111111,0.14285714285714285,22,0,1.0
1.5,0.32,-2.0,999,150,10,0.06666666666666667,0.9333333333333333,2,3,19,76,0.4,0.09523809523809523,0.15384615384615385,1,4,8,0.2,0.1111111111111111,0.14285714285714285,22,0,1.0
1.5,0.32,0.0,1,150,2,0.013333333333333334,0.9866666666666667,0,0,21,79,0.0,0.0,0.0,0,0,9,0.0,0.0,0.0,22,0,1.0
1.5,0.32,0.0,2,150,2,0.013333333333333334,0.9866666666666667,0,0,21,79,0.0,0.0,0.0,0,0,9,0.0,0.0,0.0,22,0,1.0
1.5,0.32,0.0,3,150,2,0.013333333333333334,0.9866666666666667,0,0,21,79,0.0,0.0,0.0,0,0,9,0.0,0.0,0.0,22,0,1.0
1.5,0.32,0.0,5,150,2,0.013333333333333334,0.9866666666666667,0,0,21,79,0.0,0.0,0.0,0,0,9,0.0,0.0,0.0,22,0,1.0
1.5,0.32,0.0,999,150,2,0.013333333333333334,0.9866666666666667,0,0,21,79,0.0,0.0,0.0,0,0,9,0.0,0.0,0.0,22,0,1.0
1.5,0.32,1.0,1,150,1,0.006666666666666667,0.9933333333333333,0,0,21,79,0.0,0.0,0.0,0,0,9,0.0,0.0,0.0,22,0,1.0
1.5,0.32,1.0,2,150,1,0.006666666666666667,0.9933333333333333,0,0,21,79,0.0,0.0,0.0,0,0,9,0.0,0.0,0.0,22,0,1.0
1.5,0.32,1.0,3,150,1,0.006666666666666667,0.9933333333333333,0,0,21,79,0.0,0.0,0.0,0,0,9,0.0,0.0,0.0,22,0,1.0
1.5,0.32,1.0,5,150,1,0.006666666666666667,0.9933333333333333,0,0,21,79,0.0,0.0,0.0,0,0,9,0.0,0.0,0.0,22,0,1.0
1.5,0.32,1.0,999,150,1,0.006666666666666667,0.9933333333333333,0,0,21,79,0.0,0.0,0.0,0,0,9,0.0,0.0,0.0,22,0,1.0
1.5,0.4,-7.0,1,150,35,0.23333333333333334,0.7666666666666666,7,19,14,60,0.2692307692307692,0.3333333333333333,0.2978723404255319,3,23,6,0.11538461538461539,0.3333333333333333,0.17142857142857146,22,0,1.0
1.5,0.4,-7.0,2,150,36,0.24,0.76,7,20,14,59,0.25925925925925924,0.3333333333333333,0.2916666666666667,3,24,6,0.1111111111111111,0.3333333333333333,0.16666666666666666,22,0,1.0
1.5,0.4,-7.0,3,150,36,0.24,0.76,7,20,14,59,0.25925925925925924,0.3333333333333333,0.2916666666666667,3,24,6,0.1111111111111111,0.3333333333333333,0.16666666666666666,22,0,1.0
1.5,0.4,-7.0,5,150,36,0.24,0.76,7,20,14,59,0.25925925925925924,0.3333333333333333,0.2916666666666667,3,24,6,0.1111111111111111,0.3333333333333333,0.16666666666666666,22,0,1.0
1.5,0.4,-7.0,999,150,36,0.24,0.76,7,20,14,59,0.25925925925925924,0.3333333333333333,0.2916666666666667,3,24,6,0.1111111111111111,0.3333333333333333,0.16666666666666666,22,0,1.0
1.5,0.4,-6.0,1,150,31,0.20666666666666667,0.7933333333333333,6,16,15,63,0.2727272727272727,0.2857142857142857,0.2790697674418604,2,20,7,0.09090909090909091,0.2222222222222222,0.1290322580645161,22,0,1.0
1.5,0.4,-6.0,2,150,31,0.20666666666666667,0.7933333333333333,6,16,15,63,0.2727272727272727,0.2857142857142857,0.2790697674418604,2,20,7,0.09090909090909091,0.2222222222222222,0.1290322580645161,22,0,1.0
1.5,0.4,-6.0,3,150,31,0.20666666666666667,0.7933333333333333,6,16,15,63,0.2727272727272727,0.2857142857142857,0.2790697674418604,2,20,7,0.09090909090909091,0.2222222222222222,0.1290322580645161,22,0,1.0
1.5,0.4,-6.0,5,150,31,0.20666666666666667,0.7933333333333333,6,16,15,63,0.2727272727272727,0.2857142857142857,0.2790697674418604,2,20,7,0.09090909090909091,0.2222222222222222,0.1290322580645161,22,0,1.0
1.5,0.4,-6.0,999,150,31,0.20666666666666667,0.7933333333333333,6,16,15,63,0.2727272727272727,0.2857142857142857,0.2790697674418604,2,20,7,0.09090909090909091,0.2222222222222222,0.1290322580645161,22,0,1.0
1.5,0.4,-5.0,1,150,26,0.17333333333333334,0.8266666666666667,6,13,15,66,0.3157894736842105,0.2857142857142857,0.3,2,17,7,0.10526315789473684,0.2222222222222222,0.14285714285714285,22,0,1.0
1.5,0.4,-5.0,2,150,26,0.17333333333333334,0.8266666666666667,6,13,15,66,0.3157894736842105,0.2857142857142857,0.3,2,17,7,0.10526315789473684,0.2222222222222222,0.14285714285714285,22,0,1.0
1.5,0.4,-5.0,3,150,26,0.17333333333333334,0.8266666666666667,6,13,15,66,0.3157894736842105,0.2857142857142857,0.3,2,17,7,0.10526315789473684,0.2222222222222222,0.14285714285714285,22,0,1.0
1.5,0.4,-5.0,5,150,26,0.17333333333333334,0.8266666666666667,6,13,15,66,0.3157894736842105,0.2857142857142857,0.3,2,17,7,0.10526315789473684,0.2222222222222222,0.14285714285714285,22,0,1.0
1.5,0.4,-5.0,999,150,26,0.17333333333333334,0.8266666666666667,6,13,15,66,0.3157894736842105,0.2857142857142857,0.3,2,17,7,0.10526315789473684,0.2222222222222222,0.14285714285714285,22,0,1.0
1.5,0.4,-4.5,1,150,17,0.11333333333333333,0.8866666666666667,5,9,16,70,0.35714285714285715,0.23809523809523808,0.2857142857142857,1,13,8,0.07142857142857142,0.1111111111111111,0.08695652173913043,22,0,1.0
1.5,0.4,-4.5,2,150,17,0.11333333333333333,0.8866666666666667,5,9,16,70,0.35714285714285715,0.23809523809523808,0.2857142857142857,1,13,8,0.07142857142857142,0.1111111111111111,0.08695652173913043,22,0,1.0
1.5,0.4,-4.5,3,150,17,0.11333333333333333,0.8866666666666667,5,9,16,70,0.35714285714285715,0.23809523809523808,0.2857142857142857,1,13,8,0.07142857142857142,0.1111111111111111,0.08695652173913043,22,0,1.0
1.5,0.4,-4.5,5,150,17,0.11333333333333333,0.8866666666666667,5,9,16,70,0.35714285714285715,0.23809523809523808,0.2857142857142857,1,13,8,0.07142857142857142,0.1111111111111111,0.08695652173913043,22,0,1.0
1.5,0.4,-4.5,999,150,17,0.11333333333333333,0.8866666666666667,5,9,16,70,0.35714285714285715,0.23809523809523808,0.2857142857142857,1,13,8,0.07142857142857142,0.1111111111111111,0.08695652173913043,22,0,1.0
1.5,0.4,-4.0,1,150,11,0.07333333333333333,0.9266666666666666,4,6,17,73,0.4,0.19047619047619047,0.25806451612903225,1,9,8,0.1,0.1111111111111111,0.10526315789473685,22,0,1.0
1.5,0.4,-4.0,2,150,11,0.07333333333333333,0.9266666666666666,4,6,17,73,0.4,0.19047619047619047,0.25806451612903225,1,9,8,0.1,0.1111111111111111,0.10526315789473685,22,0,1.0
1.5,0.4,-4.0,3,150,11,0.07333333333333333,0.9266666666666666,4,6,17,73,0.4,0.19047619047619047,0.25806451612903225,1,9,8,0.1,0.1111111111111111,0.10526315789473685,22,0,1.0
1.5,0.4,-4.0,5,150,11,0.07333333333333333,0.9266666666666666,4,6,17,73,0.4,0.19047619047619047,0.25806451612903225,1,9,8,0.1,0.1111111111111111,0.10526315789473685,22,0,1.0
1.5,0.4,-4.0,999,150,11,0.07333333333333333,0.9266666666666666,4,6,17,73,0.4,0.19047619047619047,0.25806451612903225,1,9,8,0.1,0.1111111111111111,0.10526315789473685,22,0,1.0
1.5,0.4,-3.0,1,150,6,0.04,0.96,2,3,19,76,0.4,0.09523809523809523,0.15384615384615385,1,4,8,0.2,0.1111111111111111,0.14285714285714285,22,0,1.0
1.5,0.4,-3.0,2,150,6,0.04,0.96,2,3,19,76,0.4,0.09523809523809523,0.15384615384615385,1,4,8,0.2,0.1111111111111111,0.14285714285714285,22,0,1.0
1.5,0.4,-3.0,3,150,6,0.04,0.96,2,3,19,76,0.4,0.09523809523809523,0.15384615384615385,1,4,8,0.2,0.1111111111111111,0.14285714285714285,22,0,1.0
1.5,0.4,-3.0,5,150,6,0.04,0.96,2,3,19,76,0.4,0.09523809523809523,0.15384615384615385,1,4,8,0.2,0.1111111111111111,0.14285714285714285,22,0,1.0
1.5,0.4,-3.0,999,150,6,0.04,0.96,2,3,19,76,0.4,0.09523809523809523,0.15384615384615385,1,4,8,0.2,0.1111111111111111,0.14285714285714285,22,0,1.0
1.5,0.4,-2.0,1,150,6,0.04,0.96,2,3,19,76,0.4,0.09523809523809523,0.15384615384615385,1,4,8,0.2,0.1111111111111111,0.14285714285714285,22,0,1.0
1.5,0.4,-2.0,2,150,6,0.04,0.96,2,3,19,76,0.4,0.09523809523809523,0.15384615384615385,1,4,8,0.2,0.1111111111111111,0.14285714285714285,22,0,1.0
1.5,0.4,-2.0,3,150,6,0.04,0.96,2,3,19,76,0.4,0.09523809523809523,0.15384615384615385,1,4,8,0.2,0.1111111111111111,0.14285714285714285,22,0,1.0
1.5,0.4,-2.0,5,150,6,0.04,0.96,2,3,19,76,0.4,0.09523809523809523,0.15384615384615385,1,4,8,0.2,0.1111111111111111,0.14285714285714285,22,0,1.0
1.5,0.4,-2.0,999,150,6,0.04,0.96,2,3,19,76,0.4,0.09523809523809523,0.15384615384615385,1,4,8,0.2,0.1111111111111111,0.14285714285714285,22,0,1.0
1.5,0.4,0.0,1,150,0,0.0,1.0,0,0,21,79,0.0,0.0,0.0,0,0,9,0.0,0.0,0.0,22,0,1.0
1.5,0.4,0.0,2,150,0,0.0,1.0,0,0,21,79,0.0,0.0,0.0,0,0,9,0.0,0.0,0.0,22,0,1.0
1.5,0.4,0.0,3,150,0,0.0,1.0,0,0,21,79,0.0,0.0,0.0,0,0,9,0.0,0.0,0.0,22,0,1.0
1.5,0.4,0.0,5,150,0,0.0,1.0,0,0,21,79,0.0,0.0,0.0,0,0,9,0.0,0.0,0.0,22,0,1.0
1.5,0.4,0.0,999,150,0,0.0,1.0,0,0,21,79,0.0,0.0,0.0,0,0,9,0.0,0.0,0.0,22,0,1.0
1.5,0.4,1.0,1,150,0,0.0,1.0,0,0,21,79,0.0,0.0,0.0,0,0,9,0.0,0.0,0.0,22,0,1.0
1.5,0.4,1.0,2,150,0,0.0,1.0,0,0,21,79,0.0,0.0,0.0,0,0,9,0.0,0.0,0.0,22,0,1.0
1.5,0.4,1.0,3,150,0,0.0,1.0,0,0,21,79,0.0,0.0,0.0,0,0,9,0.0,0.0,0.0,22,0,1.0
1.5,0.4,1.0,5,150,0,0.0,1.0,0,0,21,79,0.0,0.0,0.0,0,0,9,0.0,0.0,0.0,22,0,1.0
1.5,0.4,1.0,999,150,0,0.0,1.0,0,0,21,79,0.0,0.0,0.0,0,0,9,0.0,0.0,0.0,22,0,1.0
1.5,0.5,-7.0,1,150,21,0.14,0.86,4,9,17,70,0.3076923076923077,0.19047619047619047,0.23529411764705882,1,12,8,0.07692307692307693,0.1111111111111111,0.09090909090909093,22,0,1.0
1.5,0.5,-7.0,2,150,22,0.14666666666666667,0.8533333333333333,4,10,17,69,0.2857142857142857,0.19047619047619047,0.22857142857142854,1,13,8,0.07142857142857142,0.1111111111111111,0.08695652173913043,22,0,1.0
1.5,0.5,-7.0,3,150,22,0.14666666666666667,0.8533333333333333,4,10,17,69,0.2857142857142857,0.19047619047619047,0.22857142857142854,1,13,8,0.07142857142857142,0.1111111111111111,0.08695652173913043,22,0,1.0
1.5,0.5,-7.0,5,150,22,0.14666666666666667,0.8533333333333333,4,10,17,69,0.2857142857142857,0.19047619047619047,0.22857142857142854,1,13,8,0.07142857142857142,0.1111111111111111,0.08695652173913043,22,0,1.0
1.5,0.5,-7.0,999,150,22,0.14666666666666667,0.8533333333333333,4,10,17,69,0.2857142857142857,0.19047619047619047,0.22857142857142854,1,13,8,0.07142857142857142,0.1111111111111111,0.08695652173913043,22,0,1.0
1.5,0.5,-6.0,1,150,18,0.12,0.88,3,7,18,72,0.3,0.14285714285714285,0.19354838709677416,0,10,9,0.0,0.0,0.0,22,0,1.0
1.5,0.5,-6.0,2,150,18,0.12,0.88,3,7,18,72,0.3,0.14285714285714285,0.19354838709677416,0,10,9,0.0,0.0,0.0,22,0,1.0
1.5,0.5,-6.0,3,150,18,0.12,0.88,3,7,18,72,0.3,0.14285714285714285,0.19354838709677416,0,10,9,0.0,0.0,0.0,22,0,1.0
1.5,0.5,-6.0,5,150,18,0.12,0.88,3,7,18,72,0.3,0.14285714285714285,0.19354838709677416,0,10,9,0.0,0.0,0.0,22,0,1.0
1.5,0.5,-6.0,999,150,18,0.12,0.88,3,7,18,72,0.3,0.14285714285714285,0.19354838709677416,0,10,9,0.0,0.0,0.0,22,0,1.0
1.5,0.5,-5.0,1,150,14,0.09333333333333334,0.9066666666666666,3,5,18,74,0.375,0.14285714285714285,0.20689655172413796,0,8,9,0.0,0.0,0.0,22,0,1.0
1.5,0.5,-5.0,2,150,14,0.09333333333333334,0.9066666666666666,3,5,18,74,0.375,0.14285714285714285,0.20689655172413796,0,8,9,0.0,0.0,0.0,22,0,1.0
1.5,0.5,-5.0,3,150,14,0.09333333333333334,0.9066666666666666,3,5,18,74,0.375,0.14285714285714285,0.20689655172413796,0,8,9,0.0,0.0,0.0,22,0,1.0
1.5,0.5,-5.0,5,150,14,0.09333333333333334,0.9066666666666666,3,5,18,74,0.375,0.14285714285714285,0.20689655172413796,0,8,9,0.0,0.0,0.0,22,0,1.0
1.5,0.5,-5.0,999,150,14,0.09333333333333334,0.9066666666666666,3,5,18,74,0.375,0.14285714285714285,0.20689655172413796,0,8,9,0.0,0.0,0.0,22,0,1.0
1.5,0.5,-4.5,1,150,11,0.07333333333333333,0.9266666666666666,3,5,18,74,0.375,0.14285714285714285,0.20689655172413796,0,8,9,0.0,0.0,0.0,22,0,1.0
1.5,0.5,-4.5,2,150,11,0.07333333333333333,0.9266666666666666,3,5,18,74,0.375,0.14285714285714285,0.20689655172413796,0,8,9,0.0,0.0,0.0,22,0,1.0
1.5,0.5,-4.5,3,150,11,0.07333333333333333,0.9266666666666666,3,5,18,74,0.375,0.14285714285714285,0.20689655172413796,0,8,9,0.0,0.0,0.0,22,0,1.0
1.5,0.5,-4.5,5,150,11,0.07333333333333333,0.9266666666666666,3,5,18,74,0.375,0.14285714285714285,0.20689655172413796,0,8,9,0.0,0.0,0.0,22,0,1.0
1.5,0.5,-4.5,999,150,11,0.07333333333333333,0.9266666666666666,3,5,18,74,0.375,0.14285714285714285,0.20689655172413796,0,8,9,0.0,0.0,0.0,22,0,1.0
1.5,0.5,-4.0,1,150,7,0.04666666666666667,0.9533333333333334,2,4,19,75,0.3333333333333333,0.09523809523809523,0.14814814814814814,0,6,9,0.0,0.0,0.0,22,0,1.0
1.5,0.5,-4.0,2,150,7,0.04666666666666667,0.9533333333333334,2,4,19,75,0.3333333333333333,0.09523809523809523,0.14814814814814814,0,6,9,0.0,0.0,0.0,22,0,1.0
1.5,0.5,-4.0,3,150,7,0.04666666666666667,0.9533333333333334,2,4,19,75,0.3333333333333333,0.09523809523809523,0.14814814814814814,0,6,9,0.0,0.0,0.0,22,0,1.0
1.5,0.5,-4.0,5,150,7,0.04666666666666667,0.9533333333333334,2,4,19,75,0.3333333333333333,0.09523809523809523,0.14814814814814814,0,6,9,0.0,0.0,0.0,22,0,1.0
1.5,0.5,-4.0,999,150,7,0.04666666666666667,0.9533333333333334,2,4,19,75,0.3333333333333333,0.09523809523809523,0.14814814814814814,0,6,9,0.0,0.0,0.0,22,0,1.0
1.5,0.5,-3.0,1,150,3,0.02,0.98,1,1,20,78,0.5,0.047619047619047616,0.08695652173913042,0,2,9,0.0,0.0,0.0,22,0,1.0
1.5,0.5,-3.0,2,150,3,0.02,0.98,1,1,20,78,0.5,0.047619047619047616,0.08695652173913042,0,2,9,0.0,0.0,0.0,22,0,1.0
1.5,0.5,-3.0,3,150,3,0.02,0.98,1,1,20,78,0.5,0.047619047619047616,0.08695652173913042,0,2,9,0.0,0.0,0.0,22,0,1.0
1.5,0.5,-3.0,5,150,3,0.02,0.98,1,1,20,78,0.5,0.047619047619047616,0.08695652173913042,0,2,9,0.0,0.0,0.0,22,0,1.0
1.5,0.5,-3.0,999,150,3,0.02,0.98,1,1,20,78,0.5,0.047619047619047616,0.08695652173913042,0,2,9,0.0,0.0,0.0,22,0,1.0
1.5,0.5,-2.0,1,150,3,0.02,0.98,1,1,20,78,0.5,0.047619047619047616,0.08695652173913042,0,2,9,0.0,0.0,0.0,22,0,1.0
1.5,0.5,-2.0,2,150,3,0.02,0.98,1,1,20,78,0.5,0.047619047619047616,0.08695652173913042,0,2,9,0.0,0.0,0.0,22,0,1.0
1.5,0.5,-2.0,3,150,3,0.02,0.98,1,1,20,78,0.5,0.047619047619047616,0.08695652173913042,0,2,9,0.0,0.0,0.0,22,0,1.0
1.5,0.5,-2.0,5,150,3,0.02,0.98,1,1,20,78,0.5,0.047619047619047616,0.08695652173913042,0,2,9,0.0,0.0,0.0,22,0,1.0
1.5,0.5,-2.0,999,150,3,0.02,0.98,1,1,20,78,0.5,0.047619047619047616,0.08695652173913042,0,2,9,0.0,0.0,0.0,22,0,1.0
1.5,0.5,0.0,1,150,0,0.0,1.0,0,0,21,79,0.0,0.0,0.0,0,0,9,0.0,0.0,0.0,22,0,1.0
1.5,0.5,0.0,2,150,0,0.0,1.0,0,0,21,79,0.0,0.0,0.0,0,0,9,0.0,0.0,0.0,22,0,1.0
1.5,0.5,0.0,3,150,0,0.0,1.0,0,0,21,79,0.0,0.0,0.0,0,0,9,0.0,0.0,0.0,22,0,1.0
1.5,0.5,0.0,5,150,0,0.0,1.0,0,0,21,79,0.0,0.0,0.0,0,0,9,0.0,0.0,0.0,22,0,1.0
1.5,0.5,0.0,999,150,0,0.0,1.0,0,0,21,79,0.0,0.0,0.0,0,0,9,0.0,0.0,0.0,22,0,1.0
1.5,0.5,1.0,1,150,0,0.0,1.0,0,0,21,79,0.0,0.0,0.0,0,0,9,0.0,0.0,0.0,22,0,1.0
1.5,0.5,1.0,2,150,0,0.0,1.0,0,0,21,79,0.0,0.0,0.0,0,0,9,0.0,0.0,0.0,22,0,1.0
1.5,0.5,1.0,3,150,0,0.0,1.0,0,0,21,79,0.0,0.0,0.0,0,0,9,0.0,0.0,0.0,22,0,1.0
1.5,0.5,1.0,5,150,0,0.0,1.0,0,0,21,79,0.0,0.0,0.0,0,0,9,0.0,0.0,0.0,22,0,1.0
1.5,0.5,1.0,999,150,0,0.0,1.0,0,0,21,79,0.0,0.0,0.0,0,0,9,0.0,0.0,0.0,22,0,1.0
1.75,0.15,-7.0,1,150,47,0.31333333333333335,0.6866666666666666,7,28,14,51,0.2,0.3333333333333333,0.25,3,32,6,0.08571428571428572,0.3333333333333333,0.13636363636363638,22,0,1.0
1.75,0.15,-7.0,2,150,48,0.32,0.6799999999999999,7,29,14,50,0.19444444444444445,0.3333333333333333,0.24561403508771928,3,33,6,0.08333333333333333,0.3333333333333333,0.13333333333333333,22,0,1.0
1.75,0.15,-7.0,3,150,48,0.32,0.6799999999999999,7,29,14,50,0.19444444444444445,0.3333333333333333,0.24561403508771928,3,33,6,0.08333333333333333,0.3333333333333333,0.13333333333333333,22,0,1.0
1.75,0.15,-7.0,5,150,48,0.32,0.6799999999999999,7,29,14,50,0.19444444444444445,0.3333333333333333,0.24561403508771928,3,33,6,0.08333333333333333,0.3333333333333333,0.13333333333333333,22,0,1.0
1.75,0.15,-7.0,999,150,48,0.32,0.6799999999999999,7,29,14,50,0.19444444444444445,0.3333333333333333,0.24561403508771928,3,33,6,0.08333333333333333,0.3333333333333333,0.13333333333333333,22,0,1.0
1.75,0.15,-6.0,1,150,41,0.2733333333333333,0.7266666666666667,6,23,15,56,0.20689655172413793,0.2857142857142857,0.24000000000000002,2,27,7,0.06896551724137931,0.2222222222222222,0.10526315789473684,22,0,1.0
1.75,0.15,-6.0,2,150,41,0.2733333333333333,0.7266666666666667,6,23,15,56,0.20689655172413793,0.2857142857142857,0.24000000000000002,2,27,7,0.06896551724137931,0.2222222222222222,0.10526315789473684,22,0,1.0
1.75,0.15,-6.0,3,150,41,0.2733333333333333,0.7266666666666667,6,23,15,56,0.20689655172413793,0.2857142857142857,0.24000000000000002,2,27,7,0.06896551724137931,0.2222222222222222,0.10526315789473684,22,0,1.0
1.75,0.15,-6.0,5,150,41,0.2733333333333333,0.7266666666666667,6,23,15,56,0.20689655172413793,0.2857142857142857,0.24000000000000002,2,27,7,0.06896551724137931,0.2222222222222222,0.10526315789473684,22,0,1.0
1.75,0.15,-6.0,999,150,41,0.2733333333333333,0.7266666666666667,6,23,15,56,0.20689655172413793,0.2857142857142857,0.24000000000000002,2,27,7,0.06896551724137931,0.2222222222222222,0.10526315789473684,22,0,1.0
1.75,0.15,-5.0,1,150,34,0.22666666666666666,0.7733333333333333,6,18,15,61,0.25,0.2857142857142857,0.26666666666666666,2,22,7,0.08333333333333333,0.2222222222222222,0.12121212121212122,22,0,1.0
1.75,0.15,-5.0,2,150,34,0.22666666666666666,0.7733333333333333,6,18,15,61,0.25,0.2857142857142857,0.26666666666666666,2,22,7,0.08333333333333333,0.2222222222222222,0.12121212121212122,22,0,1.0
1.75,0.15,-5.0,3,150,34,0.22666666666666666,0.7733333333333333,6,18,15,61,0.25,0.2857142857142857,0.26666666666666666,2,22,7,0.08333333333333333,0.2222222222222222,0.12121212121212122,22,0,1.0
1.75,0.15,-5.0,5,150,34,0.22666666666666666,0.7733333333333333,6,18,15,61,0.25,0.2857142857142857,0.26666666666666666,2,22,7,0.08333333333333333,0.2222222222222222,0.12121212121212122,22,0,1.0
1.75,0.15,-5.0,999,150,34,0.22666666666666666,0.7733333333333333,6,18,15,61,0.25,0.2857142857142857,0.26666666666666666,2,22,7,0.08333333333333333,0.2222222222222222,0.12121212121212122,22,0,1.0
1.75,0.15,-4.5,1,150,21,0.14,0.86,5,10,16,69,0.3333333333333333,0.23809523809523808,0.2777777777777778,1,14,8,0.06666666666666667,0.1111111111111111,0.08333333333333334,22,0,1.0
1.75,0.15,-4.5,2,150,21,0.14,0.86,5,10,16,69,0.3333333333333333,0.23809523809523808,0.2777777777777778,1,14,8,0.06666666666666667,0.1111111111111111,0.08333333333333334,22,0,1.0
1.75,0.15,-4.5,3,150,21,0.14,0.86,5,10,16,69,0.3333333333333333,0.23809523809523808,0.2777777777777778,1,14,8,0.06666666666666667,0.1111111111111111,0.08333333333333334,22,0,1.0
1.75,0.15,-4.5,5,150,21,0.14,0.86,5,10,16,69,0.3333333333333333,0.23809523809523808,0.2777777777777778,1,14,8,0.06666666666666667,0.1111111111111111,0.08333333333333334,22,0,1.0
1.75,0.15,-4.5,999,150,21,0.14,0.86,5,10,16,69,0.3333333333333333,0.23809523809523808,0.2777777777777778,1,14,8,0.06666666666666667,0.1111111111111111,0.08333333333333334,22,0,1.0
1.75,0.15,-4.0,1,150,15,0.1,0.9,4,7,17,72,0.36363636363636365,0.19047619047619047,0.25,1,10,8,0.09090909090909091,0.1111111111111111,0.09999999999999999,22,0,1.0
1.75,0.15,-4.0,2,150,15,0.1,0.9,4,7,17,72,0.36363636363636365,0.19047619047619047,0.25,1,10,8,0.09090909090909091,0.1111111111111111,0.09999999999999999,22,0,1.0
1.75,0.15,-4.0,3,150,15,0.1,0.9,4,7,17,72,0.36363636363636365,0.19047619047619047,0.25,1,10,8,0.09090909090909091,0.1111111111111111,0.09999999999999999,22,0,1.0
1.75,0.15,-4.0,5,150,15,0.1,0.9,4,7,17,72,0.36363636363636365,0.19047619047619047,0.25,1,10,8,0.09090909090909091,0.1111111111111111,0.09999999999999999,22,0,1.0
1.75,0.15,-4.0,999,150,15,0.1,0.9,4,7,17,72,0.36363636363636365,0.19047619047619047,0.25,1,10,8,0.09090909090909091,0.1111111111111111,0.09999999999999999,22,0,1.0
1.75,0.15,-3.0,1,150,10,0.06666666666666667,0.9333333333333333,2,4,19,75,0.3333333333333333,0.09523809523809523,0.14814814814814814,1,5,8,0.16666666666666666,0.1111111111111111,0.13333333333333333,22,0,1.0
1.75,0.15,-3.0,2,150,10,0.06666666666666667,0.9333333333333333,2,4,19,75,0.3333333333333333,0.09523809523809523,0.14814814814814814,1,5,8,0.16666666666666666,0.1111111111111111,0.13333333333333333,22,0,1.0
1.75,0.15,-3.0,3,150,10,0.06666666666666667,0.9333333333333333,2,4,19,75,0.3333333333333333,0.09523809523809523,0.14814814814814814,1,5,8,0.16666666666666666,0.1111111111111111,0.13333333333333333,22,0,1.0
1.75,0.15,-3.0,5,150,10,0.06666666666666667,0.9333333333333333,2,4,19,75,0.3333333333333333,0.09523809523809523,0.14814814814814814,1,5,8,0.16666666666666666,0.1111111111111111,0.13333333333333333,22,0,1.0
1.75,0.15,-3.0,999,150,10,0.06666666666666667,0.9333333333333333,2,4,19,75,0.3333333333333333,0.09523809523809523,0.14814814814814814,1,5,8,0.16666666666666666,0.1111111111111111,0.13333333333333333,22,0,1.0
1.75,0.15,-2.0,1,150,9,0.06,0.94,2,3,19,76,0.4,0.09523809523809523,0.15384615384615385,1,4,8,0.2,0.1111111111111111,0.14285714285714285,22,0,1.0
1.75,0.15,-2.0,2,150,9,0.06,0.94,2,3,19,76,0.4,0.09523809523809523,0.15384615384615385,1,4,8,0.2,0.1111111111111111,0.14285714285714285,22,0,1.0
1.75,0.15,-2.0,3,150,9,0.06,0.94,2,3,19,76,0.4,0.09523809523809523,0.15384615384615385,1,4,8,0.2,0.1111111111111111,0.14285714285714285,22,0,1.0
1.75,0.15,-2.0,5,150,9,0.06,0.94,2,3,19,76,0.4,0.09523809523809523,0.15384615384615385,1,4,8,0.2,0.1111111111111111,0.14285714285714285,22,0,1.0
1.75,0.15,-2.0,999,150,9,0.06,0.94,2,3,19,76,0.4,0.09523809523809523,0.15384615384615385,1,4,8,0.2,0.1111111111111111,0.14285714285714285,22,0,1.0
1.75,0.15,0.0,1,150,0,0.0,1.0,0,0,21,79,0.0,0.0,0.0,0,0,9,0.0,0.0,0.0,22,0,1.0
1.75,0.15,0.0,2,150,0,0.0,1.0,0,0,21,79,0.0,0.0,0.0,0,0,9,0.0,0.0,0.0,22,0,1.0
1.75,0.15,0.0,3,150,0,0.0,1.0,0,0,21,79,0.0,0.0,0.0,0,0,9,0.0,0.0,0.0,22,0,1.0
1.75,0.15,0.0,5,150,0,0.0,1.0,0,0,21,79,0.0,0.0,0.0,0,0,9,0.0,0.0,0.0,22,0,1.0
1.75,0.15,0.0,999,150,0,0.0,1.0,0,0,21,79,0.0,0.0,0.0,0,0,9,0.0,0.0,0.0,22,0,1.0
1.75,0.15,1.0,1,150,0,0.0,1.0,0,0,21,79,0.0,0.0,0.0,0,0,9,0.0,0.0,0.0,22,0,1.0
1.75,0.15,1.0,2,150,0,0.0,1.0,0,0,21,79,0.0,0.0,0.0,0,0,9,0.0,0.0,0.0,22,0,1.0
1.75,0.15,1.0,3,150,0,0.0,1.0,0,0,21,79,0.0,0.0,0.0,0,0,9,0.0,0.0,0.0,22,0,1.0
1.75,0.15,1.0,5,150,0,0.0,1.0,0,0,21,79,0.0,0.0,0.0,0,0,9,0.0,0.0,0.0,22,0,1.0
1.75,0.15,1.0,999,150,0,0.0,1.0,0,0,21,79,0.0,0.0,0.0,0,0,9,0.0,0.0,0.0,22,0,1.0
1.75,0.2,-7.0,1,150,47,0.31333333333333335,0.6866666666666666,7,28,14,51,0.2,0.3333333333333333,0.25,3,32,6,0.08571428571428572,0.3333333333333333,0.13636363636363638,22,0,1.0
1.75,0.2,-7.0,2,150,48,0.32,0.6799999999999999,7,29,14,50,0.19444444444444445,0.3333333333333333,0.24561403508771928,3,33,6,0.08333333333333333,0.3333333333333333,0.13333333333333333,22,0,1.0
1.75,0.2,-7.0,3,150,48,0.32,0.6799999999999999,7,29,14,50,0.19444444444444445,0.3333333333333333,0.24561403508771928,3,33,6,0.08333333333333333,0.3333333333333333,0.13333333333333333,22,0,1.0
1.75,0.2,-7.0,5,150,48,0.32,0.6799999999999999,7,29,14,50,0.19444444444444445,0.3333333333333333,0.24561403508771928,3,33,6,0.08333333333333333,0.3333333333333333,0.13333333333333333,22,0,1.0
1.75,0.2,-7.0,999,150,48,0.32,0.6799999999999999,7,29,14,50,0.19444444444444445,0.3333333333333333,0.24561403508771928,3,33,6,0.08333333333333333,0.3333333333333333,0.13333333333333333,22,0,1.0
1.75,0.2,-6.0,1,150,41,0.2733333333333333,0.7266666666666667,6,23,15,56,0.20689655172413793,0.2857142857142857,0.24000000000000002,2,27,7,0.06896551724137931,0.2222222222222222,0.10526315789473684,22,0,1.0
1.75,0.2,-6.0,2,150,41,0.2733333333333333,0.7266666666666667,6,23,15,56,0.20689655172413793,0.2857142857142857,0.24000000000000002,2,27,7,0.06896551724137931,0.2222222222222222,0.10526315789473684,22,0,1.0
1.75,0.2,-6.0,3,150,41,0.2733333333333333,0.7266666666666667,6,23,15,56,0.20689655172413793,0.2857142857142857,0.24000000000000002,2,27,7,0.06896551724137931,0.2222222222222222,0.10526315789473684,22,0,1.0
1.75,0.2,-6.0,5,150,41,0.2733333333333333,0.7266666666666667,6,23,15,56,0.20689655172413793,0.2857142857142857,0.24000000000000002,2,27,7,0.06896551724137931,0.2222222222222222,0.10526315789473684,22,0,1.0
1.75,0.2,-6.0,999,150,41,0.2733333333333333,0.7266666666666667,6,23,15,56,0.20689655172413793,0.2857142857142857,0.24000000000000002,2,27,7,0.06896551724137931,0.2222222222222222,0.10526315789473684,22,0,1.0
1.75,0.2,-5.0,1,150,34,0.22666666666666666,0.7733333333333333,6,18,15,61,0.25,0.2857142857142857,0.26666666666666666,2,22,7,0.08333333333333333,0.2222222222222222,0.12121212121212122,22,0,1.0
1.75,0.2,-5.0,2,150,34,0.22666666666666666,0.7733333333333333,6,18,15,61,0.25,0.2857142857142857,0.26666666666666666,2,22,7,0.08333333333333333,0.2222222222222222,0.12121212121212122,22,0,1.0
1.75,0.2,-5.0,3,150,34,0.22666666666666666,0.7733333333333333,6,18,15,61,0.25,0.2857142857142857,0.26666666666666666,2,22,7,0.08333333333333333,0.2222222222222222,0.12121212121212122,22,0,1.0
1.75,0.2,-5.0,5,150,34,0.22666666666666666,0.7733333333333333,6,18,15,61,0.25,0.2857142857142857,0.26666666666666666,2,22,7,0.08333333333333333,0.2222222222222222,0.12121212121212122,22,0,1.0
1.75,0.2,-5.0,999,150,34,0.22666666666666666,0.7733333333333333,6,18,15,61,0.25,0.2857142857142857,0.26666666666666666,2,22,7,0.08333333333333333,0.2222222222222222,0.12121212121212122,22,0,1.0
1.75,0.2,-4.5,1,150,21,0.14,0.86,5,10,16,69,0.3333333333333333,0.23809523809523808,0.2777777777777778,1,14,8,0.06666666666666667,0.1111111111111111,0.08333333333333334,22,0,1.0
1.75,0.2,-4.5,2,150,21,0.14,0.86,5,10,16,69,0.3333333333333333,0.23809523809523808,0.2777777777777778,1,14,8,0.06666666666666667,0.1111111111111111,0.08333333333333334,22,0,1.0
1.75,0.2,-4.5,3,150,21,0.14,0.86,5,10,16,69,0.3333333333333333,0.23809523809523808,0.2777777777777778,1,14,8,0.06666666666666667,0.1111111111111111,0.08333333333333334,22,0,1.0
1.75,0.2,-4.5,5,150,21,0.14,0.86,5,10,16,69,0.3333333333333333,0.23809523809523808,0.2777777777777778,1,14,8,0.06666666666666667,0.1111111111111111,0.08333333333333334,22,0,1.0
1.75,0.2,-4.5,999,150,21,0.14,0.86,5,10,16,69,0.3333333333333333,0.23809523809523808,0.2777777777777778,1,14,8,0.06666666666666667,0.1111111111111111,0.08333333333333334,22,0,1.0
1.75,0.2,-4.0,1,150,15,0.1,0.9,4,7,17,72,0.36363636363636365,0.19047619047619047,0.25,1,10,8,0.09090909090909091,0.1111111111111111,0.09999999999999999,22,0,1.0
1.75,0.2,-4.0,2,150,15,0.1,0.9,4,7,17,72,0.36363636363636365,0.19047619047619047,0.25,1,10,8,0.09090909090909091,0.1111111111111111,0.09999999999999999,22,0,1.0
1.75,0.2,-4.0,3,150,15,0.1,0.9,4,7,17,72,0.36363636363636365,0.19047619047619047,0.25,1,10,8,0.09090909090909091,0.1111111111111111,0.09999999999999999,22,0,1.0
1.75,0.2,-4.0,5,150,15,0.1,0.9,4,7,17,72,0.36363636363636365,0.19047619047619047,0.25,1,10,8,0.09090909090909091,0.1111111111111111,0.09999999999999999,22,0,1.0
1.75,0.2,-4.0,999,150,15,0.1,0.9,4,7,17,72,0.36363636363636365,0.19047619047619047,0.25,1,10,8,0.09090909090909091,0.1111111111111111,0.09999999999999999,22,0,1.0
1.75,0.2,-3.0,1,150,10,0.06666666666666667,0.9333333333333333,2,4,19,75,0.3333333333333333,0.09523809523809523,0.14814814814814814,1,5,8,0.16666666666666666,0.1111111111111111,0.13333333333333333,22,0,1.0
1.75,0.2,-3.0,2,150,10,0.06666666666666667,0.9333333333333333,2,4,19,75,0.3333333333333333,0.09523809523809523,0.14814814814814814,1,5,8,0.16666666666666666,0.1111111111111111,0.13333333333333333,22,0,1.0
1.75,0.2,-3.0,3,150,10,0.06666666666666667,0.9333333333333333,2,4,19,75,0.3333333333333333,0.09523809523809523,0.14814814814814814,1,5,8,0.16666666666666666,0.1111111111111111,0.13333333333333333,22,0,1.0
1.75,0.2,-3.0,5,150,10,0.06666666666666667,0.9333333333333333,2,4,19,75,0.3333333333333333,0.09523809523809523,0.14814814814814814,1,5,8,0.16666666666666666,0.1111111111111111,0.13333333333333333,22,0,1.0
1.75,0.2,-3.0,999,150,10,0.06666666666666667,0.9333333333333333,2,4,19,75,0.3333333333333333,0.09523809523809523,0.14814814814814814,1,5,8,0.16666666666666666,0.1111111111111111,0.13333333333333333,22,0,1.0
1.75,0.2,-2.0,1,150,9,0.06,0.94,2,3,19,76,0.4,0.09523809523809523,0.15384615384615385,1,4,8,0.2,0.1111111111111111,0.14285714285714285,22,0,1.0
1.75,0.2,-2.0,2,150,9,0.06,0.94,2,3,19,76,0.4,0.09523809523809523,0.15384615384615385,1,4,8,0.2,0.1111111111111111,0.14285714285714285,22,0,1.0
1.75,0.2,-2.0,3,150,9,0.06,0.94,2,3,19,76,0.4,0.09523809523809523,0.15384615384615385,1,4,8,0.2,0.1111111111111111,0.14285714285714285,22,0,1.0
1.75,0.2,-2.0,5,150,9,0.06,0.94,2,3,19,76,0.4,0.09523809523809523,0.15384615384615385,1,4,8,0.2,0.1111111111111111,0.14285714285714285,22,0,1.0
1.75,0.2,-2.0,999,150,9,0.06,0.94,2,3,19,76,0.4,0.09523809523809523,0.15384615384615385,1,4,8,0.2,0.1111111111111111,0.14285714285714285,22,0,1.0
1.75,0.2,0.0,1,150,0,0.0,1.0,0,0,21,79,0.0,0.0,0.0,0,0,9,0.0,0.0,0.0,22,0,1.0
1.75,0.2,0.0,2,150,0,0.0,1.0,0,0,21,79,0.0,0.0,0.0,0,0,9,0.0,0.0,0.0,22,0,1.0
1.75,0.2,0.0,3,150,0,0.0,1.0,0,0,21,79,0.0,0.0,0.0,0,0,9,0.0,0.0,0.0,22,0,1.0
1.75,0.2,0.0,5,150,0,0.0,1.0,0,0,21,79,0.0,0.0,0.0,0,0,9,0.0,0.0,0.0,22,0,1.0
1.75,0.2,0.0,999,150,0,0.0,1.0,0,0,21,79,0.0,0.0,0.0,0,0,9,0.0,0.0,0.0,22,0,1.0
1.75,0.2,1.0,1,150,0,0.0,1.0,0,0,21,79,0.0,0.0,0.0,0,0,9,0.0,0.0,0.0,22,0,1.0
1.75,0.2,1.0,2,150,0,0.0,1.0,0,0,21,79,0.0,0.0,0.0,0,0,9,0.0,0.0,0.0,22,0,1.0
1.75,0.2,1.0,3,150,0,0.0,1.0,0,0,21,79,0.0,0.0,0.0,0,0,9,0.0,0.0,0.0,22,0,1.0
1.75,0.2,1.0,5,150,0,0.0,1.0,0,0,21,79,0.0,0.0,0.0,0,0,9,0.0,0.0,0.0,22,0,1.0
1.75,0.2,1.0,999,150,0,0.0,1.0,0,0,21,79,0.0,0.0,0.0,0,0,9,0.0,0.0,0.0,22,0,1.0
1.75,0.25,-7.0,1,150,47,0.31333333333333335,0.6866666666666666,7,28,14,51,0.2,0.3333333333333333,0.25,3,32,6,0.08571428571428572,0.3333333333333333,0.13636363636363638,22,0,1.0
1.75,0.25,-7.0,2,150,48,0.32,0.6799999999999999,7,29,14,50,0.19444444444444445,0.3333333333333333,0.24561403508771928,3,33,6,0.08333333333333333,0.3333333333333333,0.13333333333333333,22,0,1.0
1.75,0.25,-7.0,3,150,48,0.32,0.6799999999999999,7,29,14,50,0.19444444444444445,0.3333333333333333,0.24561403508771928,3,33,6,0.08333333333333333,0.3333333333333333,0.13333333333333333,22,0,1.0
1.75,0.25,-7.0,5,150,48,0.32,0.6799999999999999,7,29,14,50,0.19444444444444445,0.3333333333333333,0.24561403508771928,3,33,6,0.08333333333333333,0.3333333333333333,0.13333333333333333,22,0,1.0
1.75,0.25,-7.0,999,150,48,0.32,0.6799999999999999,7,29,14,50,0.19444444444444445,0.3333333333333333,0.24561403508771928,3,33,6,0.08333333333333333,0.3333333333333333,0.13333333333333333,22,0,1.0
1.75,0.25,-6.0,1,150,41,0.2733333333333333,0.7266666666666667,6,23,15,56,0.20689655172413793,0.2857142857142857,0.24000000000000002,2,27,7,0.06896551724137931,0.2222222222222222,0.10526315789473684,22,0,1.0
1.75,0.25,-6.0,2,150,41,0.2733333333333333,0.7266666666666667,6,23,15,56,0.20689655172413793,0.2857142857142857,0.24000000000000002,2,27,7,0.06896551724137931,0.2222222222222222,0.10526315789473684,22,0,1.0
1.75,0.25,-6.0,3,150,41,0.2733333333333333,0.7266666666666667,6,23,15,56,0.20689655172413793,0.2857142857142857,0.24000000000000002,2,27,7,0.06896551724137931,0.2222222222222222,0.10526315789473684,22,0,1.0
1.75,0.25,-6.0,5,150,41,0.2733333333333333,0.7266666666666667,6,23,15,56,0.20689655172413793,0.2857142857142857,0.24000000000000002,2,27,7,0.06896551724137931,0.2222222222222222,0.10526315789473684,22,0,1.0
1.75,0.25,-6.0,999,150,41,0.2733333333333333,0.7266666666666667,6,23,15,56,0.20689655172413793,0.2857142857142857,0.24000000000000002,2,27,7,0.06896551724137931,0.2222222222222222,0.10526315789473684,22,0,1.0
1.75,0.25,-5.0,1,150,34,0.22666666666666666,0.7733333333333333,6,18,15,61,0.25,0.2857142857142857,0.26666666666666666,2,22,7,0.08333333333333333,0.2222222222222222,0.12121212121212122,22,0,1.0
1.75,0.25,-5.0,2,150,34,0.22666666666666666,0.7733333333333333,6,18,15,61,0.25,0.2857142857142857,0.26666666666666666,2,22,7,0.08333333333333333,0.2222222222222222,0.12121212121212122,22,0,1.0
1.75,0.25,-5.0,3,150,34,0.22666666666666666,0.7733333333333333,6,18,15,61,0.25,0.2857142857142857,0.26666666666666666,2,22,7,0.08333333333333333,0.2222222222222222,0.12121212121212122,22,0,1.0
1.75,0.25,-5.0,5,150,34,0.22666666666666666,0.7733333333333333,6,18,15,61,0.25,0.2857142857142857,0.26666666666666666,2,22,7,0.08333333333333333,0.2222222222222222,0.12121212121212122,22,0,1.0
1.75,0.25,-5.0,999,150,34,0.22666666666666666,0.7733333333333333,6,18,15,61,0.25,0.2857142857142857,0.26666666666666666,2,22,7,0.08333333333333333,0.2222222222222222,0.12121212121212122,22,0,1.0
1.75,0.25,-4.5,1,150,21,0.14,0.86,5,10,16,69,0.3333333333333333,0.23809523809523808,0.2777777777777778,1,14,8,0.06666666666666667,0.1111111111111111,0.08333333333333334,22,0,1.0
1.75,0.25,-4.5,2,150,21,0.14,0.86,5,10,16,69,0.3333333333333333,0.23809523809523808,0.2777777777777778,1,14,8,0.06666666666666667,0.1111111111111111,0.08333333333333334,22,0,1.0
1.75,0.25,-4.5,3,150,21,0.14,0.86,5,10,16,69,0.3333333333333333,0.23809523809523808,0.2777777777777778,1,14,8,0.06666666666666667,0.1111111111111111,0.08333333333333334,22,0,1.0
1.75,0.25,-4.5,5,150,21,0.14,0.86,5,10,16,69,0.3333333333333333,0.23809523809523808,0.2777777777777778,1,14,8,0.06666666666666667,0.1111111111111111,0.08333333333333334,22,0,1.0
1.75,0.25,-4.5,999,150,21,0.14,0.86,5,10,16,69,0.3333333333333333,0.23809523809523808,0.2777777777777778,1,14,8,0.06666666666666667,0.1111111111111111,0.08333333333333334,22,0,1.0
1.75,0.25,-4.0,1,150,15,0.1,0.9,4,7,17,72,0.36363636363636365,0.19047619047619047,0.25,1,10,8,0.09090909090909091,0.1111111111111111,0.09999999999999999,22,0,1.0
1.75,0.25,-4.0,2,150,15,0.1,0.9,4,7,17,72,0.36363636363636365,0.19047619047619047,0.25,1,10,8,0.09090909090909091,0.1111111111111111,0.09999999999999999,22,0,1.0
1.75,0.25,-4.0,3,150,15,0.1,0.9,4,7,17,72,0.36363636363636365,0.19047619047619047,0.25,1,10,8,0.09090909090909091,0.1111111111111111,0.09999999999999999,22,0,1.0
1.75,0.25,-4.0,5,150,15,0.1,0.9,4,7,17,72,0.36363636363636365,0.19047619047619047,0.25,1,10,8,0.09090909090909091,0.1111111111111111,0.09999999999999999,22,0,1.0
1.75,0.25,-4.0,999,150,15,0.1,0.9,4,7,17,72,0.36363636363636365,0.19047619047619047,0.25,1,10,8,0.09090909090909091,0.1111111111111111,0.09999999999999999,22,0,1.0
1.75,0.25,-3.0,1,150,10,0.06666666666666667,0.9333333333333333,2,4,19,75,0.3333333333333333,0.09523809523809523,0.14814814814814814,1,5,8,0.16666666666666666,0.1111111111111111,0.13333333333333333,22,0,1.0
1.75,0.25,-3.0,2,150,10,0.06666666666666667,0.9333333333333333,2,4,19,75,0.3333333333333333,0.09523809523809523,0.14814814814814814,1,5,8,0.16666666666666666,0.1111111111111111,0.13333333333333333,22,0,1.0
1.75,0.25,-3.0,3,150,10,0.06666666666666667,0.9333333333333333,2,4,19,75,0.3333333333333333,0.09523809523809523,0.14814814814814814,1,5,8,0.16666666666666666,0.1111111111111111,0.13333333333333333,22,0,1.0
1.75,0.25,-3.0,5,150,10,0.06666666666666667,0.9333333333333333,2,4,19,75,0.3333333333333333,0.09523809523809523,0.14814814814814814,1,5,8,0.16666666666666666,0.1111111111111111,0.13333333333333333,22,0,1.0
1.75,0.25,-3.0,999,150,10,0.06666666666666667,0.9333333333333333,2,4,19,75,0.3333333333333333,0.09523809523809523,0.14814814814814814,1,5,8,0.16666666666666666,0.1111111111111111,0.13333333333333333,22,0,1.0
1.75,0.25,-2.0,1,150,9,0.06,0.94,2,3,19,76,0.4,0.09523809523809523,0.15384615384615385,1,4,8,0.2,0.1111111111111111,0.14285714285714285,22,0,1.0
1.75,0.25,-2.0,2,150,9,0.06,0.94,2,3,19,76,0.4,0.09523809523809523,0.15384615384615385,1,4,8,0.2,0.1111111111111111,0.14285714285714285,22,0,1.0
1.75,0.25,-2.0,3,150,9,0.06,0.94,2,3,19,76,0.4,0.09523809523809523,0.15384615384615385,1,4,8,0.2,0.1111111111111111,0.14285714285714285,22,0,1.0
1.75,0.25,-2.0,5,150,9,0.06,0.94,2,3,19,76,0.4,0.09523809523809523,0.15384615384615385,1,4,8,0.2,0.1111111111111111,0.14285714285714285,22,0,1.0
1.75,0.25,-2.0,999,150,9,0.06,0.94,2,3,19,76,0.4,0.09523809523809523,0.15384615384615385,1,4,8,0.2,0.1111111111111111,0.14285714285714285,22,0,1.0
1.75,0.25,0.0,1,150,0,0.0,1.0,0,0,21,79,0.0,0.0,0.0,0,0,9,0.0,0.0,0.0,22,0,1.0
1.75,0.25,0.0,2,150,0,0.0,1.0,0,0,21,79,0.0,0.0,0.0,0,0,9,0.0,0.0,0.0,22,0,1.0
1.75,0.25,0.0,3,150,0,0.0,1.0,0,0,21,79,0.0,0.0,0.0,0,0,9,0.0,0.0,0.0,22,0,1.0
1.75,0.25,0.0,5,150,0,0.0,1.0,0,0,21,79,0.0,0.0,0.0,0,0,9,0.0,0.0,0.0,22,0,1.0
1.75,0.25,0.0,999,150,0,0.0,1.0,0,0,21,79,0.0,0.0,0.0,0,0,9,0.0,0.0,0.0,22,0,1.0
1.75,0.25,1.0,1,150,0,0.0,1.0,0,0,21,79,0.0,0.0,0.0,0,0,9,0.0,0.0,0.0,22,0,1.0
1.75,0.25,1.0,2,150,0,0.0,1.0,0,0,21,79,0.0,0.0,0.0,0,0,9,0.0,0.0,0.0,22,0,1.0
1.75,0.25,1.0,3,150,0,0.0,1.0,0,0,21,79,0.0,0.0,0.0,0,0,9,0.0,0.0,0.0,22,0,1.0
1.75,0.25,1.0,5,150,0,0.0,1.0,0,0,21,79,0.0,0.0,0.0,0,0,9,0.0,0.0,0.0,22,0,1.0
1.75,0.25,1.0,999,150,0,0.0,1.0,0,0,21,79,0.0,0.0,0.0,0,0,9,0.0,0.0,0.0,22,0,1.0
1.75,0.28,-7.0,1,150,47,0.31333333333333335,0.6866666666666666,7,28,14,51,0.2,0.3333333333333333,0.25,3,32,6,0.08571428571428572,0.3333333333333333,0.13636363636363638,22,0,1.0
1.75,0.28,-7.0,2,150,48,0.32,0.6799999999999999,7,29,14,50,0.19444444444444445,0.3333333333333333,0.24561403508771928,3,33,6,0.08333333333333333,0.3333333333333333,0.13333333333333333,22,0,1.0
1.75,0.28,-7.0,3,150,48,0.32,0.6799999999999999,7,29,14,50,0.19444444444444445,0.3333333333333333,0.24561403508771928,3,33,6,0.08333333333333333,0.3333333333333333,0.13333333333333333,22,0,1.0
1.75,0.28,-7.0,5,150,48,0.32,0.6799999999999999,7,29,14,50,0.19444444444444445,0.3333333333333333,0.24561403508771928,3,33,6,0.08333333333333333,0.3333333333333333,0.13333333333333333,22,0,1.0
1.75,0.28,-7.0,999,150,48,0.32,0.6799999999999999,7,29,14,50,0.19444444444444445,0.3333333333333333,0.24561403508771928,3,33,6,0.08333333333333333,0.3333333333333333,0.13333333333333333,22,0,1.0
1.75,0.28,-6.0,1,150,41,0.2733333333333333,0.7266666666666667,6,23,15,56,0.20689655172413793,0.2857142857142857,0.24000000000000002,2,27,7,0.06896551724137931,0.2222222222222222,0.10526315789473684,22,0,1.0
1.75,0.28,-6.0,2,150,41,0.2733333333333333,0.7266666666666667,6,23,15,56,0.20689655172413793,0.2857142857142857,0.24000000000000002,2,27,7,0.06896551724137931,0.2222222222222222,0.10526315789473684,22,0,1.0
1.75,0.28,-6.0,3,150,41,0.2733333333333333,0.7266666666666667,6,23,15,56,0.20689655172413793,0.2857142857142857,0.24000000000000002,2,27,7,0.06896551724137931,0.2222222222222222,0.10526315789473684,22,0,1.0
1.75,0.28,-6.0,5,150,41,0.2733333333333333,0.7266666666666667,6,23,15,56,0.20689655172413793,0.2857142857142857,0.24000000000000002,2,27,7,0.06896551724137931,0.2222222222222222,0.10526315789473684,22,0,1.0
1.75,0.28,-6.0,999,150,41,0.2733333333333333,0.7266666666666667,6,23,15,56,0.20689655172413793,0.2857142857142857,0.24000000000000002,2,27,7,0.06896551724137931,0.2222222222222222,0.10526315789473684,22,0,1.0
1.75,0.28,-5.0,1,150,34,0.22666666666666666,0.7733333333333333,6,18,15,61,0.25,0.2857142857142857,0.26666666666666666,2,22,7,0.08333333333333333,0.2222222222222222,0.12121212121212122,22,0,1.0
1.75,0.28,-5.0,2,150,34,0.22666666666666666,0.7733333333333333,6,18,15,61,0.25,0.2857142857142857,0.26666666666666666,2,22,7,0.08333333333333333,0.2222222222222222,0.12121212121212122,22,0,1.0
1.75,0.28,-5.0,3,150,34,0.22666666666666666,0.7733333333333333,6,18,15,61,0.25,0.2857142857142857,0.26666666666666666,2,22,7,0.08333333333333333,0.2222222222222222,0.12121212121212122,22,0,1.0
1.75,0.28,-5.0,5,150,34,0.22666666666666666,0.7733333333333333,6,18,15,61,0.25,0.2857142857142857,0.26666666666666666,2,22,7,0.08333333333333333,0.2222222222222222,0.12121212121212122,22,0,1.0
1.75,0.28,-5.0,999,150,34,0.22666666666666666,0.7733333333333333,6,18,15,61,0.25,0.2857142857142857,0.26666666666666666,2,22,7,0.08333333333333333,0.2222222222222222,0.12121212121212122,22,0,1.0
1.75,0.28,-4.5,1,150,21,0.14,0.86,5,10,16,69,0.3333333333333333,0.23809523809523808,0.2777777777777778,1,14,8,0.06666666666666667,0.1111111111111111,0.08333333333333334,22,0,1.0
1.75,0.28,-4.5,2,150,21,0.14,0.86,5,10,16,69,0.3333333333333333,0.23809523809523808,0.2777777777777778,1,14,8,0.06666666666666667,0.1111111111111111,0.08333333333333334,22,0,1.0
1.75,0.28,-4.5,3,150,21,0.14,0.86,5,10,16,69,0.3333333333333333,0.23809523809523808,0.2777777777777778,1,14,8,0.06666666666666667,0.1111111111111111,0.08333333333333334,22,0,1.0
1.75,0.28,-4.5,5,150,21,0.14,0.86,5,10,16,69,0.3333333333333333,0.23809523809523808,0.2777777777777778,1,14,8,0.06666666666666667,0.1111111111111111,0.08333333333333334,22,0,1.0
1.75,0.28,-4.5,999,150,21,0.14,0.86,5,10,16,69,0.3333333333333333,0.23809523809523808,0.2777777777777778,1,14,8,0.06666666666666667,0.1111111111111111,0.08333333333333334,22,0,1.0
1.75,0.28,-4.0,1,150,15,0.1,0.9,4,7,17,72,0.36363636363636365,0.19047619047619047,0.25,1,10,8,0.09090909090909091,0.1111111111111111,0.09999999999999999,22,0,1.0
1.75,0.28,-4.0,2,150,15,0.1,0.9,4,7,17,72,0.36363636363636365,0.19047619047619047,0.25,1,10,8,0.09090909090909091,0.1111111111111111,0.09999999999999999,22,0,1.0
1.75,0.28,-4.0,3,150,15,0.1,0.9,4,7,17,72,0.36363636363636365,0.19047619047619047,0.25,1,10,8,0.09090909090909091,0.1111111111111111,0.09999999999999999,22,0,1.0
1.75,0.28,-4.0,5,150,15,0.1,0.9,4,7,17,72,0.36363636363636365,0.19047619047619047,0.25,1,10,8,0.09090909090909091,0.1111111111111111,0.09999999999999999,22,0,1.0
1.75,0.28,-4.0,999,150,15,0.1,0.9,4,7,17,72,0.36363636363636365,0.19047619047619047,0.25,1,10,8,0.09090909090909091,0.1111111111111111,0.09999999999999999,22,0,1.0
1.75,0.28,-3.0,1,150,10,0.06666666666666667,0.9333333333333333,2,4,19,75,0.3333333333333333,0.09523809523809523,0.14814814814814814,1,5,8,0.16666666666666666,0.1111111111111111,0.13333333333333333,22,0,1.0
1.75,0.28,-3.0,2,150,10,0.06666666666666667,0.9333333333333333,2,4,19,75,0.3333333333333333,0.09523809523809523,0.14814814814814814,1,5,8,0.16666666666666666,0.1111111111111111,0.13333333333333333,22,0,1.0
1.75,0.28,-3.0,3,150,10,0.06666666666666667,0.9333333333333333,2,4,19,75,0.3333333333333333,0.09523809523809523,0.14814814814814814,1,5,8,0.16666666666666666,0.1111111111111111,0.13333333333333333,22,0,1.0
1.75,0.28,-3.0,5,150,10,0.06666666666666667,0.9333333333333333,2,4,19,75,0.3333333333333333,0.09523809523809523,0.14814814814814814,1,5,8,0.16666666666666666,0.1111111111111111,0.13333333333333333,22,0,1.0
1.75,0.28,-3.0,999,150,10,0.06666666666666667,0.9333333333333333,2,4,19,75,0.3333333333333333,0.09523809523809523,0.14814814814814814,1,5,8,0.16666666666666666,0.1111111111111111,0.13333333333333333,22,0,1.0
1.75,0.28,-2.0,1,150,9,0.06,0.94,2,3,19,76,0.4,0.09523809523809523,0.15384615384615385,1,4,8,0.2,0.1111111111111111,0.14285714285714285,22,0,1.0
1.75,0.28,-2.0,2,150,9,0.06,0.94,2,3,19,76,0.4,0.09523809523809523,0.15384615384615385,1,4,8,0.2,0.1111111111111111,0.14285714285714285,22,0,1.0
1.75,0.28,-2.0,3,150,9,0.06,0.94,2,3,19,76,0.4,0.09523809523809523,0.15384615384615385,1,4,8,0.2,0.1111111111111111,0.14285714285714285,22,0,1.0
1.75,0.28,-2.0,5,150,9,0.06,0.94,2,3,19,76,0.4,0.09523809523809523,0.15384615384615385,1,4,8,0.2,0.1111111111111111,0.14285714285714285,22,0,1.0
1.75,0.28,-2.0,999,150,9,0.06,0.94,2,3,19,76,0.4,0.09523809523809523,0.15384615384615385,1,4,8,0.2,0.1111111111111111,0.14285714285714285,22,0,1.0
1.75,0.28,0.0,1,150,0,0.0,1.0,0,0,21,79,0.0,0.0,0.0,0,0,9,0.0,0.0,0.0,22,0,1.0
1.75,0.28,0.0,2,150,0,0.0,1.0,0,0,21,79,0.0,0.0,0.0,0,0,9,0.0,0.0,0.0,22,0,1.0
1.75,0.28,0.0,3,150,0,0.0,1.0,0,0,21,79,0.0,0.0,0.0,0,0,9,0.0,0.0,0.0,22,0,1.0
1.75,0.28,0.0,5,150,0,0.0,1.0,0,0,21,79,0.0,0.0,0.0,0,0,9,0.0,0.0,0.0,22,0,1.0
1.75,0.28,0.0,999,150,0,0.0,1.0,0,0,21,79,0.0,0.0,0.0,0,0,9,0.0,0.0,0.0,22,0,1.0
1.75,0.28,1.0,1,150,0,0.0,1.0,0,0,21,79,0.0,0.0,0.0,0,0,9,0.0,0.0,0.0,22,0,1.0
1.75,0.28,1.0,2,150,0,0.0,1.0,0,0,21,79,0.0,0.0,0.0,0,0,9,0.0,0.0,0.0,22,0,1.0
1.75,0.28,1.0,3,150,0,0.0,1.0,0,0,21,79,0.0,0.0,0.0,0,0,9,0.0,0.0,0.0,22,0,1.0
1.75,0.28,1.0,5,150,0,0.0,1.0,0,0,21,79,0.0,0.0,0.0,0,0,9,0.0,0.0,0.0,22,0,1.0
1.75,0.28,1.0,999,150,0,0.0,1.0,0,0,21,79,0.0,0.0,0.0,0,0,9,0.0,0.0,0.0,22,0,1.0
1.75,0.32,-7.0,1,150,44,0.29333333333333333,0.7066666666666667,7,26,14,53,0.21212121212121213,0.3333333333333333,0.25925925925925924,3,30,6,0.09090909090909091,0.3333333333333333,0.14285714285714288,22,0,1.0
1.75,0.32,-7.0,2,150,45,0.3,0.7,7,27,14,52,0.20588235294117646,0.3333333333333333,0.2545454545454545,3,31,6,0.08823529411764706,0.3333333333333333,0.13953488372093023,22,0,1.0
1.75,0.32,-7.0,3,150,45,0.3,0.7,7,27,14,52,0.20588235294117646,0.3333333333333333,0.2545454545454545,3,31,6,0.08823529411764706,0.3333333333333333,0.13953488372093023,22,0,1.0
1.75,0.32,-7.0,5,150,45,0.3,0.7,7,27,14,52,0.20588235294117646,0.3333333333333333,0.2545454545454545,3,31,6,0.08823529411764706,0.3333333333333333,0.13953488372093023,22,0,1.0
1.75,0.32,-7.0,999,150,45,0.3,0.7,7,27,14,52,0.20588235294117646,0.3333333333333333,0.2545454545454545,3,31,6,0.08823529411764706,0.3333333333333333,0.13953488372093023,22,0,1.0
1.75,0.32,-6.0,1,150,38,0.25333333333333335,0.7466666666666666,6,21,15,58,0.2222222222222222,0.2857142857142857,0.25,2,25,7,0.07407407407407407,0.2222222222222222,0.1111111111111111,22,0,1.0
1.75,0.32,-6.0,2,150,38,0.25333333333333335,0.7466666666666666,6,21,15,58,0.2222222222222222,0.2857142857142857,0.25,2,25,7,0.07407407407407407,0.2222222222222222,0.1111111111111111,22,0,1.0
1.75,0.32,-6.0,3,150,38,0.25333333333333335,0.7466666666666666,6,21,15,58,0.2222222222222222,0.2857142857142857,0.25,2,25,7,0.07407407407407407,0.2222222222222222,0.1111111111111111,22,0,1.0
1.75,0.32,-6.0,5,150,38,0.25333333333333335,0.7466666666666666,6,21,15,58,0.2222222222222222,0.2857142857142857,0.25,2,25,7,0.07407407407407407,0.2222222222222222,0.1111111111111111,22,0,1.0
1.75,0.32,-6.0,999,150,38,0.25333333333333335,0.7466666666666666,6,21,15,58,0.2222222222222222,0.2857142857142857,0.25,2,25,7,0.07407407407407407,0.2222222222222222,0.1111111111111111,22,0,1.0
1.75,0.32,-5.0,1,150,31,0.20666666666666667,0.7933333333333333,6,16,15,63,0.2727272727272727,0.2857142857142857,0.2790697674418604,2,20,7,0.09090909090909091,0.2222222222222222,0.1290322580645161,22,0,1.0
1.75,0.32,-5.0,2,150,31,0.20666666666666667,0.7933333333333333,6,16,15,63,0.2727272727272727,0.2857142857142857,0.2790697674418604,2,20,7,0.09090909090909091,0.2222222222222222,0.1290322580645161,22,0,1.0
1.75,0.32,-5.0,3,150,31,0.20666666666666667,0.7933333333333333,6,16,15,63,0.2727272727272727,0.2857142857142857,0.2790697674418604,2,20,7,0.09090909090909091,0.2222222222222222,0.1290322580645161,22,0,1.0
1.75,0.32,-5.0,5,150,31,0.20666666666666667,0.7933333333333333,6,16,15,63,0.2727272727272727,0.2857142857142857,0.2790697674418604,2,20,7,0.09090909090909091,0.2222222222222222,0.1290322580645161,22,0,1.0
1.75,0.32,-5.0,999,150,31,0.20666666666666667,0.7933333333333333,6,16,15,63,0.2727272727272727,0.2857142857142857,0.2790697674418604,2,20,7,0.09090909090909091,0.2222222222222222,0.1290322580645161,22,0,1.0
1.75,0.32,-4.5,1,150,19,0.12666666666666668,0.8733333333333333,5,9,16,70,0.35714285714285715,0.23809523809523808,0.2857142857142857,1,13,8,0.07142857142857142,0.1111111111111111,0.08695652173913043,22,0,1.0
1.75,0.32,-4.5,2,150,19,0.12666666666666668,0.8733333333333333,5,9,16,70,0.35714285714285715,0.23809523809523808,0.2857142857142857,1,13,8,0.07142857142857142,0.1111111111111111,0.08695652173913043,22,0,1.0
1.75,0.32,-4.5,3,150,19,0.12666666666666668,0.8733333333333333,5,9,16,70,0.35714285714285715,0.23809523809523808,0.2857142857142857,1,13,8,0.07142857142857142,0.1111111111111111,0.08695652173913043,22,0,1.0
1.75,0.32,-4.5,5,150,19,0.12666666666666668,0.8733333333333333,5,9,16,70,0.35714285714285715,0.23809523809523808,0.2857142857142857,1,13,8,0.07142857142857142,0.1111111111111111,0.08695652173913043,22,0,1.0
1.75,0.32,-4.5,999,150,19,0.12666666666666668,0.8733333333333333,5,9,16,70,0.35714285714285715,0.23809523809523808,0.2857142857142857,1,13,8,0.07142857142857142,0.1111111111111111,0.08695652173913043,22,0,1.0
1.75,0.32,-4.0,1,150,13,0.08666666666666667,0.9133333333333333,4,6,17,73,0.4,0.19047619047619047,0.25806451612903225,1,9,8,0.1,0.1111111111111111,0.10526315789473685,22,0,1.0
1.75,0.32,-4.0,2,150,13,0.08666666666666667,0.9133333333333333,4,6,17,73,0.4,0.19047619047619047,0.25806451612903225,1,9,8,0.1,0.1111111111111111,0.10526315789473685,22,0,1.0
1.75,0.32,-4.0,3,150,13,0.08666666666666667,0.9133333333333333,4,6,17,73,0.4,0.19047619047619047,0.25806451612903225,1,9,8,0.1,0.1111111111111111,0.10526315789473685,22,0,1.0
1.75,0.32,-4.0,5,150,13,0.08666666666666667,0.9133333333333333,4,6,17,73,0.4,0.19047619047619047,0.25806451612903225,1,9,8,0.1,0.1111111111111111,0.10526315789473685,22,0,1.0
1.75,0.32,-4.0,999,150,13,0.08666666666666667,0.9133333333333333,4,6,17,73,0.4,0.19047619047619047,0.25806451612903225,1,9,8,0.1,0.1111111111111111,0.10526315789473685,22,0,1.0
1.75,0.32,-3.0,1,150,8,0.05333333333333334,0.9466666666666667,2,3,19,76,0.4,0.09523809523809523,0.15384615384615385,1,4,8,0.2,0.1111111111111111,0.14285714285714285,22,0,1.0
1.75,0.32,-3.0,2,150,8,0.05333333333333334,0.9466666666666667,2,3,19,76,0.4,0.09523809523809523,0.15384615384615385,1,4,8,0.2,0.1111111111111111,0.14285714285714285,22,0,1.0
1.75,0.32,-3.0,3,150,8,0.05333333333333334,0.9466666666666667,2,3,19,76,0.4,0.09523809523809523,0.15384615384615385,1,4,8,0.2,0.1111111111111111,0.14285714285714285,22,0,1.0
1.75,0.32,-3.0,5,150,8,0.05333333333333334,0.9466666666666667,2,3,19,76,0.4,0.09523809523809523,0.15384615384615385,1,4,8,0.2,0.1111111111111111,0.14285714285714285,22,0,1.0
1.75,0.32,-3.0,999,150,8,0.05333333333333334,0.9466666666666667,2,3,19,76,0.4,0.09523809523809523,0.15384615384615385,1,4,8,0.2,0.1111111111111111,0.14285714285714285,22,0,1.0
1.75,0.32,-2.0,1,150,8,0.05333333333333334,0.9466666666666667,2,3,19,76,0.4,0.09523809523809523,0.15384615384615385,1,4,8,0.2,0.1111111111111111,0.14285714285714285,22,0,1.0
1.75,0.32,-2.0,2,150,8,0.05333333333333334,0.9466666666666667,2,3,19,76,0.4,0.09523809523809523,0.15384615384615385,1,4,8,0.2,0.1111111111111111,0.14285714285714285,22,0,1.0
1.75,0.32,-2.0,3,150,8,0.05333333333333334,0.9466666666666667,2,3,19,76,0.4,0.09523809523809523,0.15384615384615385,1,4,8,0.2,0.1111111111111111,0.14285714285714285,22,0,1.0
1.75,0.32,-2.0,5,150,8,0.05333333333333334,0.9466666666666667,2,3,19,76,0.4,0.09523809523809523,0.15384615384615385,1,4,8,0.2,0.1111111111111111,0.14285714285714285,22,0,1.0
1.75,0.32,-2.0,999,150,8,0.05333333333333334,0.9466666666666667,2,3,19,76,0.4,0.09523809523809523,0.15384615384615385,1,4,8,0.2,0.1111111111111111,0.14285714285714285,22,0,1.0
1.75,0.32,0.0,1,150,0,0.0,1.0,0,0,21,79,0.0,0.0,0.0,0,0,9,0.0,0.0,0.0,22,0,1.0
1.75,0.32,0.0,2,150,0,0.0,1.0,0,0,21,79,0.0,0.0,0.0,0,0,9,0.0,0.0,0.0,22,0,1.0
1.75,0.32,0.0,3,150,0,0.0,1.0,0,0,21,79,0.0,0.0,0.0,0,0,9,0.0,0.0,0.0,22,0,1.0
1.75,0.32,0.0,5,150,0,0.0,1.0,0,0,21,79,0.0,0.0,0.0,0,0,9,0.0,0.0,0.0,22,0,1.0
1.75,0.32,0.0,999,150,0,0.0,1.0,0,0,21,79,0.0,0.0,0.0,0,0,9,0.0,0.0,0.0,22,0,1.0
1.75,0.32,1.0,1,150,0,0.0,1.0,0,0,21,79,0.0,0.0,0.0,0,0,9,0.0,0.0,0.0,22,0,1.0
1.75,0.32,1.0,2,150,0,0.0,1.0,0,0,21,79,0.0,0.0,0.0,0,0,9,0.0,0.0,0.0,22,0,1.0
1.75,0.32,1.0,3,150,0,0.0,1.0,0,0,21,79,0.0,0.0,0.0,0,0,9,0.0,0.0,0.0,22,0,1.0
1.75,0.32,1.0,5,150,0,0.0,1.0,0,0,21,79,0.0,0.0,0.0,0,0,9,0.0,0.0,0.0,22,0,1.0
1.75,0.32,1.0,999,150,0,0.0,1.0,0,0,21,79,0.0,0.0,0.0,0,0,9,0.0,0.0,0.0,22,0,1.0
1.75,0.4,-7.0,1,150,34,0.22666666666666666,0.7733333333333333,7,18,14,61,0.28,0.3333333333333333,0.30434782608695654,3,22,6,0.12,0.3333333333333333,0.1764705882352941,22,0,1.0
1.75,0.4,-7.0,2,150,35,0.23333333333333334,0.7666666666666666,7,19,14,60,0.2692307692307692,0.3333333333333333,0.2978723404255319,3,23,6,0.11538461538461539,0.3333333333333333,0.17142857142857146,22,0,1.0
1.75,0.4,-7.0,3,150,35,0.23333333333333334,0.7666666666666666,7,19,14,60,0.2692307692307692,0.3333333333333333,0.2978723404255319,3,23,6,0.11538461538461539,0.3333333333333333,0.17142857142857146,22,0,1.0
1.75,0.4,-7.0,5,150,35,0.23333333333333334,0.7666666666666666,7,19,14,60,0.2692307692307692,0.3333333333333333,0.2978723404255319,3,23,6,0.11538461538461539,0.3333333333333333,0.17142857142857146,22,0,1.0
1.75,0.4,-7.0,999,150,35,0.23333333333333334,0.7666666666666666,7,19,14,60,0.2692307692307692,0.3333333333333333,0.2978723404255319,3,23,6,0.11538461538461539,0.3333333333333333,0.17142857142857146,22,0,1.0
1.75,0.4,-6.0,1,150,30,0.2,0.8,6,15,15,64,0.2857142857142857,0.2857142857142857,0.2857142857142857,2,19,7,0.09523809523809523,0.2222222222222222,0.13333333333333333,22,0,1.0
1.75,0.4,-6.0,2,150,30,0.2,0.8,6,15,15,64,0.2857142857142857,0.2857142857142857,0.2857142857142857,2,19,7,0.09523809523809523,0.2222222222222222,0.13333333333333333,22,0,1.0
1.75,0.4,-6.0,3,150,30,0.2,0.8,6,15,15,64,0.2857142857142857,0.2857142857142857,0.2857142857142857,2,19,7,0.09523809523809523,0.2222222222222222,0.13333333333333333,22,0,1.0
1.75,0.4,-6.0,5,150,30,0.2,0.8,6,15,15,64,0.2857142857142857,0.2857142857142857,0.2857142857142857,2,19,7,0.09523809523809523,0.2222222222222222,0.13333333333333333,22,0,1.0
1.75,0.4,-6.0,999,150,30,0.2,0.8,6,15,15,64,0.2857142857142857,0.2857142857142857,0.2857142857142857,2,19,7,0.09523809523809523,0.2222222222222222,0.13333333333333333,22,0,1.0
1.75,0.4,-5.0,1,150,25,0.16666666666666666,0.8333333333333334,6,12,15,67,0.3333333333333333,0.2857142857142857,0.30769230769230765,2,16,7,0.1111111111111111,0.2222222222222222,0.14814814814814814,22,0,1.0
1.75,0.4,-5.0,2,150,25,0.16666666666666666,0.8333333333333334,6,12,15,67,0.3333333333333333,0.2857142857142857,0.30769230769230765,2,16,7,0.1111111111111111,0.2222222222222222,0.14814814814814814,22,0,1.0
1.75,0.4,-5.0,3,150,25,0.16666666666666666,0.8333333333333334,6,12,15,67,0.3333333333333333,0.2857142857142857,0.30769230769230765,2,16,7,0.1111111111111111,0.2222222222222222,0.14814814814814814,22,0,1.0
1.75,0.4,-5.0,5,150,25,0.16666666666666666,0.8333333333333334,6,12,15,67,0.3333333333333333,0.2857142857142857,0.30769230769230765,2,16,7,0.1111111111111111,0.2222222222222222,0.14814814814814814,22,0,1.0
1.75,0.4,-5.0,999,150,25,0.16666666666666666,0.8333333333333334,6,12,15,67,0.3333333333333333,0.2857142857142857,0.30769230769230765,2,16,7,0.1111111111111111,0.2222222222222222,0.14814814814814814,22,0,1.0
1.75,0.4,-4.5,1,150,17,0.11333333333333333,0.8866666666666667,5,9,16,70,0.35714285714285715,0.23809523809523808,0.2857142857142857,1,13,8,0.07142857142857142,0.1111111111111111,0.08695652173913043,22,0,1.0
1.75,0.4,-4.5,2,150,17,0.11333333333333333,0.8866666666666667,5,9,16,70,0.35714285714285715,0.23809523809523808,0.2857142857142857,1,13,8,0.07142857142857142,0.1111111111111111,0.08695652173913043,22,0,1.0
1.75,0.4,-4.5,3,150,17,0.11333333333333333,0.8866666666666667,5,9,16,70,0.35714285714285715,0.23809523809523808,0.2857142857142857,1,13,8,0.07142857142857142,0.1111111111111111,0.08695652173913043,22,0,1.0
1.75,0.4,-4.5,5,150,17,0.11333333333333333,0.8866666666666667,5,9,16,70,0.35714285714285715,0.23809523809523808,0.2857142857142857,1,13,8,0.07142857142857142,0.1111111111111111,0.08695652173913043,22,0,1.0
1.75,0.4,-4.5,999,150,17,0.11333333333333333,0.8866666666666667,5,9,16,70,0.35714285714285715,0.23809523809523808,0.2857142857142857,1,13,8,0.07142857142857142,0.1111111111111111,0.08695652173913043,22,0,1.0
1.75,0.4,-4.0,1,150,11,0.07333333333333333,0.9266666666666666,4,6,17,73,0.4,0.19047619047619047,0.25806451612903225,1,9,8,0.1,0.1111111111111111,0.10526315789473685,22,0,1.0
1.75,0.4,-4.0,2,150,11,0.07333333333333333,0.9266666666666666,4,6,17,73,0.4,0.19047619047619047,0.25806451612903225,1,9,8,0.1,0.1111111111111111,0.10526315789473685,22,0,1.0
1.75,0.4,-4.0,3,150,11,0.07333333333333333,0.9266666666666666,4,6,17,73,0.4,0.19047619047619047,0.25806451612903225,1,9,8,0.1,0.1111111111111111,0.10526315789473685,22,0,1.0
1.75,0.4,-4.0,5,150,11,0.07333333333333333,0.9266666666666666,4,6,17,73,0.4,0.19047619047619047,0.25806451612903225,1,9,8,0.1,0.1111111111111111,0.10526315789473685,22,0,1.0
1.75,0.4,-4.0,999,150,11,0.07333333333333333,0.9266666666666666,4,6,17,73,0.4,0.19047619047619047,0.25806451612903225,1,9,8,0.1,0.1111111111111111,0.10526315789473685,22,0,1.0
1.75,0.4,-3.0,1,150,6,0.04,0.96,2,3,19,76,0.4,0.09523809523809523,0.15384615384615385,1,4,8,0.2,0.1111111111111111,0.14285714285714285,22,0,1.0
1.75,0.4,-3.0,2,150,6,0.04,0.96,2,3,19,76,0.4,0.09523809523809523,0.15384615384615385,1,4,8,0.2,0.1111111111111111,0.14285714285714285,22,0,1.0
1.75,0.4,-3.0,3,150,6,0.04,0.96,2,3,19,76,0.4,0.09523809523809523,0.15384615384615385,1,4,8,0.2,0.1111111111111111,0.14285714285714285,22,0,1.0
1.75,0.4,-3.0,5,150,6,0.04,0.96,2,3,19,76,0.4,0.09523809523809523,0.15384615384615385,1,4,8,0.2,0.1111111111111111,0.14285714285714285,22,0,1.0
1.75,0.4,-3.0,999,150,6,0.04,0.96,2,3,19,76,0.4,0.09523809523809523,0.15384615384615385,1,4,8,0.2,0.1111111111111111,0.14285714285714285,22,0,1.0
1.75,0.4,-2.0,1,150,6,0.04,0.96,2,3,19,76,0.4,0.09523809523809523,0.15384615384615385,1,4,8,0.2,0.1111111111111111,0.14285714285714285,22,0,1.0
1.75,0.4,-2.0,2,150,6,0.04,0.96,2,3,19,76,0.4,0.09523809523809523,0.15384615384615385,1,4,8,0.2,0.1111111111111111,0.14285714285714285,22,0,1.0
1.75,0.4,-2.0,3,150,6,0.04,0.96,2,3,19,76,0.4,0.09523809523809523,0.15384615384615385,1,4,8,0.2,0.1111111111111111,0.14285714285714285,22,0,1.0
1.75,0.4,-2.0,5,150,6,0.04,0.96,2,3,19,76,0.4,0.09523809523809523,0.15384615384615385,1,4,8,0.2,0.1111111111111111,0.14285714285714285,22,0,1.0
1.75,0.4,-2.0,999,150,6,0.04,0.96,2,3,19,76,0.4,0.09523809523809523,0.15384615384615385,1,4,8,0.2,0.1111111111111111,0.14285714285714285,22,0,1.0
1.75,0.4,0.0,1,150,0,0.0,1.0,0,0,21,79,0.0,0.0,0.0,0,0,9,0.0,0.0,0.0,22,0,1.0
1.75,0.4,0.0,2,150,0,0.0,1.0,0,0,21,79,0.0,0.0,0.0,0,0,9,0.0,0.0,0.0,22,0,1.0
1.75,0.4,0.0,3,150,0,0.0,1.0,0,0,21,79,0.0,0.0,0.0,0,0,9,0.0,0.0,0.0,22,0,1.0
1.75,0.4,0.0,5,150,0,0.0,1.0,0,0,21,79,0.0,0.0,0.0,0,0,9,0.0,0.0,0.0,22,0,1.0
1.75,0.4,0.0,999,150,0,0.0,1.0,0,0,21,79,0.0,0.0,0.0,0,0,9,0.0,0.0,0.0,22,0,1.0
1.75,0.4,1.0,1,150,0,0.0,1.0,0,0,21,79,0.0,0.0,0.0,0,0,9,0.0,0.0,0.0,22,0,1.0
1.75,0.4,1.0,2,150,0,0.0,1.0,0,0,21,79,0.0,0.0,0.0,0,0,9,0.0,0.0,0.0,22,0,1.0
1.75,0.4,1.0,3,150,0,0.0,1.0,0,0,21,79,0.0,0.0,0.0,0,0,9,0.0,0.0,0.0,22,0,1.0
1.75,0.4,1.0,5,150,0,0.0,1.0,0,0,21,79,0.0,0.0,0.0,0,0,9,0.0,0.0,0.0,22,0,1.0
1.75,0.4,1.0,999,150,0,0.0,1.0,0,0,21,79,0.0,0.0,0.0,0,0,9,0.0,0.0,0.0,22,0,1.0
1.75,0.5,-7.0,1,150,21,0.14,0.86,4,9,17,70,0.3076923076923077,0.19047619047619047,0.23529411764705882,1,12,8,0.07692307692307693,0.1111111111111111,0.09090909090909093,22,0,1.0
1.75,0.5,-7.0,2,150,22,0.14666666666666667,0.8533333333333333,4,10,17,69,0.2857142857142857,0.19047619047619047,0.22857142857142854,1,13,8,0.07142857142857142,0.1111111111111111,0.08695652173913043,22,0,1.0
1.75,0.5,-7.0,3,150,22,0.14666666666666667,0.8533333333333333,4,10,17,69,0.2857142857142857,0.19047619047619047,0.22857142857142854,1,13,8,0.07142857142857142,0.1111111111111111,0.08695652173913043,22,0,1.0
1.75,0.5,-7.0,5,150,22,0.14666666666666667,0.8533333333333333,4,10,17,69,0.2857142857142857,0.19047619047619047,0.22857142857142854,1,13,8,0.07142857142857142,0.1111111111111111,0.08695652173913043,22,0,1.0
1.75,0.5,-7.0,999,150,22,0.14666666666666667,0.8533333333333333,4,10,17,69,0.2857142857142857,0.19047619047619047,0.22857142857142854,1,13,8,0.07142857142857142,0.1111111111111111,0.08695652173913043,22,0,1.0
1.75,0.5,-6.0,1,150,18,0.12,0.88,3,7,18,72,0.3,0.14285714285714285,0.19354838709677416,0,10,9,0.0,0.0,0.0,22,0,1.0
1.75,0.5,-6.0,2,150,18,0.12,0.88,3,7,18,72,0.3,0.14285714285714285,0.19354838709677416,0,10,9,0.0,0.0,0.0,22,0,1.0
1.75,0.5,-6.0,3,150,18,0.12,0.88,3,7,18,72,0.3,0.14285714285714285,0.19354838709677416,0,10,9,0.0,0.0,0.0,22,0,1.0
1.75,0.5,-6.0,5,150,18,0.12,0.88,3,7,18,72,0.3,0.14285714285714285,0.19354838709677416,0,10,9,0.0,0.0,0.0,22,0,1.0
1.75,0.5,-6.0,999,150,18,0.12,0.88,3,7,18,72,0.3,0.14285714285714285,0.19354838709677416,0,10,9,0.0,0.0,0.0,22,0,1.0
1.75,0.5,-5.0,1,150,14,0.09333333333333334,0.9066666666666666,3,5,18,74,0.375,0.14285714285714285,0.20689655172413796,0,8,9,0.0,0.0,0.0,22,0,1.0
1.75,0.5,-5.0,2,150,14,0.09333333333333334,0.9066666666666666,3,5,18,74,0.375,0.14285714285714285,0.20689655172413796,0,8,9,0.0,0.0,0.0,22,0,1.0
1.75,0.5,-5.0,3,150,14,0.09333333333333334,0.9066666666666666,3,5,18,74,0.375,0.14285714285714285,0.20689655172413796,0,8,9,0.0,0.0,0.0,22,0,1.0
1.75,0.5,-5.0,5,150,14,0.09333333333333334,0.9066666666666666,3,5,18,74,0.375,0.14285714285714285,0.20689655172413796,0,8,9,0.0,0.0,0.0,22,0,1.0
1.75,0.5,-5.0,999,150,14,0.09333333333333334,0.9066666666666666,3,5,18,74,0.375,0.14285714285714285,0.20689655172413796,0,8,9,0.0,0.0,0.0,22,0,1.0
1.75,0.5,-4.5,1,150,11,0.07333333333333333,0.9266666666666666,3,5,18,74,0.375,0.14285714285714285,0.20689655172413796,0,8,9,0.0,0.0,0.0,22,0,1.0
1.75,0.5,-4.5,2,150,11,0.07333333333333333,0.9266666666666666,3,5,18,74,0.375,0.14285714285714285,0.20689655172413796,0,8,9,0.0,0.0,0.0,22,0,1.0
1.75,0.5,-4.5,3,150,11,0.07333333333333333,0.9266666666666666,3,5,18,74,0.375,0.14285714285714285,0.20689655172413796,0,8,9,0.0,0.0,0.0,22,0,1.0
1.75,0.5,-4.5,5,150,11,0.07333333333333333,0.9266666666666666,3,5,18,74,0.375,0.14285714285714285,0.20689655172413796,0,8,9,0.0,0.0,0.0,22,0,1.0
1.75,0.5,-4.5,999,150,11,0.07333333333333333,0.9266666666666666,3,5,18,74,0.375,0.14285714285714285,0.20689655172413796,0,8,9,0.0,0.0,0.0,22,0,1.0
1.75,0.5,-4.0,1,150,7,0.04666666666666667,0.9533333333333334,2,4,19,75,0.3333333333333333,0.09523809523809523,0.14814814814814814,0,6,9,0.0,0.0,0.0,22,0,1.0
1.75,0.5,-4.0,2,150,7,0.04666666666666667,0.9533333333333334,2,4,19,75,0.3333333333333333,0.09523809523809523,0.14814814814814814,0,6,9,0.0,0.0,0.0,22,0,1.0
1.75,0.5,-4.0,3,150,7,0.04666666666666667,0.9533333333333334,2,4,19,75,0.3333333333333333,0.09523809523809523,0.14814814814814814,0,6,9,0.0,0.0,0.0,22,0,1.0
1.75,0.5,-4.0,5,150,7,0.04666666666666667,0.9533333333333334,2,4,19,75,0.3333333333333333,0.09523809523809523,0.14814814814814814,0,6,9,0.0,0.0,0.0,22,0,1.0
1.75,0.5,-4.0,999,150,7,0.04666666666666667,0.9533333333333334,2,4,19,75,0.3333333333333333,0.09523809523809523,0.14814814814814814,0,6,9,0.0,0.0,0.0,22,0,1.0
1.75,0.5,-3.0,1,150,3,0.02,0.98,1,1,20,78,0.5,0.047619047619047616,0.08695652173913042,0,2,9,0.0,0.0,0.0,22,0,1.0
1.75,0.5,-3.0,2,150,3,0.02,0.98,1,1,20,78,0.5,0.047619047619047616,0.08695652173913042,0,2,9,0.0,0.0,0.0,22,0,1.0
1.75,0.5,-3.0,3,150,3,0.02,0.98,1,1,20,78,0.5,0.047619047619047616,0.08695652173913042,0,2,9,0.0,0.0,0.0,22,0,1.0
1.75,0.5,-3.0,5,150,3,0.02,0.98,1,1,20,78,0.5,0.047619047619047616,0.08695652173913042,0,2,9,0.0,0.0,0.0,22,0,1.0
1.75,0.5,-3.0,999,150,3,0.02,0.98,1,1,20,78,0.5,0.047619047619047616,0.08695652173913042,0,2,9,0.0,0.0,0.0,22,0,1.0
1.75,0.5,-2.0,1,150,3,0.02,0.98,1,1,20,78,0.5,0.047619047619047616,0.08695652173913042,0,2,9,0.0,0.0,0.0,22,0,1.0
1.75,0.5,-2.0,2,150,3,0.02,0.98,1,1,20,78,0.5,0.047619047619047616,0.08695652173913042,0,2,9,0.0,0.0,0.0,22,0,1.0
1.75,0.5,-2.0,3,150,3,0.02,0.98,1,1,20,78,0.5,0.047619047619047616,0.08695652173913042,0,2,9,0.0,0.0,0.0,22,0,1.0
1.75,0.5,-2.0,5,150,3,0.02,0.98,1,1,20,78,0.5,0.047619047619047616,0.08695652173913042,0,2,9,0.0,0.0,0.0,22,0,1.0
1.75,0.5,-2.0,999,150,3,0.02,0.98,1,1,20,78,0.5,0.047619047619047616,0.08695652173913042,0,2,9,0.0,0.0,0.0,22,0,1.0
1.75,0.5,0.0,1,150,0,0.0,1.0,0,0,21,79,0.0,0.0,0.0,0,0,9,0.0,0.0,0.0,22,0,1.0
1.75,0.5,0.0,2,150,0,0.0,1.0,0,0,21,79,0.0,0.0,0.0,0,0,9,0.0,0.0,0.0,22,0,1.0
1.75,0.5,0.0,3,150,0,0.0,1.0,0,0,21,79,0.0,0.0,0.0,0,0,9,0.0,0.0,0.0,22,0,1.0
1.75,0.5,0.0,5,150,0,0.0,1.0,0,0,21,79,0.0,0.0,0.0,0,0,9,0.0,0.0,0.0,22,0,1.0
1.75,0.5,0.0,999,150,0,0.0,1.0,0,0,21,79,0.0,0.0,0.0,0,0,9,0.0,0.0,0.0,22,0,1.0
1.75,0.5,1.0,1,150,0,0.0,1.0,0,0,21,79,0.0,0.0,0.0,0,0,9,0.0,0.0,0.0,22,0,1.0
1.75,0.5,1.0,2,150,0,0.0,1.0,0,0,21,79,0.0,0.0,0.0,0,0,9,0.0,0.0,0.0,22,0,1.0
1.75,0.5,1.0,3,150,0,0.0,1.0,0,0,21,79,0.0,0.0,0.0,0,0,9,0.0,0.0,0.0,22,0,1.0
1.75,0.5,1.0,5,150,0,0.0,1.0,0,0,21,79,0.0,0.0,0.0,0,0,9,0.0,0.0,0.0,22,0,1.0
1.75,0.5,1.0,999,150,0,0.0,1.0,0,0,21,79,0.0,0.0,0.0,0,0,9,0.0,0.0,0.0,22,0,1.0
2.0,0.15,-7.0,1,150,32,0.21333333333333335,0.7866666666666666,5,17,16,62,0.22727272727272727,0.23809523809523808,0.23255813953488372,3,19,6,0.13636363636363635,0.3333333333333333,0.1935483870967742,22,0,1.0
2.0,0.15,-7.0,2,150,33,0.22,0.78,5,18,16,61,0.21739130434782608,0.23809523809523808,0.22727272727272724,3,20,6,0.13043478260869565,0.3333333333333333,0.18750000000000003,22,0,1.0
2.0,0.15,-7.0,3,150,33,0.22,0.78,5,18,16,61,0.21739130434782608,0.23809523809523808,0.22727272727272724,3,20,6,0.13043478260869565,0.3333333333333333,0.18750000000000003,22,0,1.0
2.0,0.15,-7.0,5,150,33,0.22,0.78,5,18,16,61,0.21739130434782608,0.23809523809523808,0.22727272727272724,3,20,6,0.13043478260869565,0.3333333333333333,0.18750000000000003,22,0,1.0
2.0,0.15,-7.0,999,150,33,0.22,0.78,5,18,16,61,0.21739130434782608,0.23809523809523808,0.22727272727272724,3,20,6,0.13043478260869565,0.3333333333333333,0.18750000000000003,22,0,1.0
2.0,0.15,-6.0,1,150,29,0.19333333333333333,0.8066666666666666,4,15,17,64,0.21052631578947367,0.19047619047619047,0.2,2,17,7,0.10526315789473684,0.2222222222222222,0.14285714285714285,22,0,1.0
2.0,0.15,-6.0,2,150,29,0.19333333333333333,0.8066666666666666,4,15,17,64,0.21052631578947367,0.19047619047619047,0.2,2,17,7,0.10526315789473684,0.2222222222222222,0.14285714285714285,22,0,1.0
2.0,0.15,-6.0,3,150,29,0.19333333333333333,0.8066666666666666,4,15,17,64,0.21052631578947367,0.19047619047619047,0.2,2,17,7,0.10526315789473684,0.2222222222222222,0.14285714285714285,22,0,1.0
2.0,0.15,-6.0,5,150,29,0.19333333333333333,0.8066666666666666,4,15,17,64,0.21052631578947367,0.19047619047619047,0.2,2,17,7,0.10526315789473684,0.2222222222222222,0.14285714285714285,22,0,1.0
2.0,0.15,-6.0,999,150,29,0.19333333333333333,0.8066666666666666,4,15,17,64,0.21052631578947367,0.19047619047619047,0.2,2,17,7,0.10526315789473684,0.2222222222222222,0.14285714285714285,22,0,1.0
2.0,0.15,-5.0,1,150,25,0.16666666666666666,0.8333333333333334,4,13,17,66,0.23529411764705882,0.19047619047619047,0.21052631578947367,2,15,7,0.11764705882352941,0.2222222222222222,0.15384615384615383,22,0,1.0
2.0,0.15,-5.0,2,150,25,0.16666666666666666,0.8333333333333334,4,13,17,66,0.23529411764705882,0.19047619047619047,0.21052631578947367,2,15,7,0.11764705882352941,0.2222222222222222,0.15384615384615383,22,0,1.0
2.0,0.15,-5.0,3,150,25,0.16666666666666666,0.8333333333333334,4,13,17,66,0.23529411764705882,0.19047619047619047,0.21052631578947367,2,15,7,0.11764705882352941,0.2222222222222222,0.15384615384615383,22,0,1.0
2.0,0.15,-5.0,5,150,25,0.16666666666666666,0.8333333333333334,4,13,17,66,0.23529411764705882,0.19047619047619047,0.21052631578947367,2,15,7,0.11764705882352941,0.2222222222222222,0.15384615384615383,22,0,1.0
2.0,0.15,-5.0,999,150,25,0.16666666666666666,0.8333333333333334,4,13,17,66,0.23529411764705882,0.19047619047619047,0.21052631578947367,2,15,7,0.11764705882352941,0.2222222222222222,0.15384615384615383,22,0,1.0
2.0,0.15,-4.5,1,150,16,0.10666666666666667,0.8933333333333333,3,9,18,70,0.25,0.14285714285714285,0.18181818181818182,1,11,8,0.08333333333333333,0.1111111111111111,0.09523809523809525,22,0,1.0
2.0,0.15,-4.5,2,150,16,0.10666666666666667,0.8933333333333333,3,9,18,70,0.25,0.14285714285714285,0.18181818181818182,1,11,8,0.08333333333333333,0.1111111111111111,0.09523809523809525,22,0,1.0
2.0,0.15,-4.5,3,150,16,0.10666666666666667,0.8933333333333333,3,9,18,70,0.25,0.14285714285714285,0.18181818181818182,1,11,8,0.08333333333333333,0.1111111111111111,0.09523809523809525,22,0,1.0
2.0,0.15,-4.5,5,150,16,0.10666666666666667,0.8933333333333333,3,9,18,70,0.25,0.14285714285714285,0.18181818181818182,1,11,8,0.08333333333333333,0.1111111111111111,0.09523809523809525,22,0,1.0
2.0,0.15,-4.5,999,150,16,0.10666666666666667,0.8933333333333333,3,9,18,70,0.25,0.14285714285714285,0.18181818181818182,1,11,8,0.08333333333333333,0.1111111111111111,0.09523809523809525,22,0,1.0
2.0,0.15,-4.0,1,150,11,0.07333333333333333,0.9266666666666666,3,6,18,73,0.3333333333333333,0.14285714285714285,0.2,1,8,8,0.1111111111111111,0.1111111111111111,0.1111111111111111,22,0,1.0
2.0,0.15,-4.0,2,150,11,0.07333333333333333,0.9266666666666666,3,6,18,73,0.3333333333333333,0.14285714285714285,0.2,1,8,8,0.1111111111111111,0.1111111111111111,0.1111111111111111,22,0,1.0
2.0,0.15,-4.0,3,150,11,0.07333333333333333,0.9266666666666666,3,6,18,73,0.3333333333333333,0.14285714285714285,0.2,1,8,8,0.1111111111111111,0.1111111111111111,0.1111111111111111,22,0,1.0
2.0,0.15,-4.0,5,150,11,0.07333333333333333,0.9266666666666666,3,6,18,73,0.3333333333333333,0.14285714285714285,0.2,1,8,8,0.1111111111111111,0.1111111111111111,0.1111111111111111,22,0,1.0
2.0,0.15,-4.0,999,150,11,0.07333333333333333,0.9266666666666666,3,6,18,73,0.3333333333333333,0.14285714285714285,0.2,1,8,8,0.1111111111111111,0.1111111111111111,0.1111111111111111,22,0,1.0
2.0,0.15,-3.0,1,150,6,0.04,0.96,1,3,20,76,0.25,0.047619047619047616,0.08,1,3,8,0.25,0.1111111111111111,0.15384615384615383,22,0,1.0
2.0,0.15,-3.0,2,150,6,0.04,0.96,1,3,20,76,0.25,0.047619047619047616,0.08,1,3,8,0.25,0.1111111111111111,0.15384615384615383,22,0,1.0
2.0,0.15,-3.0,3,150,6,0.04,0.96,1,3,20,76,0.25,0.047619047619047616,0.08,1,3,8,0.25,0.1111111111111111,0.15384615384615383,22,0,1.0
2.0,0.15,-3.0,5,150,6,0.04,0.96,1,3,20,76,0.25,0.047619047619047616,0.08,1,3,8,0.25,0.1111111111111111,0.15384615384615383,22,0,1.0
2.0,0.15,-3.0,999,150,6,0.04,0.96,1,3,20,76,0.25,0.047619047619047616,0.08,1,3,8,0.25,0.1111111111111111,0.15384615384615383,22,0,1.0
2.0,0.15,-2.0,1,150,6,0.04,0.96,1,3,20,76,0.25,0.047619047619047616,0.08,1,3,8,0.25,0.1111111111111111,0.15384615384615383,22,0,1.0
2.0,0.15,-2.0,2,150,6,0.04,0.96,1,3,20,76,0.25,0.047619047619047616,0.08,1,3,8,0.25,0.1111111111111111,0.15384615384615383,22,0,1.0
2.0,0.15,-2.0,3,150,6,0.04,0.96,1,3,20,76,0.25,0.047619047619047616,0.08,1,3,8,0.25,0.1111111111111111,0.15384615384615383,22,0,1.0
2.0,0.15,-2.0,5,150,6,0.04,0.96,1,3,20,76,0.25,0.047619047619047616,0.08,1,3,8,0.25,0.1111111111111111,0.15384615384615383,22,0,1.0
2.0,0.15,-2.0,999,150,6,0.04,0.96,1,3,20,76,0.25,0.047619047619047616,0.08,1,3,8,0.25,0.1111111111111111,0.15384615384615383,22,0,1.0
2.0,0.15,0.0,1,150,0,0.0,1.0,0,0,21,79,0.0,0.0,0.0,0,0,9,0.0,0.0,0.0,22,0,1.0
2.0,0.15,0.0,2,150,0,0.0,1.0,0,0,21,79,0.0,0.0,0.0,0,0,9,0.0,0.0,0.0,22,0,1.0
2.0,0.15,0.0,3,150,0,0.0,1.0,0,0,21,79,0.0,0.0,0.0,0,0,9,0.0,0.0,0.0,22,0,1.0
2.0,0.15,0.0,5,150,0,0.0,1.0,0,0,21,79,0.0,0.0,0.0,0,0,9,0.0,0.0,0.0,22,0,1.0
2.0,0.15,0.0,999,150,0,0.0,1.0,0,0,21,79,0.0,0.0,0.0,0,0,9,0.0,0.0,0.0,22,0,1.0
2.0,0.15,1.0,1,150,0,0.0,1.0,0,0,21,79,0.0,0.0,0.0,0,0,9,0.0,0.0,0.0,22,0,1.0
2.0,0.15,1.0,2,150,0,0.0,1.0,0,0,21,79,0.0,0.0,0.0,0,0,9,0.0,0.0,0.0,22,0,1.0
2.0,0.15,1.0,3,150,0,0.0,1.0,0,0,21,79,0.0,0.0,0.0,0,0,9,0.0,0.0,0.0,22,0,1.0
2.0,0.15,1.0,5,150,0,0.0,1.0,0,0,21,79,0.0,0.0,0.0,0,0,9,0.0,0.0,0.0,22,0,1.0
2.0,0.15,1.0,999,150,0,0.0,1.0,0,0,21,79,0.0,0.0,0.0,0,0,9,0.0,0.0,0.0,22,0,1.0
2.0,0.2,-7.0,1,150,32,0.21333333333333335,0.7866666666666666,5,17,16,62,0.22727272727272727,0.23809523809523808,0.23255813953488372,3,19,6,0.13636363636363635,0.3333333333333333,0.1935483870967742,22,0,1.0
2.0,0.2,-7.0,2,150,33,0.22,0.78,5,18,16,61,0.21739130434782608,0.23809523809523808,0.22727272727272724,3,20,6,0.13043478260869565,0.3333333333333333,0.18750000000000003,22,0,1.0
2.0,0.2,-7.0,3,150,33,0.22,0.78,5,18,16,61,0.21739130434782608,0.23809523809523808,0.22727272727272724,3,20,6,0.13043478260869565,0.3333333333333333,0.18750000000000003,22,0,1.0
2.0,0.2,-7.0,5,150,33,0.22,0.78,5,18,16,61,0.21739130434782608,0.23809523809523808,0.22727272727272724,3,20,6,0.13043478260869565,0.3333333333333333,0.18750000000000003,22,0,1.0
2.0,0.2,-7.0,999,150,33,0.22,0.78,5,18,16,61,0.21739130434782608,0.23809523809523808,0.22727272727272724,3,20,6,0.13043478260869565,0.3333333333333333,0.18750000000000003,22,0,1.0
2.0,0.2,-6.0,1,150,29,0.19333333333333333,0.8066666666666666,4,15,17,64,0.21052631578947367,0.19047619047619047,0.2,2,17,7,0.10526315789473684,0.2222222222222222,0.14285714285714285,22,0,1.0
2.0,0.2,-6.0,2,150,29,0.19333333333333333,0.8066666666666666,4,15,17,64,0.21052631578947367,0.19047619047619047,0.2,2,17,7,0.10526315789473684,0.2222222222222222,0.14285714285714285,22,0,1.0
2.0,0.2,-6.0,3,150,29,0.19333333333333333,0.8066666666666666,4,15,17,64,0.21052631578947367,0.19047619047619047,0.2,2,17,7,0.10526315789473684,0.2222222222222222,0.14285714285714285,22,0,1.0
2.0,0.2,-6.0,5,150,29,0.19333333333333333,0.8066666666666666,4,15,17,64,0.21052631578947367,0.19047619047619047,0.2,2,17,7,0.10526315789473684,0.2222222222222222,0.14285714285714285,22,0,1.0
2.0,0.2,-6.0,999,150,29,0.19333333333333333,0.8066666666666666,4,15,17,64,0.21052631578947367,0.19047619047619047,0.2,2,17,7,0.10526315789473684,0.2222222222222222,0.14285714285714285,22,0,1.0
2.0,0.2,-5.0,1,150,25,0.16666666666666666,0.8333333333333334,4,13,17,66,0.23529411764705882,0.19047619047619047,0.21052631578947367,2,15,7,0.11764705882352941,0.2222222222222222,0.15384615384615383,22,0,1.0
2.0,0.2,-5.0,2,150,25,0.16666666666666666,0.8333333333333334,4,13,17,66,0.23529411764705882,0.19047619047619047,0.21052631578947367,2,15,7,0.11764705882352941,0.2222222222222222,0.15384615384615383,22,0,1.0
2.0,0.2,-5.0,3,150,25,0.16666666666666666,0.8333333333333334,4,13,17,66,0.23529411764705882,0.19047619047619047,0.21052631578947367,2,15,7,0.11764705882352941,0.2222222222222222,0.15384615384615383,22,0,1.0
2.0,0.2,-5.0,5,150,25,0.16666666666666666,0.8333333333333334,4,13,17,66,0.23529411764705882,0.19047619047619047,0.21052631578947367,2,15,7,0.11764705882352941,0.2222222222222222,0.15384615384615383,22,0,1.0
2.0,0.2,-5.0,999,150,25,0.16666666666666666,0.8333333333333334,4,13,17,66,0.23529411764705882,0.19047619047619047,0.21052631578947367,2,15,7,0.11764705882352941,0.2222222222222222,0.15384615384615383,22,0,1.0
2.0,0.2,-4.5,1,150,16,0.10666666666666667,0.8933333333333333,3,9,18,70,0.25,0.14285714285714285,0.18181818181818182,1,11,8,0.08333333333333333,0.1111111111111111,0.09523809523809525,22,0,1.0
2.0,0.2,-4.5,2,150,16,0.10666666666666667,0.8933333333333333,3,9,18,70,0.25,0.14285714285714285,0.18181818181818182,1,11,8,0.08333333333333333,0.1111111111111111,0.09523809523809525,22,0,1.0
2.0,0.2,-4.5,3,150,16,0.10666666666666667,0.8933333333333333,3,9,18,70,0.25,0.14285714285714285,0.18181818181818182,1,11,8,0.08333333333333333,0.1111111111111111,0.09523809523809525,22,0,1.0
2.0,0.2,-4.5,5,150,16,0.10666666666666667,0.8933333333333333,3,9,18,70,0.25,0.14285714285714285,0.18181818181818182,1,11,8,0.08333333333333333,0.1111111111111111,0.09523809523809525,22,0,1.0
2.0,0.2,-4.5,999,150,16,0.10666666666666667,0.8933333333333333,3,9,18,70,0.25,0.14285714285714285,0.18181818181818182,1,11,8,0.08333333333333333,0.1111111111111111,0.09523809523809525,22,0,1.0
2.0,0.2,-4.0,1,150,11,0.07333333333333333,0.9266666666666666,3,6,18,73,0.3333333333333333,0.14285714285714285,0.2,1,8,8,0.1111111111111111,0.1111111111111111,0.1111111111111111,22,0,1.0
2.0,0.2,-4.0,2,150,11,0.07333333333333333,0.9266666666666666,3,6,18,73,0.3333333333333333,0.14285714285714285,0.2,1,8,8,0.1111111111111111,0.1111111111111111,0.1111111111111111,22,0,1.0
2.0,0.2,-4.0,3,150,11,0.07333333333333333,0.9266666666666666,3,6,18,73,0.3333333333333333,0.14285714285714285,0.2,1,8,8,0.1111111111111111,0.1111111111111111,0.1111111111111111,22,0,1.0
2.0,0.2,-4.0,5,150,11,0.07333333333333333,0.9266666666666666,3,6,18,73,0.3333333333333333,0.14285714285714285,0.2,1,8,8,0.1111111111111111,0.1111111111111111,0.1111111111111111,22,0,1.0
2.0,0.2,-4.0,999,150,11,0.07333333333333333,0.9266666666666666,3,6,18,73,0.3333333333333333,0.14285714285714285,0.2,1,8,8,0.1111111111111111,0.1111111111111111,0.1111111111111111,22,0,1.0
2.0,0.2,-3.0,1,150,6,0.04,0.96,1,3,20,76,0.25,0.047619047619047616,0.08,1,3,8,0.25,0.1111111111111111,0.15384615384615383,22,0,1.0
2.0,0.2,-3.0,2,150,6,0.04,0.96,1,3,20,76,0.25,0.047619047619047616,0.08,1,3,8,0.25,0.1111111111111111,0.15384615384615383,22,0,1.0
2.0,0.2,-3.0,3,150,6,0.04,0.96,1,3,20,76,0.25,0.047619047619047616,0.08,1,3,8,0.25,0.1111111111111111,0.15384615384615383,22,0,1.0
2.0,0.2,-3.0,5,150,6,0.04,0.96,1,3,20,76,0.25,0.047619047619047616,0.08,1,3,8,0.25,0.1111111111111111,0.15384615384615383,22,0,1.0
2.0,0.2,-3.0,999,150,6,0.04,0.96,1,3,20,76,0.25,0.047619047619047616,0.08,1,3,8,0.25,0.1111111111111111,0.15384615384615383,22,0,1.0
2.0,0.2,-2.0,1,150,6,0.04,0.96,1,3,20,76,0.25,0.047619047619047616,0.08,1,3,8,0.25,0.1111111111111111,0.15384615384615383,22,0,1.0
2.0,0.2,-2.0,2,150,6,0.04,0.96,1,3,20,76,0.25,0.047619047619047616,0.08,1,3,8,0.25,0.1111111111111111,0.15384615384615383,22,0,1.0
2.0,0.2,-2.0,3,150,6,0.04,0.96,1,3,20,76,0.25,0.047619047619047616,0.08,1,3,8,0.25,0.1111111111111111,0.15384615384615383,22,0,1.0
2.0,0.2,-2.0,5,150,6,0.04,0.96,1,3,20,76,0.25,0.047619047619047616,0.08,1,3,8,0.25,0.1111111111111111,0.15384615384615383,22,0,1.0
2.0,0.2,-2.0,999,150,6,0.04,0.96,1,3,20,76,0.25,0.047619047619047616,0.08,1,3,8,0.25,0.1111111111111111,0.15384615384615383,22,0,1.0
2.0,0.2,0.0,1,150,0,0.0,1.0,0,0,21,79,0.0,0.0,0.0,0,0,9,0.0,0.0,0.0,22,0,1.0
2.0,0.2,0.0,2,150,0,0.0,1.0,0,0,21,79,0.0,0.0,0.0,0,0,9,0.0,0.0,0.0,22,0,1.0
2.0,0.2,0.0,3,150,0,0.0,1.0,0,0,21,79,0.0,0.0,0.0,0,0,9,0.0,0.0,0.0,22,0,1.0
2.0,0.2,0.0,5,150,0,0.0,1.0,0,0,21,79,0.0,0.0,0.0,0,0,9,0.0,0.0,0.0,22,0,1.0
2.0,0.2,0.0,999,150,0,0.0,1.0,0,0,21,79,0.0,0.0,0.0,0,0,9,0.0,0.0,0.0,22,0,1.0
2.0,0.2,1.0,1,150,0,0.0,1.0,0,0,21,79,0.0,0.0,0.0,0,0,9,0.0,0.0,0.0,22,0,1.0
2.0,0.2,1.0,2,150,0,0.0,1.0,0,0,21,79,0.0,0.0,0.0,0,0,9,0.0,0.0,0.0,22,0,1.0
2.0,0.2,1.0,3,150,0,0.0,1.0,0,0,21,79,0.0,0.0,0.0,0,0,9,0.0,0.0,0.0,22,0,1.0
2.0,0.2,1.0,5,150,0,0.0,1.0,0,0,21,79,0.0,0.0,0.0,0,0,9,0.0,0.0,0.0,22,0,1.0
2.0,0.2,1.0,999,150,0,0.0,1.0,0,0,21,79,0.0,0.0,0.0,0,0,9,0.0,0.0,0.0,22,0,1.0
2.0,0.25,-7.0,1,150,32,0.21333333333333335,0.7866666666666666,5,17,16,62,0.22727272727272727,0.23809523809523808,0.23255813953488372,3,19,6,0.13636363636363635,0.3333333333333333,0.1935483870967742,22,0,1.0
2.0,0.25,-7.0,2,150,33,0.22,0.78,5,18,16,61,0.21739130434782608,0.23809523809523808,0.22727272727272724,3,20,6,0.13043478260869565,0.3333333333333333,0.18750000000000003,22,0,1.0
2.0,0.25,-7.0,3,150,33,0.22,0.78,5,18,16,61,0.21739130434782608,0.23809523809523808,0.22727272727272724,3,20,6,0.13043478260869565,0.3333333333333333,0.18750000000000003,22,0,1.0
2.0,0.25,-7.0,5,150,33,0.22,0.78,5,18,16,61,0.21739130434782608,0.23809523809523808,0.22727272727272724,3,20,6,0.13043478260869565,0.3333333333333333,0.18750000000000003,22,0,1.0
2.0,0.25,-7.0,999,150,33,0.22,0.78,5,18,16,61,0.21739130434782608,0.23809523809523808,0.22727272727272724,3,20,6,0.13043478260869565,0.3333333333333333,0.18750000000000003,22,0,1.0
2.0,0.25,-6.0,1,150,29,0.19333333333333333,0.8066666666666666,4,15,17,64,0.21052631578947367,0.19047619047619047,0.2,2,17,7,0.10526315789473684,0.2222222222222222,0.14285714285714285,22,0,1.0
2.0,0.25,-6.0,2,150,29,0.19333333333333333,0.8066666666666666,4,15,17,64,0.21052631578947367,0.19047619047619047,0.2,2,17,7,0.10526315789473684,0.2222222222222222,0.14285714285714285,22,0,1.0
2.0,0.25,-6.0,3,150,29,0.19333333333333333,0.8066666666666666,4,15,17,64,0.21052631578947367,0.19047619047619047,0.2,2,17,7,0.10526315789473684,0.2222222222222222,0.14285714285714285,22,0,1.0
2.0,0.25,-6.0,5,150,29,0.19333333333333333,0.8066666666666666,4,15,17,64,0.21052631578947367,0.19047619047619047,0.2,2,17,7,0.10526315789473684,0.2222222222222222,0.14285714285714285,22,0,1.0
2.0,0.25,-6.0,999,150,29,0.19333333333333333,0.8066666666666666,4,15,17,64,0.21052631578947367,0.19047619047619047,0.2,2,17,7,0.10526315789473684,0.2222222222222222,0.14285714285714285,22,0,1.0
2.0,0.25,-5.0,1,150,25,0.16666666666666666,0.8333333333333334,4,13,17,66,0.23529411764705882,0.19047619047619047,0.21052631578947367,2,15,7,0.11764705882352941,0.2222222222222222,0.15384615384615383,22,0,1.0
2.0,0.25,-5.0,2,150,25,0.16666666666666666,0.8333333333333334,4,13,17,66,0.23529411764705882,0.19047619047619047,0.21052631578947367,2,15,7,0.11764705882352941,0.2222222222222222,0.15384615384615383,22,0,1.0
2.0,0.25,-5.0,3,150,25,0.16666666666666666,0.8333333333333334,4,13,17,66,0.23529411764705882,0.19047619047619047,0.21052631578947367,2,15,7,0.11764705882352941,0.2222222222222222,0.15384615384615383,22,0,1.0
2.0,0.25,-5.0,5,150,25,0.16666666666666666,0.8333333333333334,4,13,17,66,0.23529411764705882,0.19047619047619047,0.21052631578947367,2,15,7,0.11764705882352941,0.2222222222222222,0.15384615384615383,22,0,1.0
2.0,0.25,-5.0,999,150,25,0.16666666666666666,0.8333333333333334,4,13,17,66,0.23529411764705882,0.19047619047619047,0.21052631578947367,2,15,7,0.11764705882352941,0.2222222222222222,0.15384615384615383,22,0,1.0
2.0,0.25,-4.5,1,150,16,0.10666666666666667,0.8933333333333333,3,9,18,70,0.25,0.14285714285714285,0.18181818181818182,1,11,8,0.08333333333333333,0.1111111111111111,0.09523809523809525,22,0,1.0
2.0,0.25,-4.5,2,150,16,0.10666666666666667,0.8933333333333333,3,9,18,70,0.25,0.14285714285714285,0.18181818181818182,1,11,8,0.08333333333333333,0.1111111111111111,0.09523809523809525,22,0,1.0
2.0,0.25,-4.5,3,150,16,0.10666666666666667,0.8933333333333333,3,9,18,70,0.25,0.14285714285714285,0.18181818181818182,1,11,8,0.08333333333333333,0.1111111111111111,0.09523809523809525,22,0,1.0
2.0,0.25,-4.5,5,150,16,0.10666666666666667,0.8933333333333333,3,9,18,70,0.25,0.14285714285714285,0.18181818181818182,1,11,8,0.08333333333333333,0.1111111111111111,0.09523809523809525,22,0,1.0
2.0,0.25,-4.5,999,150,16,0.10666666666666667,0.8933333333333333,3,9,18,70,0.25,0.14285714285714285,0.18181818181818182,1,11,8,0.08333333333333333,0.1111111111111111,0.09523809523809525,22,0,1.0
2.0,0.25,-4.0,1,150,11,0.07333333333333333,0.9266666666666666,3,6,18,73,0.3333333333333333,0.14285714285714285,0.2,1,8,8,0.1111111111111111,0.1111111111111111,0.1111111111111111,22,0,1.0
2.0,0.25,-4.0,2,150,11,0.07333333333333333,0.9266666666666666,3,6,18,73,0.3333333333333333,0.14285714285714285,0.2,1,8,8,0.1111111111111111,0.1111111111111111,0.1111111111111111,22,0,1.0
2.0,0.25,-4.0,3,150,11,0.07333333333333333,0.9266666666666666,3,6,18,73,0.3333333333333333,0.14285714285714285,0.2,1,8,8,0.1111111111111111,0.1111111111111111,0.1111111111111111,22,0,1.0
2.0,0.25,-4.0,5,150,11,0.07333333333333333,0.9266666666666666,3,6,18,73,0.3333333333333333,0.14285714285714285,0.2,1,8,8,0.1111111111111111,0.1111111111111111,0.1111111111111111,22,0,1.0
2.0,0.25,-4.0,999,150,11,0.07333333333333333,0.9266666666666666,3,6,18,73,0.3333333333333333,0.14285714285714285,0.2,1,8,8,0.1111111111111111,0.1111111111111111,0.1111111111111111,22,0,1.0
2.0,0.25,-3.0,1,150,6,0.04,0.96,1,3,20,76,0.25,0.047619047619047616,0.08,1,3,8,0.25,0.1111111111111111,0.15384615384615383,22,0,1.0
2.0,0.25,-3.0,2,150,6,0.04,0.96,1,3,20,76,0.25,0.047619047619047616,0.08,1,3,8,0.25,0.1111111111111111,0.15384615384615383,22,0,1.0
2.0,0.25,-3.0,3,150,6,0.04,0.96,1,3,20,76,0.25,0.047619047619047616,0.08,1,3,8,0.25,0.1111111111111111,0.15384615384615383,22,0,1.0
2.0,0.25,-3.0,5,150,6,0.04,0.96,1,3,20,76,0.25,0.047619047619047616,0.08,1,3,8,0.25,0.1111111111111111,0.15384615384615383,22,0,1.0
2.0,0.25,-3.0,999,150,6,0.04,0.96,1,3,20,76,0.25,0.047619047619047616,0.08,1,3,8,0.25,0.1111111111111111,0.15384615384615383,22,0,1.0
2.0,0.25,-2.0,1,150,6,0.04,0.96,1,3,20,76,0.25,0.047619047619047616,0.08,1,3,8,0.25,0.1111111111111111,0.15384615384615383,22,0,1.0
2.0,0.25,-2.0,2,150,6,0.04,0.96,1,3,20,76,0.25,0.047619047619047616,0.08,1,3,8,0.25,0.1111111111111111,0.15384615384615383,22,0,1.0
2.0,0.25,-2.0,3,150,6,0.04,0.96,1,3,20,76,0.25,0.047619047619047616,0.08,1,3,8,0.25,0.1111111111111111,0.15384615384615383,22,0,1.0
2.0,0.25,-2.0,5,150,6,0.04,0.96,1,3,20,76,0.25,0.047619047619047616,0.08,1,3,8,0.25,0.1111111111111111,0.15384615384615383,22,0,1.0
2.0,0.25,-2.0,999,150,6,0.04,0.96,1,3,20,76,0.25,0.047619047619047616,0.08,1,3,8,0.25,0.1111111111111111,0.15384615384615383,22,0,1.0
2.0,0.25,0.0,1,150,0,0.0,1.0,0,0,21,79,0.0,0.0,0.0,0,0,9,0.0,0.0,0.0,22,0,1.0
2.0,0.25,0.0,2,150,0,0.0,1.0,0,0,21,79,0.0,0.0,0.0,0,0,9,0.0,0.0,0.0,22,0,1.0
2.0,0.25,0.0,3,150,0,0.0,1.0,0,0,21,79,0.0,0.0,0.0,0,0,9,0.0,0.0,0.0,22,0,1.0
2.0,0.25,0.0,5,150,0,0.0,1.0,0,0,21,79,0.0,0.0,0.0,0,0,9,0.0,0.0,0.0,22,0,1.0
2.0,0.25,0.0,999,150,0,0.0,1.0,0,0,21,79,0.0,0.0,0.0,0,0,9,0.0,0.0,0.0,22,0,1.0
2.0,0.25,1.0,1,150,0,0.0,1.0,0,0,21,79,0.0,0.0,0.0,0,0,9,0.0,0.0,0.0,22,0,1.0
2.0,0.25,1.0,2,150,0,0.0,1.0,0,0,21,79,0.0,0.0,0.0,0,0,9,0.0,0.0,0.0,22,0,1.0
2.0,0.25,1.0,3,150,0,0.0,1.0,0,0,21,79,0.0,0.0,0.0,0,0,9,0.0,0.0,0.0,22,0,1.0
2.0,0.25,1.0,5,150,0,0.0,1.0,0,0,21,79,0.0,0.0,0.0,0,0,9,0.0,0.0,0.0,22,0,1.0
2.0,0.25,1.0,999,150,0,0.0,1.0,0,0,21,79,0.0,0.0,0.0,0,0,9,0.0,0.0,0.0,22,0,1.0
2.0,0.28,-7.0,1,150,32,0.21333333333333335,0.7866666666666666,5,17,16,62,0.22727272727272727,0.23809523809523808,0.23255813953488372,3,19,6,0.13636363636363635,0.3333333333333333,0.1935483870967742,22,0,1.0
2.0,0.28,-7.0,2,150,33,0.22,0.78,5,18,16,61,0.21739130434782608,0.23809523809523808,0.22727272727272724,3,20,6,0.13043478260869565,0.3333333333333333,0.18750000000000003,22,0,1.0
2.0,0.28,-7.0,3,150,33,0.22,0.78,5,18,16,61,0.21739130434782608,0.23809523809523808,0.22727272727272724,3,20,6,0.13043478260869565,0.3333333333333333,0.18750000000000003,22,0,1.0
2.0,0.28,-7.0,5,150,33,0.22,0.78,5,18,16,61,0.21739130434782608,0.23809523809523808,0.22727272727272724,3,20,6,0.13043478260869565,0.3333333333333333,0.18750000000000003,22,0,1.0
2.0,0.28,-7.0,999,150,33,0.22,0.78,5,18,16,61,0.21739130434782608,0.23809523809523808,0.22727272727272724,3,20,6,0.13043478260869565,0.3333333333333333,0.18750000000000003,22,0,1.0
2.0,0.28,-6.0,1,150,29,0.19333333333333333,0.8066666666666666,4,15,17,64,0.21052631578947367,0.19047619047619047,0.2,2,17,7,0.10526315789473684,0.2222222222222222,0.14285714285714285,22,0,1.0
2.0,0.28,-6.0,2,150,29,0.19333333333333333,0.8066666666666666,4,15,17,64,0.21052631578947367,0.19047619047619047,0.2,2,17,7,0.10526315789473684,0.2222222222222222,0.14285714285714285,22,0,1.0
2.0,0.28,-6.0,3,150,29,0.19333333333333333,0.8066666666666666,4,15,17,64,0.21052631578947367,0.19047619047619047,0.2,2,17,7,0.10526315789473684,0.2222222222222222,0.14285714285714285,22,0,1.0
2.0,0.28,-6.0,5,150,29,0.19333333333333333,0.8066666666666666,4,15,17,64,0.21052631578947367,0.19047619047619047,0.2,2,17,7,0.10526315789473684,0.2222222222222222,0.14285714285714285,22,0,1.0
2.0,0.28,-6.0,999,150,29,0.19333333333333333,0.8066666666666666,4,15,17,64,0.21052631578947367,0.19047619047619047,0.2,2,17,7,0.10526315789473684,0.2222222222222222,0.14285714285714285,22,0,1.0
2.0,0.28,-5.0,1,150,25,0.16666666666666666,0.8333333333333334,4,13,17,66,0.23529411764705882,0.19047619047619047,0.21052631578947367,2,15,7,0.11764705882352941,0.2222222222222222,0.15384615384615383,22,0,1.0
2.0,0.28,-5.0,2,150,25,0.16666666666666666,0.8333333333333334,4,13,17,66,0.23529411764705882,0.19047619047619047,0.21052631578947367,2,15,7,0.11764705882352941,0.2222222222222222,0.15384615384615383,22,0,1.0
2.0,0.28,-5.0,3,150,25,0.16666666666666666,0.8333333333333334,4,13,17,66,0.23529411764705882,0.19047619047619047,0.21052631578947367,2,15,7,0.11764705882352941,0.2222222222222222,0.15384615384615383,22,0,1.0
2.0,0.28,-5.0,5,150,25,0.16666666666666666,0.8333333333333334,4,13,17,66,0.23529411764705882,0.19047619047619047,0.21052631578947367,2,15,7,0.11764705882352941,0.2222222222222222,0.15384615384615383,22,0,1.0
2.0,0.28,-5.0,999,150,25,0.16666666666666666,0.8333333333333334,4,13,17,66,0.23529411764705882,0.19047619047619047,0.21052631578947367,2,15,7,0.11764705882352941,0.2222222222222222,0.15384615384615383,22,0,1.0
2.0,0.28,-4.5,1,150,16,0.10666666666666667,0.8933333333333333,3,9,18,70,0.25,0.14285714285714285,0.18181818181818182,1,11,8,0.08333333333333333,0.1111111111111111,0.09523809523809525,22,0,1.0
2.0,0.28,-4.5,2,150,16,0.10666666666666667,0.8933333333333333,3,9,18,70,0.25,0.14285714285714285,0.18181818181818182,1,11,8,0.08333333333333333,0.1111111111111111,0.09523809523809525,22,0,1.0
2.0,0.28,-4.5,3,150,16,0.10666666666666667,0.8933333333333333,3,9,18,70,0.25,0.14285714285714285,0.18181818181818182,1,11,8,0.08333333333333333,0.1111111111111111,0.09523809523809525,22,0,1.0
2.0,0.28,-4.5,5,150,16,0.10666666666666667,0.8933333333333333,3,9,18,70,0.25,0.14285714285714285,0.18181818181818182,1,11,8,0.08333333333333333,0.1111111111111111,0.09523809523809525,22,0,1.0
2.0,0.28,-4.5,999,150,16,0.10666666666666667,0.8933333333333333,3,9,18,70,0.25,0.14285714285714285,0.18181818181818182,1,11,8,0.08333333333333333,0.1111111111111111,0.09523809523809525,22,0,1.0
2.0,0.28,-4.0,1,150,11,0.07333333333333333,0.9266666666666666,3,6,18,73,0.3333333333333333,0.14285714285714285,0.2,1,8,8,0.1111111111111111,0.1111111111111111,0.1111111111111111,22,0,1.0
2.0,0.28,-4.0,2,150,11,0.07333333333333333,0.9266666666666666,3,6,18,73,0.3333333333333333,0.14285714285714285,0.2,1,8,8,0.1111111111111111,0.1111111111111111,0.1111111111111111,22,0,1.0
2.0,0.28,-4.0,3,150,11,0.07333333333333333,0.9266666666666666,3,6,18,73,0.3333333333333333,0.14285714285714285,0.2,1,8,8,0.1111111111111111,0.1111111111111111,0.1111111111111111,22,0,1.0
2.0,0.28,-4.0,5,150,11,0.07333333333333333,0.9266666666666666,3,6,18,73,0.3333333333333333,0.14285714285714285,0.2,1,8,8,0.1111111111111111,0.1111111111111111,0.1111111111111111,22,0,1.0
2.0,0.28,-4.0,999,150,11,0.07333333333333333,0.9266666666666666,3,6,18,73,0.3333333333333333,0.14285714285714285,0.2,1,8,8,0.1111111111111111,0.1111111111111111,0.1111111111111111,22,0,1.0
2.0,0.28,-3.0,1,150,6,0.04,0.96,1,3,20,76,0.25,0.047619047619047616,0.08,1,3,8,0.25,0.1111111111111111,0.15384615384615383,22,0,1.0
2.0,0.28,-3.0,2,150,6,0.04,0.96,1,3,20,76,0.25,0.047619047619047616,0.08,1,3,8,0.25,0.1111111111111111,0.15384615384615383,22,0,1.0
2.0,0.28,-3.0,3,150,6,0.04,0.96,1,3,20,76,0.25,0.047619047619047616,0.08,1,3,8,0.25,0.1111111111111111,0.15384615384615383,22,0,1.0
2.0,0.28,-3.0,5,150,6,0.04,0.96,1,3,20,76,0.25,0.047619047619047616,0.08,1,3,8,0.25,0.1111111111111111,0.15384615384615383,22,0,1.0
2.0,0.28,-3.0,999,150,6,0.04,0.96,1,3,20,76,0.25,0.047619047619047616,0.08,1,3,8,0.25,0.1111111111111111,0.15384615384615383,22,0,1.0
2.0,0.28,-2.0,1,150,6,0.04,0.96,1,3,20,76,0.25,0.047619047619047616,0.08,1,3,8,0.25,0.1111111111111111,0.15384615384615383,22,0,1.0
2.0,0.28,-2.0,2,150,6,0.04,0.96,1,3,20,76,0.25,0.047619047619047616,0.08,1,3,8,0.25,0.1111111111111111,0.15384615384615383,22,0,1.0
2.0,0.28,-2.0,3,150,6,0.04,0.96,1,3,20,76,0.25,0.047619047619047616,0.08,1,3,8,0.25,0.1111111111111111,0.15384615384615383,22,0,1.0
2.0,0.28,-2.0,5,150,6,0.04,0.96,1,3,20,76,0.25,0.047619047619047616,0.08,1,3,8,0.25,0.1111111111111111,0.15384615384615383,22,0,1.0
2.0,0.28,-2.0,999,150,6,0.04,0.96,1,3,20,76,0.25,0.047619047619047616,0.08,1,3,8,0.25,0.1111111111111111,0.15384615384615383,22,0,1.0
2.0,0.28,0.0,1,150,0,0.0,1.0,0,0,21,79,0.0,0.0,0.0,0,0,9,0.0,0.0,0.0,22,0,1.0
2.0,0.28,0.0,2,150,0,0.0,1.0,0,0,21,79,0.0,0.0,0.0,0,0,9,0.0,0.0,0.0,22,0,1.0
2.0,0.28,0.0,3,150,0,0.0,1.0,0,0,21,79,0.0,0.0,0.0,0,0,9,0.0,0.0,0.0,22,0,1.0
2.0,0.28,0.0,5,150,0,0.0,1.0,0,0,21,79,0.0,0.0,0.0,0,0,9,0.0,0.0,0.0,22,0,1.0
2.0,0.28,0.0,999,150,0,0.0,1.0,0,0,21,79,0.0,0.0,0.0,0,0,9,0.0,0.0,0.0,22,0,1.0
2.0,0.28,1.0,1,150,0,0.0,1.0,0,0,21,79,0.0,0.0,0.0,0,0,9,0.0,0.0,0.0,22,0,1.0
2.0,0.28,1.0,2,150,0,0.0,1.0,0,0,21,79,0.0,0.0,0.0,0,0,9,0.0,0.0,0.0,22,0,1.0
2.0,0.28,1.0,3,150,0,0.0,1.0,0,0,21,79,0.0,0.0,0.0,0,0,9,0.0,0.0,0.0,22,0,1.0
2.0,0.28,1.0,5,150,0,0.0,1.0,0,0,21,79,0.0,0.0,0.0,0,0,9,0.0,0.0,0.0,22,0,1.0
2.0,0.28,1.0,999,150,0,0.0,1.0,0,0,21,79,0.0,0.0,0.0,0,0,9,0.0,0.0,0.0,22,0,1.0
2.0,0.32,-7.0,1,150,32,0.21333333333333335,0.7866666666666666,5,17,16,62,0.22727272727272727,0.23809523809523808,0.23255813953488372,3,19,6,0.13636363636363635,0.3333333333333333,0.1935483870967742,22,0,1.0
2.0,0.32,-7.0,2,150,33,0.22,0.78,5,18,16,61,0.21739130434782608,0.23809523809523808,0.22727272727272724,3,20,6,0.13043478260869565,0.3333333333333333,0.18750000000000003,22,0,1.0
2.0,0.32,-7.0,3,150,33,0.22,0.78,5,18,16,61,0.21739130434782608,0.23809523809523808,0.22727272727272724,3,20,6,0.13043478260869565,0.3333333333333333,0.18750000000000003,22,0,1.0
2.0,0.32,-7.0,5,150,33,0.22,0.78,5,18,16,61,0.21739130434782608,0.23809523809523808,0.22727272727272724,3,20,6,0.13043478260869565,0.3333333333333333,0.18750000000000003,22,0,1.0
2.0,0.32,-7.0,999,150,33,0.22,0.78,5,18,16,61,0.21739130434782608,0.23809523809523808,0.22727272727272724,3,20,6,0.13043478260869565,0.3333333333333333,0.18750000000000003,22,0,1.0
2.0,0.32,-6.0,1,150,29,0.19333333333333333,0.8066666666666666,4,15,17,64,0.21052631578947367,0.19047619047619047,0.2,2,17,7,0.10526315789473684,0.2222222222222222,0.14285714285714285,22,0,1.0
2.0,0.32,-6.0,2,150,29,0.19333333333333333,0.8066666666666666,4,15,17,64,0.21052631578947367,0.19047619047619047,0.2,2,17,7,0.10526315789473684,0.2222222222222222,0.14285714285714285,22,0,1.0
2.0,0.32,-6.0,3,150,29,0.19333333333333333,0.8066666666666666,4,15,17,64,0.21052631578947367,0.19047619047619047,0.2,2,17,7,0.10526315789473684,0.2222222222222222,0.14285714285714285,22,0,1.0
2.0,0.32,-6.0,5,150,29,0.19333333333333333,0.8066666666666666,4,15,17,64,0.21052631578947367,0.19047619047619047,0.2,2,17,7,0.10526315789473684,0.2222222222222222,0.14285714285714285,22,0,1.0
2.0,0.32,-6.0,999,150,29,0.19333333333333333,0.8066666666666666,4,15,17,64,0.21052631578947367,0.19047619047619047,0.2,2,17,7,0.10526315789473684,0.2222222222222222,0.14285714285714285,22,0,1.0
2.0,0.32,-5.0,1,150,25,0.16666666666666666,0.8333333333333334,4,13,17,66,0.23529411764705882,0.19047619047619047,0.21052631578947367,2,15,7,0.11764705882352941,0.2222222222222222,0.15384615384615383,22,0,1.0
2.0,0.32,-5.0,2,150,25,0.16666666666666666,0.8333333333333334,4,13,17,66,0.23529411764705882,0.19047619047619047,0.21052631578947367,2,15,7,0.11764705882352941,0.2222222222222222,0.15384615384615383,22,0,1.0
2.0,0.32,-5.0,3,150,25,0.16666666666666666,0.8333333333333334,4,13,17,66,0.23529411764705882,0.19047619047619047,0.21052631578947367,2,15,7,0.11764705882352941,0.2222222222222222,0.15384615384615383,22,0,1.0
2.0,0.32,-5.0,5,150,25,0.16666666666666666,0.8333333333333334,4,13,17,66,0.23529411764705882,0.19047619047619047,0.21052631578947367,2,15,7,0.11764705882352941,0.2222222222222222,0.15384615384615383,22,0,1.0
2.0,0.32,-5.0,999,150,25,0.16666666666666666,0.8333333333333334,4,13,17,66,0.23529411764705882,0.19047619047619047,0.21052631578947367,2,15,7,0.11764705882352941,0.2222222222222222,0.15384615384615383,22,0,1.0
2.0,0.32,-4.5,1,150,16,0.10666666666666667,0.8933333333333333,3,9,18,70,0.25,0.14285714285714285,0.18181818181818182,1,11,8,0.08333333333333333,0.1111111111111111,0.09523809523809525,22,0,1.0
2.0,0.32,-4.5,2,150,16,0.10666666666666667,0.8933333333333333,3,9,18,70,0.25,0.14285714285714285,0.18181818181818182,1,11,8,0.08333333333333333,0.1111111111111111,0.09523809523809525,22,0,1.0
2.0,0.32,-4.5,3,150,16,0.10666666666666667,0.8933333333333333,3,9,18,70,0.25,0.14285714285714285,0.18181818181818182,1,11,8,0.08333333333333333,0.1111111111111111,0.09523809523809525,22,0,1.0
2.0,0.32,-4.5,5,150,16,0.10666666666666667,0.8933333333333333,3,9,18,70,0.25,0.14285714285714285,0.18181818181818182,1,11,8,0.08333333333333333,0.1111111111111111,0.09523809523809525,22,0,1.0
2.0,0.32,-4.5,999,150,16,0.10666666666666667,0.8933333333333333,3,9,18,70,0.25,0.14285714285714285,0.18181818181818182,1,11,8,0.08333333333333333,0.1111111111111111,0.09523809523809525,22,0,1.0
2.0,0.32,-4.0,1,150,11,0.07333333333333333,0.9266666666666666,3,6,18,73,0.3333333333333333,0.14285714285714285,0.2,1,8,8,0.1111111111111111,0.1111111111111111,0.1111111111111111,22,0,1.0
2.0,0.32,-4.0,2,150,11,0.07333333333333333,0.9266666666666666,3,6,18,73,0.3333333333333333,0.14285714285714285,0.2,1,8,8,0.1111111111111111,0.1111111111111111,0.1111111111111111,22,0,1.0
2.0,0.32,-4.0,3,150,11,0.07333333333333333,0.9266666666666666,3,6,18,73,0.3333333333333333,0.14285714285714285,0.2,1,8,8,0.1111111111111111,0.1111111111111111,0.1111111111111111,22,0,1.0
2.0,0.32,-4.0,5,150,11,0.07333333333333333,0.9266666666666666,3,6,18,73,0.3333333333333333,0.14285714285714285,0.2,1,8,8,0.1111111111111111,0.1111111111111111,0.1111111111111111,22,0,1.0
2.0,0.32,-4.0,999,150,11,0.07333333333333333,0.9266666666666666,3,6,18,73,0.3333333333333333,0.14285714285714285,0.2,1,8,8,0.1111111111111111,0.1111111111111111,0.1111111111111111,22,0,1.0
2.0,0.32,-3.0,1,150,6,0.04,0.96,1,3,20,76,0.25,0.047619047619047616,0.08,1,3,8,0.25,0.1111111111111111,0.15384615384615383,22,0,1.0
2.0,0.32,-3.0,2,150,6,0.04,0.96,1,3,20,76,0.25,0.047619047619047616,0.08,1,3,8,0.25,0.1111111111111111,0.15384615384615383,22,0,1.0
2.0,0.32,-3.0,3,150,6,0.04,0.96,1,3,20,76,0.25,0.047619047619047616,0.08,1,3,8,0.25,0.1111111111111111,0.15384615384615383,22,0,1.0
2.0,0.32,-3.0,5,150,6,0.04,0.96,1,3,20,76,0.25,0.047619047619047616,0.08,1,3,8,0.25,0.1111111111111111,0.15384615384615383,22,0,1.0
2.0,0.32,-3.0,999,150,6,0.04,0.96,1,3,20,76,0.25,0.047619047619047616,0.08,1,3,8,0.25,0.1111111111111111,0.15384615384615383,22,0,1.0
2.0,0.32,-2.0,1,150,6,0.04,0.96,1,3,20,76,0.25,0.047619047619047616,0.08,1,3,8,0.25,0.1111111111111111,0.15384615384615383,22,0,1.0
2.0,0.32,-2.0,2,150,6,0.04,0.96,1,3,20,76,0.25,0.047619047619047616,0.08,1,3,8,0.25,0.1111111111111111,0.15384615384615383,22,0,1.0
2.0,0.32,-2.0,3,150,6,0.04,0.96,1,3,20,76,0.25,0.047619047619047616,0.08,1,3,8,0.25,0.1111111111111111,0.15384615384615383,22,0,1.0
2.0,0.32,-2.0,5,150,6,0.04,0.96,1,3,20,76,0.25,0.047619047619047616,0.08,1,3,8,0.25,0.1111111111111111,0.15384615384615383,22,0,1.0
2.0,0.32,-2.0,999,150,6,0.04,0.96,1,3,20,76,0.25,0.047619047619047616,0.08,1,3,8,0.25,0.1111111111111111,0.15384615384615383,22,0,1.0
2.0,0.32,0.0,1,150,0,0.0,1.0,0,0,21,79,0.0,0.0,0.0,0,0,9,0.0,0.0,0.0,22,0,1.0
2.0,0.32,0.0,2,150,0,0.0,1.0,0,0,21,79,0.0,0.0,0.0,0,0,9,0.0,0.0,0.0,22,0,1.0
2.0,0.32,0.0,3,150,0,0.0,1.0,0,0,21,79,0.0,0.0,0.0,0,0,9,0.0,0.0,0.0,22,0,1.0
2.0,0.32,0.0,5,150,0,0.0,1.0,0,0,21,79,0.0,0.0,0.0,0,0,9,0.0,0.0,0.0,22,0,1.0
2.0,0.32,0.0,999,150,0,0.0,1.0,0,0,21,79,0.0,0.0,0.0,0,0,9,0.0,0.0,0.0,22,0,1.0
2.0,0.32,1.0,1,150,0,0.0,1.0,0,0,21,79,0.0,0.0,0.0,0,0,9,0.0,0.0,0.0,22,0,1.0
2.0,0.32,1.0,2,150,0,0.0,1.0,0,0,21,79,0.0,0.0,0.0,0,0,9,0.0,0.0,0.0,22,0,1.0
2.0,0.32,1.0,3,150,0,0.0,1.0,0,0,21,79,0.0,0.0,0.0,0,0,9,0.0,0.0,0.0,22,0,1.0
2.0,0.32,1.0,5,150,0,0.0,1.0,0,0,21,79,0.0,0.0,0.0,0,0,9,0.0,0.0,0.0,22,0,1.0
2.0,0.32,1.0,999,150,0,0.0,1.0,0,0,21,79,0.0,0.0,0.0,0,0,9,0.0,0.0,0.0,22,0,1.0
2.0,0.4,-7.0,1,150,30,0.2,0.8,5,16,16,63,0.23809523809523808,0.23809523809523808,0.23809523809523808,3,18,6,0.14285714285714285,0.3333333333333333,0.2,22,0,1.0
2.0,0.4,-7.0,2,150,31,0.20666666666666667,0.7933333333333333,5,17,16,62,0.22727272727272727,0.23809523809523808,0.23255813953488372,3,19,6,0.13636363636363635,0.3333333333333333,0.1935483870967742,22,0,1.0
2.0,0.4,-7.0,3,150,31,0.20666666666666667,0.7933333333333333,5,17,16,62,0.22727272727272727,0.23809523809523808,0.23255813953488372,3,19,6,0.13636363636363635,0.3333333333333333,0.1935483870967742,22,0,1.0
2.0,0.4,-7.0,5,150,31,0.20666666666666667,0.7933333333333333,5,17,16,62,0.22727272727272727,0.23809523809523808,0.23255813953488372,3,19,6,0.13636363636363635,0.3333333333333333,0.1935483870967742,22,0,1.0
2.0,0.4,-7.0,999,150,31,0.20666666666666667,0.7933333333333333,5,17,16,62,0.22727272727272727,0.23809523809523808,0.23255813953488372,3,19,6,0.13636363636363635,0.3333333333333333,0.1935483870967742,22,0,1.0
2.0,0.4,-6.0,1,150,27,0.18,0.8200000000000001,4,14,17,65,0.2222222222222222,0.19047619047619047,0.20512820512820512,2,16,7,0.1111111111111111,0.2222222222222222,0.14814814814814814,22,0,1.0
2.0,0.4,-6.0,2,150,27,0.18,0.8200000000000001,4,14,17,65,0.2222222222222222,0.19047619047619047,0.20512820512820512,2,16,7,0.1111111111111111,0.2222222222222222,0.14814814814814814,22,0,1.0
2.0,0.4,-6.0,3,150,27,0.18,0.8200000000000001,4,14,17,65,0.2222222222222222,0.19047619047619047,0.20512820512820512,2,16,7,0.1111111111111111,0.2222222222222222,0.14814814814814814,22,0,1.0
2.0,0.4,-6.0,5,150,27,0.18,0.8200000000000001,4,14,17,65,0.2222222222222222,0.19047619047619047,0.20512820512820512,2,16,7,0.1111111111111111,0.2222222222222222,0.14814814814814814,22,0,1.0
2.0,0.4,-6.0,999,150,27,0.18,0.8200000000000001,4,14,17,65,0.2222222222222222,0.19047619047619047,0.20512820512820512,2,16,7,0.1111111111111111,0.2222222222222222,0.14814814814814814,22,0,1.0
2.0,0.4,-5.0,1,150,23,0.15333333333333332,0.8466666666666667,4,12,17,67,0.25,0.19047619047619047,0.2162162162162162,2,14,7,0.125,0.2222222222222222,0.16,22,0,1.0
2.0,0.4,-5.0,2,150,23,0.15333333333333332,0.8466666666666667,4,12,17,67,0.25,0.19047619047619047,0.2162162162162162,2,14,7,0.125,0.2222222222222222,0.16,22,0,1.0
2.0,0.4,-5.0,3,150,23,0.15333333333333332,0.8466666666666667,4,12,17,67,0.25,0.19047619047619047,0.2162162162162162,2,14,7,0.125,0.2222222222222222,0.16,22,0,1.0
2.0,0.4,-5.0,5,150,23,0.15333333333333332,0.8466666666666667,4,12,17,67,0.25,0.19047619047619047,0.2162162162162162,2,14,7,0.125,0.2222222222222222,0.16,22,0,1.0
2.0,0.4,-5.0,999,150,23,0.15333333333333332,0.8466666666666667,4,12,17,67,0.25,0.19047619047619047,0.2162162162162162,2,14,7,0.125,0.2222222222222222,0.16,22,0,1.0
2.0,0.4,-4.5,1,150,15,0.1,0.9,3,9,18,70,0.25,0.14285714285714285,0.18181818181818182,1,11,8,0.08333333333333333,0.1111111111111111,0.09523809523809525,22,0,1.0
2.0,0.4,-4.5,2,150,15,0.1,0.9,3,9,18,70,0.25,0.14285714285714285,0.18181818181818182,1,11,8,0.08333333333333333,0.1111111111111111,0.09523809523809525,22,0,1.0
2.0,0.4,-4.5,3,150,15,0.1,0.9,3,9,18,70,0.25,0.14285714285714285,0.18181818181818182,1,11,8,0.08333333333333333,0.1111111111111111,0.09523809523809525,22,0,1.0
2.0,0.4,-4.5,5,150,15,0.1,0.9,3,9,18,70,0.25,0.14285714285714285,0.18181818181818182,1,11,8,0.08333333333333333,0.1111111111111111,0.09523809523809525,22,0,1.0
2.0,0.4,-4.5,999,150,15,0.1,0.9,3,9,18,70,0.25,0.14285714285714285,0.18181818181818182,1,11,8,0.08333333333333333,0.1111111111111111,0.09523809523809525,22,0,1.0
2.0,0.4,-4.0,1,150,10,0.06666666666666667,0.9333333333333333,3,6,18,73,0.3333333333333333,0.14285714285714285,0.2,1,8,8,0.1111111111111111,0.1111111111111111,0.1111111111111111,22,0,1.0
2.0,0.4,-4.0,2,150,10,0.06666666666666667,0.9333333333333333,3,6,18,73,0.3333333333333333,0.14285714285714285,0.2,1,8,8,0.1111111111111111,0.1111111111111111,0.1111111111111111,22,0,1.0
2.0,0.4,-4.0,3,150,10,0.06666666666666667,0.9333333333333333,3,6,18,73,0.3333333333333333,0.14285714285714285,0.2,1,8,8,0.1111111111111111,0.1111111111111111,0.1111111111111111,22,0,1.0
2.0,0.4,-4.0,5,150,10,0.06666666666666667,0.9333333333333333,3,6,18,73,0.3333333333333333,0.14285714285714285,0.2,1,8,8,0.1111111111111111,0.1111111111111111,0.1111111111111111,22,0,1.0
2.0,0.4,-4.0,999,150,10,0.06666666666666667,0.9333333333333333,3,6,18,73,0.3333333333333333,0.14285714285714285,0.2,1,8,8,0.1111111111111111,0.1111111111111111,0.1111111111111111,22,0,1.0
2.0,0.4,-3.0,1,150,5,0.03333333333333333,0.9666666666666667,1,3,20,76,0.25,0.047619047619047616,0.08,1,3,8,0.25,0.1111111111111111,0.15384615384615383,22,0,1.0
2.0,0.4,-3.0,2,150,5,0.03333333333333333,0.9666666666666667,1,3,20,76,0.25,0.047619047619047616,0.08,1,3,8,0.25,0.1111111111111111,0.15384615384615383,22,0,1.0
2.0,0.4,-3.0,3,150,5,0.03333333333333333,0.9666666666666667,1,3,20,76,0.25,0.047619047619047616,0.08,1,3,8,0.25,0.1111111111111111,0.15384615384615383,22,0,1.0
2.0,0.4,-3.0,5,150,5,0.03333333333333333,0.9666666666666667,1,3,20,76,0.25,0.047619047619047616,0.08,1,3,8,0.25,0.1111111111111111,0.15384615384615383,22,0,1.0
2.0,0.4,-3.0,999,150,5,0.03333333333333333,0.9666666666666667,1,3,20,76,0.25,0.047619047619047616,0.08,1,3,8,0.25,0.1111111111111111,0.15384615384615383,22,0,1.0
2.0,0.4,-2.0,1,150,5,0.03333333333333333,0.9666666666666667,1,3,20,76,0.25,0.047619047619047616,0.08,1,3,8,0.25,0.1111111111111111,0.15384615384615383,22,0,1.0
2.0,0.4,-2.0,2,150,5,0.03333333333333333,0.9666666666666667,1,3,20,76,0.25,0.047619047619047616,0.08,1,3,8,0.25,0.1111111111111111,0.15384615384615383,22,0,1.0
2.0,0.4,-2.0,3,150,5,0.03333333333333333,0.9666666666666667,1,3,20,76,0.25,0.047619047619047616,0.08,1,3,8,0.25,0.1111111111111111,0.15384615384615383,22,0,1.0
2.0,0.4,-2.0,5,150,5,0.03333333333333333,0.9666666666666667,1,3,20,76,0.25,0.047619047619047616,0.08,1,3,8,0.25,0.1111111111111111,0.15384615384615383,22,0,1.0
2.0,0.4,-2.0,999,150,5,0.03333333333333333,0.9666666666666667,1,3,20,76,0.25,0.047619047619047616,0.08,1,3,8,0.25,0.1111111111111111,0.15384615384615383,22,0,1.0
2.0,0.4,0.0,1,150,0,0.0,1.0,0,0,21,79,0.0,0.0,0.0,0,0,9,0.0,0.0,0.0,22,0,1.0
2.0,0.4,0.0,2,150,0,0.0,1.0,0,0,21,79,0.0,0.0,0.0,0,0,9,0.0,0.0,0.0,22,0,1.0
2.0,0.4,0.0,3,150,0,0.0,1.0,0,0,21,79,0.0,0.0,0.0,0,0,9,0.0,0.0,0.0,22,0,1.0
2.0,0.4,0.0,5,150,0,0.0,1.0,0,0,21,79,0.0,0.0,0.0,0,0,9,0.0,0.0,0.0,22,0,1.0
2.0,0.4,0.0,999,150,0,0.0,1.0,0,0,21,79,0.0,0.0,0.0,0,0,9,0.0,0.0,0.0,22,0,1.0
2.0,0.4,1.0,1,150,0,0.0,1.0,0,0,21,79,0.0,0.0,0.0,0,0,9,0.0,0.0,0.0,22,0,1.0
2.0,0.4,1.0,2,150,0,0.0,1.0,0,0,21,79,0.0,0.0,0.0,0,0,9,0.0,0.0,0.0,22,0,1.0
2.0,0.4,1.0,3,150,0,0.0,1.0,0,0,21,79,0.0,0.0,0.0,0,0,9,0.0,0.0,0.0,22,0,1.0
2.0,0.4,1.0,5,150,0,0.0,1.0,0,0,21,79,0.0,0.0,0.0,0,0,9,0.0,0.0,0.0,22,0,1.0
2.0,0.4,1.0,999,150,0,0.0,1.0,0,0,21,79,0.0,0.0,0.0,0,0,9,0.0,0.0,0.0,22,0,1.0
2.0,0.5,-7.0,1,150,19,0.12666666666666668,0.8733333333333333,2,9,19,70,0.18181818181818182,0.09523809523809523,0.125,1,10,8,0.09090909090909091,0.1111111111111111,0.09999999999999999,22,0,1.0
2.0,0.5,-7.0,2,150,20,0.13333333333333333,0.8666666666666667,2,10,19,69,0.16666666666666666,0.09523809523809523,0.12121212121212123,1,11,8,0.08333333333333333,0.1111111111111111,0.09523809523809525,22,0,1.0
2.0,0.5,-7.0,3,150,20,0.13333333333333333,0.8666666666666667,2,10,19,69,0.16666666666666666,0.09523809523809523,0.12121212121212123,1,11,8,0.08333333333333333,0.1111111111111111,0.09523809523809525,22,0,1.0
2.0,0.5,-7.0,5,150,20,0.13333333333333333,0.8666666666666667,2,10,19,69,0.16666666666666666,0.09523809523809523,0.12121212121212123,1,11,8,0.08333333333333333,0.1111111111111111,0.09523809523809525,22,0,1.0
2.0,0.5,-7.0,999,150,20,0.13333333333333333,0.8666666666666667,2,10,19,69,0.16666666666666666,0.09523809523809523,0.12121212121212123,1,11,8,0.08333333333333333,0.1111111111111111,0.09523809523809525,22,0,1.0
2.0,0.5,-6.0,1,150,16,0.10666666666666667,0.8933333333333333,1,7,20,72,0.125,0.047619047619047616,0.06896551724137931,0,8,9,0.0,0.0,0.0,22,0,1.0
2.0,0.5,-6.0,2,150,16,0.10666666666666667,0.8933333333333333,1,7,20,72,0.125,0.047619047619047616,0.06896551724137931,0,8,9,0.0,0.0,0.0,22,0,1.0
2.0,0.5,-6.0,3,150,16,0.10666666666666667,0.8933333333333333,1,7,20,72,0.125,0.047619047619047616,0.06896551724137931,0,8,9,0.0,0.0,0.0,22,0,1.0
2.0,0.5,-6.0,5,150,16,0.10666666666666667,0.8933333333333333,1,7,20,72,0.125,0.047619047619047616,0.06896551724137931,0,8,9,0.0,0.0,0.0,22,0,1.0
2.0,0.5,-6.0,999,150,16,0.10666666666666667,0.8933333333333333,1,7,20,72,0.125,0.047619047619047616,0.06896551724137931,0,8,9,0.0,0.0,0.0,22,0,1.0
2.0,0.5,-5.0,1,150,12,0.08,0.92,1,5,20,74,0.16666666666666666,0.047619047619047616,0.07407407407407407,0,6,9,0.0,0.0,0.0,22,0,1.0
2.0,0.5,-5.0,2,150,12,0.08,0.92,1,5,20,74,0.16666666666666666,0.047619047619047616,0.07407407407407407,0,6,9,0.0,0.0,0.0,22,0,1.0
2.0,0.5,-5.0,3,150,12,0.08,0.92,1,5,20,74,0.16666666666666666,0.047619047619047616,0.07407407407407407,0,6,9,0.0,0.0,0.0,22,0,1.0
2.0,0.5,-5.0,5,150,12,0.08,0.92,1,5,20,74,0.16666666666666666,0.047619047619047616,0.07407407407407407,0,6,9,0.0,0.0,0.0,22,0,1.0
2.0,0.5,-5.0,999,150,12,0.08,0.92,1,5,20,74,0.16666666666666666,0.047619047619047616,0.07407407407407407,0,6,9,0.0,0.0,0.0,22,0,1.0
2.0,0.5,-4.5,1,150,9,0.06,0.94,1,5,20,74,0.16666666666666666,0.047619047619047616,0.07407407407407407,0,6,9,0.0,0.0,0.0,22,0,1.0
2.0,0.5,-4.5,2,150,9,0.06,0.94,1,5,20,74,0.16666666666666666,0.047619047619047616,0.07407407407407407,0,6,9,0.0,0.0,0.0,22,0,1.0
2.0,0.5,-4.5,3,150,9,0.06,0.94,1,5,20,74,0.16666666666666666,0.047619047619047616,0.07407407407407407,0,6,9,0.0,0.0,0.0,22,0,1.0
2.0,0.5,-4.5,5,150,9,0.06,0.94,1,5,20,74,0.16666666666666666,0.047619047619047616,0.07407407407407407,0,6,9,0.0,0.0,0.0,22,0,1.0
2.0,0.5,-4.5,999,150,9,0.06,0.94,1,5,20,74,0.16666666666666666,0.047619047619047616,0.07407407407407407,0,6,9,0.0,0.0,0.0,22,0,1.0
2.0,0.5,-4.0,1,150,6,0.04,0.96,1,4,20,75,0.2,0.047619047619047616,0.07692307692307693,0,5,9,0.0,0.0,0.0,22,0,1.0
2.0,0.5,-4.0,2,150,6,0.04,0.96,1,4,20,75,0.2,0.047619047619047616,0.07692307692307693,0,5,9,0.0,0.0,0.0,22,0,1.0
2.0,0.5,-4.0,3,150,6,0.04,0.96,1,4,20,75,0.2,0.047619047619047616,0.07692307692307693,0,5,9,0.0,0.0,0.0,22,0,1.0
2.0,0.5,-4.0,5,150,6,0.04,0.96,1,4,20,75,0.2,0.047619047619047616,0.07692307692307693,0,5,9,0.0,0.0,0.0,22,0,1.0
2.0,0.5,-4.0,999,150,6,0.04,0.96,1,4,20,75,0.2,0.047619047619047616,0.07692307692307693,0,5,9,0.0,0.0,0.0,22,0,1.0
2.0,0.5,-3.0,1,150,2,0.013333333333333334,0.9866666666666667,0,1,21,78,0.0,0.0,0.0,0,1,9,0.0,0.0,0.0,22,0,1.0
2.0,0.5,-3.0,2,150,2,0.013333333333333334,0.9866666666666667,0,1,21,78,0.0,0.0,0.0,0,1,9,0.0,0.0,0.0,22,0,1.0
2.0,0.5,-3.0,3,150,2,0.013333333333333334,0.9866666666666667,0,1,21,78,0.0,0.0,0.0,0,1,9,0.0,0.0,0.0,22,0,1.0
2.0,0.5,-3.0,5,150,2,0.013333333333333334,0.9866666666666667,0,1,21,78,0.0,0.0,0.0,0,1,9,0.0,0.0,0.0,22,0,1.0
2.0,0.5,-3.0,999,150,2,0.013333333333333334,0.9866666666666667,0,1,21,78,0.0,0.0,0.0,0,1,9,0.0,0.0,0.0,22,0,1.0
2.0,0.5,-2.0,1,150,2,0.013333333333333334,0.9866666666666667,0,1,21,78,0.0,0.0,0.0,0,1,9,0.0,0.0,0.0,22,0,1.0
2.0,0.5,-2.0,2,150,2,0.013333333333333334,0.9866666666666667,0,1,21,78,0.0,0.0,0.0,0,1,9,0.0,0.0,0.0,22,0,1.0
2.0,0.5,-2.0,3,150,2,0.013333333333333334,0.9866666666666667,0,1,21,78,0.0,0.0,0.0,0,1,9,0.0,0.0,0.0,22,0,1.0
2.0,0.5,-2.0,5,150,2,0.013333333333333334,0.9866666666666667,0,1,21,78,0.0,0.0,0.0,0,1,9,0.0,0.0,0.0,22,0,1.0
2.0,0.5,-2.0,999,150,2,0.013333333333333334,0.9866666666666667,0,1,21,78,0.0,0.0,0.0,0,1,9,0.0,0.0,0.0,22,0,1.0
2.0,0.5,0.0,1,150,0,0.0,1.0,0,0,21,79,0.0,0.0,0.0,0,0,9,0.0,0.0,0.0,22,0,1.0
2.0,0.5,0.0,2,150,0,0.0,1.0,0,0,21,79,0.0,0.0,0.0,0,0,9,0.0,0.0,0.0,22,0,1.0
2.0,0.5,0.0,3,150,0,0.0,1.0,0,0,21,79,0.0,0.0,0.0,0,0,9,0.0,0.0,0.0,22,0,1.0
2.0,0.5,0.0,5,150,0,0.0,1.0,0,0,21,79,0.0,0.0,0.0,0,0,9,0.0,0.0,0.0,22,0,1.0
2.0,0.5,0.0,999,150,0,0.0,1.0,0,0,21,79,0.0,0.0,0.0,0,0,9,0.0,0.0,0.0,22,0,1.0
2.0,0.5,1.0,1,150,0,0.0,1.0,0,0,21,79,0.0,0.0,0.0,0,0,9,0.0,0.0,0.0,22,0,1.0
2.0,0.5,1.0,2,150,0,0.0,1.0,0,0,21,79,0.0,0.0,0.0,0,0,9,0.0,0.0,0.0,22,0,1.0
2.0,0.5,1.0,3,150,0,0.0,1.0,0,0,21,79,0.0,0.0,0.0,0,0,9,0.0,0.0,0.0,22,0,1.0
2.0,0.5,1.0,5,150,0,0.0,1.0,0,0,21,79,0.0,0.0,0.0,0,0,9,0.0,0.0,0.0,22,0,1.0
2.0,0.5,1.0,999,150,0,0.0,1.0,0,0,21,79,0.0,0.0,0.0,0,0,9,0.0,0.0,0.0,22,0,1.0
2.5,0.15,-7.0,1,150,24,0.16,0.84,3,12,18,67,0.2,0.14285714285714285,0.16666666666666666,1,14,8,0.06666666666666667,0.1111111111111111,0.08333333333333334,22,0,1.0
2.5,0.15,-7.0,2,150,24,0.16,0.84,3,12,18,67,0.2,0.14285714285714285,0.16666666666666666,1,14,8,0.06666666666666667,0.1111111111111111,0.08333333333333334,22,0,1.0
2.5,0.15,-7.0,3,150,24,0.16,0.84,3,12,18,67,0.2,0.14285714285714285,0.16666666666666666,1,14,8,0.06666666666666667,0.1111111111111111,0.08333333333333334,22,0,1.0
2.5,0.15,-7.0,5,150,24,0.16,0.84,3,12,18,67,0.2,0.14285714285714285,0.16666666666666666,1,14,8,0.06666666666666667,0.1111111111111111,0.08333333333333334,22,0,1.0
2.5,0.15,-7.0,999,150,24,0.16,0.84,3,12,18,67,0.2,0.14285714285714285,0.16666666666666666,1,14,8,0.06666666666666667,0.1111111111111111,0.08333333333333334,22,0,1.0
2.5,0.15,-6.0,1,150,21,0.14,0.86,2,10,19,69,0.16666666666666666,0.09523809523809523,0.12121212121212123,0,12,9,0.0,0.0,0.0,22,0,1.0
2.5,0.15,-6.0,2,150,21,0.14,0.86,2,10,19,69,0.16666666666666666,0.09523809523809523,0.12121212121212123,0,12,9,0.0,0.0,0.0,22,0,1.0
2.5,0.15,-6.0,3,150,21,0.14,0.86,2,10,19,69,0.16666666666666666,0.09523809523809523,0.12121212121212123,0,12,9,0.0,0.0,0.0,22,0,1.0
2.5,0.15,-6.0,5,150,21,0.14,0.86,2,10,19,69,0.16666666666666666,0.09523809523809523,0.12121212121212123,0,12,9,0.0,0.0,0.0,22,0,1.0
2.5,0.15,-6.0,999,150,21,0.14,0.86,2,10,19,69,0.16666666666666666,0.09523809523809523,0.12121212121212123,0,12,9,0.0,0.0,0.0,22,0,1.0
2.5,0.15,-5.0,1,150,17,0.11333333333333333,0.8866666666666667,2,8,19,71,0.2,0.09523809523809523,0.12903225806451613,0,10,9,0.0,0.0,0.0,22,0,1.0
2.5,0.15,-5.0,2,150,17,0.11333333333333333,0.8866666666666667,2,8,19,71,0.2,0.09523809523809523,0.12903225806451613,0,10,9,0.0,0.0,0.0,22,0,1.0
2.5,0.15,-5.0,3,150,17,0.11333333333333333,0.8866666666666667,2,8,19,71,0.2,0.09523809523809523,0.12903225806451613,0,10,9,0.0,0.0,0.0,22,0,1.0
2.5,0.15,-5.0,5,150,17,0.11333333333333333,0.8866666666666667,2,8,19,71,0.2,0.09523809523809523,0.12903225806451613,0,10,9,0.0,0.0,0.0,22,0,1.0
2.5,0.15,-5.0,999,150,17,0.11333333333333333,0.8866666666666667,2,8,19,71,0.2,0.09523809523809523,0.12903225806451613,0,10,9,0.0,0.0,0.0,22,0,1.0
2.5,0.15,-4.5,1,150,11,0.07333333333333333,0.9266666666666666,2,6,19,73,0.25,0.09523809523809523,0.13793103448275862,0,8,9,0.0,0.0,0.0,22,0,1.0
2.5,0.15,-4.5,2,150,11,0.07333333333333333,0.9266666666666666,2,6,19,73,0.25,0.09523809523809523,0.13793103448275862,0,8,9,0.0,0.0,0.0,22,0,1.0
2.5,0.15,-4.5,3,150,11,0.07333333333333333,0.9266666666666666,2,6,19,73,0.25,0.09523809523809523,0.13793103448275862,0,8,9,0.0,0.0,0.0,22,0,1.0
2.5,0.15,-4.5,5,150,11,0.07333333333333333,0.9266666666666666,2,6,19,73,0.25,0.09523809523809523,0.13793103448275862,0,8,9,0.0,0.0,0.0,22,0,1.0
2.5,0.15,-4.5,999,150,11,0.07333333333333333,0.9266666666666666,2,6,19,73,0.25,0.09523809523809523,0.13793103448275862,0,8,9,0.0,0.0,0.0,22,0,1.0
2.5,0.15,-4.0,1,150,7,0.04666666666666667,0.9533333333333334,2,4,19,75,0.3333333333333333,0.09523809523809523,0.14814814814814814,0,6,9,0.0,0.0,0.0,22,0,1.0
2.5,0.15,-4.0,2,150,7,0.04666666666666667,0.9533333333333334,2,4,19,75,0.3333333333333333,0.09523809523809523,0.14814814814814814,0,6,9,0.0,0.0,0.0,22,0,1.0
2.5,0.15,-4.0,3,150,7,0.04666666666666667,0.9533333333333334,2,4,19,75,0.3333333333333333,0.09523809523809523,0.14814814814814814,0,6,9,0.0,0.0,0.0,22,0,1.0
2.5,0.15,-4.0,5,150,7,0.04666666666666667,0.9533333333333334,2,4,19,75,0.3333333333333333,0.09523809523809523,0.14814814814814814,0,6,9,0.0,0.0,0.0,22,0,1.0
2.5,0.15,-4.0,999,150,7,0.04666666666666667,0.9533333333333334,2,4,19,75,0.3333333333333333,0.09523809523809523,0.14814814814814814,0,6,9,0.0,0.0,0.0,22,0,1.0
2.5,0.15,-3.0,1,150,2,0.013333333333333334,0.9866666666666667,0,1,21,78,0.0,0.0,0.0,0,1,9,0.0,0.0,0.0,22,0,1.0
2.5,0.15,-3.0,2,150,2,0.013333333333333334,0.9866666666666667,0,1,21,78,0.0,0.0,0.0,0,1,9,0.0,0.0,0.0,22,0,1.0
2.5,0.15,-3.0,3,150,2,0.013333333333333334,0.9866666666666667,0,1,21,78,0.0,0.0,0.0,0,1,9,0.0,0.0,0.0,22,0,1.0
2.5,0.15,-3.0,5,150,2,0.013333333333333334,0.9866666666666667,0,1,21,78,0.0,0.0,0.0,0,1,9,0.0,0.0,0.0,22,0,1.0
2.5,0.15,-3.0,999,150,2,0.013333333333333334,0.9866666666666667,0,1,21,78,0.0,0.0,0.0,0,1,9,0.0,0.0,0.0,22,0,1.0
2.5,0.15,-2.0,1,150,2,0.013333333333333334,0.9866666666666667,0,1,21,78,0.0,0.0,0.0,0,1,9,0.0,0.0,0.0,22,0,1.0
2.5,0.15,-2.0,2,150,2,0.013333333333333334,0.9866666666666667,0,1,21,78,0.0,0.0,0.0,0,1,9,0.0,0.0,0.0,22,0,1.0
2.5,0.15,-2.0,3,150,2,0.013333333333333334,0.9866666666666667,0,1,21,78,0.0,0.0,0.0,0,1,9,0.0,0.0,0.0,22,0,1.0
2.5,0.15,-2.0,5,150,2,0.013333333333333334,0.9866666666666667,0,1,21,78,0.0,0.0,0.0,0,1,9,0.0,0.0,0.0,22,0,1.0
2.5,0.15,-2.0,999,150,2,0.013333333333333334,0.9866666666666667,0,1,21,78,0.0,0.0,0.0,0,1,9,0.0,0.0,0.0,22,0,1.0
2.5,0.15,0.0,1,150,0,0.0,1.0,0,0,21,79,0.0,0.0,0.0,0,0,9,0.0,0.0,0.0,22,0,1.0
2.5,0.15,0.0,2,150,0,0.0,1.0,0,0,21,79,0.0,0.0,0.0,0,0,9,0.0,0.0,0.0,22,0,1.0
2.5,0.15,0.0,3,150,0,0.0,1.0,0,0,21,79,0.0,0.0,0.0,0,0,9,0.0,0.0,0.0,22,0,1.0
2.5,0.15,0.0,5,150,0,0.0,1.0,0,0,21,79,0.0,0.0,0.0,0,0,9,0.0,0.0,0.0,22,0,1.0
2.5,0.15,0.0,999,150,0,0.0,1.0,0,0,21,79,0.0,0.0,0.0,0,0,9,0.0,0.0,0.0,22,0,1.0
2.5,0.15,1.0,1,150,0,0.0,1.0,0,0,21,79,0.0,0.0,0.0,0,0,9,0.0,0.0,0.0,22,0,1.0
2.5,0.15,1.0,2,150,0,0.0,1.0,0,0,21,79,0.0,0.0,0.0,0,0,9,0.0,0.0,0.0,22,0,1.0
2.5,0.15,1.0,3,150,0,0.0,1.0,0,0,21,79,0.0,0.0,0.0,0,0,9,0.0,0.0,0.0,22,0,1.0
2.5,0.15,1.0,5,150,0,0.0,1.0,0,0,21,79,0.0,0.0,0.0,0,0,9,0.0,0.0,0.0,22,0,1.0
2.5,0.15,1.0,999,150,0,0.0,1.0,0,0,21,79,0.0,0.0,0.0,0,0,9,0.0,0.0,0.0,22,0,1.0
2.5,0.2,-7.0,1,150,24,0.16,0.84,3,12,18,67,0.2,0.14285714285714285,0.16666666666666666,1,14,8,0.06666666666666667,0.1111111111111111,0.08333333333333334,22,0,1.0
2.5,0.2,-7.0,2,150,24,0.16,0.84,3,12,18,67,0.2,0.14285714285714285,0.16666666666666666,1,14,8,0.06666666666666667,0.1111111111111111,0.08333333333333334,22,0,1.0
2.5,0.2,-7.0,3,150,24,0.16,0.84,3,12,18,67,0.2,0.14285714285714285,0.16666666666666666,1,14,8,0.06666666666666667,0.1111111111111111,0.08333333333333334,22,0,1.0
2.5,0.2,-7.0,5,150,24,0.16,0.84,3,12,18,67,0.2,0.14285714285714285,0.16666666666666666,1,14,8,0.06666666666666667,0.1111111111111111,0.08333333333333334,22,0,1.0
2.5,0.2,-7.0,999,150,24,0.16,0.84,3,12,18,67,0.2,0.14285714285714285,0.16666666666666666,1,14,8,0.06666666666666667,0.1111111111111111,0.08333333333333334,22,0,1.0
2.5,0.2,-6.0,1,150,21,0.14,0.86,2,10,19,69,0.16666666666666666,0.09523809523809523,0.12121212121212123,0,12,9,0.0,0.0,0.0,22,0,1.0
2.5,0.2,-6.0,2,150,21,0.14,0.86,2,10,19,69,0.16666666666666666,0.09523809523809523,0.12121212121212123,0,12,9,0.0,0.0,0.0,22,0,1.0
2.5,0.2,-6.0,3,150,21,0.14,0.86,2,10,19,69,0.16666666666666666,0.09523809523809523,0.12121212121212123,0,12,9,0.0,0.0,0.0,22,0,1.0
2.5,0.2,-6.0,5,150,21,0.14,0.86,2,10,19,69,0.16666666666666666,0.09523809523809523,0.12121212121212123,0,12,9,0.0,0.0,0.0,22,0,1.0
2.5,0.2,-6.0,999,150,21,0.14,0.86,2,10,19,69,0.16666666666666666,0.09523809523809523,0.12121212121212123,0,12,9,0.0,0.0,0.0,22,0,1.0
2.5,0.2,-5.0,1,150,17,0.11333333333333333,0.8866666666666667,2,8,19,71,0.2,0.09523809523809523,0.12903225806451613,0,10,9,0.0,0.0,0.0,22,0,1.0
2.5,0.2,-5.0,2,150,17,0.11333333333333333,0.8866666666666667,2,8,19,71,0.2,0.09523809523809523,0.12903225806451613,0,10,9,0.0,0.0,0.0,22,0,1.0
2.5,0.2,-5.0,3,150,17,0.11333333333333333,0.8866666666666667,2,8,19,71,0.2,0.09523809523809523,0.12903225806451613,0,10,9,0.0,0.0,0.0,22,0,1.0
2.5,0.2,-5.0,5,150,17,0.11333333333333333,0.8866666666666667,2,8,19,71,0.2,0.09523809523809523,0.12903225806451613,0,10,9,0.0,0.0,0.0,22,0,1.0
2.5,0.2,-5.0,999,150,17,0.11333333333333333,0.8866666666666667,2,8,19,71,0.2,0.09523809523809523,0.12903225806451613,0,10,9,0.0,0.0,0.0,22,0,1.0
2.5,0.2,-4.5,1,150,11,0.07333333333333333,0.9266666666666666,2,6,19,73,0.25,0.09523809523809523,0.13793103448275862,0,8,9,0.0,0.0,0.0,22,0,1.0
2.5,0.2,-4.5,2,150,11,0.07333333333333333,0.9266666666666666,2,6,19,73,0.25,0.09523809523809523,0.13793103448275862,0,8,9,0.0,0.0,0.0,22,0,1.0
2.5,0.2,-4.5,3,150,11,0.07333333333333333,0.9266666666666666,2,6,19,73,0.25,0.09523809523809523,0.13793103448275862,0,8,9,0.0,0.0,0.0,22,0,1.0
2.5,0.2,-4.5,5,150,11,0.07333333333333333,0.9266666666666666,2,6,19,73,0.25,0.09523809523809523,0.13793103448275862,0,8,9,0.0,0.0,0.0,22,0,1.0
2.5,0.2,-4.5,999,150,11,0.07333333333333333,0.9266666666666666,2,6,19,73,0.25,0.09523809523809523,0.13793103448275862,0,8,9,0.0,0.0,0.0,22,0,1.0
2.5,0.2,-4.0,1,150,7,0.04666666666666667,0.9533333333333334,2,4,19,75,0.3333333333333333,0.09523809523809523,0.14814814814814814,0,6,9,0.0,0.0,0.0,22,0,1.0
2.5,0.2,-4.0,2,150,7,0.04666666666666667,0.9533333333333334,2,4,19,75,0.3333333333333333,0.09523809523809523,0.14814814814814814,0,6,9,0.0,0.0,0.0,22,0,1.0
2.5,0.2,-4.0,3,150,7,0.04666666666666667,0.9533333333333334,2,4,19,75,0.3333333333333333,0.09523809523809523,0.14814814814814814,0,6,9,0.0,0.0,0.0,22,0,1.0
2.5,0.2,-4.0,5,150,7,0.04666666666666667,0.9533333333333334,2,4,19,75,0.3333333333333333,0.09523809523809523,0.14814814814814814,0,6,9,0.0,0.0,0.0,22,0,1.0
2.5,0.2,-4.0,999,150,7,0.04666666666666667,0.9533333333333334,2,4,19,75,0.3333333333333333,0.09523809523809523,0.14814814814814814,0,6,9,0.0,0.0,0.0,22,0,1.0
2.5,0.2,-3.0,1,150,2,0.013333333333333334,0.9866666666666667,0,1,21,78,0.0,0.0,0.0,0,1,9,0.0,0.0,0.0,22,0,1.0
2.5,0.2,-3.0,2,150,2,0.013333333333333334,0.9866666666666667,0,1,21,78,0.0,0.0,0.0,0,1,9,0.0,0.0,0.0,22,0,1.0
2.5,0.2,-3.0,3,150,2,0.013333333333333334,0.9866666666666667,0,1,21,78,0.0,0.0,0.0,0,1,9,0.0,0.0,0.0,22,0,1.0
2.5,0.2,-3.0,5,150,2,0.013333333333333334,0.9866666666666667,0,1,21,78,0.0,0.0,0.0,0,1,9,0.0,0.0,0.0,22,0,1.0
2.5,0.2,-3.0,999,150,2,0.013333333333333334,0.9866666666666667,0,1,21,78,0.0,0.0,0.0,0,1,9,0.0,0.0,0.0,22,0,1.0
2.5,0.2,-2.0,1,150,2,0.013333333333333334,0.9866666666666667,0,1,21,78,0.0,0.0,0.0,0,1,9,0.0,0.0,0.0,22,0,1.0
2.5,0.2,-2.0,2,150,2,0.013333333333333334,0.9866666666666667,0,1,21,78,0.0,0.0,0.0,0,1,9,0.0,0.0,0.0,22,0,1.0
2.5,0.2,-2.0,3,150,2,0.013333333333333334,0.9866666666666667,0,1,21,78,0.0,0.0,0.0,0,1,9,0.0,0.0,0.0,22,0,1.0
2.5,0.2,-2.0,5,150,2,0.013333333333333334,0.9866666666666667,0,1,21,78,0.0,0.0,0.0,0,1,9,0.0,0.0,0.0,22,0,1.0
2.5,0.2,-2.0,999,150,2,0.013333333333333334,0.9866666666666667,0,1,21,78,0.0,0.0,0.0,0,1,9,0.0,0.0,0.0,22,0,1.0
2.5,0.2,0.0,1,150,0,0.0,1.0,0,0,21,79,0.0,0.0,0.0,0,0,9,0.0,0.0,0.0,22,0,1.0
2.5,0.2,0.0,2,150,0,0.0,1.0,0,0,21,79,0.0,0.0,0.0,0,0,9,0.0,0.0,0.0,22,0,1.0
2.5,0.2,0.0,3,150,0,0.0,1.0,0,0,21,79,0.0,0.0,0.0,0,0,9,0.0,0.0,0.0,22,0,1.0
2.5,0.2,0.0,5,150,0,0.0,1.0,0,0,21,79,0.0,0.0,0.0,0,0,9,0.0,0.0,0.0,22,0,1.0
2.5,0.2,0.0,999,150,0,0.0,1.0,0,0,21,79,0.0,0.0,0.0,0,0,9,0.0,0.0,0.0,22,0,1.0
2.5,0.2,1.0,1,150,0,0.0,1.0,0,0,21,79,0.0,0.0,0.0,0,0,9,0.0,0.0,0.0,22,0,1.0
2.5,0.2,1.0,2,150,0,0.0,1.0,0,0,21,79,0.0,0.0,0.0,0,0,9,0.0,0.0,0.0,22,0,1.0
2.5,0.2,1.0,3,150,0,0.0,1.0,0,0,21,79,0.0,0.0,0.0,0,0,9,0.0,0.0,0.0,22,0,1.0
2.5,0.2,1.0,5,150,0,0.0,1.0,0,0,21,79,0.0,0.0,0.0,0,0,9,0.0,0.0,0.0,22,0,1.0
2.5,0.2,1.0,999,150,0,0.0,1.0,0,0,21,79,0.0,0.0,0.0,0,0,9,0.0,0.0,0.0,22,0,1.0
2.5,0.25,-7.0,1,150,24,0.16,0.84,3,12,18,67,0.2,0.14285714285714285,0.16666666666666666,1,14,8,0.06666666666666667,0.1111111111111111,0.08333333333333334,22,0,1.0
2.5,0.25,-7.0,2,150,24,0.16,0.84,3,12,18,67,0.2,0.14285714285714285,0.16666666666666666,1,14,8,0.06666666666666667,0.1111111111111111,0.08333333333333334,22,0,1.0
2.5,0.25,-7.0,3,150,24,0.16,0.84,3,12,18,67,0.2,0.14285714285714285,0.16666666666666666,1,14,8,0.06666666666666667,0.1111111111111111,0.08333333333333334,22,0,1.0
2.5,0.25,-7.0,5,150,24,0.16,0.84,3,12,18,67,0.2,0.14285714285714285,0.16666666666666666,1,14,8,0.06666666666666667,0.1111111111111111,0.08333333333333334,22,0,1.0
2.5,0.25,-7.0,999,150,24,0.16,0.84,3,12,18,67,0.2,0.14285714285714285,0.16666666666666666,1,14,8,0.06666666666666667,0.1111111111111111,0.08333333333333334,22,0,1.0
2.5,0.25,-6.0,1,150,21,0.14,0.86,2,10,19,69,0.16666666666666666,0.09523809523809523,0.12121212121212123,0,12,9,0.0,0.0,0.0,22,0,1.0
2.5,0.25,-6.0,2,150,21,0.14,0.86,2,10,19,69,0.16666666666666666,0.09523809523809523,0.12121212121212123,0,12,9,0.0,0.0,0.0,22,0,1.0
2.5,0.25,-6.0,3,150,21,0.14,0.86,2,10,19,69,0.16666666666666666,0.09523809523809523,0.12121212121212123,0,12,9,0.0,0.0,0.0,22,0,1.0
2.5,0.25,-6.0,5,150,21,0.14,0.86,2,10,19,69,0.16666666666666666,0.09523809523809523,0.12121212121212123,0,12,9,0.0,0.0,0.0,22,0,1.0
2.5,0.25,-6.0,999,150,21,0.14,0.86,2,10,19,69,0.16666666666666666,0.09523809523809523,0.12121212121212123,0,12,9,0.0,0.0,0.0,22,0,1.0
2.5,0.25,-5.0,1,150,17,0.11333333333333333,0.8866666666666667,2,8,19,71,0.2,0.09523809523809523,0.12903225806451613,0,10,9,0.0,0.0,0.0,22,0,1.0
2.5,0.25,-5.0,2,150,17,0.11333333333333333,0.8866666666666667,2,8,19,71,0.2,0.09523809523809523,0.12903225806451613,0,10,9,0.0,0.0,0.0,22,0,1.0
2.5,0.25,-5.0,3,150,17,0.11333333333333333,0.8866666666666667,2,8,19,71,0.2,0.09523809523809523,0.12903225806451613,0,10,9,0.0,0.0,0.0,22,0,1.0
2.5,0.25,-5.0,5,150,17,0.11333333333333333,0.8866666666666667,2,8,19,71,0.2,0.09523809523809523,0.12903225806451613,0,10,9,0.0,0.0,0.0,22,0,1.0
2.5,0.25,-5.0,999,150,17,0.11333333333333333,0.8866666666666667,2,8,19,71,0.2,0.09523809523809523,0.12903225806451613,0,10,9,0.0,0.0,0.0,22,0,1.0
2.5,0.25,-4.5,1,150,11,0.07333333333333333,0.9266666666666666,2,6,19,73,0.25,0.09523809523809523,0.13793103448275862,0,8,9,0.0,0.0,0.0,22,0,1.0
2.5,0.25,-4.5,2,150,11,0.07333333333333333,0.9266666666666666,2,6,19,73,0.25,0.09523809523809523,0.13793103448275862,0,8,9,0.0,0.0,0.0,22,0,1.0
2.5,0.25,-4.5,3,150,11,0.07333333333333333,0.9266666666666666,2,6,19,73,0.25,0.09523809523809523,0.13793103448275862,0,8,9,0.0,0.0,0.0,22,0,1.0
2.5,0.25,-4.5,5,150,11,0.07333333333333333,0.9266666666666666,2,6,19,73,0.25,0.09523809523809523,0.13793103448275862,0,8,9,0.0,0.0,0.0,22,0,1.0
2.5,0.25,-4.5,999,150,11,0.07333333333333333,0.9266666666666666,2,6,19,73,0.25,0.09523809523809523,0.13793103448275862,0,8,9,0.0,0.0,0.0,22,0,1.0
2.5,0.25,-4.0,1,150,7,0.04666666666666667,0.9533333333333334,2,4,19,75,0.3333333333333333,0.09523809523809523,0.14814814814814814,0,6,9,0.0,0.0,0.0,22,0,1.0
2.5,0.25,-4.0,2,150,7,0.04666666666666667,0.9533333333333334,2,4,19,75,0.3333333333333333,0.09523809523809523,0.14814814814814814,0,6,9,0.0,0.0,0.0,22,0,1.0
2.5,0.25,-4.0,3,150,7,0.04666666666666667,0.9533333333333334,2,4,19,75,0.3333333333333333,0.09523809523809523,0.14814814814814814,0,6,9,0.0,0.0,0.0,22,0,1.0
2.5,0.25,-4.0,5,150,7,0.04666666666666667,0.9533333333333334,2,4,19,75,0.3333333333333333,0.09523809523809523,0.14814814814814814,0,6,9,0.0,0.0,0.0,22,0,1.0
2.5,0.25,-4.0,999,150,7,0.04666666666666667,0.9533333333333334,2,4,19,75,0.3333333333333333,0.09523809523809523,0.14814814814814814,0,6,9,0.0,0.0,0.0,22,0,1.0
2.5,0.25,-3.0,1,150,2,0.013333333333333334,0.9866666666666667,0,1,21,78,0.0,0.0,0.0,0,1,9,0.0,0.0,0.0,22,0,1.0
2.5,0.25,-3.0,2,150,2,0.013333333333333334,0.9866666666666667,0,1,21,78,0.0,0.0,0.0,0,1,9,0.0,0.0,0.0,22,0,1.0
2.5,0.25,-3.0,3,150,2,0.013333333333333334,0.9866666666666667,0,1,21,78,0.0,0.0,0.0,0,1,9,0.0,0.0,0.0,22,0,1.0
2.5,0.25,-3.0,5,150,2,0.013333333333333334,0.9866666666666667,0,1,21,78,0.0,0.0,0.0,0,1,9,0.0,0.0,0.0,22,0,1.0
2.5,0.25,-3.0,999,150,2,0.013333333333333334,0.9866666666666667,0,1,21,78,0.0,0.0,0.0,0,1,9,0.0,0.0,0.0,22,0,1.0
2.5,0.25,-2.0,1,150,2,0.013333333333333334,0.9866666666666667,0,1,21,78,0.0,0.0,0.0,0,1,9,0.0,0.0,0.0,22,0,1.0
2.5,0.25,-2.0,2,150,2,0.013333333333333334,0.9866666666666667,0,1,21,78,0.0,0.0,0.0,0,1,9,0.0,0.0,0.0,22,0,1.0
2.5,0.25,-2.0,3,150,2,0.013333333333333334,0.9866666666666667,0,1,21,78,0.0,0.0,0.0,0,1,9,0.0,0.0,0.0,22,0,1.0
2.5,0.25,-2.0,5,150,2,0.013333333333333334,0.9866666666666667,0,1,21,78,0.0,0.0,0.0,0,1,9,0.0,0.0,0.0,22,0,1.0
2.5,0.25,-2.0,999,150,2,0.013333333333333334,0.9866666666666667,0,1,21,78,0.0,0.0,0.0,0,1,9,0.0,0.0,0.0,22,0,1.0
2.5,0.25,0.0,1,150,0,0.0,1.0,0,0,21,79,0.0,0.0,0.0,0,0,9,0.0,0.0,0.0,22,0,1.0
2.5,0.25,0.0,2,150,0,0.0,1.0,0,0,21,79,0.0,0.0,0.0,0,0,9,0.0,0.0,0.0,22,0,1.0
2.5,0.25,0.0,3,150,0,0.0,1.0,0,0,21,79,0.0,0.0,0.0,0,0,9,0.0,0.0,0.0,22,0,1.0
2.5,0.25,0.0,5,150,0,0.0,1.0,0,0,21,79,0.0,0.0,0.0,0,0,9,0.0,0.0,0.0,22,0,1.0
2.5,0.25,0.0,999,150,0,0.0,1.0,0,0,21,79,0.0,0.0,0.0,0,0,9,0.0,0.0,0.0,22,0,1.0
2.5,0.25,1.0,1,150,0,0.0,1.0,0,0,21,79,0.0,0.0,0.0,0,0,9,0.0,0.0,0.0,22,0,1.0
2.5,0.25,1.0,2,150,0,0.0,1.0,0,0,21,79,0.0,0.0,0.0,0,0,9,0.0,0.0,0.0,22,0,1.0
2.5,0.25,1.0,3,150,0,0.0,1.0,0,0,21,79,0.0,0.0,0.0,0,0,9,0.0,0.0,0.0,22,0,1.0
2.5,0.25,1.0,5,150,0,0.0,1.0,0,0,21,79,0.0,0.0,0.0,0,0,9,0.0,0.0,0.0,22,0,1.0
2.5,0.25,1.0,999,150,0,0.0,1.0,0,0,21,79,0.0,0.0,0.0,0,0,9,0.0,0.0,0.0,22,0,1.0
2.5,0.28,-7.0,1,150,24,0.16,0.84,3,12,18,67,0.2,0.14285714285714285,0.16666666666666666,1,14,8,0.06666666666666667,0.1111111111111111,0.08333333333333334,22,0,1.0
2.5,0.28,-7.0,2,150,24,0.16,0.84,3,12,18,67,0.2,0.14285714285714285,0.16666666666666666,1,14,8,0.06666666666666667,0.1111111111111111,0.08333333333333334,22,0,1.0
2.5,0.28,-7.0,3,150,24,0.16,0.84,3,12,18,67,0.2,0.14285714285714285,0.16666666666666666,1,14,8,0.06666666666666667,0.1111111111111111,0.08333333333333334,22,0,1.0
2.5,0.28,-7.0,5,150,24,0.16,0.84,3,12,18,67,0.2,0.14285714285714285,0.16666666666666666,1,14,8,0.06666666666666667,0.1111111111111111,0.08333333333333334,22,0,1.0
2.5,0.28,-7.0,999,150,24,0.16,0.84,3,12,18,67,0.2,0.14285714285714285,0.16666666666666666,1,14,8,0.06666666666666667,0.1111111111111111,0.08333333333333334,22,0,1.0
2.5,0.28,-6.0,1,150,21,0.14,0.86,2,10,19,69,0.16666666666666666,0.09523809523809523,0.12121212121212123,0,12,9,0.0,0.0,0.0,22,0,1.0
2.5,0.28,-6.0,2,150,21,0.14,0.86,2,10,19,69,0.16666666666666666,0.09523809523809523,0.12121212121212123,0,12,9,0.0,0.0,0.0,22,0,1.0
2.5,0.28,-6.0,3,150,21,0.14,0.86,2,10,19,69,0.16666666666666666,0.09523809523809523,0.12121212121212123,0,12,9,0.0,0.0,0.0,22,0,1.0
2.5,0.28,-6.0,5,150,21,0.14,0.86,2,10,19,69,0.16666666666666666,0.09523809523809523,0.12121212121212123,0,12,9,0.0,0.0,0.0,22,0,1.0
2.5,0.28,-6.0,999,150,21,0.14,0.86,2,10,19,69,0.16666666666666666,0.09523809523809523,0.12121212121212123,0,12,9,0.0,0.0,0.0,22,0,1.0
2.5,0.28,-5.0,1,150,17,0.11333333333333333,0.8866666666666667,2,8,19,71,0.2,0.09523809523809523,0.12903225806451613,0,10,9,0.0,0.0,0.0,22,0,1.0
2.5,0.28,-5.0,2,150,17,0.11333333333333333,0.8866666666666667,2,8,19,71,0.2,0.09523809523809523,0.12903225806451613,0,10,9,0.0,0.0,0.0,22,0,1.0
2.5,0.28,-5.0,3,150,17,0.11333333333333333,0.8866666666666667,2,8,19,71,0.2,0.09523809523809523,0.12903225806451613,0,10,9,0.0,0.0,0.0,22,0,1.0
2.5,0.28,-5.0,5,150,17,0.11333333333333333,0.8866666666666667,2,8,19,71,0.2,0.09523809523809523,0.12903225806451613,0,10,9,0.0,0.0,0.0,22,0,1.0
2.5,0.28,-5.0,999,150,17,0.11333333333333333,0.8866666666666667,2,8,19,71,0.2,0.09523809523809523,0.12903225806451613,0,10,9,0.0,0.0,0.0,22,0,1.0
2.5,0.28,-4.5,1,150,11,0.07333333333333333,0.9266666666666666,2,6,19,73,0.25,0.09523809523809523,0.13793103448275862,0,8,9,0.0,0.0,0.0,22,0,1.0
2.5,0.28,-4.5,2,150,11,0.07333333333333333,0.9266666666666666,2,6,19,73,0.25,0.09523809523809523,0.13793103448275862,0,8,9,0.0,0.0,0.0,22,0,1.0
2.5,0.28,-4.5,3,150,11,0.07333333333333333,0.9266666666666666,2,6,19,73,0.25,0.09523809523809523,0.13793103448275862,0,8,9,0.0,0.0,0.0,22,0,1.0
2.5,0.28,-4.5,5,150,11,0.07333333333333333,0.9266666666666666,2,6,19,73,0.25,0.09523809523809523,0.13793103448275862,0,8,9,0.0,0.0,0.0,22,0,1.0
2.5,0.28,-4.5,999,150,11,0.07333333333333333,0.9266666666666666,2,6,19,73,0.25,0.09523809523809523,0.13793103448275862,0,8,9,0.0,0.0,0.0,22,0,1.0
2.5,0.28,-4.0,1,150,7,0.04666666666666667,0.9533333333333334,2,4,19,75,0.3333333333333333,0.09523809523809523,0.14814814814814814,0,6,9,0.0,0.0,0.0,22,0,1.0
2.5,0.28,-4.0,2,150,7,0.04666666666666667,0.9533333333333334,2,4,19,75,0.3333333333333333,0.09523809523809523,0.14814814814814814,0,6,9,0.0,0.0,0.0,22,0,1.0
2.5,0.28,-4.0,3,150,7,0.04666666666666667,0.9533333333333334,2,4,19,75,0.3333333333333333,0.09523809523809523,0.14814814814814814,0,6,9,0.0,0.0,0.0,22,0,1.0
2.5,0.28,-4.0,5,150,7,0.04666666666666667,0.9533333333333334,2,4,19,75,0.3333333333333333,0.09523809523809523,0.14814814814814814,0,6,9,0.0,0.0,0.0,22,0,1.0
2.5,0.28,-4.0,999,150,7,0.04666666666666667,0.9533333333333334,2,4,19,75,0.3333333333333333,0.09523809523809523,0.14814814814814814,0,6,9,0.0,0.0,0.0,22,0,1.0
2.5,0.28,-3.0,1,150,2,0.013333333333333334,0.9866666666666667,0,1,21,78,0.0,0.0,0.0,0,1,9,0.0,0.0,0.0,22,0,1.0
2.5,0.28,-3.0,2,150,2,0.013333333333333334,0.9866666666666667,0,1,21,78,0.0,0.0,0.0,0,1,9,0.0,0.0,0.0,22,0,1.0
2.5,0.28,-3.0,3,150,2,0.013333333333333334,0.9866666666666667,0,1,21,78,0.0,0.0,0.0,0,1,9,0.0,0.0,0.0,22,0,1.0
2.5,0.28,-3.0,5,150,2,0.013333333333333334,0.9866666666666667,0,1,21,78,0.0,0.0,0.0,0,1,9,0.0,0.0,0.0,22,0,1.0
2.5,0.28,-3.0,999,150,2,0.013333333333333334,0.9866666666666667,0,1,21,78,0.0,0.0,0.0,0,1,9,0.0,0.0,0.0,22,0,1.0
2.5,0.28,-2.0,1,150,2,0.013333333333333334,0.9866666666666667,0,1,21,78,0.0,0.0,0.0,0,1,9,0.0,0.0,0.0,22,0,1.0
2.5,0.28,-2.0,2,150,2,0.013333333333333334,0.9866666666666667,0,1,21,78,0.0,0.0,0.0,0,1,9,0.0,0.0,0.0,22,0,1.0
2.5,0.28,-2.0,3,150,2,0.013333333333333334,0.9866666666666667,0,1,21,78,0.0,0.0,0.0,0,1,9,0.0,0.0,0.0,22,0,1.0
2.5,0.28,-2.0,5,150,2,0.013333333333333334,0.9866666666666667,0,1,21,78,0.0,0.0,0.0,0,1,9,0.0,0.0,0.0,22,0,1.0
2.5,0.28,-2.0,999,150,2,0.013333333333333334,0.9866666666666667,0,1,21,78,0.0,0.0,0.0,0,1,9,0.0,0.0,0.0,22,0,1.0
2.5,0.28,0.0,1,150,0,0.0,1.0,0,0,21,79,0.0,0.0,0.0,0,0,9,0.0,0.0,0.0,22,0,1.0
2.5,0.28,0.0,2,150,0,0.0,1.0,0,0,21,79,0.0,0.0,0.0,0,0,9,0.0,0.0,0.0,22,0,1.0
2.5,0.28,0.0,3,150,0,0.0,1.0,0,0,21,79,0.0,0.0,0.0,0,0,9,0.0,0.0,0.0,22,0,1.0
2.5,0.28,0.0,5,150,0,0.0,1.0,0,0,21,79,0.0,0.0,0.0,0,0,9,0.0,0.0,0.0,22,0,1.0
2.5,0.28,0.0,999,150,0,0.0,1.0,0,0,21,79,0.0,0.0,0.0,0,0,9,0.0,0.0,0.0,22,0,1.0
2.5,0.28,1.0,1,150,0,0.0,1.0,0,0,21,79,0.0,0.0,0.0,0,0,9,0.0,0.0,0.0,22,0,1.0
2.5,0.28,1.0,2,150,0,0.0,1.0,0,0,21,79,0.0,0.0,0.0,0,0,9,0.0,0.0,0.0,22,0,1.0
2.5,0.28,1.0,3,150,0,0.0,1.0,0,0,21,79,0.0,0.0,0.0,0,0,9,0.0,0.0,0.0,22,0,1.0
2.5,0.28,1.0,5,150,0,0.0,1.0,0,0,21,79,0.0,0.0,0.0,0,0,9,0.0,0.0,0.0,22,0,1.0
2.5,0.28,1.0,999,150,0,0.0,1.0,0,0,21,79,0.0,0.0,0.0,0,0,9,0.0,0.0,0.0,22,0,1.0
2.5,0.32,-7.0,1,150,24,0.16,0.84,3,12,18,67,0.2,0.14285714285714285,0.16666666666666666,1,14,8,0.06666666666666667,0.1111111111111111,0.08333333333333334,22,0,1.0
2.5,0.32,-7.0,2,150,24,0.16,0.84,3,12,18,67,0.2,0.14285714285714285,0.16666666666666666,1,14,8,0.06666666666666667,0.1111111111111111,0.08333333333333334,22,0,1.0
2.5,0.32,-7.0,3,150,24,0.16,0.84,3,12,18,67,0.2,0.14285714285714285,0.16666666666666666,1,14,8,0.06666666666666667,0.1111111111111111,0.08333333333333334,22,0,1.0
2.5,0.32,-7.0,5,150,24,0.16,0.84,3,12,18,67,0.2,0.14285714285714285,0.16666666666666666,1,14,8,0.06666666666666667,0.1111111111111111,0.08333333333333334,22,0,1.0
2.5,0.32,-7.0,999,150,24,0.16,0.84,3,12,18,67,0.2,0.14285714285714285,0.16666666666666666,1,14,8,0.06666666666666667,0.1111111111111111,0.08333333333333334,22,0,1.0
2.5,0.32,-6.0,1,150,21,0.14,0.86,2,10,19,69,0.16666666666666666,0.09523809523809523,0.12121212121212123,0,12,9,0.0,0.0,0.0,22,0,1.0
2.5,0.32,-6.0,2,150,21,0.14,0.86,2,10,19,69,0.16666666666666666,0.09523809523809523,0.12121212121212123,0,12,9,0.0,0.0,0.0,22,0,1.0
2.5,0.32,-6.0,3,150,21,0.14,0.86,2,10,19,69,0.16666666666666666,0.09523809523809523,0.12121212121212123,0,12,9,0.0,0.0,0.0,22,0,1.0
2.5,0.32,-6.0,5,150,21,0.14,0.86,2,10,19,69,0.16666666666666666,0.09523809523809523,0.12121212121212123,0,12,9,0.0,0.0,0.0,22,0,1.0
2.5,0.32,-6.0,999,150,21,0.14,0.86,2,10,19,69,0.16666666666666666,0.09523809523809523,0.12121212121212123,0,12,9,0.0,0.0,0.0,22,0,1.0
2.5,0.32,-5.0,1,150,17,0.11333333333333333,0.8866666666666667,2,8,19,71,0.2,0.09523809523809523,0.12903225806451613,0,10,9,0.0,0.0,0.0,22,0,1.0
2.5,0.32,-5.0,2,150,17,0.11333333333333333,0.8866666666666667,2,8,19,71,0.2,0.09523809523809523,0.12903225806451613,0,10,9,0.0,0.0,0.0,22,0,1.0
2.5,0.32,-5.0,3,150,17,0.11333333333333333,0.8866666666666667,2,8,19,71,0.2,0.09523809523809523,0.12903225806451613,0,10,9,0.0,0.0,0.0,22,0,1.0
2.5,0.32,-5.0,5,150,17,0.11333333333333333,0.8866666666666667,2,8,19,71,0.2,0.09523809523809523,0.12903225806451613,0,10,9,0.0,0.0,0.0,22,0,1.0
2.5,0.32,-5.0,999,150,17,0.11333333333333333,0.8866666666666667,2,8,19,71,0.2,0.09523809523809523,0.12903225806451613,0,10,9,0.0,0.0,0.0,22,0,1.0
2.5,0.32,-4.5,1,150,11,0.07333333333333333,0.9266666666666666,2,6,19,73,0.25,0.09523809523809523,0.13793103448275862,0,8,9,0.0,0.0,0.0,22,0,1.0
2.5,0.32,-4.5,2,150,11,0.07333333333333333,0.9266666666666666,2,6,19,73,0.25,0.09523809523809523,0.13793103448275862,0,8,9,0.0,0.0,0.0,22,0,1.0
2.5,0.32,-4.5,3,150,11,0.07333333333333333,0.9266666666666666,2,6,19,73,0.25,0.09523809523809523,0.13793103448275862,0,8,9,0.0,0.0,0.0,22,0,1.0
2.5,0.32,-4.5,5,150,11,0.07333333333333333,0.9266666666666666,2,6,19,73,0.25,0.09523809523809523,0.13793103448275862,0,8,9,0.0,0.0,0.0,22,0,1.0
2.5,0.32,-4.5,999,150,11,0.07333333333333333,0.9266666666666666,2,6,19,73,0.25,0.09523809523809523,0.13793103448275862,0,8,9,0.0,0.0,0.0,22,0,1.0
2.5,0.32,-4.0,1,150,7,0.04666666666666667,0.9533333333333334,2,4,19,75,0.3333333333333333,0.09523809523809523,0.14814814814814814,0,6,9,0.0,0.0,0.0,22,0,1.0
2.5,0.32,-4.0,2,150,7,0.04666666666666667,0.9533333333333334,2,4,19,75,0.3333333333333333,0.09523809523809523,0.14814814814814814,0,6,9,0.0,0.0,0.0,22,0,1.0
2.5,0.32,-4.0,3,150,7,0.04666666666666667,0.9533333333333334,2,4,19,75,0.3333333333333333,0.09523809523809523,0.14814814814814814,0,6,9,0.0,0.0,0.0,22,0,1.0
2.5,0.32,-4.0,5,150,7,0.04666666666666667,0.9533333333333334,2,4,19,75,0.3333333333333333,0.09523809523809523,0.14814814814814814,0,6,9,0.0,0.0,0.0,22,0,1.0
2.5,0.32,-4.0,999,150,7,0.04666666666666667,0.9533333333333334,2,4,19,75,0.3333333333333333,0.09523809523809523,0.14814814814814814,0,6,9,0.0,0.0,0.0,22,0,1.0
2.5,0.32,-3.0,1,150,2,0.013333333333333334,0.9866666666666667,0,1,21,78,0.0,0.0,0.0,0,1,9,0.0,0.0,0.0,22,0,1.0
2.5,0.32,-3.0,2,150,2,0.013333333333333334,0.9866666666666667,0,1,21,78,0.0,0.0,0.0,0,1,9,0.0,0.0,0.0,22,0,1.0
2.5,0.32,-3.0,3,150,2,0.013333333333333334,0.9866666666666667,0,1,21,78,0.0,0.0,0.0,0,1,9,0.0,0.0,0.0,22,0,1.0
2.5,0.32,-3.0,5,150,2,0.013333333333333334,0.9866666666666667,0,1,21,78,0.0,0.0,0.0,0,1,9,0.0,0.0,0.0,22,0,1.0
2.5,0.32,-3.0,999,150,2,0.013333333333333334,0.9866666666666667,0,1,21,78,0.0,0.0,0.0,0,1,9,0.0,0.0,0.0,22,0,1.0
2.5,0.32,-2.0,1,150,2,0.013333333333333334,0.9866666666666667,0,1,21,78,0.0,0.0,0.0,0,1,9,0.0,0.0,0.0,22,0,1.0
2.5,0.32,-2.0,2,150,2,0.013333333333333334,0.9866666666666667,0,1,21,78,0.0,0.0,0.0,0,1,9,0.0,0.0,0.0,22,0,1.0
2.5,0.32,-2.0,3,150,2,0.013333333333333334,0.9866666666666667,0,1,21,78,0.0,0.0,0.0,0,1,9,0.0,0.0,0.0,22,0,1.0
2.5,0.32,-2.0,5,150,2,0.013333333333333334,0.9866666666666667,0,1,21,78,0.0,0.0,0.0,0,1,9,0.0,0.0,0.0,22,0,1.0
2.5,0.32,-2.0,999,150,2,0.013333333333333334,0.9866666666666667,0,1,21,78,0.0,0.0,0.0,0,1,9,0.0,0.0,0.0,22,0,1.0
2.5,0.32,0.0,1,150,0,0.0,1.0,0,0,21,79,0.0,0.0,0.0,0,0,9,0.0,0.0,0.0,22,0,1.0
2.5,0.32,0.0,2,150,0,0.0,1.0,0,0,21,79,0.0,0.0,0.0,0,0,9,0.0,0.0,0.0,22,0,1.0
2.5,0.32,0.0,3,150,0,0.0,1.0,0,0,21,79,0.0,0.0,0.0,0,0,9,0.0,0.0,0.0,22,0,1.0
2.5,0.32,0.0,5,150,0,0.0,1.0,0,0,21,79,0.0,0.0,0.0,0,0,9,0.0,0.0,0.0,22,0,1.0
2.5,0.32,0.0,999,150,0,0.0,1.0,0,0,21,79,0.0,0.0,0.0,0,0,9,0.0,0.0,0.0,22,0,1.0
2.5,0.32,1.0,1,150,0,0.0,1.0,0,0,21,79,0.0,0.0,0.0,0,0,9,0.0,0.0,0.0,22,0,1.0
2.5,0.32,1.0,2,150,0,0.0,1.0,0,0,21,79,0.0,0.0,0.0,0,0,9,0.0,0.0,0.0,22,0,1.0
2.5,0.32,1.0,3,150,0,0.0,1.0,0,0,21,79,0.0,0.0,0.0,0,0,9,0.0,0.0,0.0,22,0,1.0
2.5,0.32,1.0,5,150,0,0.0,1.0,0,0,21,79,0.0,0.0,0.0,0,0,9,0.0,0.0,0.0,22,0,1.0
2.5,0.32,1.0,999,150,0,0.0,1.0,0,0,21,79,0.0,0.0,0.0,0,0,9,0.0,0.0,0.0,22,0,1.0
2.5,0.4,-7.0,1,150,23,0.15333333333333332,0.8466666666666667,3,11,18,68,0.21428571428571427,0.14285714285714285,0.17142857142857143,1,13,8,0.07142857142857142,0.1111111111111111,0.08695652173913043,22,0,1.0
2.5,0.4,-7.0,2,150,23,0.15333333333333332,0.8466666666666667,3,11,18,68,0.21428571428571427,0.14285714285714285,0.17142857142857143,1,13,8,0.07142857142857142,0.1111111111111111,0.08695652173913043,22,0,1.0
2.5,0.4,-7.0,3,150,23,0.15333333333333332,0.8466666666666667,3,11,18,68,0.21428571428571427,0.14285714285714285,0.17142857142857143,1,13,8,0.07142857142857142,0.1111111111111111,0.08695652173913043,22,0,1.0
2.5,0.4,-7.0,5,150,23,0.15333333333333332,0.8466666666666667,3,11,18,68,0.21428571428571427,0.14285714285714285,0.17142857142857143,1,13,8,0.07142857142857142,0.1111111111111111,0.08695652173913043,22,0,1.0
2.5,0.4,-7.0,999,150,23,0.15333333333333332,0.8466666666666667,3,11,18,68,0.21428571428571427,0.14285714285714285,0.17142857142857143,1,13,8,0.07142857142857142,0.1111111111111111,0.08695652173913043,22,0,1.0
2.5,0.4,-6.0,1,150,20,0.13333333333333333,0.8666666666666667,2,9,19,70,0.18181818181818182,0.09523809523809523,0.125,0,11,9,0.0,0.0,0.0,22,0,1.0
2.5,0.4,-6.0,2,150,20,0.13333333333333333,0.8666666666666667,2,9,19,70,0.18181818181818182,0.09523809523809523,0.125,0,11,9,0.0,0.0,0.0,22,0,1.0
2.5,0.4,-6.0,3,150,20,0.13333333333333333,0.8666666666666667,2,9,19,70,0.18181818181818182,0.09523809523809523,0.125,0,11,9,0.0,0.0,0.0,22,0,1.0
2.5,0.4,-6.0,5,150,20,0.13333333333333333,0.8666666666666667,2,9,19,70,0.18181818181818182,0.09523809523809523,0.125,0,11,9,0.0,0.0,0.0,22,0,1.0
2.5,0.4,-6.0,999,150,20,0.13333333333333333,0.8666666666666667,2,9,19,70,0.18181818181818182,0.09523809523809523,0.125,0,11,9,0.0,0.0,0.0,22,0,1.0
2.5,0.4,-5.0,1,150,16,0.10666666666666667,0.8933333333333333,2,7,19,72,0.2222222222222222,0.09523809523809523,0.13333333333333333,0,9,9,0.0,0.0,0.0,22,0,1.0
2.5,0.4,-5.0,2,150,16,0.10666666666666667,0.8933333333333333,2,7,19,72,0.2222222222222222,0.09523809523809523,0.13333333333333333,0,9,9,0.0,0.0,0.0,22,0,1.0
2.5,0.4,-5.0,3,150,16,0.10666666666666667,0.8933333333333333,2,7,19,72,0.2222222222222222,0.09523809523809523,0.13333333333333333,0,9,9,0.0,0.0,0.0,22,0,1.0
2.5,0.4,-5.0,5,150,16,0.10666666666666667,0.8933333333333333,2,7,19,72,0.2222222222222222,0.09523809523809523,0.13333333333333333,0,9,9,0.0,0.0,0.0,22,0,1.0
2.5,0.4,-5.0,999,150,16,0.10666666666666667,0.8933333333333333,2,7,19,72,0.2222222222222222,0.09523809523809523,0.13333333333333333,0,9,9,0.0,0.0,0.0,22,0,1.0
2.5,0.4,-4.5,1,150,11,0.07333333333333333,0.9266666666666666,2,6,19,73,0.25,0.09523809523809523,0.13793103448275862,0,8,9,0.0,0.0,0.0,22,0,1.0
2.5,0.4,-4.5,2,150,11,0.07333333333333333,0.9266666666666666,2,6,19,73,0.25,0.09523809523809523,0.13793103448275862,0,8,9,0.0,0.0,0.0,22,0,1.0
2.5,0.4,-4.5,3,150,11,0.07333333333333333,0.9266666666666666,2,6,19,73,0.25,0.09523809523809523,0.13793103448275862,0,8,9,0.0,0.0,0.0,22,0,1.0
2.5,0.4,-4.5,5,150,11,0.07333333333333333,0.9266666666666666,2,6,19,73,0.25,0.09523809523809523,0.13793103448275862,0,8,9,0.0,0.0,0.0,22,0,1.0
2.5,0.4,-4.5,999,150,11,0.07333333333333333,0.9266666666666666,2,6,19,73,0.25,0.09523809523809523,0.13793103448275862,0,8,9,0.0,0.0,0.0,22,0,1.0
2.5,0.4,-4.0,1,150,7,0.04666666666666667,0.9533333333333334,2,4,19,75,0.3333333333333333,0.09523809523809523,0.14814814814814814,0,6,9,0.0,0.0,0.0,22,0,1.0
2.5,0.4,-4.0,2,150,7,0.04666666666666667,0.9533333333333334,2,4,19,75,0.3333333333333333,0.09523809523809523,0.14814814814814814,0,6,9,0.0,0.0,0.0,22,0,1.0
2.5,0.4,-4.0,3,150,7,0.04666666666666667,0.9533333333333334,2,4,19,75,0.3333333333333333,0.09523809523809523,0.14814814814814814,0,6,9,0.0,0.0,0.0,22,0,1.0
2.5,0.4,-4.0,5,150,7,0.04666666666666667,0.9533333333333334,2,4,19,75,0.3333333333333333,0.09523809523809523,0.14814814814814814,0,6,9,0.0,0.0,0.0,22,0,1.0
2.5,0.4,-4.0,999,150,7,0.04666666666666667,0.9533333333333334,2,4,19,75,0.3333333333333333,0.09523809523809523,0.14814814814814814,0,6,9,0.0,0.0,0.0,22,0,1.0
2.5,0.4,-3.0,1,150,2,0.013333333333333334,0.9866666666666667,0,1,21,78,0.0,0.0,0.0,0,1,9,0.0,0.0,0.0,22,0,1.0
2.5,0.4,-3.0,2,150,2,0.013333333333333334,0.9866666666666667,0,1,21,78,0.0,0.0,0.0,0,1,9,0.0,0.0,0.0,22,0,1.0
2.5,0.4,-3.0,3,150,2,0.013333333333333334,0.9866666666666667,0,1,21,78,0.0,0.0,0.0,0,1,9,0.0,0.0,0.0,22,0,1.0
2.5,0.4,-3.0,5,150,2,0.013333333333333334,0.9866666666666667,0,1,21,78,0.0,0.0,0.0,0,1,9,0.0,0.0,0.0,22,0,1.0
2.5,0.4,-3.0,999,150,2,0.013333333333333334,0.9866666666666667,0,1,21,78,0.0,0.0,0.0,0,1,9,0.0,0.0,0.0,22,0,1.0
2.5,0.4,-2.0,1,150,2,0.013333333333333334,0.9866666666666667,0,1,21,78,0.0,0.0,0.0,0,1,9,0.0,0.0,0.0,22,0,1.0
2.5,0.4,-2.0,2,150,2,0.013333333333333334,0.9866666666666667,0,1,21,78,0.0,0.0,0.0,0,1,9,0.0,0.0,0.0,22,0,1.0
2.5,0.4,-2.0,3,150,2,0.013333333333333334,0.9866666666666667,0,1,21,78,0.0,0.0,0.0,0,1,9,0.0,0.0,0.0,22,0,1.0
2.5,0.4,-2.0,5,150,2,0.013333333333333334,0.9866666666666667,0,1,21,78,0.0,0.0,0.0,0,1,9,0.0,0.0,0.0,22,0,1.0
2.5,0.4,-2.0,999,150,2,0.013333333333333334,0.9866666666666667,0,1,21,78,0.0,0.0,0.0,0,1,9,0.0,0.0,0.0,22,0,1.0
2.5,0.4,0.0,1,150,0,0.0,1.0,0,0,21,79,0.0,0.0,0.0,0,0,9,0.0,0.0,0.0,22,0,1.0
2.5,0.4,0.0,2,150,0,0.0,1.0,0,0,21,79,0.0,0.0,0.0,0,0,9,0.0,0.0,0.0,22,0,1.0
2.5,0.4,0.0,3,150,0,0.0,1.0,0,0,21,79,0.0,0.0,0.0,0,0,9,0.0,0.0,0.0,22,0,1.0
2.5,0.4,0.0,5,150,0,0.0,1.0,0,0,21,79,0.0,0.0,0.0,0,0,9,0.0,0.0,0.0,22,0,1.0
2.5,0.4,0.0,999,150,0,0.0,1.0,0,0,21,79,0.0,0.0,0.0,0,0,9,0.0,0.0,0.0,22,0,1.0
2.5,0.4,1.0,1,150,0,0.0,1.0,0,0,21,79,0.0,0.0,0.0,0,0,9,0.0,0.0,0.0,22,0,1.0
2.5,0.4,1.0,2,150,0,0.0,1.0,0,0,21,79,0.0,0.0,0.0,0,0,9,0.0,0.0,0.0,22,0,1.0
2.5,0.4,1.0,3,150,0,0.0,1.0,0,0,21,79,0.0,0.0,0.0,0,0,9,0.0,0.0,0.0,22,0,1.0
2.5,0.4,1.0,5,150,0,0.0,1.0,0,0,21,79,0.0,0.0,0.0,0,0,9,0.0,0.0,0.0,22,0,1.0
2.5,0.4,1.0,999,150,0,0.0,1.0,0,0,21,79,0.0,0.0,0.0,0,0,9,0.0,0.0,0.0,22,0,1.0
2.5,0.5,-7.0,1,150,19,0.12666666666666668,0.8733333333333333,2,9,19,70,0.18181818181818182,0.09523809523809523,0.125,1,10,8,0.09090909090909091,0.1111111111111111,0.09999999999999999,22,0,1.0
2.5,0.5,-7.0,2,150,19,0.12666666666666668,0.8733333333333333,2,9,19,70,0.18181818181818182,0.09523809523809523,0.125,1,10,8,0.09090909090909091,0.1111111111111111,0.09999999999999999,22,0,1.0
2.5,0.5,-7.0,3,150,19,0.12666666666666668,0.8733333333333333,2,9,19,70,0.18181818181818182,0.09523809523809523,0.125,1,10,8,0.09090909090909091,0.1111111111111111,0.09999999999999999,22,0,1.0
2.5,0.5,-7.0,5,150,19,0.12666666666666668,0.8733333333333333,2,9,19,70,0.18181818181818182,0.09523809523809523,0.125,1,10,8,0.09090909090909091,0.1111111111111111,0.09999999999999999,22,0,1.0
2.5,0.5,-7.0,999,150,19,0.12666666666666668,0.8733333333333333,2,9,19,70,0.18181818181818182,0.09523809523809523,0.125,1,10,8,0.09090909090909091,0.1111111111111111,0.09999999999999999,22,0,1.0
2.5,0.5,-6.0,1,150,16,0.10666666666666667,0.8933333333333333,1,7,20,72,0.125,0.047619047619047616,0.06896551724137931,0,8,9,0.0,0.0,0.0,22,0,1.0
2.5,0.5,-6.0,2,150,16,0.10666666666666667,0.8933333333333333,1,7,20,72,0.125,0.047619047619047616,0.06896551724137931,0,8,9,0.0,0.0,0.0,22,0,1.0
2.5,0.5,-6.0,3,150,16,0.10666666666666667,0.8933333333333333,1,7,20,72,0.125,0.047619047619047616,0.06896551724137931,0,8,9,0.0,0.0,0.0,22,0,1.0
2.5,0.5,-6.0,5,150,16,0.10666666666666667,0.8933333333333333,1,7,20,72,0.125,0.047619047619047616,0.06896551724137931,0,8,9,0.0,0.0,0.0,22,0,1.0
2.5,0.5,-6.0,999,150,16,0.10666666666666667,0.8933333333333333,1,7,20,72,0.125,0.047619047619047616,0.06896551724137931,0,8,9,0.0,0.0,0.0,22,0,1.0
2.5,0.5,-5.0,1,150,12,0.08,0.92,1,5,20,74,0.16666666666666666,0.047619047619047616,0.07407407407407407,0,6,9,0.0,0.0,0.0,22,0,1.0
2.5,0.5,-5.0,2,150,12,0.08,0.92,1,5,20,74,0.16666666666666666,0.047619047619047616,0.07407407407407407,0,6,9,0.0,0.0,0.0,22,0,1.0
2.5,0.5,-5.0,3,150,12,0.08,0.92,1,5,20,74,0.16666666666666666,0.047619047619047616,0.07407407407407407,0,6,9,0.0,0.0,0.0,22,0,1.0
2.5,0.5,-5.0,5,150,12,0.08,0.92,1,5,20,74,0.16666666666666666,0.047619047619047616,0.07407407407407407,0,6,9,0.0,0.0,0.0,22,0,1.0
2.5,0.5,-5.0,999,150,12,0.08,0.92,1,5,20,74,0.16666666666666666,0.047619047619047616,0.07407407407407407,0,6,9,0.0,0.0,0.0,22,0,1.0
2.5,0.5,-4.5,1,150,9,0.06,0.94,1,5,20,74,0.16666666666666666,0.047619047619047616,0.07407407407407407,0,6,9,0.0,0.0,0.0,22,0,1.0
2.5,0.5,-4.5,2,150,9,0.06,0.94,1,5,20,74,0.16666666666666666,0.047619047619047616,0.07407407407407407,0,6,9,0.0,0.0,0.0,22,0,1.0
2.5,0.5,-4.5,3,150,9,0.06,0.94,1,5,20,74,0.16666666666666666,0.047619047619047616,0.07407407407407407,0,6,9,0.0,0.0,0.0,22,0,1.0
2.5,0.5,-4.5,5,150,9,0.06,0.94,1,5,20,74,0.16666666666666666,0.047619047619047616,0.07407407407407407,0,6,9,0.0,0.0,0.0,22,0,1.0
2.5,0.5,-4.5,999,150,9,0.06,0.94,1,5,20,74,0.16666666666666666,0.047619047619047616,0.07407407407407407,0,6,9,0.0,0.0,0.0,22,0,1.0
2.5,0.5,-4.0,1,150,6,0.04,0.96,1,4,20,75,0.2,0.047619047619047616,0.07692307692307693,0,5,9,0.0,0.0,0.0,22,0,1.0
2.5,0.5,-4.0,2,150,6,0.04,0.96,1,4,20,75,0.2,0.047619047619047616,0.07692307692307693,0,5,9,0.0,0.0,0.0,22,0,1.0
2.5,0.5,-4.0,3,150,6,0.04,0.96,1,4,20,75,0.2,0.047619047619047616,0.07692307692307693,0,5,9,0.0,0.0,0.0,22,0,1.0
2.5,0.5,-4.0,5,150,6,0.04,0.96,1,4,20,75,0.2,0.047619047619047616,0.07692307692307693,0,5,9,0.0,0.0,0.0,22,0,1.0
2.5,0.5,-4.0,999,150,6,0.04,0.96,1,4,20,75,0.2,0.047619047619047616,0.07692307692307693,0,5,9,0.0,0.0,0.0,22,0,1.0
2.5,0.5,-3.0,1,150,2,0.013333333333333334,0.9866666666666667,0,1,21,78,0.0,0.0,0.0,0,1,9,0.0,0.0,0.0,22,0,1.0
2.5,0.5,-3.0,2,150,2,0.013333333333333334,0.9866666666666667,0,1,21,78,0.0,0.0,0.0,0,1,9,0.0,0.0,0.0,22,0,1.0
2.5,0.5,-3.0,3,150,2,0.013333333333333334,0.9866666666666667,0,1,21,78,0.0,0.0,0.0,0,1,9,0.0,0.0,0.0,22,0,1.0
2.5,0.5,-3.0,5,150,2,0.013333333333333334,0.9866666666666667,0,1,21,78,0.0,0.0,0.0,0,1,9,0.0,0.0,0.0,22,0,1.0
2.5,0.5,-3.0,999,150,2,0.013333333333333334,0.9866666666666667,0,1,21,78,0.0,0.0,0.0,0,1,9,0.0,0.0,0.0,22,0,1.0
2.5,0.5,-2.0,1,150,2,0.013333333333333334,0.9866666666666667,0,1,21,78,0.0,0.0,0.0,0,1,9,0.0,0.0,0.0,22,0,1.0
2.5,0.5,-2.0,2,150,2,0.013333333333333334,0.9866666666666667,0,1,21,78,0.0,0.0,0.0,0,1,9,0.0,0.0,0.0,22,0,1.0
2.5,0.5,-2.0,3,150,2,0.013333333333333334,0.9866666666666667,0,1,21,78,0.0,0.0,0.0,0,1,9,0.0,0.0,0.0,22,0,1.0
2.5,0.5,-2.0,5,150,2,0.013333333333333334,0.9866666666666667,0,1,21,78,0.0,0.0,0.0,0,1,9,0.0,0.0,0.0,22,0,1.0
2.5,0.5,-2.0,999,150,2,0.013333333333333334,0.9866666666666667,0,1,21,78,0.0,0.0,0.0,0,1,9,0.0,0.0,0.0,22,0,1.0
2.5,0.5,0.0,1,150,0,0.0,1.0,0,0,21,79,0.0,0.0,0.0,0,0,9,0.0,0.0,0.0,22,0,1.0
2.5,0.5,0.0,2,150,0,0.0,1.0,0,0,21,79,0.0,0.0,0.0,0,0,9,0.0,0.0,0.0,22,0,1.0
2.5,0.5,0.0,3,150,0,0.0,1.0,0,0,21,79,0.0,0.0,0.0,0,0,9,0.0,0.0,0.0,22,0,1.0
2.5,0.5,0.0,5,150,0,0.0,1.0,0,0,21,79,0.0,0.0,0.0,0,0,9,0.0,0.0,0.0,22,0,1.0
2.5,0.5,0.0,999,150,0,0.0,1.0,0,0,21,79,0.0,0.0,0.0,0,0,9,0.0,0.0,0.0,22,0,1.0
2.5,0.5,1.0,1,150,0,0.0,1.0,0,0,21,79,0.0,0.0,0.0,0,0,9,0.0,0.0,0.0,22,0,1.0
2.5,0.5,1.0,2,150,0,0.0,1.0,0,0,21,79,0.0,0.0,0.0,0,0,9,0.0,0.0,0.0,22,0,1.0
2.5,0.5,1.0,3,150,0,0.0,1.0,0,0,21,79,0.0,0.0,0.0,0,0,9,0.0,0.0,0.0,22,0,1.0
2.5,0.5,1.0,5,150,0,0.0,1.0,0,0,21,79,0.0,0.0,0.0,0,0,9,0.0,0.0,0.0,22,0,1.0
2.5,0.5,1.0,999,150,0,0.0,1.0,0,0,21,79,0.0,0.0,0.0,0,0,9,0.0,0.0,0.0,22,0,1.0
