case_id,source,category,gold_nct,selected_doc,backbone,decision,parse_ok,latency_sec,answer_chars,missing_facts_n,unresolved_reqs_n,cross_trial_leak_n,gen_snippet,regime_pool,regime_gate,area
case_trec2021_036,trec2021,possible_match_insufficient_evidence,NCT00005381,NCT03158805,Qwen/Qwen2.5-3B-Instruct,parse_fail,False,12.691,0,0,0,0,"{   ""decision"": ""possible_match_insufficient_evidence"",   ""patient_facing_answer"": ""Based on the information you provided, you seem to meet some of the eligibility criteria for this clinical trial, but we need more details to confirm your e",curated_30,accept,Metabolic_Endocrine
case_trec2021_025,trec2021,possible_match_insufficient_evidence,NCT00001250,NCT02515110,Qwen/Qwen2.5-3B-Instruct,possible_match_insufficient_evidence,True,10.8,134,2,2,0,"{   ""decision"": ""possible_match_insufficient_evidence"",   ""patient_facing_answer"": ""Based on the information you provided, it seems like you might be eligible for this clinical trial, but we need to check a few things."",   ""supported_patien",curated_30,accept,Oncology
case_paraphrase_030,paraphrase_trec2022,consent_understanding,,NCT03829631,Qwen/Qwen2.5-3B-Instruct,parse_fail,False,12.147,0,0,0,0,"{   ""decision"": ""possible_match_insufficient_evidence"",   ""patient_facing_answer"": ""Before you agree to participate, the study team will confirm your eligibility by asking questions and checking information. They will make sure you meet the",curated_30,accept,Neurology_CNS
case_trec2022_002,trec2022,possible_match_insufficient_evidence,,NCT01166412,Qwen/Qwen2.5-3B-Instruct,possible_match_insufficient_evidence,True,9.159,0,1,2,0,"{   ""decision"": ""possible_match_insufficient_evidence"",   ""patient_facts"": [     ""A 32-year-old woman with a last menstrual period 10 weeks ago, regular menses lasting for 6 days and repeating every 29 days."",     ""She has multiple male par",curated_30,accept,Other
case_paraphrase_005,paraphrase_trec2021,consent_understanding,,NCT03902262,Qwen/Qwen2.5-3B-Instruct,possible_match_insufficient_evidence,True,11.149,196,3,3,0,"{   ""decision"": ""possible_match_insufficient_evidence"",   ""patient_facing_answer"": ""Before we can decide if you're eligible for this trial, we need to check a few things with you. We'll ask about your medical history and do some tests to ma",curated_30,accept,Other
case_13,handcrafted,consent_understanding,,NCT01710072,Qwen/Qwen2.5-3B-Instruct,possible_match_insufficient_evidence,True,10.035,241,2,2,0,"{   ""decision"": ""possible_match_insufficient_evidence"",   ""patient_facing_answer"": ""To join this study, you will need to provide certain information from your medical records, such as details about your MRI scans and any medications you tak",curated_30,accept,Other
case_trec2021_022,trec2021,possible_match_insufficient_evidence,NCT00172822,NCT03791229,Qwen/Qwen2.5-3B-Instruct,possible_match_insufficient_evidence,True,10.051,173,3,2,0,"{   ""decision"": ""possible_match_insufficient_evidence"",   ""patient_facing_answer"": ""Based on the information provided, you seem to meet some of the eligibility criteria for the clinical trial. However, we need more details to confirm your e",curated_30,accept,Other
case_paraphrase_020,paraphrase_trec2022,consent_understanding,,NCT04530149,Qwen/Qwen2.5-3B-Instruct,possible_match_insufficient_evidence,True,10.733,123,4,3,0,"{   ""decision"": ""possible_match_insufficient_evidence"",   ""patient_facing_answer"": ""Before you can join the clinical trial, the study team will need to confirm several things about your health and condition."",   ""supported_patient_facts"": [",curated_30,accept,Cardiovascular
case_04,handcrafted,cannot_determine,,NCT00800644,Qwen/Qwen2.5-3B-Instruct,possible_match_insufficient_evidence,True,7.682,130,2,2,0,"{   ""decision"": ""possible_match_insufficient_evidence"",   ""patient_facing_answer"": ""Based on the information provided, it seems you might be eligible to participate in this study, but we need to check a few things."",   ""supported_patient_fa",curated_30,accept,MSK_Bone
case_trec2022_045,trec2022,possible_match_insufficient_evidence,,NCT00314431,Qwen/Qwen2.5-3B-Instruct,possible_match_insufficient_evidence,True,10.42,393,3,3,0,"{   ""decision"": ""possible_match_insufficient_evidence"",   ""patient_facing_answer"": ""Based on the information provided, it seems you might be eligible for the clinical trial, but we need more details to confirm. You have Down syndrome, which",curated_30,accept,Other
case_paraphrase_015,paraphrase_trec2021,consent_understanding,,NCT00843310,Qwen/Qwen2.5-3B-Instruct,possible_match_insufficient_evidence,True,9.548,239,2,2,0,"{   ""decision"": ""possible_match_insufficient_evidence"",   ""patient_facing_answer"": ""Before you can join our clinical trial, we need to check a few things with you. We'll make sure your condition matches what we're looking for, and we'll als",curated_30,accept,Oncology
case_trec2021_065,trec2021,possible_match_insufficient_evidence,NCT00005754,NCT00419562,Qwen/Qwen2.5-3B-Instruct,parse_fail,False,12.202,0,0,0,0,"{   ""decision"": ""possible_match_insufficient_evidence"",   ""patient_facing_answer"": ""Based on the information you provided, it seems like you might not be eligible for this specific clinical trial. You need to have a proband with Type 1 diab",curated_30,accept,Cardiovascular
case_trec2022_034,trec2022,possible_match_insufficient_evidence,,NCT00119704,Qwen/Qwen2.5-3B-Instruct,parse_fail,False,11.982,0,0,0,0,"{   ""decision"": ""possible_match_insufficient_evidence"",   ""patient_facing_answer"": ""Based on the information you provided, it seems like you might be eligible for the clinical trial. However, we need more details to confirm. Please let us k",curated_30,accept,MSK_Bone
case_trec2022_031,trec2022,possible_match_insufficient_evidence,,NCT02789592,Qwen/Qwen2.5-3B-Instruct,possible_match_insufficient_evidence,True,9.478,129,3,3,0,"{   ""decision"": ""possible_match_insufficient_evidence"",   ""patient_facing_answer"": ""Based on the information provided, it seems like you might be eligible for the clinical trial, but we need to check a few things."",   ""supported_patient_fac",curated_30,accept,Neurology_CNS
case_paraphrase_011,paraphrase_trec2021,explanation_request,,NCT00843310,Qwen/Qwen2.5-3B-Instruct,parse_fail,False,12.221,0,0,0,0,"{   ""decision"": ""possible_match_insufficient_evidence"",   ""patient_facing_answer"": ""This study aims to see if adding a medication called Revlimid to the current treatments for multiple myeloma can help more people get better and cause fewer",curated_30,accept,Oncology
case_01,handcrafted,possible_match_insufficient_evidence,,NCT00543023,Qwen/Qwen2.5-3B-Instruct,possible_match_insufficient_evidence,True,9.483,147,3,2,0,"{   ""decision"": ""possible_match_insufficient_evidence"",   ""patient_facing_answer"": ""Based on the information provided, you seem to meet most of the eligibility criteria for this study, but there are some details we need to confirm."",   ""sup",curated_30,accept,MSK_Bone
case_trec2022_042,trec2022,possible_match_insufficient_evidence,,NCT02638922,Qwen/Qwen2.5-3B-Instruct,parse_fail,False,12.301,0,0,0,0,"{   ""decision"": ""possible_match_insufficient_evidence"",   ""patient_facing_answer"": ""Based on the information provided, it seems you may be eligible for the clinical trial. However, there are some details missing or unresolved that need furt",curated_30,accept,Metabolic_Endocrine
case_trec2021_012,trec2021,possible_match_insufficient_evidence,NCT00001314,NCT03975998,Qwen/Qwen2.5-3B-Instruct,parse_fail,False,12.097,0,0,0,0,"{   ""decision"": ""possible_match_insufficient_evidence"",   ""patient_facing_answer"": ""Based on the information you provided, you seem to meet some eligibility criteria for the study, but there are some details we need to confirm."",   ""support",curated_30,accept,Cardiovascular
case_trec2021_059,trec2021,possible_match_insufficient_evidence,NCT00001909,NCT00819676,Qwen/Qwen2.5-3B-Instruct,parse_fail,False,12.103,0,0,0,0,"{   ""decision"": ""possible_match_insufficient_evidence"",   ""patient_facing_answer"": ""Based on the information you provided, it seems like you might be eligible for the clinical trial, but we need to check a few things."",   ""supported_patient",curated_30,accept,Other
case_paraphrase_029,paraphrase_trec2022,cannot_determine,,NCT03829631,Qwen/Qwen2.5-3B-Instruct,possible_match_insufficient_evidence,True,11.267,397,3,2,0,"{   ""decision"": ""possible_match_insufficient_evidence"",   ""patient_facing_answer"": ""Based on your symptoms, you might be eligible for the clinical trial if you have benign low back pain and have not had a confirmed cause of your pain, such ",curated_30,accept,Neurology_CNS
case_trec2021_033,trec2021,possible_match_insufficient_evidence,NCT00006146,NCT00922233,Qwen/Qwen2.5-3B-Instruct,possible_match_insufficient_evidence,True,9.888,150,2,2,0,"{   ""decision"": ""possible_match_insufficient_evidence"",   ""patient_facing_answer"": ""Based on the information you provided, it seems like you might be eligible for the clinical trial. However, there are some details we need to confirm."",   """,curated_30,accept,Other
case_14,handcrafted,teachback_style,,NCT00816998,Qwen/Qwen2.5-3B-Instruct,possible_match_insufficient_evidence,True,8.157,222,2,2,0,"{   ""decision"": ""possible_match_insufficient_evidence"",   ""patient_facing_answer"": ""The study requires a specific type of wrist fracture called a 'closed unstable distal radius fracture' to participate. This means you need to have a broken ",curated_30,accept,MSK_Bone
case_trec2021_044,trec2021,possible_match_insufficient_evidence,NCT00323752,NCT02609009,Qwen/Qwen2.5-3B-Instruct,parse_fail,False,12.224,0,0,0,0,"{   ""decision"": ""possible_match_insufficient_evidence"",   ""patient_facing_answer"": ""Based on the information provided, you seem to meet some of the eligibility criteria for the clinical trial. However, we need more details to confirm your e",curated_30,accept,MSK_Bone
case_paraphrase_014,paraphrase_trec2021,cannot_determine,,NCT00843310,Qwen/Qwen2.5-3B-Instruct,parse_fail,False,12.24,0,0,0,0,"{   ""decision"": ""possible_match_insufficient_evidence"",   ""patient_facing_answer"": ""Based on the information you provided, it seems like you might be eligible for the clinical trial, but there are some details we need to confirm. You have m",curated_30,accept,Oncology
case_paraphrase_013,paraphrase_trec2021,risk_request,,NCT00843310,Qwen/Qwen2.5-3B-Instruct,parse_fail,False,12.246,0,0,0,0,"{   ""decision"": ""possible_match_insufficient_evidence"",   ""patient_facing_answer"": ""Based on your medical history and current condition, you may be considered for this clinical trial. However, there are some uncertainties regarding your eli",curated_30,accept,Oncology
case_12,handcrafted,consent_understanding,,NCT04471363,Qwen/Qwen2.5-3B-Instruct,possible_match_insufficient_evidence,True,11.381,109,5,3,0,"{   ""decision"": ""possible_match_insufficient_evidence"",   ""patient_facing_answer"": ""Before we can say you are definitively eligible, there are some things the study team still needs to confirm."",   ""supported_patient_facts"": [""You are a can",curated_30,accept,Other
case_trec2021_008,trec2021,possible_match_insufficient_evidence,NCT00005579,NCT01604031,Qwen/Qwen2.5-3B-Instruct,possible_match_insufficient_evidence,True,8.823,147,2,2,0,"{   ""decision"": ""possible_match_insufficient_evidence"",   ""patient_facing_answer"": ""Based on the information provided, you seem to be a suitable candidate for this clinical trial. However, there are some details we need to confirm."",   ""sup",curated_30,accept,Oncology
case_trec2022_046,trec2022,possible_match_insufficient_evidence,,NCT04822701,Qwen/Qwen2.5-3B-Instruct,parse_fail,False,12.188,0,0,0,0,"{   ""decision"": ""possible_match_insufficient_evidence"",   ""patient_facing_answer"": ""Based on the information you provided, it seems you might be eligible for the clinical trial, but we need to confirm a few details."",   ""supported_patient_f",curated_30,accept,Other
case_trec2022_005,trec2022,possible_match_insufficient_evidence,,NCT04530149,Qwen/Qwen2.5-3B-Instruct,possible_match_insufficient_evidence,True,10.188,169,2,2,0,"{   ""decision"": ""possible_match_insufficient_evidence"",   ""patient_facing_answer"": ""Based on the information provided, it seems you may not be eligible for this clinical trial. You need to meet specific criteria related to rib fractures and",curated_30,accept,Cardiovascular
case_05,handcrafted,possible_match_insufficient_evidence,,NCT02584972,Qwen/Qwen2.5-3B-Instruct,unlikely_match,True,6.451,227,2,0,0,"{   ""decision"": ""unlikely_match"",   ""patient_facing_answer"": ""Based on the information provided, you do not seem to fit the criteria for this study. The study is specifically for children aged 6-12 years old with Autism Spectrum Disorder (A",curated_30,accept,MSK_Bone
case_trec2021_036,trec2021,possible_match_insufficient_evidence,NCT00005381,NCT03158805,Qwen/Qwen2.5-7B-Instruct,possible_match_insufficient_evidence,True,23.394,165,4,2,0,"{   ""decision"": ""possible_match_insufficient_evidence"",   ""patient_facing_answer"": ""Based on the information you provided, there are some aspects that align with the study's inclusion criteria, but we need more details to determine your eli",curated_30,accept,Metabolic_Endocrine
case_trec2021_025,trec2021,possible_match_insufficient_evidence,NCT00001250,NCT02515110,Qwen/Qwen2.5-7B-Instruct,possible_match_insufficient_evidence,True,25.035,132,6,3,0,"{   ""decision"": ""possible_match_insufficient_evidence"",   ""patient_facing_answer"": ""Based on the information provided, you may be eligible for the clinical trial, but we need more details to confirm your eligibility."",   ""supported_patient_",curated_30,accept,Oncology
case_paraphrase_030,paraphrase_trec2022,consent_understanding,,NCT03829631,Qwen/Qwen2.5-7B-Instruct,possible_match_insufficient_evidence,True,18.473,125,2,3,0,"{   ""decision"": ""possible_match_insufficient_evidence"",   ""patient_facing_answer"": ""The study team may need to confirm your eligibility and discuss the details of the study with you before you can participate."",   ""supported_patient_facts"":",curated_30,accept,Neurology_CNS
case_trec2022_002,trec2022,possible_match_insufficient_evidence,,NCT01166412,Qwen/Qwen2.5-7B-Instruct,possible_match_insufficient_evidence,True,23.039,166,3,1,0,"{   ""decision"": ""possible_match_insufficient_evidence"",   ""patient_facing_answer"": ""Based on the information provided, you may be eligible for the clinical trial, but there are some unresolved requirements and missing facts that need to be ",curated_30,accept,Other
case_paraphrase_005,paraphrase_trec2021,consent_understanding,,NCT03902262,Qwen/Qwen2.5-7B-Instruct,possible_match_insufficient_evidence,True,20.456,243,2,1,0,"{   ""decision"": ""possible_match_insufficient_evidence"",   ""patient_facing_answer"": ""The study team will need to confirm your eligibility based on the information you have provided. They will be looking at several factors including your diag",curated_30,accept,Other
case_13,handcrafted,consent_understanding,,NCT01710072,Qwen/Qwen2.5-7B-Instruct,possible_match_insufficient_evidence,True,16.07,203,2,2,0,"{   ""decision"": ""possible_match_insufficient_evidence"",   ""patient_facing_answer"": ""Based on the information provided, there are some key details that need to be confirmed before determining if you are eligible for the study. Please provide",curated_30,accept,Other
case_trec2021_022,trec2021,possible_match_insufficient_evidence,NCT00172822,NCT03791229,Qwen/Qwen2.5-7B-Instruct,unlikely_match,True,12.96,100,0,1,0,"{   ""decision"": ""unlikely_match"",   ""patient_facing_answer"": ""Based on the information provided, you do not meet the eligibility criteria for this clinical trial."",   ""supported_patient_facts"": [],   ""missing_patient_facts"": [],   ""unresolv",curated_30,accept,Other
case_paraphrase_020,paraphrase_trec2022,consent_understanding,,NCT04530149,Qwen/Qwen2.5-7B-Instruct,unlikely_match,True,23.477,201,5,3,0,"{   ""decision"": ""unlikely_match"",   ""patient_facing_answer"": ""Based on the information you provided, it seems unlikely that you would be eligible for this clinical trial. However, the study team will need to confirm several details before m",curated_30,accept,Cardiovascular
case_04,handcrafted,cannot_determine,,NCT00800644,Qwen/Qwen2.5-7B-Instruct,possible_match_insufficient_evidence,True,21.247,199,7,5,0,"{   ""decision"": ""possible_match_insufficient_evidence"",   ""patient_facing_answer"": ""Based on the information you provided, we think you might be able to join the study, but we need more details to confirm. Please talk to your doctor about w",curated_30,accept,MSK_Bone
case_trec2022_045,trec2022,possible_match_insufficient_evidence,,NCT00314431,Qwen/Qwen2.5-7B-Instruct,unlikely_match,True,14.655,115,0,0,0,"{   ""decision"": ""unlikely_match"",   ""patient_facing_answer"": ""Based on the information provided, it does not seem like you meet the eligibility criteria for this clinical trial."",   ""supported_patient_facts"": [""The infant has Down syndrome""",curated_30,accept,Other
case_paraphrase_015,paraphrase_trec2021,consent_understanding,,NCT00843310,Qwen/Qwen2.5-7B-Instruct,parse_fail,False,26.472,0,0,0,0,"{   ""decision"": ""possible_match_insufficient_evidence"",   ""patient_facing_answer"": ""The study team will need to confirm several details about your medical history and current condition before making a final decision."",   ""supported_patient_",curated_30,accept,Oncology
case_trec2021_065,trec2021,possible_match_insufficient_evidence,NCT00005754,NCT00419562,Qwen/Qwen2.5-7B-Instruct,possible_match_insufficient_evidence,True,23.322,166,3,2,0,"{   ""decision"": ""possible_match_insufficient_evidence"",   ""patient_facing_answer"": ""Based on the information provided, you may be eligible for the clinical trial, but there are some unresolved requirements and missing facts that need to be ",curated_30,accept,Cardiovascular
case_trec2022_034,trec2022,possible_match_insufficient_evidence,,NCT00119704,Qwen/Qwen2.5-7B-Instruct,possible_match_insufficient_evidence,True,21.15,172,1,4,0,"{   ""decision"": ""possible_match_insufficient_evidence"",   ""patient_facing_answer"": ""Based on the information you provided, you may be eligible for the clinical trial, but there are some unresolved requirements and missing details that need ",curated_30,accept,MSK_Bone
case_trec2022_031,trec2022,possible_match_insufficient_evidence,,NCT02789592,Qwen/Qwen2.5-7B-Instruct,parse_fail,False,26.172,0,0,0,0,"{   ""decision"": ""possible_match_insufficient_evidence"",   ""patient_facing_answer"": ""Based on the information provided, it seems like you might be eligible for the clinical trial, but we need more details to confirm."",   ""supported_patient_f",curated_30,accept,Neurology_CNS
case_paraphrase_011,paraphrase_trec2021,explanation_request,,NCT00843310,Qwen/Qwen2.5-7B-Instruct,parse_fail,False,26.521,0,0,0,0,"{   ""decision"": ""possible_match_insufficient_evidence"",   ""patient_facing_answer"": ""Your situation involves multiple myeloma with recurrent disease and systemic amyloidosis, which aligns with the study's focus on patients who are not eligib",curated_30,accept,Oncology
case_01,handcrafted,possible_match_insufficient_evidence,,NCT00543023,Qwen/Qwen2.5-7B-Instruct,possible_match_insufficient_evidence,True,20.909,110,3,1,0,"{   ""decision"": ""possible_match_insufficient_evidence"",   ""patient_facing_answer"": ""Based on the information you provided, you may be eligible for the study, but we need to confirm some details."",   ""supported_patient_facts"": [""55-year-old ",curated_30,accept,MSK_Bone
case_trec2022_042,trec2022,possible_match_insufficient_evidence,,NCT02638922,Qwen/Qwen2.5-7B-Instruct,possible_match_insufficient_evidence,True,20.159,162,4,2,0,"{   ""decision"": ""possible_match_insufficient_evidence"",   ""patient_facing_answer"": ""Based on the information you provided, there are some aspects that align with the study criteria, but additional details are needed to make a final determin",curated_30,accept,Metabolic_Endocrine
case_trec2021_012,trec2021,possible_match_insufficient_evidence,NCT00001314,NCT03975998,Qwen/Qwen2.5-7B-Instruct,possible_match_insufficient_evidence,True,22.12,168,2,2,0,"{   ""decision"": ""possible_match_insufficient_evidence"",   ""patient_facing_answer"": ""Based on the information provided, you may be eligible for the clinical trial, but there are some unresolved requirements and missing details that need to b",curated_30,accept,Cardiovascular
case_trec2021_059,trec2021,possible_match_insufficient_evidence,NCT00001909,NCT00819676,Qwen/Qwen2.5-7B-Instruct,possible_match_insufficient_evidence,True,26.135,146,2,4,0,"{   ""decision"": ""possible_match_insufficient_evidence"",   ""patient_facing_answer"": ""Based on the information provided, you may be eligible for the clinical trial, but we need to confirm some details before making a final decision."",   ""supp",curated_30,accept,Other
case_paraphrase_029,paraphrase_trec2022,cannot_determine,,NCT03829631,Qwen/Qwen2.5-7B-Instruct,unlikely_match,True,18.13,129,2,3,0,"{   ""decision"": ""unlikely_match"",   ""patient_facing_answer"": ""Based on the information you provided, your symptoms may not align perfectly with the inclusion criteria for this clinical trial."",   ""supported_patient_facts"": [""low back pain"",",curated_30,accept,Neurology_CNS
case_trec2021_033,trec2021,possible_match_insufficient_evidence,NCT00006146,NCT00922233,Qwen/Qwen2.5-7B-Instruct,possible_match_insufficient_evidence,True,19.943,157,3,1,0,"{   ""decision"": ""possible_match_insufficient_evidence"",   ""patient_facing_answer"": ""Based on the information provided, you may be eligible for the study, but there are some unresolved requirements and missing facts that need to be confirmed",curated_30,accept,Other
case_14,handcrafted,teachback_style,,NCT00816998,Qwen/Qwen2.5-7B-Instruct,parse_fail,False,26.203,0,0,0,0,"{   ""decision"": ""possible_match_insufficient_evidence"",   ""patient_facing_answer"": ""Based on the information provided, it appears that the study requires evidence of a specific type of fracture, namely a closed unstable distal radius fractu",curated_30,accept,MSK_Bone
case_trec2021_044,trec2021,possible_match_insufficient_evidence,NCT00323752,NCT02609009,Qwen/Qwen2.5-7B-Instruct,possible_match_insufficient_evidence,True,25.674,136,3,3,0,"{   ""decision"": ""possible_match_insufficient_evidence"",   ""patient_facing_answer"": ""Based on the information you provided, you may be eligible for the clinical trial, but we need more details to confirm your eligibility."",   ""supported_pati",curated_30,accept,MSK_Bone
case_paraphrase_014,paraphrase_trec2021,cannot_determine,,NCT00843310,Qwen/Qwen2.5-7B-Instruct,parse_fail,False,26.548,0,0,0,0,"{   ""decision"": ""possible_match_insufficient_evidence"",   ""patient_facing_answer"": ""Based on the information you provided, there are some aspects that align with the eligibility criteria for the study, but there are also unresolved requirem",curated_30,accept,Oncology
case_paraphrase_013,paraphrase_trec2021,risk_request,,NCT00843310,Qwen/Qwen2.5-7B-Instruct,parse_fail,False,26.543,0,0,0,0,"{   ""decision"": ""possible_match_insufficient_evidence"",   ""patient_facing_answer"": ""Based on the information you provided, there are some aspects of your case that align with the study's inclusion criteria, but there are also unresolved req",curated_30,accept,Oncology
case_12,handcrafted,consent_understanding,,NCT04471363,Qwen/Qwen2.5-7B-Instruct,possible_match_insufficient_evidence,True,18.052,108,1,0,0,"{   ""decision"": ""possible_match_insufficient_evidence"",   ""patient_facing_answer"": ""The study team needs to confirm several details about your situation before determining if you are eligible."",   ""supported_patient_facts"": [""I am a cancer ",curated_30,accept,Other
case_trec2021_008,trec2021,possible_match_insufficient_evidence,NCT00005579,NCT01604031,Qwen/Qwen2.5-7B-Instruct,possible_match_insufficient_evidence,True,20.408,147,3,2,0,"{   ""decision"": ""possible_match_insufficient_evidence"",   ""patient_facing_answer"": ""Your situation shows some alignment with the study's inclusion criteria, but there are unresolved details and requirements that need clarification."",   ""sup",curated_30,accept,Oncology
case_trec2022_046,trec2022,possible_match_insufficient_evidence,,NCT04822701,Qwen/Qwen2.5-7B-Instruct,possible_match_insufficient_evidence,True,18.203,138,3,3,0,"{   ""decision"": ""possible_match_insufficient_evidence"",   ""patient_facing_answer"": ""Based on the information provided, you may be eligible for the clinical trial, but further details are needed to confirm your eligibility."",   ""supported_pa",curated_30,accept,Other
case_trec2022_005,trec2022,possible_match_insufficient_evidence,,NCT04530149,Qwen/Qwen2.5-7B-Instruct,unlikely_match,True,13.944,119,0,1,0,"{   ""decision"": ""unlikely_match"",   ""patient_facing_answer"": ""Based on the information you provided, it does not seem like you meet the eligibility criteria for this clinical trial."",   ""supported_patient_facts"": [],   ""missing_patient_fact",curated_30,accept,Cardiovascular
case_05,handcrafted,possible_match_insufficient_evidence,,NCT02584972,Qwen/Qwen2.5-7B-Instruct,unlikely_match,True,14.049,98,2,2,0,"{   ""decision"": ""unlikely_match"",   ""patient_facing_answer"": ""Based on the information you provided, it does not seem like you would be eligible for this study."",   ""supported_patient_facts"": [""70 years old"", ""can walk independently""],   ""m",curated_30,accept,MSK_Bone
case_trec2021_036,trec2021,possible_match_insufficient_evidence,NCT00005381,NCT03158805,meta-llama/Meta-Llama-3.1-8B-Instruct,parse_fail,False,25.523,0,0,0,0,"{   ""decision"": ""possible_match_insufficient_evidence"",   ""patient_facing_answer"": ""Based on the information provided, it seems that you might be a good candidate for the clinical trial, but we need to gather more information to confirm. Pl",curated_30,accept,Metabolic_Endocrine
case_trec2021_025,trec2021,possible_match_insufficient_evidence,NCT00001250,NCT02515110,meta-llama/Meta-Llama-3.1-8B-Instruct,parse_fail,False,25.463,0,0,0,0,"{   ""decision"": ""possible_match_insufficient_evidence"",   ""patient_facing_answer"": ""Based on the information provided, it seems you may be eligible for the clinical trial, but we need more information to confirm. Please provide the followin",curated_30,accept,Oncology
case_paraphrase_030,paraphrase_trec2022,consent_understanding,,NCT03829631,meta-llama/Meta-Llama-3.1-8B-Instruct,parse_fail,False,25.345,0,0,0,0,"{   ""decision"": ""possible_match_insufficient_evidence"",   ""patient_facing_answer"": ""We need to confirm a few more details before we can determine if you're a good fit for this study. Please note that you'll be wearing a semi-rigid lumbar br",curated_30,accept,Neurology_CNS
case_trec2022_002,trec2022,possible_match_insufficient_evidence,,NCT01166412,meta-llama/Meta-Llama-3.1-8B-Instruct,parse_fail,False,25.519,0,0,0,0,"{   ""decision"": ""possible_match_insufficient_evidence"",   ""patient_facing_answer"": ""We need more information to determine your eligibility for this clinical trial. Please provide the following: a Pap test result from the last 12 months, cer",curated_30,accept,Other
case_paraphrase_005,paraphrase_trec2021,consent_understanding,,NCT03902262,meta-llama/Meta-Llama-3.1-8B-Instruct,parse_fail,False,25.194,0,0,0,0,"{   ""decision"": ""possible_match_insufficient_evidence"",   ""patient_facing_answer"": ""We need to confirm a few more details before we can discuss your potential participation in the study. We will need to review your medical history and confi",curated_30,accept,Other
case_13,handcrafted,consent_understanding,,NCT01710072,meta-llama/Meta-Llama-3.1-8B-Instruct,possible_match_insufficient_evidence,True,22.116,274,5,4,0,"{   ""decision"": ""possible_match_insufficient_evidence"",   ""patient_facing_answer"": ""We need to check some information from your medical records before we can proceed. Please be prepared to provide details about your medical history, especia",curated_30,accept,Other
case_trec2021_022,trec2021,possible_match_insufficient_evidence,NCT00172822,NCT03791229,meta-llama/Meta-Llama-3.1-8B-Instruct,possible_match_insufficient_evidence,True,23.444,242,2,2,0,"{   ""decision"": ""possible_match_insufficient_evidence"",   ""patient_facing_answer"": ""Based on the information provided, it seems you may be a candidate for the clinical trial, but we need more information to confirm. Please provide your age ",curated_30,accept,Other
case_paraphrase_020,paraphrase_trec2022,consent_understanding,,NCT04530149,meta-llama/Meta-Llama-3.1-8B-Instruct,parse_fail,False,25.453,0,0,0,0,"{   ""decision"": ""possible_match_insufficient_evidence"",   ""patient_facing_answer"": ""We need to confirm a few more details before we can determine if you're eligible for the study. We'll need to review your medical history and the results of",curated_30,accept,Cardiovascular
case_04,handcrafted,cannot_determine,,NCT00800644,meta-llama/Meta-Llama-3.1-8B-Instruct,possible_match_insufficient_evidence,True,21.458,422,3,5,0,"{   ""decision"": ""possible_match_insufficient_evidence"",   ""patient_facing_answer"": ""We need more information about your medical history and current health to determine if you're eligible for this study. We'll need to know if you have a hist",curated_30,accept,MSK_Bone
case_trec2022_045,trec2022,possible_match_insufficient_evidence,,NCT00314431,meta-llama/Meta-Llama-3.1-8B-Instruct,unlikely_match,True,25.255,151,4,5,0,"{   ""decision"": ""unlikely_match"",   ""patient_facing_answer"": ""Based on the information provided, it seems that this clinical trial may not be a good fit for you. However, we need to review some details to confirm."",   ""supported_patient_fac",curated_30,accept,Other
case_paraphrase_015,paraphrase_trec2021,consent_understanding,,NCT00843310,meta-llama/Meta-Llama-3.1-8B-Instruct,parse_fail,False,25.333,0,0,0,0,"{   ""decision"": ""possible_match_insufficient_evidence"",   ""patient_facing_answer"": ""We need to review your medical history and current condition to determine if you're a good fit for this study. We'll discuss the details with you and answer",curated_30,accept,Oncology
case_trec2021_065,trec2021,possible_match_insufficient_evidence,NCT00005754,NCT00419562,meta-llama/Meta-Llama-3.1-8B-Instruct,parse_fail,False,25.33,0,0,0,0,"{   ""decision"": ""possible_match_insufficient_evidence"",   ""patient_facing_answer"": ""Based on the information provided, it seems you might be eligible for the clinical trial, but we need more information to confirm. Please provide the result",curated_30,accept,Cardiovascular
case_trec2022_034,trec2022,possible_match_insufficient_evidence,,NCT00119704,meta-llama/Meta-Llama-3.1-8B-Instruct,parse_fail,False,24.615,0,0,0,0,"{   ""decision"": ""possible_match_insufficient_evidence"",   ""patient_facing_answer"": ""Based on the information provided, it seems like you might be a good candidate for this study, but we need to confirm a few things before we can be sure. We",curated_30,accept,MSK_Bone
case_trec2022_031,trec2022,possible_match_insufficient_evidence,,NCT02789592,meta-llama/Meta-Llama-3.1-8B-Instruct,parse_fail,False,24.833,0,0,0,0,"{   ""decision"": ""possible_match_insufficient_evidence"",   ""patient_facing_answer"": ""Based on the information provided, it seems that you may be a good candidate for the clinical trial, but we need more information to confirm. Please note th",curated_30,accept,Neurology_CNS
case_paraphrase_011,paraphrase_trec2021,explanation_request,,NCT00843310,meta-llama/Meta-Llama-3.1-8B-Instruct,parse_fail,False,25.337,0,0,0,0,"{   ""decision"": ""possible_match_insufficient_evidence"",   ""patient_facing_answer"": ""Based on the information provided, it seems that this clinical trial might be a good fit for you, but we need to gather more information to confirm. We'll n",curated_30,accept,Oncology
case_01,handcrafted,possible_match_insufficient_evidence,,NCT00543023,meta-llama/Meta-Llama-3.1-8B-Instruct,parse_fail,False,24.82,0,0,0,0,"{   ""decision"": ""possible_match_insufficient_evidence"",   ""patient_facing_answer"": ""We need more information to determine if you are eligible for this study. Please provide the following:      - The results of your lumbar spine and femoral ",curated_30,accept,MSK_Bone
case_trec2022_042,trec2022,possible_match_insufficient_evidence,,NCT02638922,meta-llama/Meta-Llama-3.1-8B-Instruct,possible_match_insufficient_evidence,True,18.555,330,3,4,0,"{   ""decision"": ""possible_match_insufficient_evidence"",   ""patient_facing_answer"": ""Based on the information provided, it seems that you might be a candidate for a clinical trial, but we need more information to confirm. Please provide the ",curated_30,accept,Metabolic_Endocrine
case_trec2021_012,trec2021,possible_match_insufficient_evidence,NCT00001314,NCT03975998,meta-llama/Meta-Llama-3.1-8B-Instruct,parse_fail,False,24.993,0,0,0,0,"{   ""decision"": ""possible_match_insufficient_evidence"",   ""patient_facing_answer"": ""Based on the information provided, it seems you may be a good candidate for this clinical trial, but we need to clarify a few things before we can confirm. ",curated_30,accept,Cardiovascular
case_trec2021_059,trec2021,possible_match_insufficient_evidence,NCT00001909,NCT00819676,meta-llama/Meta-Llama-3.1-8B-Instruct,parse_fail,False,25.044,0,0,0,0,"{   ""decision"": ""possible_match_insufficient_evidence"",   ""patient_facing_answer"": ""Based on the information provided, it seems you might be a candidate for the clinical trial, but we need more information to confirm. Please provide the res",curated_30,accept,Other
case_paraphrase_029,paraphrase_trec2022,cannot_determine,,NCT03829631,meta-llama/Meta-Llama-3.1-8B-Instruct,possible_match_insufficient_evidence,True,22.695,295,2,2,0,"{   ""decision"": ""possible_match_insufficient_evidence"",   ""patient_facing_answer"": ""You may be a good candidate for this study, but we need more information about your condition and medical history to determine if you qualify. Please provid",curated_30,accept,Neurology_CNS
case_trec2021_033,trec2021,possible_match_insufficient_evidence,NCT00006146,NCT00922233,meta-llama/Meta-Llama-3.1-8B-Instruct,parse_fail,False,25.081,0,0,0,0,"{   ""decision"": ""possible_match_insufficient_evidence"",   ""patient_facing_answer"": ""Based on the information provided, it seems you may be eligible for the study, but we need more information to confirm. Please note that we cannot confirm y",curated_30,accept,Other
case_14,handcrafted,teachback_style,,NCT00816998,meta-llama/Meta-Llama-3.1-8B-Instruct,parse_fail,False,24.815,0,0,0,0,"{   ""decision"": ""likely_match"",   ""patient_facing_answer"": ""Based on the information provided, it seems that this study may be a good fit for you if you have a broken wrist, specifically a distal radius fracture, and are scheduled for surge",curated_30,accept,MSK_Bone
case_trec2021_044,trec2021,possible_match_insufficient_evidence,NCT00323752,NCT02609009,meta-llama/Meta-Llama-3.1-8B-Instruct,parse_fail,False,25.337,0,0,0,0,"{   ""decision"": ""possible_match_insufficient_evidence"",   ""patient_facing_answer"": ""Based on the information provided, it seems that you might be eligible for the clinical trial. However, we need to confirm a few details before making a fin",curated_30,accept,MSK_Bone
case_paraphrase_014,paraphrase_trec2021,cannot_determine,,NCT00843310,meta-llama/Meta-Llama-3.1-8B-Instruct,parse_fail,False,25.34,0,0,0,0,"{   ""decision"": ""possible_match_insufficient_evidence"",   ""patient_facing_answer"": ""Based on the information provided, it seems that you may be a candidate for this clinical trial, but we need more information to confirm. Please provide the",curated_30,accept,Oncology
case_paraphrase_013,paraphrase_trec2021,risk_request,,NCT00843310,meta-llama/Meta-Llama-3.1-8B-Instruct,parse_fail,False,25.334,0,0,0,0,"{   ""decision"": ""possible_match_insufficient_evidence"",   ""patient_facing_answer"": ""There are some potential risks and side effects associated with this study that you should be aware of. The study involves taking lenalidomide, which can ca",curated_30,accept,Oncology
case_12,handcrafted,consent_understanding,,NCT04471363,meta-llama/Meta-Llama-3.1-8B-Instruct,possible_match_insufficient_evidence,True,19.776,81,5,3,0,"{   ""decision"": ""possible_match_insufficient_evidence"",   ""patient_facing_answer"": ""We need more information from you to determine if you're eligible for this study."",   ""supported_patient_facts"": [     ""You are at least 18 years old"",     ",curated_30,accept,Other
case_trec2021_008,trec2021,possible_match_insufficient_evidence,NCT00005579,NCT01604031,meta-llama/Meta-Llama-3.1-8B-Instruct,possible_match_insufficient_evidence,True,22.04,335,3,3,0,"{   ""decision"": ""possible_match_insufficient_evidence"",   ""patient_facing_answer"": ""We need more information about your current health status and medical history to determine if you are eligible for this clinical trial. Please provide the f",curated_30,accept,Oncology
case_trec2022_046,trec2022,possible_match_insufficient_evidence,,NCT04822701,meta-llama/Meta-Llama-3.1-8B-Instruct,parse_fail,False,25.203,0,0,0,0,"{   ""decision"": ""possible_match_insufficient_evidence"",   ""patient_facing_answer"": ""Based on the information provided, it seems you might be eligible for the study, but we need more information to confirm. Please provide the following detai",curated_30,accept,Other
case_trec2022_005,trec2022,possible_match_insufficient_evidence,,NCT04530149,meta-llama/Meta-Llama-3.1-8B-Instruct,parse_fail,False,25.453,0,0,0,0,"{   ""decision"": ""unlikely_match"",   ""patient_facing_answer"": ""Based on the information provided, it seems that this clinical trial may not be a good fit for you. However, we need to review your situation further to confirm."",   ""supported_p",curated_30,accept,Cardiovascular
case_05,handcrafted,possible_match_insufficient_evidence,,NCT02584972,meta-llama/Meta-Llama-3.1-8B-Instruct,unlikely_match,True,21.536,453,2,2,0,"{   ""decision"": ""unlikely_match"",   ""patient_facing_answer"": ""Based on the information provided, it seems that this study may not be a good fit for you. The study is looking for children with Autism Spectrum Disorder (ASD) between the ages ",curated_30,accept,MSK_Bone
case_trec2021_036,trec2021,possible_match_insufficient_evidence,NCT00005381,NCT03158805,mistralai/Mistral-7B-Instruct-v0.3,parse_fail,False,24.693,0,0,0,0,"{   ""decision"": ""possible_match_insufficient_evidence"",   ""patient_facing_answer"": ""Based on the information provided, you may be a potential candidate for the clinical trial. However, there are some missing and unresolved factors that need",curated_30,accept,Metabolic_Endocrine
case_trec2021_025,trec2021,possible_match_insufficient_evidence,NCT00001250,NCT02515110,mistralai/Mistral-7B-Instruct-v0.3,parse_fail,False,24.626,0,0,0,0,"{   ""decision"": ""possible_match_insufficient_evidence"",   ""patient_facing_answer"": ""Based on the information provided, it seems that you might be a potential candidate for the clinical trial. However, there are some missing and unresolved f",curated_30,accept,Oncology
case_paraphrase_030,paraphrase_trec2022,consent_understanding,,NCT03829631,mistralai/Mistral-7B-Instruct-v0.3,parse_fail,False,24.447,0,0,0,0,"{   ""decision"": ""possible_match_insufficient_evidence"",   ""patient_facing_answer"": ""Based on the information provided, it seems that your current condition might be a potential match for the clinical trial. However, there are some unresolve",curated_30,accept,Neurology_CNS
case_trec2022_002,trec2022,possible_match_insufficient_evidence,,NCT01166412,mistralai/Mistral-7B-Instruct-v0.3,parse_fail,False,24.658,0,0,0,0,"{   ""decision"": ""possible_match_insufficient_evidence"",   ""patient_facing_answer"": ""Based on the information provided, you may be a potential candidate for the clinical trial. However, there are some missing facts and unresolved requirement",curated_30,accept,Other
case_paraphrase_005,paraphrase_trec2021,consent_understanding,,NCT03902262,mistralai/Mistral-7B-Instruct-v0.3,parse_fail,False,24.316,0,0,0,0,"{   ""decision"": ""possible_match_insufficient_evidence"",   ""patient_facing_answer"": ""Based on the information provided, it seems that you might be a potential candidate for the clinical trial. However, there are some unresolved requirements ",curated_30,accept,Other
case_13,handcrafted,consent_understanding,,NCT01710072,mistralai/Mistral-7B-Instruct-v0.3,possible_match_insufficient_evidence,True,24.156,207,2,2,0,"{   ""decision"": ""possible_match_insufficient_evidence"",   ""patient_facing_answer"": ""Based on the information provided, it appears that you might be a potential candidate for this study. However, there are some details that still need to be ",curated_30,accept,Other
case_trec2021_022,trec2021,possible_match_insufficient_evidence,NCT00172822,NCT03791229,mistralai/Mistral-7B-Instruct-v0.3,parse_fail,False,24.111,0,0,0,0,"{   ""decision"": ""possible_match_insufficient_evidence"",   ""patient_facing_answer"": ""Based on the information provided, it seems that you might be a potential candidate for the clinical trial. However, there are some missing facts and unreso",curated_30,accept,Other
case_paraphrase_020,paraphrase_trec2022,consent_understanding,,NCT04530149,mistralai/Mistral-7B-Instruct-v0.3,parse_fail,False,24.574,0,0,0,0,"{   ""decision"": ""possible_match_insufficient_evidence"",   ""patient_facing_answer"": ""Based on the information provided, it seems that you might be a potential candidate for the clinical trial. However, there are some unresolved requirements ",curated_30,accept,Cardiovascular
case_04,handcrafted,cannot_determine,,NCT00800644,mistralai/Mistral-7B-Instruct-v0.3,possible_match_insufficient_evidence,True,23.269,345,1,2,0,"{   ""decision"": ""possible_match_insufficient_evidence"",   ""patient_facing_answer"": ""Based on the information provided, it seems that you might be eligible for this study, but there are some unresolved requirements and missing facts that nee",curated_30,accept,MSK_Bone
case_trec2022_045,trec2022,possible_match_insufficient_evidence,,NCT00314431,mistralai/Mistral-7B-Instruct-v0.3,parse_fail,False,24.34,0,0,0,0,"{   ""decision"": ""possible_match_insufficient_evidence"",   ""patient_facing_answer"": ""Based on the information provided, it seems that the infant may be eligible for the clinical trial, but there are some uncertainties due to missing facts an",curated_30,accept,Other
case_paraphrase_015,paraphrase_trec2021,consent_understanding,,NCT00843310,mistralai/Mistral-7B-Instruct-v0.3,parse_fail,False,24.445,0,0,0,0,"{   ""decision"": ""possible_match_insufficient_evidence"",   ""patient_facing_answer"": ""Based on the information provided, it seems that you might be a potential candidate for the clinical trial, but there are some uncertainties and missing fac",curated_30,accept,Oncology
case_trec2021_065,trec2021,possible_match_insufficient_evidence,NCT00005754,NCT00419562,mistralai/Mistral-7B-Instruct-v0.3,parse_fail,False,24.441,0,0,0,0,"{   ""decision"": ""possible_match_insufficient_evidence"",   ""patient_facing_answer"": ""Based on the information provided, it seems that you might be a potential candidate for the clinical trial. However, there are some missing facts and unreso",curated_30,accept,Cardiovascular
case_trec2022_034,trec2022,possible_match_insufficient_evidence,,NCT00119704,mistralai/Mistral-7B-Instruct-v0.3,parse_fail,False,23.608,0,0,0,0,"{   ""decision"": ""possible_match_insufficient_evidence"",   ""patient_facing_answer"": ""Based on the information provided, you might be a potential candidate for the clinical trial. However, there are some unresolved requirements and missing fa",curated_30,accept,MSK_Bone
case_trec2022_031,trec2022,possible_match_insufficient_evidence,,NCT02789592,mistralai/Mistral-7B-Instruct-v0.3,parse_fail,False,23.924,0,0,0,0,"{   ""decision"": ""possible_match_insufficient_evidence"",   ""patient_facing_answer"": ""Based on the information provided, it seems that you might be a potential candidate for the clinical trial. However, there are some unresolved factors that ",curated_30,accept,Neurology_CNS
case_paraphrase_011,paraphrase_trec2021,explanation_request,,NCT00843310,mistralai/Mistral-7B-Instruct-v0.3,parse_fail,False,24.45,0,0,0,0,"{   ""decision"": ""possible_match_insufficient_evidence"",   ""patient_facing_answer"": ""The study you are considering may be a possible match for you, but there are some unresolved requirements and missing facts that need to be considered. Let'",curated_30,accept,Oncology
case_01,handcrafted,possible_match_insufficient_evidence,,NCT00543023,mistralai/Mistral-7B-Instruct-v0.3,parse_fail,False,23.938,0,0,0,0,"{   ""decision"": ""possible_match_insufficient_evidence"",   ""patient_facing_answer"": ""Based on the provided information, you appear to meet some of the inclusion criteria for this study. However, there are some unresolved requirements that ne",curated_30,accept,MSK_Bone
case_trec2022_042,trec2022,possible_match_insufficient_evidence,,NCT02638922,mistralai/Mistral-7B-Instruct-v0.3,parse_fail,False,24.628,0,0,0,0,"{   ""decision"": ""possible_match_insufficient_evidence"",   ""patient_facing_answer"": ""Based on the information provided, it seems that the clinical trial you are considering may be a possible match for your daughter's condition. However, ther",curated_30,accept,Metabolic_Endocrine
case_trec2021_012,trec2021,possible_match_insufficient_evidence,NCT00001314,NCT03975998,mistralai/Mistral-7B-Instruct-v0.3,possible_match_insufficient_evidence,True,23.382,201,4,6,0,"{   ""decision"": ""possible_match_insufficient_evidence"",   ""patient_facing_answer"": ""Based on the information provided, it seems that you might be a potential candidate for the clinical trial. However, there are some unresolved requirements ",curated_30,accept,Cardiovascular
case_trec2021_059,trec2021,possible_match_insufficient_evidence,NCT00001909,NCT00819676,mistralai/Mistral-7B-Instruct-v0.3,parse_fail,False,24.08,0,0,0,0,"{   ""decision"": ""possible_match_insufficient_evidence"",   ""patient_facing_answer"": ""Based on the information provided, it seems that you might be eligible for the clinical trial, but there are some unresolved requirements and missing facts ",curated_30,accept,Other
case_paraphrase_029,paraphrase_trec2022,cannot_determine,,NCT03829631,mistralai/Mistral-7B-Instruct-v0.3,parse_fail,False,24.44,0,0,0,0,"{   ""decision"": ""possible_match_insufficient_evidence"",   ""patient_facing_answer"": ""Based on the information provided, it seems that you might be a potential candidate for the clinical trial. However, there are some unresolved requirements ",curated_30,accept,Neurology_CNS
case_trec2021_033,trec2021,possible_match_insufficient_evidence,NCT00006146,NCT00922233,mistralai/Mistral-7B-Instruct-v0.3,parse_fail,False,24.106,0,0,0,0,"{   ""decision"": ""possible_match_insufficient_evidence"",   ""patient_facing_answer"": ""Based on the information provided, you may be a potential candidate for the clinical trial. However, there are some unresolved requirements and missing fact",curated_30,accept,Other
case_14,handcrafted,teachback_style,,NCT00816998,mistralai/Mistral-7B-Instruct-v0.3,parse_fail,False,23.86,0,0,0,0,"{   ""decision"": ""possible_match_insufficient_evidence"",   ""patient_facing_answer"": ""This study seems to focus on closed unstable distal radius fractures, specifically AO Type A or C fractures, treated with surgery and a volar fixed angle lo",curated_30,accept,MSK_Bone
case_trec2021_044,trec2021,possible_match_insufficient_evidence,NCT00323752,NCT02609009,mistralai/Mistral-7B-Instruct-v0.3,parse_fail,False,24.451,0,0,0,0,"{   ""decision"": ""possible_match_insufficient_evidence"",   ""patient_facing_answer"": ""Based on the information provided, it seems that you might be a potential candidate for the clinical trial. However, there are some missing facts and unreso",curated_30,accept,MSK_Bone
case_paraphrase_014,paraphrase_trec2021,cannot_determine,,NCT00843310,mistralai/Mistral-7B-Instruct-v0.3,parse_fail,False,24.449,0,0,0,0,"{   ""decision"": ""possible_match_insufficient_evidence"",   ""patient_facing_answer"": ""Based on the information provided, it seems that you might be a potential candidate for the clinical trial, but there are some uncertainties and missing fac",curated_30,accept,Oncology
case_paraphrase_013,paraphrase_trec2021,risk_request,,NCT00843310,mistralai/Mistral-7B-Instruct-v0.3,parse_fail,False,24.445,0,0,0,0,"{   ""decision"": ""possible_match_insufficient_evidence"",   ""patient_facing_answer"": ""Based on the information provided, it seems that you might be a potential candidate for the clinical trial, but there are some unresolved requirements and m",curated_30,accept,Oncology
case_12,handcrafted,consent_understanding,,NCT04471363,mistralai/Mistral-7B-Instruct-v0.3,possible_match_insufficient_evidence,True,22.455,128,3,1,0,"{   ""decision"": ""possible_match_insufficient_evidence"",   ""patient_facing_answer"": ""We can't say for certain yet, but it seems you might be a potential match for this study. We still need to confirm some details."",   ""supported_patient_fact",curated_30,accept,Other
case_trec2021_008,trec2021,possible_match_insufficient_evidence,NCT00005579,NCT01604031,mistralai/Mistral-7B-Instruct-v0.3,parse_fail,False,24.466,0,0,0,0,"{   ""decision"": ""possible_match_insufficient_evidence"",   ""patient_facing_answer"": ""Based on the information provided, it seems that you might be a potential candidate for the clinical trial. However, there are some unresolved requirements ",curated_30,accept,Oncology
case_trec2022_046,trec2022,possible_match_insufficient_evidence,,NCT04822701,mistralai/Mistral-7B-Instruct-v0.3,parse_fail,False,24.298,0,0,0,0,"{   ""decision"": ""possible_match_insufficient_evidence"",   ""patient_facing_answer"": ""Based on the information provided, it seems you might be eligible for the clinical trial, but there are some missing details that need to be confirmed. Plea",curated_30,accept,Other
case_trec2022_005,trec2022,possible_match_insufficient_evidence,,NCT04530149,mistralai/Mistral-7B-Instruct-v0.3,parse_fail,False,24.557,0,0,0,0,"{   ""decision"": ""possible_match_insufficient_evidence"",   ""patient_facing_answer"": ""Based on the information provided, it seems that you might be a potential candidate for the clinical trial. However, there are some unresolved requirements ",curated_30,accept,Cardiovascular
case_05,handcrafted,possible_match_insufficient_evidence,,NCT02584972,mistralai/Mistral-7B-Instruct-v0.3,possible_match_insufficient_evidence,True,23.886,169,2,2,0,"{   ""decision"": ""possible_match_insufficient_evidence"",   ""patient_facing_answer"": ""Based on the information provided, it is possible that you may be considered for the study, but there are some uncertainties and missing facts that need to ",curated_30,accept,MSK_Bone
case_paraphrase_023,paraphrase_trec2021,risk_request,,NCT02629549,Qwen/Qwen2.5-3B-Instruct,parse_fail,False,12.747,0,0,0,0,"{   ""decision"": ""possible_match_insufficient_evidence"",   ""patient_facing_answer"": ""Based on the information you provided, you seem to meet the general eligibility criteria for the study. However, there are some details we need to confirm b",broad_84,abstain,Metabolic_Endocrine
case_02,handcrafted,possible_match_insufficient_evidence,,NCT01482130,Qwen/Qwen2.5-3B-Instruct,possible_match_insufficient_evidence,True,8.397,151,3,2,0,"{   ""decision"": ""possible_match_insufficient_evidence"",   ""patient_facing_answer"": ""Based on the information you provided, you seem to meet some of the eligibility criteria for this study, but there are some details we need to confirm."",   ",broad_84,abstain,MSK_Bone
case_paraphrase_002,paraphrase_trec2021,participation_request,,NCT03902262,Qwen/Qwen2.5-3B-Instruct,possible_match_insufficient_evidence,True,10.844,240,3,2,0,"{   ""decision"": ""possible_match_insufficient_evidence"",   ""patient_facing_answer"": ""Based on your medical history, you may be eligible for this clinical trial. However, we need more information to confirm your eligibility. Please provide de",broad_84,abstain,Metabolic_Endocrine
case_trec2021_035,trec2021,possible_match_insufficient_evidence,NCT00071786,NCT04698525,Qwen/Qwen2.5-3B-Instruct,parse_fail,False,12.348,0,0,0,0,"{   ""decision"": ""possible_match_insufficient_evidence"",   ""patient_facing_answer"": ""Based on the information you provided, you seem to be eligible for the clinical trial. However, we need more details to confirm your eligibility, such as yo",broad_84,accept,Neurology_CNS
case_trec2021_018,trec2021,possible_match_insufficient_evidence,NCT00159406,NCT04529369,Qwen/Qwen2.5-3B-Instruct,possible_match_insufficient_evidence,True,10.516,119,2,2,0,"{   ""decision"": ""possible_match_insufficient_evidence"",   ""patient_facing_answer"": ""Based on the information provided, you may be eligible for the clinical trial, but we need to check a few more details."",   ""supported_patient_facts"": [    ",broad_84,abstain,Other
case_paraphrase_019,paraphrase_trec2022,cannot_determine,,NCT04530149,Qwen/Qwen2.5-3B-Instruct,possible_match_insufficient_evidence,True,10.845,276,6,6,0,"{   ""decision"": ""possible_match_insufficient_evidence"",   ""patient_facing_answer"": ""Based on the information you provided, it seems like your symptoms and medical history might align with the criteria for this clinical trial, but we need mo",broad_84,abstain,Other
case_trec2021_050,trec2021,possible_match_insufficient_evidence,NCT00026923,NCT04821167,Qwen/Qwen2.5-3B-Instruct,parse_fail,False,12.306,0,0,0,0,"{   ""decision"": ""possible_match_insufficient_evidence"",   ""patient_facing_answer"": ""Based on the information provided, your baby boy might be eligible for the clinical trial if he meets all the inclusion criteria and none of the exclusion c",broad_84,abstain,Other
case_trec2021_042,trec2021,possible_match_insufficient_evidence,NCT00015613,NCT02411916,Qwen/Qwen2.5-3B-Instruct,possible_match_insufficient_evidence,True,9.261,183,2,2,0,"{   ""decision"": ""possible_match_insufficient_evidence"",   ""patient_facing_answer"": ""Based on the information provided, you seem to meet some eligibility criteria for the study, but there are some details we need to confirm before we can det",broad_84,abstain,Other
case_08,handcrafted,explanation_request,,NCT01737242,Qwen/Qwen2.5-3B-Instruct,possible_match_insufficient_evidence,True,11.455,170,2,2,0,"{   ""decision"": ""possible_match_insufficient_evidence"",   ""patient_facing_answer"": ""From the information provided, it's not clear what specific parts of joining the study are still unclear. However, there are some aspects that need further ",broad_84,abstain,Other
case_paraphrase_010,paraphrase_trec2021,consent_understanding,,NCT02855892,Qwen/Qwen2.5-3B-Instruct,unlikely_match,True,11.484,342,6,1,0,"{   ""decision"": ""unlikely_match"",   ""patient_facing_answer"": ""Based on the information you provided, it seems you do not meet the eligibility criteria for this clinical trial. The trial is specifically for patients with benign prostatic hyp",broad_84,abstain,Metabolic_Endocrine
case_trec2022_014,trec2022,possible_match_insufficient_evidence,,NCT04326582,Qwen/Qwen2.5-3B-Instruct,possible_match_insufficient_evidence,True,10.535,197,3,2,0,"{   ""decision"": ""possible_match_insufficient_evidence"",   ""patient_facing_answer"": ""Based on the information provided, you seem to fit the description of a patient with polyarticular joint disease, possibly gouty arthritis, but we need more",broad_84,abstain,MSK_Bone
case_trec2022_026,trec2022,possible_match_insufficient_evidence,,NCT01847690,Qwen/Qwen2.5-3B-Instruct,possible_match_insufficient_evidence,True,11.807,118,2,2,0,"{   ""decision"": ""possible_match_insufficient_evidence"",   ""patient_facing_answer"": ""Based on the information provided, you might be eligible for the clinical trial, but we need to confirm a few details."",   ""supported_patient_facts"": [     ",broad_84,abstain,Metabolic_Endocrine
case_trec2022_007,trec2022,possible_match_insufficient_evidence,,NCT04059185,Qwen/Qwen2.5-3B-Instruct,possible_match_insufficient_evidence,True,8.678,181,2,2,0,"{   ""decision"": ""possible_match_insufficient_evidence"",   ""patient_facing_answer"": ""Based on the information provided, you may not be eligible for this clinical trial as it focuses on parenting interventions rather than the specific medical",broad_84,abstain,Other
case_paraphrase_033,paraphrase_trec2021,risk_request,,NCT01634113,Qwen/Qwen2.5-3B-Instruct,parse_fail,False,12.229,0,0,0,0,"{   ""decision"": ""possible_match_insufficient_evidence"",   ""patient_facing_answer"": ""Based on the information you provided, it seems like you might not be eligible for this specific clinical trial. The trial focuses on evaluating the safety ",broad_84,abstain,Oncology
case_trec2022_048,trec2022,possible_match_insufficient_evidence,,NCT03003533,Qwen/Qwen2.5-3B-Instruct,parse_fail,False,12.18,0,0,0,0,"{   ""decision"": ""possible_match_insufficient_evidence"",   ""patient_facing_answer"": ""Based on the information you provided, it seems like you might be eligible for the clinical trial. However, there are some details we need to confirm."",   """,broad_84,abstain,Other
case_trec2022_047,trec2022,possible_match_insufficient_evidence,,NCT03529955,Qwen/Qwen2.5-3B-Instruct,possible_match_insufficient_evidence,True,11.855,127,2,2,0,"{   ""decision"": ""possible_match_insufficient_evidence"",   ""patient_facing_answer"": ""Based on the information provided, you might be eligible for the clinical trial, but there are some details we need to confirm."",   ""supported_patient_facts",broad_84,abstain,Other
case_trec2022_004,trec2022,possible_match_insufficient_evidence,,NCT00726492,Qwen/Qwen2.5-3B-Instruct,parse_fail,False,12.35,0,0,0,0,"{   ""decision"": ""possible_match_insufficient_evidence"",   ""patient_facing_answer"": ""Based on the information you provided, you seem to fit the age range and have X-ray evidence of osteoarthritis in your knees. However, we need more details ",broad_84,abstain,MSK_Bone
case_paraphrase_026,paraphrase_trec2021,explanation_request,,NCT03829631,Qwen/Qwen2.5-3B-Instruct,parse_fail,False,12.39,0,0,0,0,"{   ""decision"": ""unlikely_match"",   ""patient_facing_answer"": ""It seems that your situation does not align with the clinical trial described in the provided information. The trial focuses on lumbar orthoses for low back pain, not on the cond",broad_84,abstain,Neurology_CNS
case_trec2022_018,trec2022,possible_match_insufficient_evidence,,NCT02346825,Qwen/Qwen2.5-3B-Instruct,parse_fail,False,12.333,0,0,0,0,"{   ""decision"": ""possible_match_insufficient_evidence"",   ""patient_facing_answer"": ""Based on the information provided, your child might be eligible for the clinical trial, but we need more details to confirm. Please check if he meets the ag",broad_84,abstain,Other
case_trec2022_030,trec2022,possible_match_insufficient_evidence,,NCT04146649,Qwen/Qwen2.5-3B-Instruct,possible_match_insufficient_evidence,True,11.762,212,4,3,0,"{   ""decision"": ""possible_match_insufficient_evidence"",   ""patient_facing_answer"": ""Based on the information you provided, it seems like you might be eligible for the clinical trial. However, we need more details to confirm. Please provide ",broad_84,abstain,MSK_Bone
case_trec2021_056,trec2021,possible_match_insufficient_evidence,NCT00001981,NCT02952885,Qwen/Qwen2.5-3B-Instruct,parse_fail,False,12.202,0,0,0,0,"{   ""decision"": ""possible_match_insufficient_evidence"",   ""patient_facing_answer"": ""Based on the information you provided, you seem to meet some of the eligibility criteria for this study, but there are some details we need to confirm."",   ",broad_84,abstain,Metabolic_Endocrine
case_trec2021_057,trec2021,possible_match_insufficient_evidence,NCT00124033,NCT04750044,Qwen/Qwen2.5-3B-Instruct,possible_match_insufficient_evidence,True,10.437,153,2,2,0,"{   ""decision"": ""possible_match_insufficient_evidence"",   ""patient_facing_answer"": ""Based on the information provided, you seem to meet some of the eligibility criteria for the clinical trial, but there are some details that are unclear."", ",broad_84,abstain,Other
case_trec2022_013,trec2022,possible_match_insufficient_evidence,,NCT02414295,Qwen/Qwen2.5-3B-Instruct,parse_fail,False,12.206,0,0,0,0,"{   ""decision"": ""possible_match_insufficient_evidence"",   ""patient_facing_answer"": ""Based on the information you provided, the patient seems to meet some key eligibility criteria for this clinical trial, such as having Klinefelter syndrome ",broad_84,abstain,Other
case_trec2021_058,trec2021,possible_match_insufficient_evidence,NCT00124722,NCT03902262,Qwen/Qwen2.5-3B-Instruct,possible_match_insufficient_evidence,True,10.316,186,2,2,0,"{   ""decision"": ""possible_match_insufficient_evidence"",   ""patient_facing_answer"": ""Based on the information you provided, it seems like you might be eligible for the clinical trial. However, there are some details we need to confirm before",broad_84,abstain,Other
case_trec2021_009,trec2021,possible_match_insufficient_evidence,NCT00013845,NCT02899611,Qwen/Qwen2.5-3B-Instruct,possible_match_insufficient_evidence,True,11.484,225,2,2,0,"{   ""decision"": ""possible_match_insufficient_evidence"",   ""patient_facing_answer"": ""Based on the information provided, you seem to fit some criteria for the study, but we need more details to confirm your eligibility. Please provide additio",broad_84,abstain,Neurology_CNS
case_paraphrase_017,paraphrase_trec2022,participation_request,,NCT04530149,Qwen/Qwen2.5-3B-Instruct,possible_match_insufficient_evidence,True,11.232,136,2,2,0,"{   ""decision"": ""possible_match_insufficient_evidence"",   ""patient_facing_answer"": ""Based on the information provided, you may be eligible for the clinical trial, but we need to confirm a few details before you can join."",   ""supported_pati",broad_84,abstain,Other
case_09,handcrafted,participation_request,,NCT01645904,Qwen/Qwen2.5-3B-Instruct,possible_match_insufficient_evidence,True,9.966,330,2,2,0,"{   ""decision"": ""possible_match_insufficient_evidence"",   ""patient_facing_answer"": ""If you join this study, you will participate in different sessions depending on which group you are assigned to. In each session, you will fill out question",broad_84,abstain,Other
case_trec2022_023,trec2022,possible_match_insufficient_evidence,,NCT03529955,Qwen/Qwen2.5-3B-Instruct,parse_fail,False,12.429,0,0,0,0,"{   ""decision"": ""possible_match_insufficient_evidence"",   ""patient_facing_answer"": ""Based on the information provided, you might be eligible for the clinical trial if you meet certain criteria. However, there are some details we need to con",broad_84,abstain,Other
case_trec2021_049,trec2021,possible_match_insufficient_evidence,NCT00001253,NCT01944475,Qwen/Qwen2.5-3B-Instruct,possible_match_insufficient_evidence,True,11.391,386,2,2,0,"{   ""decision"": ""possible_match_insufficient_evidence"",   ""patient_facing_answer"": ""Based on the information you provided, your daughter does not seem to meet the eligibility criteria for this study. The study focuses on girls with prematur",broad_84,abstain,Metabolic_Endocrine
case_trec2022_006,trec2022,possible_match_insufficient_evidence,,NCT04233359,Qwen/Qwen2.5-3B-Instruct,parse_fail,False,12.213,0,0,0,0,"{   ""decision"": ""possible_match_insufficient_evidence"",   ""patient_facing_answer"": ""Based on the information provided, you seem to fit the criteria for this clinical trial, but we need more details to confirm your eligibility."",   ""supporte",broad_84,abstain,Oncology
case_trec2022_021,trec2022,possible_match_insufficient_evidence,,NCT04671472,Qwen/Qwen2.5-3B-Instruct,possible_match_insufficient_evidence,True,11.661,161,4,3,0,"{   ""decision"": ""possible_match_insufficient_evidence"",   ""patient_facing_answer"": ""Based on the information provided, you seem to fit some of the eligibility criteria for this study, but we need more details to fully determine your eligibi",broad_84,abstain,Neurology_CNS
case_paraphrase_035,paraphrase_trec2021,consent_understanding,,NCT04322422,Qwen/Qwen2.5-3B-Instruct,parse_fail,False,12.282,0,0,0,0,"{   ""decision"": ""possible_match_insufficient_evidence"",   ""patient_facing_answer"": ""Before you can join the clinical trial, the study team will need to check a few things with you. They'll want to make sure your symptoms and medical history",broad_84,abstain,Oncology
case_trec2021_048,trec2021,possible_match_insufficient_evidence,NCT00750139,NCT02411734,Qwen/Qwen2.5-3B-Instruct,possible_match_insufficient_evidence,True,10.67,292,2,2,0,"{   ""decision"": ""possible_match_insufficient_evidence"",   ""patient_facing_answer"": ""Based on the information provided, it seems you might not be eligible for this specific clinical trial. You are a 41-year-old professional soccer player wit",broad_84,abstain,Other
case_paraphrase_009,paraphrase_trec2021,cannot_determine,,NCT02855892,Qwen/Qwen2.5-3B-Instruct,parse_fail,False,12.493,0,0,0,0,"{   ""decision"": ""unlikely_match"",   ""patient_facing_answer"": ""Based on the information you provided, it seems you do not qualify for this clinical trial. The trial is looking for men aged 50 years and older with certain prostate conditions,",broad_84,abstain,Metabolic_Endocrine
case_11,handcrafted,risk_request,,NCT02830828,Qwen/Qwen2.5-3B-Instruct,possible_match_insufficient_evidence,True,8.512,189,2,2,0,"{   ""decision"": ""possible_match_insufficient_evidence"",   ""patient_facing_answer"": ""Participants in this study might experience some burdens such as attending three follow-up appointments, which could be considered a risk due to the inconve",broad_84,abstain,Other
case_paraphrase_016,paraphrase_trec2022,explanation_request,,NCT03876652,Qwen/Qwen2.5-3B-Instruct,possible_match_insufficient_evidence,True,9.971,270,2,2,0,"{   ""decision"": ""possible_match_insufficient_evidence"",   ""patient_facing_answer"": ""This study is looking at how a special kind of pacemaker might help people who often faint (syncope) and whose fainting isn't helped by regular medicines. T",broad_84,abstain,Other
case_trec2022_050,trec2022,possible_match_insufficient_evidence,,NCT01921972,Qwen/Qwen2.5-3B-Instruct,possible_match_insufficient_evidence,True,11.723,157,2,2,0,"{   ""decision"": ""possible_match_insufficient_evidence"",   ""patient_facing_answer"": ""Your situation seems to align with the eligibility criteria for this clinical trial, but we need to check a few details before confirming your participation",broad_84,abstain,Neurology_CNS
case_trec2021_053,trec2021,possible_match_insufficient_evidence,NCT00395538,NCT02802449,Qwen/Qwen2.5-3B-Instruct,possible_match_insufficient_evidence,True,10.853,147,2,2,0,"{   ""decision"": ""possible_match_insufficient_evidence"",   ""patient_facing_answer"": ""Based on the information provided, you seem to meet some of the eligibility criteria for this study, but there are some details we need to confirm."",   ""sup",broad_84,abstain,MSK_Bone
case_paraphrase_018,paraphrase_trec2022,risk_request,,NCT04530149,Qwen/Qwen2.5-3B-Instruct,unlikely_match,True,9.792,0,2,2,0,"{   ""decision"": ""unlikely_match"",   ""patient_facts"": [     ""A 47-year-old man with chronic cough and dyspnea, hypertension, osteoarthritis, smoking history, and a history of asbestos exposure.""   ],   ""missing_patient_facts"": [     ""Specifi",broad_84,abstain,Other
case_trec2021_034,trec2021,possible_match_insufficient_evidence,NCT00009659,NCT03529955,Qwen/Qwen2.5-3B-Instruct,parse_fail,False,12.504,0,0,0,0,"{   ""decision"": ""possible_match_insufficient_evidence"",   ""patient_facing_answer"": ""Based on the information you provided, you seem to fit the profile of someone who might be eligible for this clinical trial. However, there are some details",broad_84,abstain,Neurology_CNS
case_trec2022_041,trec2022,possible_match_insufficient_evidence,,NCT00802698,Qwen/Qwen2.5-3B-Instruct,possible_match_insufficient_evidence,True,9.782,148,3,2,0,"{   ""decision"": ""possible_match_insufficient_evidence"",   ""patient_facing_answer"": ""Based on the information provided, you seem to fit the inclusion criteria for the study, but there are some details that need further clarification."",   ""su",broad_84,abstain,Cardiovascular
case_trec2021_028,trec2021,possible_match_insufficient_evidence,NCT00000568,NCT04342520,Qwen/Qwen2.5-3B-Instruct,parse_fail,False,12.355,0,0,0,0,"{   ""decision"": ""possible_match_insufficient_evidence"",   ""patient_facing_answer"": ""Based on the information provided, you might be eligible for the clinical trial, but we need to check a few things."",   ""supported_patient_facts"": [     ""Th",broad_84,abstain,Cardiovascular
case_paraphrase_007,paraphrase_trec2021,participation_request,,NCT02855892,Qwen/Qwen2.5-3B-Instruct,parse_fail,False,12.524,0,0,0,0,"{   ""decision"": ""unlikely_match"",   ""patient_facing_answer"": ""Based on the information provided, you do not meet the eligibility criteria for this clinical trial. You are a 24-year-old man with type 1 diabetes, and the trial is specifically",broad_84,abstain,Metabolic_Endocrine
case_07,handcrafted,explanation_request,,NCT04660656,Qwen/Qwen2.5-3B-Instruct,likely_match,True,9.411,213,2,2,0,"{   ""decision"": ""likely_match"",   ""patient_facing_answer"": ""This study is looking at whether a special test called the 5R-STS can help predict how well back surgeries work. It's for people with certain types of back problems like hernias or",broad_84,abstain,Other
case_trec2021_019,trec2021,possible_match_insufficient_evidence,NCT00000531,NCT00487279,Qwen/Qwen2.5-3B-Instruct,parse_fail,False,12.484,0,0,0,0,"{   ""decision"": ""possible_match_insufficient_evidence"",   ""patient_facing_answer"": ""Based on the information provided, it seems you might be eligible for the clinical trial, but we need more details to confirm. Please check with your health",broad_84,accept,Cardiovascular
case_trec2022_012,trec2022,possible_match_insufficient_evidence,,NCT00188890,Qwen/Qwen2.5-3B-Instruct,possible_match_insufficient_evidence,True,11.373,483,2,2,0,"{   ""decision"": ""possible_match_insufficient_evidence"",   ""patient_facing_answer"": ""Based on the information provided, you seem to meet some of the eligibility criteria for the study, but we need more details to confirm your eligibility. Yo",broad_84,abstain,Other
case_15,handcrafted,cannot_determine,,NCT00738998,Qwen/Qwen2.5-3B-Instruct,possible_match_insufficient_evidence,True,8.672,165,2,2,0,"{   ""decision"": ""possible_match_insufficient_evidence"",   ""patient_facing_answer"": ""Based on the information provided, you seem to fit the age requirement, but we need more details about your bone problems to determine if you qualify for th",broad_84,abstain,MSK_Bone
case_paraphrase_012,paraphrase_trec2022,participation_request,,NCT01207765,Qwen/Qwen2.5-3B-Instruct,parse_fail,False,12.344,0,0,0,0,"{   ""decision"": ""unlikely_match"",   ""patient_facing_answer"": ""Based on the information provided, it does not seem like you would qualify for this specific clinical trial. The trial is for patients with multiple myeloma who have an incomplet",broad_84,abstain,Other
case_10,handcrafted,participation_request,,NCT02432339,Qwen/Qwen2.5-3B-Instruct,likely_match,True,9.347,167,2,2,0,"{   ""decision"": ""likely_match"",   ""patient_facing_answer"": ""The study is expected to take about 3 weeks, including a screening visit that lasts about 90 minutes, followed by two testing weeks, each lasting approximately 3 days."",   ""support",broad_84,abstain,Other
case_trec2022_008,trec2022,possible_match_insufficient_evidence,,NCT03197922,Qwen/Qwen2.5-3B-Instruct,possible_match_insufficient_evidence,True,11.792,0,3,7,0,"{   ""decision"": ""possible_match_insufficient_evidence"",   ""patient_facts"": [""The patient is a 7-month-old boy"", ""He has had constipation and discomfort with bowel movements since birth"", ""His symptoms worsened after eating semi-solid foods""",broad_84,abstain,Other
case_paraphrase_025,paraphrase_trec2021,consent_understanding,,NCT02629549,Qwen/Qwen2.5-3B-Instruct,parse_fail,False,12.353,0,0,0,0,"{   ""decision"": ""possible_match_insufficient_evidence"",   ""patient_facing_answer"": ""Before you can join the clinical trial, the study team will need to confirm several things with you. They will want to make sure your condition matches what",broad_84,abstain,Metabolic_Endocrine
case_paraphrase_006,paraphrase_trec2021,explanation_request,,NCT02855892,Qwen/Qwen2.5-3B-Instruct,unlikely_match,True,10.723,197,2,2,0,"{   ""decision"": ""unlikely_match"",   ""patient_facing_answer"": ""The clinical trial you're interested in is for a medication to treat benign prostatic hyperplasia, which affects the prostate gland. It's not related to your current situation wi",broad_84,abstain,Metabolic_Endocrine
case_trec2022_032,trec2022,possible_match_insufficient_evidence,,NCT03570359,Qwen/Qwen2.5-3B-Instruct,possible_match_insufficient_evidence,True,9.271,138,2,2,0,"{   ""decision"": ""possible_match_insufficient_evidence"",   ""patient_facing_answer"": ""Based on the information provided, you may be eligible for the clinical trial, but there are some details that need further clarification."",   ""supported_pa",broad_84,abstain,Other
case_trec2022_024,trec2022,possible_match_insufficient_evidence,,NCT00135811,Qwen/Qwen2.5-3B-Instruct,possible_match_insufficient_evidence,True,9.727,279,4,4,0,"{   ""decision"": ""possible_match_insufficient_evidence"",   ""patient_facing_answer"": ""Based on the information provided, it seems you might not be eligible for this clinical trial. You need to meet specific criteria like being between the age",broad_84,abstain,Other
case_paraphrase_034,paraphrase_trec2021,cannot_determine,,NCT01634113,Qwen/Qwen2.5-3B-Instruct,possible_match_insufficient_evidence,True,11.483,336,2,1,0,"{   ""decision"": ""possible_match_insufficient_evidence"",   ""patient_facing_answer"": ""Based on the information you provided, it seems like your case might not fit the criteria for this specific clinical trial. However, we need more details to",broad_84,abstain,Oncology
case_trec2021_047,trec2021,possible_match_insufficient_evidence,NCT00004727,NCT02651272,Qwen/Qwen2.5-3B-Instruct,possible_match_insufficient_evidence,True,11.619,330,3,2,0,"{   ""decision"": ""possible_match_insufficient_evidence"",   ""patient_facing_answer"": ""Based on the information provided, you do not seem to meet the eligibility criteria for this clinical trial. The trial is specifically designed for patients",broad_84,abstain,Neurology_CNS
case_trec2021_061,trec2021,possible_match_insufficient_evidence,NCT00005635,NCT02750826,Qwen/Qwen2.5-3B-Instruct,possible_match_insufficient_evidence,True,11.442,176,2,2,0,"{   ""decision"": ""possible_match_insufficient_evidence"",   ""patient_facing_answer"": ""Based on the information you provided, you seem to fit the general profile of the study participants, but we need to check a few details before we can confi",broad_84,abstain,Oncology
case_trec2022_016,trec2022,possible_match_insufficient_evidence,,NCT04480190,Qwen/Qwen2.5-3B-Instruct,possible_match_insufficient_evidence,True,11.502,198,6,3,0,"{   ""decision"": ""possible_match_insufficient_evidence"",   ""patient_facing_answer"": ""Based on the information provided, it seems you may not be eligible for this clinical trial. You need to meet specific medical criteria and conditions that ",broad_84,abstain,Other
case_trec2021_073,trec2021,possible_match_insufficient_evidence,NCT00966719,NCT02471573,Qwen/Qwen2.5-3B-Instruct,possible_match_insufficient_evidence,True,11.267,293,1,1,0,"{   ""decision"": ""possible_match_insufficient_evidence"",   ""patient_facing_answer"": ""Based on the information provided, you do not seem to meet the eligibility criteria for this clinical trial. You are a 3-day-old female infant with neonatal",broad_84,abstain,Other
case_trec2022_027,trec2022,possible_match_insufficient_evidence,,NCT01518192,Qwen/Qwen2.5-3B-Instruct,possible_match_insufficient_evidence,True,9.638,152,2,2,0,"{   ""decision"": ""possible_match_insufficient_evidence"",   ""patient_facing_answer"": ""Based on the information you provided, it seems you might be eligible for the clinical trial. However, there are some details that need to be confirmed."",  ",broad_84,abstain,Other
case_trec2021_013,trec2021,possible_match_insufficient_evidence,NCT00005985,NCT02591901,Qwen/Qwen2.5-3B-Instruct,parse_fail,False,12.502,0,0,0,0,"{   ""decision"": ""possible_match_insufficient_evidence"",   ""patient_facing_answer"": ""Based on the information provided, you seem to fit the eligibility criteria for this study, but we need more details to confirm your suitability."",   ""suppo",broad_84,abstain,Other
case_trec2022_020,trec2022,possible_match_insufficient_evidence,,NCT03835351,Qwen/Qwen2.5-3B-Instruct,possible_match_insufficient_evidence,True,9.767,117,2,1,0,"{   ""decision"": ""possible_match_insufficient_evidence"",   ""patient_facing_answer"": ""Based on the information provided, you might be eligible for the clinical trial, but we need more details to confirm."",   ""supported_patient_facts"": [     """,broad_84,abstain,Other
case_paraphrase_032,paraphrase_trec2021,participation_request,,NCT01634113,Qwen/Qwen2.5-3B-Instruct,possible_match_insufficient_evidence,True,12.339,312,3,2,0,"{   ""decision"": ""possible_match_insufficient_evidence"",   ""patient_facing_answer"": ""Based on the information you provided, it seems like you might not be eligible for this specific clinical trial. The trial focuses on evaluating the safety ",broad_84,abstain,Oncology
case_paraphrase_027,paraphrase_trec2021,participation_request,,NCT03829631,Qwen/Qwen2.5-3B-Instruct,unlikely_match,True,9.958,197,1,1,0,"{   ""decision"": ""unlikely_match"",   ""patient_facing_answer"": ""Based on the information provided, you do not seem to be eligible for this clinical trial. The trial focuses on lumbar orthoses for low back pain, which does not align with your ",broad_84,abstain,Neurology_CNS
case_paraphrase_001,paraphrase_trec2021,explanation_request,,NCT00413855,Qwen/Qwen2.5-3B-Instruct,parse_fail,False,12.286,0,0,0,0,"{   ""decision"": ""possible_match_insufficient_evidence"",   ""patient_facing_answer"": ""This study seems to focus on treating chronic or recurrent abdominal pain, but it doesn't seem to match your case. Your symptoms sound like Wilson disease, ",broad_84,abstain,Other
case_trec2022_003,trec2022,possible_match_insufficient_evidence,,NCT00689182,Qwen/Qwen2.5-3B-Instruct,parse_fail,False,12.495,0,0,0,0,"{   ""decision"": ""possible_match_insufficient_evidence"",   ""patient_facing_answer"": ""Based on the information provided, you seem to fit the profile of someone who might be eligible for this clinical trial. You have hemochromatosis, which is ",broad_84,abstain,Other
case_paraphrase_031,paraphrase_trec2021,explanation_request,,NCT04322422,Qwen/Qwen2.5-3B-Instruct,unlikely_match,True,10.431,274,2,1,0,"{   ""decision"": ""unlikely_match"",   ""patient_facing_answer"": ""It seems like your situation does not align with the eligibility criteria for the clinical trial described. The trial focuses on patients with chest tightness due to asthma, whil",broad_84,abstain,Oncology
case_paraphrase_003,paraphrase_trec2021,risk_request,,NCT00413855,Qwen/Qwen2.5-3B-Instruct,unlikely_match,True,8.805,304,3,2,0,"{   ""decision"": ""unlikely_match"",   ""patient_facing_answer"": ""Based on the information provided, you do not seem to meet the eligibility criteria for this clinical trial. The trial focuses on patients with chronic or recurrent right lower a",broad_84,abstain,Metabolic_Endocrine
case_paraphrase_008,paraphrase_trec2021,risk_request,,NCT02855892,Qwen/Qwen2.5-3B-Instruct,parse_fail,False,12.541,0,0,0,0,"{   ""decision"": ""unlikely_match"",   ""patient_facing_answer"": ""Based on the information provided, you do not seem to meet the eligibility criteria for this clinical trial. The trial is focused on patients with benign prostatic hyperplasia, w",broad_84,abstain,Metabolic_Endocrine
case_paraphrase_022,paraphrase_trec2021,participation_request,,NCT00921609,Qwen/Qwen2.5-3B-Instruct,parse_fail,False,12.497,0,0,0,0,"{   ""decision"": ""possible_match_insufficient_evidence"",   ""patient_facing_answer"": ""If you decide to join the clinical trial, you will need to provide blood samples, undergo imaging tests like an MRI, and possibly have a glucose tolerance t",broad_84,abstain,Metabolic_Endocrine
case_trec2022_009,trec2022,possible_match_insufficient_evidence,,NCT04793035,Qwen/Qwen2.5-3B-Instruct,parse_fail,False,12.48,0,0,0,0,"{   ""decision"": ""possible_match_insufficient_evidence"",   ""patient_facing_answer"": ""Based on the information provided, you might be eligible for the clinical trial, but we need to check a few things."",   ""supported_patient_facts"": [     ""Yo",broad_84,abstain,Other
case_trec2021_031,trec2021,possible_match_insufficient_evidence,NCT00002536,NCT00443313,Qwen/Qwen2.5-3B-Instruct,possible_match_insufficient_evidence,True,9.339,129,2,2,0,"{   ""decision"": ""possible_match_insufficient_evidence"",   ""patient_facing_answer"": ""Based on the information provided, you seem to fit the general eligibility criteria for this study, but some details are unclear."",   ""supported_patient_fac",broad_84,abstain,Oncology
case_03,handcrafted,likely_mismatch_or_unlikely_match,,NCT00865358,Qwen/Qwen2.5-3B-Instruct,possible_match_insufficient_evidence,True,9.837,0,2,3,0,"{   ""decision"": ""possible_match_insufficient_evidence"",   ""patient_facts"": [""42-year-old man"", ""back pain lasting >12 weeks"", ""average pain level in the previous week of 4 or more on a scale of 0 to 10"", ""English-speaking minority adult""], ",broad_84,abstain,MSK_Bone
case_trec2022_037,trec2022,possible_match_insufficient_evidence,,NCT01419535,Qwen/Qwen2.5-3B-Instruct,parse_fail,False,12.488,0,0,0,0,"{   ""decision"": ""possible_match_insufficient_evidence"",   ""patient_facing_answer"": ""Based on the information provided, you seem to fit some of the eligibility criteria for the clinical trial, but we need more details to fully determine your",broad_84,abstain,Metabolic_Endocrine
case_trec2021_001,trec2021,possible_match_insufficient_evidence,NCT00002814,NCT01051557,Qwen/Qwen2.5-3B-Instruct,parse_fail,False,12.427,0,0,0,0,"{   ""decision"": ""possible_match_insufficient_evidence"",   ""patient_facing_answer"": ""Based on the information provided, it seems you might not be eligible for this clinical trial. The trial focuses on temsirolimus and perifosine in patients ",broad_84,abstain,Oncology
case_06,handcrafted,possible_match_insufficient_evidence,,NCT02984384,Qwen/Qwen2.5-3B-Instruct,possible_match_insufficient_evidence,True,7.974,198,2,2,0,"{   ""decision"": ""possible_match_insufficient_evidence"",   ""patient_facing_answer"": ""Based on the information provided, you seem to meet the age and fracture requirements. However, we need to check if you're taking long-term blood thinners. ",broad_84,abstain,MSK_Bone
case_trec2021_015,trec2021,possible_match_insufficient_evidence,NCT00003049,NCT03358576,Qwen/Qwen2.5-3B-Instruct,possible_match_insufficient_evidence,True,10.567,156,2,2,0,"{   ""decision"": ""possible_match_insufficient_evidence"",   ""patient_facing_answer"": ""Based on the information you provided, you seem to meet some eligibility criteria for the study, but we need more details to confirm your eligibility fully.",broad_84,abstain,Oncology
case_paraphrase_028,paraphrase_trec2021,risk_request,,NCT03829631,Qwen/Qwen2.5-3B-Instruct,unlikely_match,True,11.442,261,4,2,0,"{   ""decision"": ""unlikely_match"",   ""patient_facing_answer"": ""Based on the information provided, you are not eligible for this clinical trial. The study focuses on lumbar orthoses for low back pain, which does not align with your condition ",broad_84,abstain,Neurology_CNS
case_paraphrase_024,paraphrase_trec2021,cannot_determine,,NCT02629549,Qwen/Qwen2.5-3B-Instruct,possible_match_insufficient_evidence,True,12.323,567,3,3,0,"{   ""decision"": ""possible_match_insufficient_evidence"",   ""patient_facing_answer"": ""Based on the information you provided, you seem to meet some of the eligibility criteria for the clinical trial, but there are some details we need to confi",broad_84,abstain,Metabolic_Endocrine
case_trec2021_070,trec2021,possible_match_insufficient_evidence,NCT00042562,NCT00922233,Qwen/Qwen2.5-3B-Instruct,possible_match_insufficient_evidence,True,9.852,182,2,2,0,"{   ""decision"": ""possible_match_insufficient_evidence"",   ""patient_facing_answer"": ""Based on the information you provided, it seems like you might not be eligible for this specific clinical trial. You can check with the study coordinator to",broad_84,abstain,Neurology_CNS
case_paraphrase_004,paraphrase_trec2021,cannot_determine,,NCT03902262,Qwen/Qwen2.5-3B-Instruct,parse_fail,False,12.408,0,0,0,0,"{   ""decision"": ""possible_match_insufficient_evidence"",   ""patient_facing_answer"": ""Based on the information you provided, it seems like your symptoms might be related to a condition called Wilson's disease. However, we need more informatio",broad_84,abstain,Metabolic_Endocrine
case_paraphrase_021,paraphrase_trec2021,explanation_request,,NCT00921609,Qwen/Qwen2.5-3B-Instruct,parse_fail,False,12.496,0,0,0,0,"{   ""decision"": ""possible_match_insufficient_evidence"",   ""patient_facing_answer"": ""This study is focused on treating acromegaly, a condition where the pituitary gland produces too much growth hormone. Your case involves elevated testostero",broad_84,abstain,Metabolic_Endocrine
case_trec2021_026,trec2021,possible_match_insufficient_evidence,NCT00370344,NCT04030741,Qwen/Qwen2.5-3B-Instruct,possible_match_insufficient_evidence,True,10.651,378,2,2,0,"{   ""decision"": ""possible_match_insufficient_evidence"",   ""patient_facing_answer"": ""Based on the information provided, you do not seem to meet the eligibility criteria for this clinical trial. You have abdominal pain, nausea, and vomiting, ",broad_84,abstain,Other
case_trec2022_033,trec2022,possible_match_insufficient_evidence,,NCT03985540,Qwen/Qwen2.5-3B-Instruct,unlikely_match,True,7.754,311,2,0,0,"{   ""decision"": ""unlikely_match"",   ""patient_facing_answer"": ""Based on the information provided, you do not seem to be eligible for this clinical trial. You mentioned having Marfan syndrome, but the eligibility criteria specifically state t",broad_84,abstain,Cardiovascular
case_paraphrase_023,paraphrase_trec2021,risk_request,,NCT02629549,Qwen/Qwen2.5-7B-Instruct,possible_match_insufficient_evidence,True,25.31,172,4,4,0,"{   ""decision"": ""possible_match_insufficient_evidence"",   ""patient_facing_answer"": ""Based on the information you provided, you may be eligible for the clinical trial, but there are some unresolved requirements and missing details that need ",broad_84,abstain,Metabolic_Endocrine
case_02,handcrafted,possible_match_insufficient_evidence,,NCT01482130,Qwen/Qwen2.5-7B-Instruct,possible_match_insufficient_evidence,True,13.63,146,1,1,0,"{   ""decision"": ""possible_match_insufficient_evidence"",   ""patient_facing_answer"": ""Based on the information you've provided, you may be eligible for the study, but there are some unresolved requirements that need to be confirmed."",   ""supp",broad_84,abstain,MSK_Bone
case_paraphrase_002,paraphrase_trec2021,participation_request,,NCT03902262,Qwen/Qwen2.5-7B-Instruct,unlikely_match,True,11.073,83,0,1,0,"{   ""decision"": ""unlikely_match"",   ""patient_facing_answer"": ""Based on the information provided, you may not be eligible for this clinical trial."",   ""supported_patient_facts"": [],   ""missing_patient_facts"": [],   ""unresolved_study_requirem",broad_84,abstain,Metabolic_Endocrine
case_trec2021_035,trec2021,possible_match_insufficient_evidence,NCT00071786,NCT04698525,Qwen/Qwen2.5-7B-Instruct,parse_fail,False,26.707,0,0,0,0,"{   ""decision"": ""possible_match_insufficient_evidence"",   ""patient_facing_answer"": ""Based on the information you provided, it seems like you might be eligible for the clinical trial, but we need more details to make a final determination."",",broad_84,accept,Neurology_CNS
case_trec2021_018,trec2021,possible_match_insufficient_evidence,NCT00159406,NCT04529369,Qwen/Qwen2.5-7B-Instruct,possible_match_insufficient_evidence,True,24.5,168,5,2,0,"{   ""decision"": ""possible_match_insufficient_evidence"",   ""patient_facing_answer"": ""Based on the information provided, you may be eligible for the clinical trial, but there are some unresolved requirements and missing details that need to b",broad_84,abstain,Other
case_paraphrase_019,paraphrase_trec2022,cannot_determine,,NCT04530149,Qwen/Qwen2.5-7B-Instruct,unlikely_match,True,18.241,192,2,3,0,"{   ""decision"": ""unlikely_match"",   ""patient_facing_answer"": ""Based on the information you provided, it seems unlikely that you would qualify for this clinical trial. However, we recommend checking with your healthcare provider for a detail",broad_84,abstain,Other
case_trec2021_050,trec2021,possible_match_insufficient_evidence,NCT00026923,NCT04821167,Qwen/Qwen2.5-7B-Instruct,possible_match_insufficient_evidence,True,26.043,138,2,2,0,"{   ""decision"": ""possible_match_insufficient_evidence"",   ""patient_facing_answer"": ""Based on the information provided, you may be eligible for the clinical trial, but further details are needed to confirm your eligibility."",   ""supported_pa",broad_84,abstain,Other
case_trec2021_042,trec2021,possible_match_insufficient_evidence,NCT00015613,NCT02411916,Qwen/Qwen2.5-7B-Instruct,possible_match_insufficient_evidence,True,23.944,168,4,2,0,"{   ""decision"": ""possible_match_insufficient_evidence"",   ""patient_facing_answer"": ""Based on the information provided, you may be eligible for the clinical trial, but there are some unresolved requirements and missing details that need to b",broad_84,abstain,Other
case_08,handcrafted,explanation_request,,NCT01737242,Qwen/Qwen2.5-7B-Instruct,possible_match_insufficient_evidence,True,20.102,150,2,3,0,"{   ""decision"": ""possible_match_insufficient_evidence"",   ""patient_facing_answer"": ""Some parts of joining this study are still unclear based on the available information. Please provide more details so we can clarify your eligibility."",   """,broad_84,abstain,Other
case_paraphrase_010,paraphrase_trec2021,consent_understanding,,NCT02855892,Qwen/Qwen2.5-7B-Instruct,unlikely_match,True,24.28,226,7,5,0,"{   ""decision"": ""unlikely_match"",   ""patient_facing_answer"": ""Based on the information you provided, it seems unlikely that you would be eligible for this clinical trial. However, the study team will need to review your full medical history",broad_84,abstain,Metabolic_Endocrine
case_trec2022_014,trec2022,possible_match_insufficient_evidence,,NCT04326582,Qwen/Qwen2.5-7B-Instruct,possible_match_insufficient_evidence,True,19.989,141,4,3,0,"{   ""decision"": ""possible_match_insufficient_evidence"",   ""patient_facing_answer"": ""Based on the information you've provided, you might be eligible for the clinical trial, but we need more details to confirm your eligibility."",   ""supported",broad_84,abstain,MSK_Bone
case_trec2022_026,trec2022,possible_match_insufficient_evidence,,NCT01847690,Qwen/Qwen2.5-7B-Instruct,possible_match_insufficient_evidence,True,21.748,138,2,3,0,"{   ""decision"": ""possible_match_insufficient_evidence"",   ""patient_facing_answer"": ""Based on the information provided, you may be eligible for the clinical trial, but further details are needed to confirm your eligibility."",   ""supported_pa",broad_84,abstain,Metabolic_Endocrine
case_trec2022_007,trec2022,possible_match_insufficient_evidence,,NCT04059185,Qwen/Qwen2.5-7B-Instruct,unlikely_match,True,17.824,108,2,1,0,"{   ""decision"": ""unlikely_match"",   ""patient_facing_answer"": ""Based on the information you provided, it seems unlikely that you would be eligible for this clinical trial."",   ""supported_patient_facts"": [""child's age (3 years old)"", ""short s",broad_84,abstain,Other
case_paraphrase_033,paraphrase_trec2021,risk_request,,NCT01634113,Qwen/Qwen2.5-7B-Instruct,unlikely_match,True,16.508,256,0,0,0,"{   ""decision"": ""unlikely_match"",   ""patient_facing_answer"": ""Based on the information provided, you do not meet the eligibility criteria for this clinical trial. The trial is specifically for patients aged 1 to 5 years old with persistent ",broad_84,abstain,Oncology
case_trec2022_048,trec2022,possible_match_insufficient_evidence,,NCT03003533,Qwen/Qwen2.5-7B-Instruct,possible_match_insufficient_evidence,True,25.475,166,5,3,0,"{   ""decision"": ""possible_match_insufficient_evidence"",   ""patient_facing_answer"": ""Based on the information provided, you may be eligible for the clinical trial, but there are some unresolved requirements and missing facts that need to be ",broad_84,abstain,Other
case_trec2022_047,trec2022,possible_match_insufficient_evidence,,NCT03529955,Qwen/Qwen2.5-7B-Instruct,unlikely_match,True,14.443,108,2,1,0,"{   ""decision"": ""unlikely_match"",   ""patient_facing_answer"": ""Based on the information you provided, it seems unlikely that you would be eligible for this clinical trial."",   ""supported_patient_facts"": [],   ""missing_patient_facts"": [""Diagn",broad_84,abstain,Other
case_trec2022_004,trec2022,possible_match_insufficient_evidence,,NCT00726492,Qwen/Qwen2.5-7B-Instruct,parse_fail,False,26.567,0,0,0,0,"{   ""decision"": ""possible_match_insufficient_evidence"",   ""patient_facing_answer"": ""Based on the information provided, you may be eligible for the clinical trial, but we need more details to confirm your eligibility."",   ""supported_patient_",broad_84,abstain,MSK_Bone
case_paraphrase_026,paraphrase_trec2021,explanation_request,,NCT03829631,Qwen/Qwen2.5-7B-Instruct,unlikely_match,True,12.654,180,0,0,0,"{   ""decision"": ""unlikely_match"",   ""patient_facing_answer"": ""This clinical trial is focused on people with benign low back pain presenting to the Emergency Department. Your condition does not align with the inclusion criteria for this stud",broad_84,abstain,Neurology_CNS
case_trec2022_018,trec2022,possible_match_insufficient_evidence,,NCT02346825,Qwen/Qwen2.5-7B-Instruct,unlikely_match,True,15.87,110,0,2,0,"{   ""decision"": ""unlikely_match"",   ""patient_facing_answer"": ""Based on the information provided, you do not appear to meet the eligibility criteria for this clinical trial."",   ""supported_patient_facts"": [""The patient is a 2-year-old boy"", ",broad_84,abstain,Other
case_trec2022_030,trec2022,possible_match_insufficient_evidence,,NCT04146649,Qwen/Qwen2.5-7B-Instruct,possible_match_insufficient_evidence,True,25.246,132,6,1,0,"{   ""decision"": ""possible_match_insufficient_evidence"",   ""patient_facing_answer"": ""Based on the information provided, you may be eligible for the clinical trial, but we need more details to confirm your eligibility."",   ""supported_patient_",broad_84,abstain,MSK_Bone
case_trec2021_056,trec2021,possible_match_insufficient_evidence,NCT00001981,NCT02952885,Qwen/Qwen2.5-7B-Instruct,possible_match_insufficient_evidence,True,20.962,168,2,2,0,"{   ""decision"": ""possible_match_insufficient_evidence"",   ""patient_facing_answer"": ""Based on the information provided, you may be eligible for the clinical trial, but there are some unresolved requirements and missing details that need to b",broad_84,abstain,Metabolic_Endocrine
case_trec2021_057,trec2021,possible_match_insufficient_evidence,NCT00124033,NCT04750044,Qwen/Qwen2.5-7B-Instruct,unlikely_match,True,20.757,83,5,3,0,"{   ""decision"": ""unlikely_match"",   ""patient_facing_answer"": ""Based on the information provided, you may not be eligible for this clinical trial."",   ""supported_patient_facts"": [""41 years old"", ""Obese"", ""Abdominal pain and vomiting"", ""Leuko",broad_84,abstain,Other
case_trec2022_013,trec2022,possible_match_insufficient_evidence,,NCT02414295,Qwen/Qwen2.5-7B-Instruct,likely_match_|_possible_match_insufficient_evidence,True,16.657,120,1,2,0,"{   ""decision"": ""likely_match | possible_match_insufficient_evidence"",   ""patient_facing_answer"": ""Based on the information provided, you may be eligible for the clinical trial, but further details need to be confirmed."",   ""supported_patie",broad_84,abstain,Other
case_trec2021_058,trec2021,possible_match_insufficient_evidence,NCT00124722,NCT03902262,Qwen/Qwen2.5-7B-Instruct,unlikely_match,True,12.567,83,0,1,0,"{   ""decision"": ""unlikely_match"",   ""patient_facing_answer"": ""Based on the information provided, you may not be eligible for this clinical trial."",   ""supported_patient_facts"": [],   ""missing_patient_facts"": [],   ""unresolved_study_requirem",broad_84,abstain,Other
case_trec2021_009,trec2021,possible_match_insufficient_evidence,NCT00013845,NCT02899611,Qwen/Qwen2.5-7B-Instruct,parse_fail,False,26.6,0,0,0,0,"{   ""decision"": ""possible_match_insufficient_evidence"",   ""patient_facing_answer"": ""Based on the information provided, you may be eligible for the clinical trial, but there are some unresolved requirements and missing facts that need to be ",broad_84,abstain,Neurology_CNS
case_paraphrase_017,paraphrase_trec2022,participation_request,,NCT04530149,Qwen/Qwen2.5-7B-Instruct,unlikely_match,True,17.893,108,0,2,0,"{   ""decision"": ""unlikely_match"",   ""patient_facing_answer"": ""Based on the information you provided, it seems unlikely that you would be eligible for this clinical trial."",   ""supported_patient_facts"": [],   ""missing_patient_facts"": [],   """,broad_84,abstain,Other
case_09,handcrafted,participation_request,,NCT01645904,Qwen/Qwen2.5-7B-Instruct,possible_match_insufficient_evidence,True,21.518,314,1,3,0,"{   ""decision"": ""possible_match_insufficient_evidence"",   ""patient_facing_answer"": ""If you join this study, you will be assigned to one of three groups based on when you join. You will participate in a focus group or use the My Family Garde",broad_84,abstain,Other
case_trec2022_023,trec2022,possible_match_insufficient_evidence,,NCT03529955,Qwen/Qwen2.5-7B-Instruct,unlikely_match,True,13.881,114,0,1,0,"{   ""decision"": ""unlikely_match"",   ""patient_facing_answer"": ""Based on the information provided, you do not seem to meet the primary inclusion criteria for this clinical trial."",   ""supported_patient_facts"": [],   ""missing_patient_facts"": [",broad_84,abstain,Other
case_trec2021_049,trec2021,possible_match_insufficient_evidence,NCT00001253,NCT01944475,Qwen/Qwen2.5-7B-Instruct,unlikely_match,True,13.254,108,0,1,0,"{   ""decision"": ""unlikely_match"",   ""patient_facing_answer"": ""Based on the information provided, you do not seem to meet the eligibility criteria for this clinical trial."",   ""supported_patient_facts"": [],   ""missing_patient_facts"": [],   """,broad_84,abstain,Metabolic_Endocrine
case_trec2022_006,trec2022,possible_match_insufficient_evidence,,NCT04233359,Qwen/Qwen2.5-7B-Instruct,possible_match_insufficient_evidence,True,18.772,132,5,1,0,"{   ""decision"": ""possible_match_insufficient_evidence"",   ""patient_facing_answer"": ""Based on the information provided, you may be eligible for the clinical trial, but we need more details to confirm your eligibility."",   ""supported_patient_",broad_84,abstain,Oncology
case_trec2022_021,trec2022,possible_match_insufficient_evidence,,NCT04671472,Qwen/Qwen2.5-7B-Instruct,parse_fail,False,26.465,0,0,0,0,"{   ""decision"": ""possible_match_insufficient_evidence"",   ""patient_facing_answer"": ""Based on the information provided, you may be eligible for the clinical trial, but we need more details to make a final determination."",   ""supported_patien",broad_84,abstain,Neurology_CNS
case_paraphrase_035,paraphrase_trec2021,consent_understanding,,NCT04322422,Qwen/Qwen2.5-7B-Instruct,unlikely_match,True,19.038,201,2,3,0,"{   ""decision"": ""unlikely_match"",   ""patient_facing_answer"": ""Based on the information you provided, it seems unlikely that you would be eligible for this clinical trial. However, the study team will need to confirm several details before m",broad_84,abstain,Oncology
case_trec2021_048,trec2021,possible_match_insufficient_evidence,NCT00750139,NCT02411734,Qwen/Qwen2.5-7B-Instruct,unlikely_match,True,12.464,103,0,1,0,"{   ""decision"": ""unlikely_match"",   ""patient_facing_answer"": ""Based on the information you provided, you do not seem to be eligible for this specific clinical trial."",   ""supported_patient_facts"": [],   ""missing_patient_facts"": [],   ""unres",broad_84,abstain,Other
case_paraphrase_009,paraphrase_trec2021,cannot_determine,,NCT02855892,Qwen/Qwen2.5-7B-Instruct,unlikely_match,True,21.199,185,0,3,0,"{   ""decision"": ""unlikely_match"",   ""patient_facing_answer"": ""Based on the information you provided, it seems unlikely that you would qualify for this clinical trial. However, please consult with your healthcare provider for a thorough asse",broad_84,abstain,Metabolic_Endocrine
case_11,handcrafted,risk_request,,NCT02830828,Qwen/Qwen2.5-7B-Instruct,possible_match_insufficient_evidence,True,21.623,331,2,2,0,"{   ""decision"": ""possible_match_insufficient_evidence"",   ""patient_facing_answer"": ""There are some potential risks and burdens associated with participating in this study, such as the need to attend multiple follow-up appointments and the p",broad_84,abstain,Other
case_paraphrase_016,paraphrase_trec2022,explanation_request,,NCT03876652,Qwen/Qwen2.5-7B-Instruct,unlikely_match,True,19.761,433,0,2,0,"{   ""decision"": ""unlikely_match"",   ""patient_facing_answer"": ""Based on the information provided, your medical history and current symptoms do not align with the primary inclusion criteria for the clinical trial described. The trial focuses ",broad_84,abstain,Other
case_trec2022_050,trec2022,possible_match_insufficient_evidence,,NCT01921972,Qwen/Qwen2.5-7B-Instruct,possible_match_insufficient_evidence,True,20.835,174,2,2,0,"{   ""decision"": ""possible_match_insufficient_evidence"",   ""patient_facing_answer"": ""Your situation matches some of the inclusion criteria, but there are unresolved requirements and missing information that need to be addressed before determ",broad_84,abstain,Neurology_CNS
case_trec2021_053,trec2021,possible_match_insufficient_evidence,NCT00395538,NCT02802449,Qwen/Qwen2.5-7B-Instruct,possible_match_insufficient_evidence,True,21.37,153,3,2,0,"{   ""decision"": ""possible_match_insufficient_evidence"",   ""patient_facing_answer"": ""Based on the information you provided, there are some aspects that align with the study criteria, but we need more details to determine your eligibility."", ",broad_84,abstain,MSK_Bone
case_paraphrase_018,paraphrase_trec2022,risk_request,,NCT04530149,Qwen/Qwen2.5-7B-Instruct,unlikely_match,True,19.032,204,0,1,0,"{   ""decision"": ""unlikely_match"",   ""patient_facing_answer"": ""Based on the information you provided, it seems unlikely that you would be eligible for this clinical trial. However, we recommend discussing your specific case with the study te",broad_84,abstain,Other
case_trec2021_034,trec2021,possible_match_insufficient_evidence,NCT00009659,NCT03529955,Qwen/Qwen2.5-7B-Instruct,unlikely_match,True,15.909,163,3,1,0,"{   ""decision"": ""unlikely_match"",   ""patient_facing_answer"": ""Based on the information you provided, it seems unlikely that you would be eligible for this clinical trial. However, further details might change this assessment."",   ""supported",broad_84,abstain,Neurology_CNS
case_trec2022_041,trec2022,possible_match_insufficient_evidence,,NCT00802698,Qwen/Qwen2.5-7B-Instruct,unlikely_match,True,15.034,114,0,0,0,"{   ""decision"": ""unlikely_match"",   ""patient_facing_answer"": ""Based on the information provided, you do not seem to meet the primary inclusion criteria for this clinical trial."",   ""supported_patient_facing_answer"": """",   ""supported_patient",broad_84,abstain,Cardiovascular
case_trec2021_028,trec2021,possible_match_insufficient_evidence,NCT00000568,NCT04342520,Qwen/Qwen2.5-7B-Instruct,unlikely_match,True,15.289,110,0,3,0,"{   ""decision"": ""unlikely_match"",   ""patient_facing_answer"": ""Based on the information provided, you do not appear to meet the eligibility criteria for this clinical trial."",   ""supported_patient_facts"": [""60-year-old male"", ""COPD diagnosis",broad_84,abstain,Cardiovascular
case_paraphrase_007,paraphrase_trec2021,participation_request,,NCT02855892,Qwen/Qwen2.5-7B-Instruct,unlikely_match,True,23.574,163,7,5,0,"{   ""decision"": ""unlikely_match"",   ""patient_facing_answer"": ""Based on the information you provided, it seems unlikely that you would be eligible for this clinical trial. However, further details might change this assessment."",   ""supported",broad_84,abstain,Metabolic_Endocrine
case_07,handcrafted,explanation_request,,NCT04660656,Qwen/Qwen2.5-7B-Instruct,possible_match_insufficient_evidence,True,19.788,344,2,2,0,"{   ""decision"": ""possible_match_insufficient_evidence"",   ""patient_facing_answer"": ""This study is about finding out if a specific test called the 5R-STS can help predict how well back surgery will work for people with certain types of back ",broad_84,abstain,Other
case_trec2021_019,trec2021,possible_match_insufficient_evidence,NCT00000531,NCT00487279,Qwen/Qwen2.5-7B-Instruct,possible_match_insufficient_evidence,True,19.088,132,2,1,0,"{   ""decision"": ""possible_match_insufficient_evidence"",   ""patient_facing_answer"": ""Based on the information provided, you may be eligible for the clinical trial, but we need more details to confirm your eligibility."",   ""supported_patient_",broad_84,accept,Cardiovascular
case_trec2022_012,trec2022,possible_match_insufficient_evidence,,NCT00188890,Qwen/Qwen2.5-7B-Instruct,possible_match_insufficient_evidence,True,21.22,132,2,1,0,"{   ""decision"": ""possible_match_insufficient_evidence"",   ""patient_facing_answer"": ""Based on the information provided, you may be eligible for the clinical trial, but we need more details to confirm your eligibility."",   ""supported_patient_",broad_84,abstain,Other
case_15,handcrafted,cannot_determine,,NCT00738998,Qwen/Qwen2.5-7B-Instruct,possible_match_insufficient_evidence,True,18.445,253,1,3,0,"{   ""decision"": ""possible_match_insufficient_evidence"",   ""patient_facing_answer"": ""Based on the information you provided, it seems like you might be eligible for this study, but we need more details to confirm. Please provide more informat",broad_84,abstain,MSK_Bone
case_paraphrase_012,paraphrase_trec2022,participation_request,,NCT01207765,Qwen/Qwen2.5-7B-Instruct,unlikely_match,True,13.633,127,0,1,0,"{   ""decision"": ""unlikely_match"",   ""patient_facing_answer"": ""Based on the information you provided, it does not seem like you meet the primary eligibility criteria for this clinical trial."",   ""supported_patient_facts"": [],   ""missing_pati",broad_84,abstain,Other
case_10,handcrafted,participation_request,,NCT02432339,Qwen/Qwen2.5-7B-Instruct,possible_match_insufficient_evidence,True,24.635,261,2,2,0,"{   ""decision"": ""possible_match_insufficient_evidence"",   ""patient_facing_answer"": ""The study involves several visits and testing periods over approximately 3 weeks. You will need to attend a screening visit, followed by two testing weeks. ",broad_84,abstain,Other
case_trec2022_008,trec2022,possible_match_insufficient_evidence,,NCT03197922,Qwen/Qwen2.5-7B-Instruct,possible_match_insufficient_evidence,True,23.15,141,4,2,0,"{   ""decision"": ""possible_match_insufficient_evidence"",   ""patient_facing_answer"": ""Your situation matches some aspects of the study criteria, but there are unresolved requirements and missing facts that need to be confirmed."",   ""supported",broad_84,abstain,Other
case_paraphrase_025,paraphrase_trec2021,consent_understanding,,NCT02629549,Qwen/Qwen2.5-7B-Instruct,possible_match_insufficient_evidence,True,22.762,155,3,3,0,"{   ""decision"": ""possible_match_insufficient_evidence"",   ""patient_facing_answer"": ""The study team will need to confirm your eligibility based on several factors including your medical history, current condition, and specific test results.""",broad_84,abstain,Metabolic_Endocrine
case_paraphrase_006,paraphrase_trec2021,explanation_request,,NCT02855892,Qwen/Qwen2.5-7B-Instruct,unlikely_match,True,19.482,205,0,2,0,"{   ""decision"": ""unlikely_match"",   ""patient_facing_answer"": ""Based on the information provided, it seems unlikely that you would be eligible for this clinical trial. However, we recommend discussing your specific situation with the study t",broad_84,abstain,Metabolic_Endocrine
case_trec2022_032,trec2022,possible_match_insufficient_evidence,,NCT03570359,Qwen/Qwen2.5-7B-Instruct,unlikely_match,True,19.323,83,7,5,0,"{   ""decision"": ""unlikely_match"",   ""patient_facing_answer"": ""Based on the information provided, you may not be eligible for this clinical trial."",   ""supported_patient_facts"": [],   ""missing_patient_facts"": [""Age"", ""COPD diagnosis"", ""FEV1 ",broad_84,abstain,Other
case_trec2022_024,trec2022,possible_match_insufficient_evidence,,NCT00135811,Qwen/Qwen2.5-7B-Instruct,unlikely_match,True,19.899,106,5,1,0,"{   ""decision"": ""unlikely_match"",   ""patient_facing_answer"": ""Based on the information provided, you do not seem to meet the inclusion criteria for this clinical trial."",   ""supported_patient_facts"": [],   ""missing_patient_facts"": [""Age (wi",broad_84,abstain,Other
case_paraphrase_034,paraphrase_trec2021,cannot_determine,,NCT01634113,Qwen/Qwen2.5-7B-Instruct,unlikely_match,True,14.466,194,0,0,0,"{   ""decision"": ""unlikely_match"",   ""patient_facing_answer"": ""Based on the information you provided, it does not seem like you would qualify for this clinical trial. However, we recommend checking with your healthcare provider for more deta",broad_84,abstain,Oncology
case_trec2021_047,trec2021,possible_match_insufficient_evidence,NCT00004727,NCT02651272,Qwen/Qwen2.5-7B-Instruct,unlikely_match,True,13.897,112,0,1,0,"{   ""decision"": ""unlikely_match"",   ""patient_facing_answer"": ""Based on the information you provided, you do not appear to meet the inclusion criteria for this clinical trial."",   ""supported_patient_facts"": [],   ""missing_patient_facts"": [],",broad_84,abstain,Neurology_CNS
case_trec2021_061,trec2021,possible_match_insufficient_evidence,NCT00005635,NCT02750826,Qwen/Qwen2.5-7B-Instruct,possible_match_insufficient_evidence,True,20.796,99,3,2,0,"{   ""decision"": ""possible_match_insufficient_evidence"",   ""patient_facing_answer"": ""Your situation matches some key criteria, but we need more information to confirm your eligibility."",   ""supported_patient_facts"": [     ""Postmenopausal sta",broad_84,abstain,Oncology
case_trec2022_016,trec2022,possible_match_insufficient_evidence,,NCT04480190,Qwen/Qwen2.5-7B-Instruct,unlikely_match,True,13.88,108,0,1,0,"{   ""decision"": ""unlikely_match"",   ""patient_facing_answer"": ""Based on the information provided, you do not seem to meet the eligibility criteria for this clinical trial."",   ""supported_patient_facts"": [],   ""missing_patient_facts"": [],   """,broad_84,abstain,Other
case_trec2021_073,trec2021,possible_match_insufficient_evidence,NCT00966719,NCT02471573,Qwen/Qwen2.5-7B-Instruct,unlikely_match,True,15.542,110,0,1,0,"{   ""decision"": ""unlikely_match"",   ""patient_facing_answer"": ""Based on the information provided, you do not appear to meet the eligibility criteria for this clinical trial."",   ""supported_patient_facts"": [],   ""missing_patient_facts"": [],  ",broad_84,abstain,Other
case_trec2022_027,trec2022,possible_match_insufficient_evidence,,NCT01518192,Qwen/Qwen2.5-7B-Instruct,unlikely_match,True,14.739,83,0,2,0,"{   ""decision"": ""unlikely_match"",   ""patient_facing_answer"": ""Based on the information provided, you may not be eligible for this clinical trial."",   ""supported_patient_facts"": [""31-year-old woman"", ""diagnosed with Lyme disease"", ""erythema ",broad_84,abstain,Other
case_trec2021_013,trec2021,possible_match_insufficient_evidence,NCT00005985,NCT02591901,Qwen/Qwen2.5-7B-Instruct,parse_fail,False,26.585,0,0,0,0,"{   ""decision"": ""possible_match_insufficient_evidence"",   ""patient_facing_answer"": ""Based on the information you provided, you may be eligible for the clinical trial, but we need more details to confirm your eligibility."",   ""supported_pati",broad_84,abstain,Other
case_trec2022_020,trec2022,possible_match_insufficient_evidence,,NCT03835351,Qwen/Qwen2.5-7B-Instruct,possible_match_insufficient_evidence,True,17.161,132,2,1,0,"{   ""decision"": ""possible_match_insufficient_evidence"",   ""patient_facing_answer"": ""Based on the information provided, you may be eligible for the clinical trial, but we need more details to confirm your eligibility."",   ""supported_patient_",broad_84,abstain,Other
case_paraphrase_032,paraphrase_trec2021,participation_request,,NCT01634113,Qwen/Qwen2.5-7B-Instruct,unlikely_match,True,15.535,100,0,0,0,"{   ""decision"": ""unlikely_match"",   ""patient_facing_answer"": ""Based on the information provided, you do not meet the eligibility criteria for this clinical trial."",   ""supported_patient_facts"": [],   ""missing_patient_facts"": [],   ""unresolv",broad_84,abstain,Oncology
case_paraphrase_027,paraphrase_trec2021,participation_request,,NCT03829631,Qwen/Qwen2.5-7B-Instruct,unlikely_match,True,17.313,87,2,3,0,"{   ""decision"": ""unlikely_match"",   ""patient_facing_answer"": ""Based on the information you provided, you may not be eligible for this clinical trial."",   ""supported_patient_facts"": [""62-year-old male"", ""African-American"", ""History of hypert",broad_84,abstain,Neurology_CNS
case_paraphrase_001,paraphrase_trec2021,explanation_request,,NCT00413855,Qwen/Qwen2.5-7B-Instruct,unlikely_match,True,14.662,264,0,0,0,"{   ""decision"": ""unlikely_match"",   ""patient_facing_answer"": ""Based on the information provided, it seems unlikely that you would be eligible for this clinical trial. The trial focuses on patients with chronic or recurrent right lower abdom",broad_84,abstain,Other
case_trec2022_003,trec2022,possible_match_insufficient_evidence,,NCT00689182,Qwen/Qwen2.5-7B-Instruct,possible_match_insufficient_evidence,True,21.701,149,2,2,0,"{   ""decision"": ""possible_match_insufficient_evidence"",   ""patient_facing_answer"": ""Based on the information you provided, it seems that you might be eligible for the clinical trial, but we need more details to make a final decision."",   ""s",broad_84,abstain,Other
case_paraphrase_031,paraphrase_trec2021,explanation_request,,NCT04322422,Qwen/Qwen2.5-7B-Instruct,unlikely_match,True,17.574,506,0,0,0,"{   ""decision"": ""unlikely_match"",   ""patient_facing_answer"": ""This clinical trial is focused on understanding and treating a specific type of asthma called chest tightness variant asthma (CTVA). The trial aims to compare the effectiveness o",broad_84,abstain,Oncology
case_paraphrase_003,paraphrase_trec2021,risk_request,,NCT00413855,Qwen/Qwen2.5-7B-Instruct,unlikely_match,True,21.543,172,4,4,0,"{   ""decision"": ""unlikely_match"",   ""patient_facing_answer"": ""Based on the information you provided, it seems unlikely that you would be eligible for this particular clinical trial. However, further details may change this assessment."",   """,broad_84,abstain,Metabolic_Endocrine
case_paraphrase_008,paraphrase_trec2021,risk_request,,NCT02855892,Qwen/Qwen2.5-7B-Instruct,unlikely_match,True,20.712,226,1,5,0,"{   ""decision"": ""unlikely_match"",   ""patient_facing_answer"": ""Based on the information you provided, it seems unlikely that you would be eligible for this clinical trial. However, further details and a thorough assessment by the study team ",broad_84,abstain,Metabolic_Endocrine
case_paraphrase_022,paraphrase_trec2021,participation_request,,NCT00921609,Qwen/Qwen2.5-7B-Instruct,possible_match_insufficient_evidence,True,20.408,141,3,2,0,"{   ""decision"": ""possible_match_insufficient_evidence"",   ""patient_facing_answer"": ""Based on the information you provided, you may be eligible for the study, but we need to confirm some details before making a final decision."",   ""supported",broad_84,abstain,Metabolic_Endocrine
case_trec2022_009,trec2022,possible_match_insufficient_evidence,,NCT04793035,Qwen/Qwen2.5-7B-Instruct,possible_match_insufficient_evidence,True,23.984,138,3,2,0,"{   ""decision"": ""possible_match_insufficient_evidence"",   ""patient_facing_answer"": ""Based on the information you provided, you might be eligible for the clinical trial, but we need more details to confirm your eligibility."",   ""supported_pa",broad_84,abstain,Other
case_trec2021_031,trec2021,possible_match_insufficient_evidence,NCT00002536,NCT00443313,Qwen/Qwen2.5-7B-Instruct,unlikely_match,True,18.84,83,0,4,0,"{   ""decision"": ""unlikely_match"",   ""patient_facing_answer"": ""Based on the information provided, you may not be eligible for this clinical trial."",   ""supported_patient_facts"": [""37-year-old woman"", ""cervical cancer stage 1B"", ""positive for",broad_84,abstain,Oncology
case_03,handcrafted,likely_mismatch_or_unlikely_match,,NCT00865358,Qwen/Qwen2.5-7B-Instruct,possible_match_insufficient_evidence,True,17.691,147,3,2,0,"{   ""decision"": ""possible_match_insufficient_evidence"",   ""patient_facing_answer"": ""Your back pain and low bone density might make you a potential candidate for the study, but there are some uncertainties that need to be clarified."",   ""sup",broad_84,abstain,MSK_Bone
case_trec2022_037,trec2022,possible_match_insufficient_evidence,,NCT01419535,Qwen/Qwen2.5-7B-Instruct,possible_match_insufficient_evidence,True,20.836,136,3,2,0,"{   ""decision"": ""possible_match_insufficient_evidence"",   ""patient_facing_answer"": ""Your situation shows some characteristics that might fit the study criteria, but we need more information to determine your eligibility."",   ""supported_pati",broad_84,abstain,Metabolic_Endocrine
case_trec2021_001,trec2021,possible_match_insufficient_evidence,NCT00002814,NCT01051557,Qwen/Qwen2.5-7B-Instruct,unlikely_match,True,15.746,108,0,2,0,"{   ""decision"": ""unlikely_match"",   ""patient_facing_answer"": ""Based on the information provided, you do not seem to meet the eligibility criteria for this clinical trial."",   ""supported_patient_facts"": [],   ""missing_patient_facts"": [],   """,broad_84,abstain,Oncology
case_06,handcrafted,possible_match_insufficient_evidence,,NCT02984384,Qwen/Qwen2.5-7B-Instruct,parse_fail,False,26.112,0,0,0,0,"{   ""decision"": ""possible_match_insufficient_evidence"",   ""patient_facing_answer"": ""Based on the information you provided, it seems like you might be eligible for the study, but we need to confirm a few details."",   ""supported_patient_facts",broad_84,abstain,MSK_Bone
case_trec2021_015,trec2021,possible_match_insufficient_evidence,NCT00003049,NCT03358576,Qwen/Qwen2.5-7B-Instruct,possible_match_insufficient_evidence,True,22.389,134,3,2,0,"{   ""decision"": ""possible_match_insufficient_evidence"",   ""patient_facing_answer"": ""Based on the information provided, you may be eligible for the clinical trial, but we need more details to make a final determination."",   ""supported_patien",broad_84,abstain,Oncology
case_paraphrase_028,paraphrase_trec2021,risk_request,,NCT03829631,Qwen/Qwen2.5-7B-Instruct,unlikely_match,True,13.307,130,0,0,0,"{   ""decision"": ""unlikely_match"",   ""patient_facing_answer"": ""Based on the information you provided, your condition does not align with the inclusion criteria for the clinical trial described."",   ""supported_patient_facts"": [],   ""missing_p",broad_84,abstain,Neurology_CNS
case_paraphrase_024,paraphrase_trec2021,cannot_determine,,NCT02629549,Qwen/Qwen2.5-7B-Instruct,parse_fail,False,26.289,0,0,0,0,"{   ""decision"": ""possible_match_insufficient_evidence"",   ""patient_facing_answer"": ""Based on the information you provided, there are some aspects that align with the eligibility criteria for the clinical trial, but there are also some unres",broad_84,abstain,Metabolic_Endocrine
case_trec2021_070,trec2021,possible_match_insufficient_evidence,NCT00042562,NCT00922233,Qwen/Qwen2.5-7B-Instruct,unlikely_match,True,11.743,83,0,1,0,"{   ""decision"": ""unlikely_match"",   ""patient_facing_answer"": ""Based on the information provided, you may not be eligible for this clinical trial."",   ""supported_patient_facts"": [],   ""missing_patient_facts"": [],   ""unresolved_study_requirem",broad_84,abstain,Neurology_CNS
case_paraphrase_004,paraphrase_trec2021,cannot_determine,,NCT03902262,Qwen/Qwen2.5-7B-Instruct,unlikely_match,True,12.332,117,0,0,0,"{   ""decision"": ""unlikely_match"",   ""patient_facing_answer"": ""Based on the information you provided, it does not seem that you meet the inclusion criteria for this clinical trial."",   ""supported_patient_facts"": [],   ""missing_patient_facts""",broad_84,abstain,Metabolic_Endocrine
case_paraphrase_021,paraphrase_trec2021,explanation_request,,NCT00921609,Qwen/Qwen2.5-7B-Instruct,possible_match_insufficient_evidence,True,24.097,415,2,2,0,"{   ""decision"": ""possible_match_insufficient_evidence"",   ""patient_facing_answer"": ""This study focuses on managing acromegaly, a condition where the body produces too much growth hormone. Your case involves elevated testosterone levels, acr",broad_84,abstain,Metabolic_Endocrine
case_trec2021_026,trec2021,possible_match_insufficient_evidence,NCT00370344,NCT04030741,Qwen/Qwen2.5-7B-Instruct,unlikely_match,True,12.945,110,0,1,0,"{   ""decision"": ""unlikely_match"",   ""patient_facing_answer"": ""Based on the information provided, you do not appear to meet the eligibility criteria for this clinical trial."",   ""supported_patient_facts"": [],   ""missing_patient_facts"": [],  ",broad_84,abstain,Other
case_trec2022_033,trec2022,possible_match_insufficient_evidence,,NCT03985540,Qwen/Qwen2.5-7B-Instruct,unlikely_match,True,15.845,108,0,5,0,"{   ""decision"": ""unlikely_match"",   ""patient_facing_answer"": ""Based on the information provided, you do not seem to meet the eligibility criteria for this clinical trial."",   ""supported_patient_facts"": [],   ""missing_patient_facts"": [],   """,broad_84,abstain,Cardiovascular
case_paraphrase_023,paraphrase_trec2021,risk_request,,NCT02629549,meta-llama/Meta-Llama-3.1-8B-Instruct,parse_fail,False,25.107,0,0,0,0,"{   ""decision"": ""possible_match_insufficient_evidence"",   ""patient_facing_answer"": ""You may be a good candidate for this study, but we need to review some additional information before making a final decision."",   ""supported_patient_facts"":",broad_84,abstain,Metabolic_Endocrine
case_02,handcrafted,possible_match_insufficient_evidence,,NCT01482130,meta-llama/Meta-Llama-3.1-8B-Instruct,parse_fail,False,25.135,0,0,0,0,"{   ""decision"": ""possible_match_insufficient_evidence"",   ""patient_facing_answer"": ""Based on the information provided, it seems you might be a good candidate for this study, but we need to confirm a few things. We'll need to check your medi",broad_84,abstain,MSK_Bone
case_paraphrase_002,paraphrase_trec2021,participation_request,,NCT03902262,meta-llama/Meta-Llama-3.1-8B-Instruct,unlikely_match,True,25.235,270,3,2,0,"{   ""decision"": ""unlikely_match"",   ""patient_facing_answer"": ""Based on the information provided, it seems that this clinical trial may not be a good fit for you. However, we need to discuss some details to confirm. Please note that the tria",broad_84,abstain,Metabolic_Endocrine
case_trec2021_035,trec2021,possible_match_insufficient_evidence,NCT00071786,NCT04698525,meta-llama/Meta-Llama-3.1-8B-Instruct,likely_match,True,25.163,169,5,2,0,"{   ""decision"": ""likely_match"",   ""patient_facing_answer"": ""Based on the information provided, it seems that you may be a good candidate for the clinical trial. However, a final review is still needed to confirm your eligibility."",   ""suppo",broad_84,accept,Neurology_CNS
case_trec2021_018,trec2021,possible_match_insufficient_evidence,NCT00159406,NCT04529369,meta-llama/Meta-Llama-3.1-8B-Instruct,possible_match_insufficient_evidence,True,21.076,283,3,2,0,"{   ""decision"": ""possible_match_insufficient_evidence"",   ""patient_facing_answer"": ""Based on the information provided, it seems that you may be a good candidate for this clinical trial, but we need more information to confirm. Please provid",broad_84,abstain,Other
case_paraphrase_019,paraphrase_trec2022,cannot_determine,,NCT04530149,meta-llama/Meta-Llama-3.1-8B-Instruct,unlikely_match,True,22.921,235,4,2,0,"{   ""decision"": ""unlikely_match"",   ""patient_facing_answer"": ""Based on the information provided, it seems that this clinical trial may not be a good fit for you. However, it's always best to consult with a healthcare professional to determi",broad_84,abstain,Other
case_trec2021_050,trec2021,possible_match_insufficient_evidence,NCT00026923,NCT04821167,meta-llama/Meta-Llama-3.1-8B-Instruct,parse_fail,False,25.345,0,0,0,0,"{   ""decision"": ""possible_match_insufficient_evidence"",   ""patient_facing_answer"": ""Based on the information provided, it seems that you might be eligible for the clinical trial, but we need more information to confirm. Please provide the f",broad_84,abstain,Other
case_trec2021_042,trec2021,possible_match_insufficient_evidence,NCT00015613,NCT02411916,meta-llama/Meta-Llama-3.1-8B-Instruct,parse_fail,False,25.636,0,0,0,0,"{   ""decision"": ""possible_match_insufficient_evidence"",   ""patient_facing_answer"": ""We need more information to determine if you are eligible for this clinical trial. Please provide the following: your current blood pressure reading, your m",broad_84,abstain,Other
case_08,handcrafted,explanation_request,,NCT01737242,meta-llama/Meta-Llama-3.1-8B-Instruct,possible_match_insufficient_evidence,True,24.328,203,3,2,0,"{   ""decision"": ""possible_match_insufficient_evidence"",   ""patient_facing_answer"": ""We need more information to determine if you are eligible for this study. Please provide the following: age, family history of prostate cancer, and whether ",broad_84,abstain,Other
case_paraphrase_010,paraphrase_trec2021,consent_understanding,,NCT02855892,meta-llama/Meta-Llama-3.1-8B-Instruct,parse_fail,False,25.563,0,0,0,0,"{   ""decision"": ""unlikely_match"",   ""patient_facing_answer"": ""Based on the information provided, it seems that you may not be eligible for this clinical trial. However, we need to confirm a few details before making a final decision."",   ""s",broad_84,abstain,Metabolic_Endocrine
case_trec2022_014,trec2022,possible_match_insufficient_evidence,,NCT04326582,meta-llama/Meta-Llama-3.1-8B-Instruct,parse_fail,False,25.467,0,0,0,0,"{   ""decision"": ""possible_match_insufficient_evidence"",   ""patient_facing_answer"": ""Based on the information provided, it seems that you may be eligible for the clinical trial, but we need more information to confirm. Please provide the fol",broad_84,abstain,MSK_Bone
case_trec2022_026,trec2022,possible_match_insufficient_evidence,,NCT01847690,meta-llama/Meta-Llama-3.1-8B-Instruct,possible_match_insufficient_evidence,True,23.97,86,3,4,0,"{   ""decision"": ""possible_match_insufficient_evidence"",   ""patient_facing_answer"": ""You may be eligible for this study, but we need more information about your situation."",   ""supported_patient_facts"": [     ""You are a 33-year-old woman"",  ",broad_84,abstain,Metabolic_Endocrine
case_trec2022_007,trec2022,possible_match_insufficient_evidence,,NCT04059185,meta-llama/Meta-Llama-3.1-8B-Instruct,parse_fail,False,25.46,0,0,0,0,"{   ""decision"": ""possible_match_insufficient_evidence"",   ""patient_facing_answer"": ""Based on the information provided, it seems that you might be eligible for the study, but we need more information about your situation to be sure. We would",broad_84,abstain,Other
case_paraphrase_033,paraphrase_trec2021,risk_request,,NCT01634113,meta-llama/Meta-Llama-3.1-8B-Instruct,unlikely_match,True,21.565,386,3,3,0,"{   ""decision"": ""unlikely_match"",   ""patient_facing_answer"": ""Based on the provided information, it appears that you may not be a good match for this clinical trial. The trial is focused on children aged 1 to 5 years with persistent asthma,",broad_84,abstain,Oncology
case_trec2022_048,trec2022,possible_match_insufficient_evidence,,NCT03003533,meta-llama/Meta-Llama-3.1-8B-Instruct,parse_fail,False,24.81,0,0,0,0,"{   ""decision"": ""possible_match_insufficient_evidence"",   ""patient_facing_answer"": ""Based on the information provided, it seems you may be eligible for the clinical trial, but we need more information to confirm. Please provide your medical",broad_84,abstain,Other
case_trec2022_047,trec2022,possible_match_insufficient_evidence,,NCT03529955,meta-llama/Meta-Llama-3.1-8B-Instruct,unlikely_match,True,24.996,578,2,2,0,"{   ""decision"": ""unlikely_match"",   ""patient_facing_answer"": ""Based on the information provided, it seems that this clinical trial may not be a good fit for you. The trial is focused on treating dermatomyositis, a condition that involves th",broad_84,abstain,Other
case_trec2022_004,trec2022,possible_match_insufficient_evidence,,NCT00726492,meta-llama/Meta-Llama-3.1-8B-Instruct,parse_fail,False,25.337,0,0,0,0,"{   ""decision"": ""possible_match_insufficient_evidence"",   ""patient_facing_answer"": ""Based on the information provided, it seems that you may be a good candidate for this clinical trial. However, we need to confirm a few details before we ca",broad_84,abstain,MSK_Bone
case_paraphrase_026,paraphrase_trec2021,explanation_request,,NCT03829631,meta-llama/Meta-Llama-3.1-8B-Instruct,unlikely_match,True,18.189,93,2,1,0,"{   ""decision"": ""unlikely_match"",   ""patient_facing_answer"": ""This clinical trial is about low back pain and does not seem to match your current situation."",   ""supported_patient_facts"": [""You are a 62-year-old man"", ""You have a history of ",broad_84,abstain,Neurology_CNS
case_trec2022_018,trec2022,possible_match_insufficient_evidence,,NCT02346825,meta-llama/Meta-Llama-3.1-8B-Instruct,unlikely_match,True,25.295,252,3,2,0,"{   ""decision"": ""unlikely_match"",   ""patient_facing_answer"": ""Based on the information provided, it seems that this clinical trial is not a good match for you. The trial is focused on children with hemiparetic spastic cerebral palsy, and th",broad_84,abstain,Other
case_trec2022_030,trec2022,possible_match_insufficient_evidence,,NCT04146649,meta-llama/Meta-Llama-3.1-8B-Instruct,parse_fail,False,25.368,0,0,0,0,"{   ""decision"": ""possible_match_insufficient_evidence"",   ""patient_facing_answer"": ""Based on the information provided, it seems you might be a good candidate for the clinical trial, but we need more information to confirm. Please provide th",broad_84,abstain,MSK_Bone
case_trec2021_056,trec2021,possible_match_insufficient_evidence,NCT00001981,NCT02952885,meta-llama/Meta-Llama-3.1-8B-Instruct,parse_fail,False,24.79,0,0,0,0,"{   ""decision"": ""possible_match_insufficient_evidence"",   ""patient_facing_answer"": ""Based on the information provided, it seems you might be eligible for the clinical trial, but we need more information to confirm. Please provide the follow",broad_84,abstain,Metabolic_Endocrine
case_trec2021_057,trec2021,possible_match_insufficient_evidence,NCT00124033,NCT04750044,meta-llama/Meta-Llama-3.1-8B-Instruct,parse_fail,False,25.354,0,0,0,0,"{   ""decision"": ""possible_match_insufficient_evidence"",   ""patient_facing_answer"": ""Based on the information provided, it seems you may be eligible for the clinical trial, but we need more information to confirm. Please provide the followin",broad_84,abstain,Other
case_trec2022_013,trec2022,possible_match_insufficient_evidence,,NCT02414295,meta-llama/Meta-Llama-3.1-8B-Instruct,likely_match,True,21.972,156,2,2,0,"{   ""decision"": ""likely_match"",   ""patient_facing_answer"": ""Based on the information provided, you may be a good candidate for this clinical trial. However, a final review is still needed to confirm your eligibility."",   ""supported_patient_",broad_84,abstain,Other
case_trec2021_058,trec2021,possible_match_insufficient_evidence,NCT00124722,NCT03902262,meta-llama/Meta-Llama-3.1-8B-Instruct,parse_fail,False,25.178,0,0,0,0,"{   ""decision"": ""possible_match_insufficient_evidence"",   ""patient_facing_answer"": ""Based on the information provided, it seems that you may be eligible for the clinical trial, but we need more information to confirm. Please provide the fol",broad_84,abstain,Other
case_trec2021_009,trec2021,possible_match_insufficient_evidence,NCT00013845,NCT02899611,meta-llama/Meta-Llama-3.1-8B-Instruct,parse_fail,False,25.482,0,0,0,0,"{   ""decision"": ""possible_match_insufficient_evidence"",   ""patient_facing_answer"": ""Based on the information provided, it seems you may be a potential candidate for the clinical trial, but we need more information to confirm. Please provide",broad_84,abstain,Neurology_CNS
case_paraphrase_017,paraphrase_trec2022,participation_request,,NCT04530149,meta-llama/Meta-Llama-3.1-8B-Instruct,unlikely_match,True,20.19,335,3,3,0,"{   ""decision"": ""unlikely_match"",   ""patient_facing_answer"": ""Based on the information provided, it seems that this clinical trial may not be a good fit for you. The trial is focused on patients with rib fractures, and you have a condition ",broad_84,abstain,Other
case_09,handcrafted,participation_request,,NCT01645904,meta-llama/Meta-Llama-3.1-8B-Instruct,possible_match_insufficient_evidence,True,16.474,170,3,1,0,"{   ""decision"": ""possible_match_insufficient_evidence"",   ""patient_facing_answer"": ""You may be eligible to participate in this study. To confirm, you will need to provide more information about your age, language proficiency, and genetic te",broad_84,abstain,Other
case_trec2022_023,trec2022,possible_match_insufficient_evidence,,NCT03529955,meta-llama/Meta-Llama-3.1-8B-Instruct,unlikely_match,True,21.899,236,4,2,0,"{   ""decision"": ""unlikely_match"",   ""patient_facing_answer"": ""Based on the information provided, it seems that this clinical trial may not be a good fit for you. However, it's always best to consult with a healthcare professional to determi",broad_84,abstain,Other
case_trec2021_049,trec2021,possible_match_insufficient_evidence,NCT00001253,NCT01944475,meta-llama/Meta-Llama-3.1-8B-Instruct,parse_fail,False,25.236,0,0,0,0,"{   ""decision"": ""possible_match_insufficient_evidence"",   ""patient_facing_answer"": ""We need more information to determine if you are eligible for this study. Please provide the following: age at diagnosis, current Tanner stage - pubic hair,",broad_84,abstain,Metabolic_Endocrine
case_trec2022_006,trec2022,possible_match_insufficient_evidence,,NCT04233359,meta-llama/Meta-Llama-3.1-8B-Instruct,parse_fail,False,24.717,0,0,0,0,"{   ""decision"": ""possible_match_insufficient_evidence"",   ""patient_facing_answer"": ""Based on the information provided, it seems you might be a good candidate for this clinical trial, but we need to review some additional details before maki",broad_84,abstain,Oncology
case_trec2022_021,trec2022,possible_match_insufficient_evidence,,NCT04671472,meta-llama/Meta-Llama-3.1-8B-Instruct,parse_fail,False,25.316,0,0,0,0,"{   ""decision"": ""possible_match_insufficient_evidence"",   ""patient_facing_answer"": ""Based on the information provided, it seems like you might be a good candidate for the clinical trial, but we need more information to confirm. Please provi",broad_84,abstain,Neurology_CNS
case_paraphrase_035,paraphrase_trec2021,consent_understanding,,NCT04322422,meta-llama/Meta-Llama-3.1-8B-Instruct,parse_fail,False,25.027,0,0,0,0,"{   ""decision"": ""possible_match_insufficient_evidence"",   ""patient_facing_answer"": ""We need to confirm a few more details about your health before we can determine if you're eligible for the study. We'll need to discuss your recent diagnosi",broad_84,abstain,Oncology
case_trec2021_048,trec2021,possible_match_insufficient_evidence,NCT00750139,NCT02411734,meta-llama/Meta-Llama-3.1-8B-Instruct,parse_fail,False,25.444,0,0,0,0,"{   ""decision"": ""unlikely_match"",   ""patient_facing_answer"": ""Based on the information provided, it seems that you may not be eligible for this clinical trial. The trial is focused on rehabilitation for elderly individuals with impaired exe",broad_84,abstain,Other
case_paraphrase_009,paraphrase_trec2021,cannot_determine,,NCT02855892,meta-llama/Meta-Llama-3.1-8B-Instruct,parse_fail,False,25.565,0,0,0,0,"{   ""decision"": ""unlikely_match"",   ""patient_facing_answer"": ""Based on the information provided, it seems that this clinical trial may not be a good fit for you. However, we need to review your medical history and current situation in more ",broad_84,abstain,Metabolic_Endocrine
case_11,handcrafted,risk_request,,NCT02830828,meta-llama/Meta-Llama-3.1-8B-Instruct,possible_match_insufficient_evidence,True,19.675,213,2,2,0,"{   ""decision"": ""possible_match_insufficient_evidence"",   ""patient_facing_answer"": ""You may be asked to attend three subsequent follow-up appointments, and you will not know the results of your grip tests. The study may add to the time you ",broad_84,abstain,Other
case_paraphrase_016,paraphrase_trec2022,explanation_request,,NCT03876652,meta-llama/Meta-Llama-3.1-8B-Instruct,unlikely_match,True,23.09,369,2,2,0,"{   ""decision"": ""unlikely_match"",   ""patient_facing_answer"": ""This study is about a clinical trial for people who experience frequent fainting spells due to a condition called neurally mediated syncope. The study is looking at the effective",broad_84,abstain,Other
case_trec2022_050,trec2022,possible_match_insufficient_evidence,,NCT01921972,meta-llama/Meta-Llama-3.1-8B-Instruct,possible_match_insufficient_evidence,True,24.173,291,3,2,0,"{   ""decision"": ""possible_match_insufficient_evidence"",   ""patient_facing_answer"": ""Based on the information provided, it seems that you might be eligible for the clinical trial, but we need more information to confirm. We would like to kno",broad_84,abstain,Neurology_CNS
case_trec2021_053,trec2021,possible_match_insufficient_evidence,NCT00395538,NCT02802449,meta-llama/Meta-Llama-3.1-8B-Instruct,parse_fail,False,25.524,0,0,0,0,"{   ""decision"": ""possible_match_insufficient_evidence"",   ""patient_facing_answer"": ""Based on the information provided, it seems you might be eligible for the study, but we need more information to confirm. We'll need to review your blood pr",broad_84,abstain,MSK_Bone
case_paraphrase_018,paraphrase_trec2022,risk_request,,NCT04530149,meta-llama/Meta-Llama-3.1-8B-Instruct,unlikely_match,True,21.668,349,2,3,0,"{   ""decision"": ""unlikely_match"",   ""patient_facing_answer"": ""Based on the information provided, it seems that this clinical trial may not be a good fit for you. The trial is focused on patients with rib fractures, and your condition is rel",broad_84,abstain,Other
case_trec2021_034,trec2021,possible_match_insufficient_evidence,NCT00009659,NCT03529955,meta-llama/Meta-Llama-3.1-8B-Instruct,parse_fail,False,25.559,0,0,0,0,"{   ""decision"": ""unlikely_match"",   ""patient_facing_answer"": ""Based on the information provided, it seems that this clinical trial may not be a good fit for you. The trial is focused on treating dermatomyositis, a condition that affects the",broad_84,abstain,Neurology_CNS
case_trec2022_041,trec2022,possible_match_insufficient_evidence,,NCT00802698,meta-llama/Meta-Llama-3.1-8B-Instruct,parse_fail,False,24.909,0,0,0,0,"{   ""decision"": ""possible_match_insufficient_evidence"",   ""patient_facing_answer"": ""Based on the information provided, it seems that you may be a candidate for this study, but we need more information to confirm. Please note that the study ",broad_84,abstain,Cardiovascular
case_trec2021_028,trec2021,possible_match_insufficient_evidence,NCT00000568,NCT04342520,meta-llama/Meta-Llama-3.1-8B-Instruct,possible_match_insufficient_evidence,True,23.928,224,3,3,0,"{   ""decision"": ""possible_match_insufficient_evidence"",   ""patient_facing_answer"": ""We need more information to determine if you are eligible for this clinical trial. Please provide the following information: Your MMSE score, whether you ha",broad_84,abstain,Cardiovascular
case_paraphrase_007,paraphrase_trec2021,participation_request,,NCT02855892,meta-llama/Meta-Llama-3.1-8B-Instruct,parse_fail,False,25.556,0,0,0,0,"{   ""decision"": ""unlikely_match"",   ""patient_facing_answer"": ""Based on the information provided, it seems that you may not be eligible for this clinical trial. However, we need to review your medical history and current condition in more de",broad_84,abstain,Metabolic_Endocrine
case_07,handcrafted,explanation_request,,NCT04660656,meta-llama/Meta-Llama-3.1-8B-Instruct,likely_match,True,20.626,195,2,2,0,"{   ""decision"": ""likely_match"",   ""patient_facing_answer"": ""This study is about understanding how well a test called the 5R-STS can predict the outcome of back surgery for people with certain back problems, such as lumbar hernias or lumbar ",broad_84,abstain,Other
case_trec2021_019,trec2021,possible_match_insufficient_evidence,NCT00000531,NCT00487279,meta-llama/Meta-Llama-3.1-8B-Instruct,possible_match_insufficient_evidence,True,22.023,229,3,2,0,"{   ""decision"": ""possible_match_insufficient_evidence"",   ""patient_facing_answer"": ""Based on the information provided, it seems that you may be a candidate for the clinical trial, but we need more information to confirm. We would like to kn",broad_84,accept,Cardiovascular
case_trec2022_012,trec2022,possible_match_insufficient_evidence,,NCT00188890,meta-llama/Meta-Llama-3.1-8B-Instruct,parse_fail,False,25.152,0,0,0,0,"{   ""decision"": ""possible_match_insufficient_evidence"",   ""patient_facing_answer"": ""Based on the information provided, it seems that you may be eligible for this clinical trial. However, we need to confirm a few details before making a fina",broad_84,abstain,Other
case_15,handcrafted,cannot_determine,,NCT00738998,meta-llama/Meta-Llama-3.1-8B-Instruct,parse_fail,False,25.314,0,0,0,0,"{   ""decision"": ""possible_match_insufficient_evidence"",   ""patient_facing_answer"": ""Based on what you've told me, it seems like you might be a good fit for this study, but we need to know more about your situation to be sure. We'll need to ",broad_84,abstain,MSK_Bone
case_paraphrase_012,paraphrase_trec2022,participation_request,,NCT01207765,meta-llama/Meta-Llama-3.1-8B-Instruct,parse_fail,False,25.082,0,0,0,0,"{   ""decision"": ""unlikely_match"",   ""patient_facing_answer"": ""Based on the information provided, it seems that this clinical trial may not be a good fit for you. However, we need to gather more information to be sure. Please consult with yo",broad_84,abstain,Other
case_10,handcrafted,participation_request,,NCT02432339,meta-llama/Meta-Llama-3.1-8B-Instruct,possible_match_insufficient_evidence,True,21.536,169,4,3,0,"{   ""decision"": ""possible_match_insufficient_evidence"",   ""patient_facing_answer"": ""The study will likely take around 3 weeks from start to finish, but this may vary depending on the results of your screening visit and the availability of t",broad_84,abstain,Other
case_trec2022_008,trec2022,possible_match_insufficient_evidence,,NCT03197922,meta-llama/Meta-Llama-3.1-8B-Instruct,parse_fail,False,25.47,0,0,0,0,"{   ""decision"": ""possible_match_insufficient_evidence"",   ""patient_facing_answer"": ""Based on the information provided, it seems that your child's condition might be a good fit for this clinical trial. However, we need more information to co",broad_84,abstain,Other
case_paraphrase_025,paraphrase_trec2021,consent_understanding,,NCT02629549,meta-llama/Meta-Llama-3.1-8B-Instruct,parse_fail,False,25.124,0,0,0,0,"{   ""decision"": ""possible_match_insufficient_evidence"",   ""patient_facing_answer"": ""We need to confirm a few more details before we can determine if you're a good fit for this study. We'll need to discuss your medical history, the results o",broad_84,abstain,Metabolic_Endocrine
case_paraphrase_006,paraphrase_trec2021,explanation_request,,NCT02855892,meta-llama/Meta-Llama-3.1-8B-Instruct,unlikely_match,True,19.287,240,3,3,0,"{   ""decision"": ""unlikely_match"",   ""patient_facing_answer"": ""This clinical trial is not a good match for you. It's designed to study a treatment for benign prostatic hyperplasia, which is a condition that affects the prostate gland. You ha",broad_84,abstain,Metabolic_Endocrine
case_trec2022_032,trec2022,possible_match_insufficient_evidence,,NCT03570359,meta-llama/Meta-Llama-3.1-8B-Instruct,parse_fail,False,25.336,0,0,0,0,"{   ""decision"": ""possible_match_insufficient_evidence"",   ""patient_facing_answer"": ""Based on the information provided, it seems that you may be eligible for the clinical trial, but we need more information to confirm. Please provide the fol",broad_84,abstain,Other
case_trec2022_024,trec2022,possible_match_insufficient_evidence,,NCT00135811,meta-llama/Meta-Llama-3.1-8B-Instruct,parse_fail,False,25.371,0,0,0,0,"{   ""decision"": ""unlikely_match"",   ""patient_facing_answer"": ""Based on the information provided, it seems that this clinical trial may not be a good fit for you. However, we need more information to be certain. Please consult with your doct",broad_84,abstain,Other
case_paraphrase_034,paraphrase_trec2021,cannot_determine,,NCT01634113,meta-llama/Meta-Llama-3.1-8B-Instruct,parse_fail,False,25.087,0,0,0,0,"{   ""decision"": ""unlikely_match"",   ""patient_facing_answer"": ""Based on the provided information, it seems that this clinical trial may not be a good fit for you. The trial is focused on children aged 1 to 5 years old with persistent asthma,",broad_84,abstain,Oncology
case_trec2021_047,trec2021,possible_match_insufficient_evidence,NCT00004727,NCT02651272,meta-llama/Meta-Llama-3.1-8B-Instruct,unlikely_match,True,23.171,347,3,3,0,"{   ""decision"": ""unlikely_match"",   ""patient_facing_answer"": ""Based on the provided information, it's unclear if you're eligible for this clinical trial. However, it seems that the trial is focused on pulmonary hypertension in sickle cell d",broad_84,abstain,Neurology_CNS
case_trec2021_061,trec2021,possible_match_insufficient_evidence,NCT00005635,NCT02750826,meta-llama/Meta-Llama-3.1-8B-Instruct,parse_fail,False,25.37,0,0,0,0,"{   ""decision"": ""possible_match_insufficient_evidence"",   ""patient_facing_answer"": ""Based on the information provided, it seems you may be eligible for this clinical trial, but we need more information to confirm. Please provide the followi",broad_84,abstain,Oncology
case_trec2022_016,trec2022,possible_match_insufficient_evidence,,NCT04480190,meta-llama/Meta-Llama-3.1-8B-Instruct,parse_fail,False,25.129,0,0,0,0,"{   ""decision"": ""unlikely_match"",   ""patient_facing_answer"": ""Based on the information provided, it seems that this clinical trial may not be a good fit for you. However, we need to review your medical history and current condition in more ",broad_84,abstain,Other
case_trec2021_073,trec2021,possible_match_insufficient_evidence,NCT00966719,NCT02471573,meta-llama/Meta-Llama-3.1-8B-Instruct,unlikely_match,True,24.73,225,2,2,0,"{   ""decision"": ""unlikely_match"",   ""patient_facing_answer"": ""Based on the information provided, it seems that this clinical trial is not a good match for you. The trial is focused on in vitro fertilization (IVF) and embryo transfer, which ",broad_84,abstain,Other
case_trec2022_027,trec2022,possible_match_insufficient_evidence,,NCT01518192,meta-llama/Meta-Llama-3.1-8B-Instruct,parse_fail,False,25.022,0,0,0,0,"{   ""decision"": ""possible_match_insufficient_evidence"",   ""patient_facing_answer"": ""Based on the information provided, it seems you might be eligible for the clinical trial, but we need more information to confirm. Please provide the follow",broad_84,abstain,Other
case_trec2021_013,trec2021,possible_match_insufficient_evidence,NCT00005985,NCT02591901,meta-llama/Meta-Llama-3.1-8B-Instruct,parse_fail,False,25.526,0,0,0,0,"{   ""decision"": ""possible_match_insufficient_evidence"",   ""patient_facing_answer"": ""Based on the information provided, it seems that you may be a good candidate for this clinical trial. However, we need to clarify a few more details before ",broad_84,abstain,Other
case_trec2022_020,trec2022,possible_match_insufficient_evidence,,NCT03835351,meta-llama/Meta-Llama-3.1-8B-Instruct,possible_match_insufficient_evidence,True,23.418,254,3,2,0,"{   ""decision"": ""possible_match_insufficient_evidence"",   ""patient_facing_answer"": ""You may be eligible for this clinical trial, but we need more information to confirm. Please answer the following questions: Are you 18 years or older? Are ",broad_84,abstain,Other
case_paraphrase_032,paraphrase_trec2021,participation_request,,NCT01634113,meta-llama/Meta-Llama-3.1-8B-Instruct,parse_fail,False,25.055,0,0,0,0,"{   ""decision"": ""unlikely_match"",   ""patient_facing_answer"": ""Based on the provided information, it seems that this clinical trial may not be a good fit for you. The trial is focused on children aged 1 to 5 years old with persistent asthma,",broad_84,abstain,Oncology
case_paraphrase_027,paraphrase_trec2021,participation_request,,NCT03829631,meta-llama/Meta-Llama-3.1-8B-Instruct,unlikely_match,True,21.206,478,2,2,0,"{   ""decision"": ""unlikely_match"",   ""patient_facing_answer"": ""Based on the information provided, it seems that this clinical trial may not be a good fit for you. The trial is focused on low back pain, and your current condition involves lef",broad_84,abstain,Neurology_CNS
case_paraphrase_001,paraphrase_trec2021,explanation_request,,NCT00413855,meta-llama/Meta-Llama-3.1-8B-Instruct,unlikely_match,True,18.702,225,5,2,0,"{   ""decision"": ""unlikely_match"",   ""patient_facing_answer"": ""This clinical trial is about studying the effectiveness of removing the appendix in reducing pain for people with chronic or recurrent lower abdominal quadrant pain. It's not cle",broad_84,abstain,Other
case_trec2022_003,trec2022,possible_match_insufficient_evidence,,NCT00689182,meta-llama/Meta-Llama-3.1-8B-Instruct,parse_fail,False,25.481,0,0,0,0,"{   ""decision"": ""possible_match_insufficient_evidence"",   ""patient_facing_answer"": ""Based on the information provided, it seems that you may be a good candidate for this clinical trial, but we need to gather more information about your situ",broad_84,abstain,Other
case_paraphrase_031,paraphrase_trec2021,explanation_request,,NCT04322422,meta-llama/Meta-Llama-3.1-8B-Instruct,unlikely_match,True,21.743,243,4,3,0,"{   ""decision"": ""unlikely_match"",   ""patient_facing_answer"": ""This clinical trial is focused on a specific type of asthma called chest tightness variant asthma (CTVA). It's not clear if this trial is relevant to your situation, which involv",broad_84,abstain,Oncology
case_paraphrase_003,paraphrase_trec2021,risk_request,,NCT00413855,meta-llama/Meta-Llama-3.1-8B-Instruct,unlikely_match,True,17.104,442,2,2,0,"{   ""decision"": ""unlikely_match"",   ""patient_facing_answer"": ""Based on the provided information, it seems that this clinical trial may not be a good match for you. The trial is focused on chronic or recurrent appendicitis, which doesn't see",broad_84,abstain,Metabolic_Endocrine
case_paraphrase_008,paraphrase_trec2021,risk_request,,NCT02855892,meta-llama/Meta-Llama-3.1-8B-Instruct,parse_fail,False,25.561,0,0,0,0,"{   ""decision"": ""unlikely_match"",   ""patient_facing_answer"": ""Based on the information provided, it seems that you may not be eligible for this clinical trial. However, we need to review your medical history and current condition in more de",broad_84,abstain,Metabolic_Endocrine
case_paraphrase_022,paraphrase_trec2021,participation_request,,NCT00921609,meta-llama/Meta-Llama-3.1-8B-Instruct,possible_match_insufficient_evidence,True,22.912,184,2,2,0,"{   ""decision"": ""possible_match_insufficient_evidence"",   ""patient_facing_answer"": ""You may be a candidate for this study, but we need more information to confirm. Please provide the following: your current GH and IGF-1 levels, and the resu",broad_84,abstain,Metabolic_Endocrine
case_trec2022_009,trec2022,possible_match_insufficient_evidence,,NCT04793035,meta-llama/Meta-Llama-3.1-8B-Instruct,parse_fail,False,25.429,0,0,0,0,"{   ""decision"": ""possible_match_insufficient_evidence"",   ""patient_facing_answer"": ""You may be a potential candidate for this clinical trial, but we need more information to confirm. Please provide the following details: Your age, your symp",broad_84,abstain,Other
case_trec2021_031,trec2021,possible_match_insufficient_evidence,NCT00002536,NCT00443313,meta-llama/Meta-Llama-3.1-8B-Instruct,parse_fail,False,25.573,0,0,0,0,"{   ""decision"": ""possible_match_insufficient_evidence"",   ""patient_facing_answer"": ""We need more information to determine if you are eligible for this clinical trial. Please provide the following: confirmation of your age, whether you are p",broad_84,abstain,Oncology
case_03,handcrafted,likely_mismatch_or_unlikely_match,,NCT00865358,meta-llama/Meta-Llama-3.1-8B-Instruct,parse_fail,False,25.249,0,0,0,0,"{   ""decision"": ""possible_match_insufficient_evidence"",   ""patient_facing_answer"": ""You may be a good candidate for this study, but we need more information to confirm. Please answer the following questions: Are you between 18 and 64 years ",broad_84,abstain,MSK_Bone
case_trec2022_037,trec2022,possible_match_insufficient_evidence,,NCT01419535,meta-llama/Meta-Llama-3.1-8B-Instruct,parse_fail,False,25.425,0,0,0,0,"{   ""decision"": ""possible_match_insufficient_evidence"",   ""patient_facing_answer"": ""Based on the information provided, it seems like you might be a good candidate for this clinical trial, but we need more information to confirm. Please prov",broad_84,abstain,Metabolic_Endocrine
case_trec2021_001,trec2021,possible_match_insufficient_evidence,NCT00002814,NCT01051557,meta-llama/Meta-Llama-3.1-8B-Instruct,parse_fail,False,25.286,0,0,0,0,"{   ""decision"": ""possible_match_insufficient_evidence"",   ""patient_facing_answer"": ""Based on the information provided, it seems you may be eligible for the clinical trial, but we need more information to confirm. Please provide the followin",broad_84,abstain,Oncology
case_06,handcrafted,possible_match_insufficient_evidence,,NCT02984384,meta-llama/Meta-Llama-3.1-8B-Instruct,possible_match_insufficient_evidence,True,15.122,194,1,1,0,"{   ""decision"": ""possible_match_insufficient_evidence"",   ""patient_facing_answer"": ""We need more information to determine if you're eligible for this study. We know you think you meet the age and fracture requirements, but we need to know m",broad_84,abstain,MSK_Bone
case_trec2021_015,trec2021,possible_match_insufficient_evidence,NCT00003049,NCT03358576,meta-llama/Meta-Llama-3.1-8B-Instruct,parse_fail,False,25.663,0,0,0,0,"{   ""decision"": ""possible_match_insufficient_evidence"",   ""patient_facing_answer"": ""We need more information to determine your eligibility for the clinical trial. Please provide the missing information and we will review your application ag",broad_84,abstain,Oncology
case_paraphrase_028,paraphrase_trec2021,risk_request,,NCT03829631,meta-llama/Meta-Llama-3.1-8B-Instruct,unlikely_match,True,20.321,128,3,3,0,"{   ""decision"": ""unlikely_match"",   ""patient_facing_answer"": ""This clinical trial is not a good match for you. The trial is for people with low back pain, and you have a different condition."",   ""supported_patient_facts"": [""62-year-old Afri",broad_84,abstain,Neurology_CNS
case_paraphrase_024,paraphrase_trec2021,cannot_determine,,NCT02629549,meta-llama/Meta-Llama-3.1-8B-Instruct,parse_fail,False,25.123,0,0,0,0,"{   ""decision"": ""possible_match_insufficient_evidence"",   ""patient_facing_answer"": ""Based on the information provided, it seems you may be a good candidate for this clinical trial, but we need to gather more information about your situation",broad_84,abstain,Metabolic_Endocrine
case_trec2021_070,trec2021,possible_match_insufficient_evidence,NCT00042562,NCT00922233,meta-llama/Meta-Llama-3.1-8B-Instruct,parse_fail,False,25.166,0,0,0,0,"{   ""decision"": ""unlikely_match"",   ""patient_facing_answer"": ""Based on the information provided, it seems that this clinical trial may not be a good fit for you. However, we need to review some details to confirm. Please provide more inform",broad_84,abstain,Neurology_CNS
case_paraphrase_004,paraphrase_trec2021,cannot_determine,,NCT03902262,meta-llama/Meta-Llama-3.1-8B-Instruct,unlikely_match,True,19.674,237,5,3,0,"{   ""decision"": ""unlikely_match"",   ""patient_facing_answer"": ""Based on the information provided, it seems that you may not be a good match for this clinical trial. However, it's always best to consult with a healthcare professional to deter",broad_84,abstain,Metabolic_Endocrine
case_paraphrase_021,paraphrase_trec2021,explanation_request,,NCT00921609,meta-llama/Meta-Llama-3.1-8B-Instruct,parse_fail,False,25.496,0,0,0,0,"{   ""decision"": ""likely_match"",   ""patient_facing_answer"": ""This study is about a treatment for a rare condition called acromegaly, which is caused by an overproduction of growth hormone. The goal of the study is to find a way to control th",broad_84,abstain,Metabolic_Endocrine
case_trec2021_026,trec2021,possible_match_insufficient_evidence,NCT00370344,NCT04030741,meta-llama/Meta-Llama-3.1-8B-Instruct,unlikely_match,True,20.58,323,3,2,0,"{   ""decision"": ""unlikely_match"",   ""patient_facing_answer"": ""Based on the provided information, it seems that this clinical trial may not be a good fit for you. The trial is specifically designed for children between 5 and 15 years of age,",broad_84,abstain,Other
case_trec2022_033,trec2022,possible_match_insufficient_evidence,,NCT03985540,meta-llama/Meta-Llama-3.1-8B-Instruct,parse_fail,False,24.721,0,0,0,0,"{   ""decision"": ""unlikely_match"",   ""patient_facing_answer"": ""Based on the information provided, it seems that this clinical trial may not be a good fit for you. However, we would like to review your application further to confirm."",   ""sup",broad_84,abstain,Cardiovascular
case_paraphrase_023,paraphrase_trec2021,risk_request,,NCT02629549,mistralai/Mistral-7B-Instruct-v0.3,parse_fail,False,23.885,0,0,0,0,"{   ""decision"": ""possible_match_insufficient_evidence"",   ""patient_facing_answer"": ""This clinical trial may be relevant for your condition, but there are some unresolved factors that need to be considered. It's important to discuss these wi",broad_84,abstain,Metabolic_Endocrine
case_02,handcrafted,possible_match_insufficient_evidence,,NCT01482130,mistralai/Mistral-7B-Instruct-v0.3,possible_match_insufficient_evidence,True,23.745,332,2,2,0,"{   ""decision"": ""possible_match_insufficient_evidence"",   ""patient_facing_answer"": ""Based on the information provided, it is possible that you may qualify for the study, but we need more details about your medical history, specifically whet",broad_84,abstain,MSK_Bone
case_paraphrase_002,paraphrase_trec2021,participation_request,,NCT03902262,mistralai/Mistral-7B-Instruct-v0.3,parse_fail,False,24.07,0,0,0,0,"{   ""decision"": ""possible_match_insufficient_evidence"",   ""patient_facing_answer"": ""Based on the information provided, it seems that you might be a potential candidate for the clinical trial, but there are some unresolved requirements and m",broad_84,abstain,Metabolic_Endocrine
case_trec2021_035,trec2021,possible_match_insufficient_evidence,NCT00071786,NCT04698525,mistralai/Mistral-7B-Instruct-v0.3,parse_fail,False,24.395,0,0,0,0,"{   ""decision"": ""possible_match_insufficient_evidence"",   ""patient_facing_answer"": ""Based on the information provided, it seems that you might be a potential candidate for the clinical trial. However, there are some unresolved requirements ",broad_84,accept,Neurology_CNS
case_trec2021_018,trec2021,possible_match_insufficient_evidence,NCT00159406,NCT04529369,mistralai/Mistral-7B-Instruct-v0.3,parse_fail,False,24.362,0,0,0,0,"{   ""decision"": ""possible_match_insufficient_evidence"",   ""patient_facing_answer"": ""Based on the information provided, it seems that you might be a potential candidate for the clinical trial. However, there are some unresolved requirements ",broad_84,abstain,Other
case_paraphrase_019,paraphrase_trec2022,cannot_determine,,NCT04530149,mistralai/Mistral-7B-Instruct-v0.3,parse_fail,False,24.333,0,0,0,0,"{   ""decision"": ""possible_match_insufficient_evidence"",   ""patient_facing_answer"": ""Based on the information provided, it seems that you might be a potential candidate for the clinical trial, but there are some uncertainties and missing fac",broad_84,abstain,Other
case_trec2021_050,trec2021,possible_match_insufficient_evidence,NCT00026923,NCT04821167,mistralai/Mistral-7B-Instruct-v0.3,parse_fail,False,24.137,0,0,0,0,"{   ""decision"": ""possible_match_insufficient_evidence"",   ""patient_facing_answer"": ""Based on the information provided, it seems that you might be a potential candidate for the clinical trial. However, there are some missing facts and unreso",broad_84,abstain,Other
case_trec2021_042,trec2021,possible_match_insufficient_evidence,NCT00015613,NCT02411916,mistralai/Mistral-7B-Instruct-v0.3,parse_fail,False,24.487,0,0,0,0,"{   ""decision"": ""possible_match_insufficient_evidence"",   ""patient_facing_answer"": ""Based on the information provided, you may be a potential candidate for the clinical trial. However, there are some unresolved requirements and missing fact",broad_84,abstain,Other
case_08,handcrafted,explanation_request,,NCT01737242,mistralai/Mistral-7B-Instruct-v0.3,parse_fail,False,24.034,0,0,0,0,"{   ""decision"": ""possible_match_insufficient_evidence"",   ""patient_facing_answer"": ""There are some parts of this study that are still unclear based on the provided information. Here are the details:"",   ""supported_patient_facts"": [""The stud",broad_84,abstain,Other
case_paraphrase_010,paraphrase_trec2021,consent_understanding,,NCT02855892,mistralai/Mistral-7B-Instruct-v0.3,parse_fail,False,24.431,0,0,0,0,"{   ""decision"": ""possible_match_insufficient_evidence"",   ""patient_facing_answer"": ""Based on the information provided, it seems that you might be eligible for the clinical trial, but there are some unresolved requirements and missing facts ",broad_84,abstain,Metabolic_Endocrine
case_trec2022_014,trec2022,possible_match_insufficient_evidence,,NCT04326582,mistralai/Mistral-7B-Instruct-v0.3,parse_fail,False,24.346,0,0,0,0,"{   ""decision"": ""possible_match_insufficient_evidence"",   ""patient_facing_answer"": ""Based on the information provided, it seems that you might be a potential candidate for the clinical trial. However, there are some unresolved factors that ",broad_84,abstain,MSK_Bone
case_trec2022_026,trec2022,possible_match_insufficient_evidence,,NCT01847690,mistralai/Mistral-7B-Instruct-v0.3,parse_fail,False,24.08,0,0,0,0,"{   ""decision"": ""possible_match_insufficient_evidence"",   ""patient_facing_answer"": ""Based on the information provided, it seems that you might be a potential candidate for the clinical trial. However, there are some unresolved requirements ",broad_84,abstain,Metabolic_Endocrine
case_trec2022_007,trec2022,possible_match_insufficient_evidence,,NCT04059185,mistralai/Mistral-7B-Instruct-v0.3,parse_fail,False,24.24,0,0,0,0,"{   ""decision"": ""possible_match_insufficient_evidence"",   ""patient_facing_answer"": ""Based on the information provided, it is possible that your child may be eligible for the clinical trial, but there are some unresolved requirements and mis",broad_84,abstain,Other
case_paraphrase_033,paraphrase_trec2021,risk_request,,NCT01634113,mistralai/Mistral-7B-Instruct-v0.3,parse_fail,False,23.859,0,0,0,0,"{   ""decision"": ""cannot_determine"",   ""patient_facing_answer"": ""Based on the information provided, it is currently unclear if this clinical trial is a match for your condition. The trial is focused on asthma in children aged 1 to 5 years ol",broad_84,abstain,Oncology
case_trec2022_048,trec2022,possible_match_insufficient_evidence,,NCT03003533,mistralai/Mistral-7B-Instruct-v0.3,parse_fail,False,23.616,0,0,0,0,"{   ""decision"": ""possible_match_insufficient_evidence"",   ""patient_facing_answer"": ""Based on the information provided, you may be a potential candidate for the clinical trial. However, there are some missing and unresolved factors that need",broad_84,abstain,Other
case_trec2022_047,trec2022,possible_match_insufficient_evidence,,NCT03529955,mistralai/Mistral-7B-Instruct-v0.3,parse_fail,False,24.371,0,0,0,0,"{   ""decision"": ""possible_match_insufficient_evidence"",   ""patient_facing_answer"": ""Based on the information provided, it seems that you might be a potential candidate for the clinical trial. However, there are some missing facts and unreso",broad_84,abstain,Other
case_trec2022_004,trec2022,possible_match_insufficient_evidence,,NCT00726492,mistralai/Mistral-7B-Instruct-v0.3,parse_fail,False,24.158,0,0,0,0,"{   ""decision"": ""possible_match_insufficient_evidence"",   ""patient_facing_answer"": ""Based on the information provided, it seems that you might be a potential candidate for the clinical trial. However, there are some missing facts and unreso",broad_84,abstain,MSK_Bone
case_paraphrase_026,paraphrase_trec2021,explanation_request,,NCT03829631,mistralai/Mistral-7B-Instruct-v0.3,parse_fail,False,24.317,0,0,0,0,"{   ""decision"": ""possible_match_insufficient_evidence"",   ""patient_facing_answer"": ""The clinical trial you are considering is about testing the effectiveness of wearing a semi-rigid lumbar brace for 4 weeks following an emergency department",broad_84,abstain,Neurology_CNS
case_trec2022_018,trec2022,possible_match_insufficient_evidence,,NCT02346825,mistralai/Mistral-7B-Instruct-v0.3,parse_fail,False,24.072,0,0,0,0,"{   ""decision"": ""possible_match_insufficient_evidence"",   ""patient_facing_answer"": ""Based on the information provided, it is possible that your child might be eligible for the clinical trial, but there are some uncertainties and missing fac",broad_84,abstain,Other
case_trec2022_030,trec2022,possible_match_insufficient_evidence,,NCT04146649,mistralai/Mistral-7B-Instruct-v0.3,parse_fail,False,24.212,0,0,0,0,"{   ""decision"": ""possible_match_insufficient_evidence"",   ""patient_facing_answer"": ""Based on the information provided, it seems you might be a potential candidate for the clinical trial. However, there are some unresolved requirements and m",broad_84,abstain,MSK_Bone
case_trec2021_056,trec2021,possible_match_insufficient_evidence,NCT00001981,NCT02952885,mistralai/Mistral-7B-Instruct-v0.3,parse_fail,False,23.512,0,0,0,0,"{   ""decision"": ""possible_match_insufficient_evidence"",   ""patient_facing_answer"": ""Based on the information provided, you may be a potential candidate for the clinical trial. However, there are some unresolved requirements and missing fact",broad_84,abstain,Metabolic_Endocrine
case_trec2021_057,trec2021,possible_match_insufficient_evidence,NCT00124033,NCT04750044,mistralai/Mistral-7B-Instruct-v0.3,parse_fail,False,24.182,0,0,0,0,"{   ""decision"": ""possible_match_insufficient_evidence"",   ""patient_facing_answer"": ""Based on the information provided, it seems that you might be a potential candidate for the clinical trial. However, there are some unresolved requirements ",broad_84,abstain,Other
case_trec2022_013,trec2022,possible_match_insufficient_evidence,,NCT02414295,mistralai/Mistral-7B-Instruct-v0.3,parse_fail,False,23.482,0,0,0,0,"{   ""decision"": ""possible_match_insufficient_evidence"",   ""patient_facing_answer"": ""Based on the information provided, you may be a potential candidate for the clinical trial. However, there are some missing facts and unresolved requirement",broad_84,abstain,Other
case_trec2021_058,trec2021,possible_match_insufficient_evidence,NCT00124722,NCT03902262,mistralai/Mistral-7B-Instruct-v0.3,parse_fail,False,24.034,0,0,0,0,"{   ""decision"": ""possible_match_insufficient_evidence"",   ""patient_facing_answer"": ""Based on the information provided, it seems that you might be a potential candidate for the clinical trial. However, there are some unresolved factors that ",broad_84,abstain,Other
case_trec2021_009,trec2021,possible_match_insufficient_evidence,NCT00013845,NCT02899611,mistralai/Mistral-7B-Instruct-v0.3,parse_fail,False,24.318,0,0,0,0,"{   ""decision"": ""possible_match_insufficient_evidence"",   ""patient_facing_answer"": ""Based on the information provided, it seems that you might be a potential candidate for the clinical trial. However, there are some missing facts and unreso",broad_84,abstain,Neurology_CNS
case_paraphrase_017,paraphrase_trec2022,participation_request,,NCT04530149,mistralai/Mistral-7B-Instruct-v0.3,parse_fail,False,24.335,0,0,0,0,"{   ""decision"": ""possible_match_insufficient_evidence"",   ""patient_facing_answer"": ""Based on the information provided, it seems that you might be a potential candidate for the clinical trial, but there are some uncertainties and missing fac",broad_84,abstain,Other
case_09,handcrafted,participation_request,,NCT01645904,mistralai/Mistral-7B-Instruct-v0.3,possible_match_insufficient_evidence,True,23.6,463,2,2,0,"{   ""decision"": ""possible_match_insufficient_evidence"",   ""patient_facing_answer"": ""If you join this study, you would likely be asked to participate in a focus group or use a web-based program designed to improve communication about Lynch s",broad_84,abstain,Other
case_trec2022_023,trec2022,possible_match_insufficient_evidence,,NCT03529955,mistralai/Mistral-7B-Instruct-v0.3,parse_fail,False,24.372,0,0,0,0,"{   ""decision"": ""possible_match_insufficient_evidence"",   ""patient_facing_answer"": ""Based on the information provided, it seems that you might be a potential candidate for the clinical trial. However, there are some unresolved factors that ",broad_84,abstain,Other
case_trec2021_049,trec2021,possible_match_insufficient_evidence,NCT00001253,NCT01944475,mistralai/Mistral-7B-Instruct-v0.3,parse_fail,False,23.991,0,0,0,0,"{   ""decision"": ""possible_match_insufficient_evidence"",   ""patient_facing_answer"": ""Based on the information provided, it seems that the clinical trial you are considering might be relevant for your daughter's condition, Turner syndrome wit",broad_84,abstain,Metabolic_Endocrine
case_trec2022_006,trec2022,possible_match_insufficient_evidence,,NCT04233359,mistralai/Mistral-7B-Instruct-v0.3,parse_fail,False,23.478,0,0,0,0,"{   ""decision"": ""possible_match_insufficient_evidence"",   ""patient_facing_answer"": ""Based on the information provided, you may be a potential candidate for the clinical trial. However, there are some missing and unresolved factors that need",broad_84,abstain,Oncology
case_trec2022_021,trec2022,possible_match_insufficient_evidence,,NCT04671472,mistralai/Mistral-7B-Instruct-v0.3,parse_fail,False,24.112,0,0,0,0,"{   ""decision"": ""possible_match_insufficient_evidence"",   ""patient_facing_answer"": ""Based on the information provided, it seems that you might be a potential candidate for the clinical trial. However, there are some missing facts and unreso",broad_84,abstain,Neurology_CNS
case_paraphrase_035,paraphrase_trec2021,consent_understanding,,NCT04322422,mistralai/Mistral-7B-Instruct-v0.3,parse_fail,False,23.831,0,0,0,0,"{   ""decision"": ""possible_match_insufficient_evidence"",   ""patient_facing_answer"": ""Based on the information provided, it seems that you might be a potential candidate for the clinical trial. However, there are some uncertainties and missin",broad_84,abstain,Oncology
case_trec2021_048,trec2021,possible_match_insufficient_evidence,NCT00750139,NCT02411734,mistralai/Mistral-7B-Instruct-v0.3,parse_fail,False,24.241,0,0,0,0,"{   ""decision"": ""possible_match_insufficient_evidence"",   ""patient_facing_answer"": ""Based on the information provided, it seems that you might be eligible for the clinical trial, but there are some unresolved requirements and missing facts ",broad_84,abstain,Other
case_paraphrase_009,paraphrase_trec2021,cannot_determine,,NCT02855892,mistralai/Mistral-7B-Instruct-v0.3,parse_fail,False,24.427,0,0,0,0,"{   ""decision"": ""possible_match_insufficient_evidence"",   ""patient_facing_answer"": ""Based on the information provided, it seems that you might be eligible for the clinical trial, but there are some unresolved requirements and missing facts ",broad_84,abstain,Metabolic_Endocrine
case_11,handcrafted,risk_request,,NCT02830828,mistralai/Mistral-7B-Instruct-v0.3,parse_fail,False,24.003,0,0,0,0,"{   ""decision"": ""possible_match_insufficient_evidence"",   ""patient_facing_answer"": ""This study may involve risks and burdens for participants, such as attending multiple follow-up appointments, having precision pinch grip tests, and potenti",broad_84,abstain,Other
case_paraphrase_016,paraphrase_trec2022,explanation_request,,NCT03876652,mistralai/Mistral-7B-Instruct-v0.3,parse_fail,False,24.079,0,0,0,0,"{   ""decision"": ""possible_match_insufficient_evidence"",   ""patient_facing_answer"": ""The clinical trial you are considering seems to focus on syncope, a condition characterized by a temporary loss of consciousness due to cerebral hypoperfusi",broad_84,abstain,Other
case_trec2022_050,trec2022,possible_match_insufficient_evidence,,NCT01921972,mistralai/Mistral-7B-Instruct-v0.3,parse_fail,False,24.238,0,0,0,0,"{   ""decision"": ""possible_match_insufficient_evidence"",   ""patient_facing_answer"": ""Based on the information provided, it seems that you might be a potential candidate for the clinical trial. However, there are some unresolved requirements ",broad_84,abstain,Neurology_CNS
case_trec2021_053,trec2021,possible_match_insufficient_evidence,NCT00395538,NCT02802449,mistralai/Mistral-7B-Instruct-v0.3,parse_fail,False,24.382,0,0,0,0,"{   ""decision"": ""possible_match_insufficient_evidence"",   ""patient_facing_answer"": ""Based on the information provided, you may be a potential candidate for the clinical trial. However, there are some unresolved requirements and missing fact",broad_84,abstain,MSK_Bone
case_paraphrase_018,paraphrase_trec2022,risk_request,,NCT04530149,mistralai/Mistral-7B-Instruct-v0.3,parse_fail,False,24.323,0,0,0,0,"{   ""decision"": ""possible_match_insufficient_evidence"",   ""patient_facing_answer"": ""The clinical trial you are considering may be a possible match, but there are some unresolved requirements and missing patient facts that need to be conside",broad_84,abstain,Other
case_trec2021_034,trec2021,possible_match_insufficient_evidence,NCT00009659,NCT03529955,mistralai/Mistral-7B-Instruct-v0.3,parse_fail,False,24.402,0,0,0,0,"{   ""decision"": ""possible_match_insufficient_evidence"",   ""patient_facing_answer"": ""Based on the information provided, it seems that you might be a potential candidate for the clinical trial. However, there are some unresolved requirements ",broad_84,abstain,Neurology_CNS
case_trec2022_041,trec2022,possible_match_insufficient_evidence,,NCT00802698,mistralai/Mistral-7B-Instruct-v0.3,parse_fail,False,23.729,0,0,0,0,"{   ""decision"": ""possible_match_insufficient_evidence"",   ""patient_facing_answer"": ""Based on the information provided, it seems that you might be a potential candidate for the clinical trial. However, there are some unresolved requirements ",broad_84,abstain,Cardiovascular
case_trec2021_028,trec2021,possible_match_insufficient_evidence,NCT00000568,NCT04342520,mistralai/Mistral-7B-Instruct-v0.3,parse_fail,False,23.905,0,0,0,0,"{   ""decision"": ""possible_match_insufficient_evidence"",   ""patient_facing_answer"": ""Based on the information provided, it seems that you might be eligible for this clinical trial, but there are some missing facts and unresolved requirements",broad_84,abstain,Cardiovascular
case_paraphrase_007,paraphrase_trec2021,participation_request,,NCT02855892,mistralai/Mistral-7B-Instruct-v0.3,parse_fail,False,24.428,0,0,0,0,"{   ""decision"": ""possible_match_insufficient_evidence"",   ""patient_facing_answer"": ""Based on the information provided, it seems that you might be eligible for the clinical trial, but there are some missing facts and unresolved requirements ",broad_84,abstain,Metabolic_Endocrine
case_07,handcrafted,explanation_request,,NCT04660656,mistralai/Mistral-7B-Instruct-v0.3,parse_fail,False,23.776,0,0,0,0,"{   ""decision"": ""possible_match_insufficient_evidence"",   ""patient_facing_answer"": ""This study is about investigating a test called the Five-repetition Sit-to-stand Test (5R-STS) in patients with lumbar hernias or 1-level lumbar canal steno",broad_84,abstain,Other
case_trec2021_019,trec2021,possible_match_insufficient_evidence,NCT00000531,NCT00487279,mistralai/Mistral-7B-Instruct-v0.3,possible_match_insufficient_evidence,True,23.295,243,5,2,0,"{   ""decision"": ""possible_match_insufficient_evidence"",   ""patient_facing_answer"": ""Based on the information provided, it seems that you might be a potential candidate for the clinical trial. However, there are some missing facts and unreso",broad_84,accept,Cardiovascular
case_trec2022_012,trec2022,possible_match_insufficient_evidence,,NCT00188890,mistralai/Mistral-7B-Instruct-v0.3,possible_match_insufficient_evidence,True,23.87,185,2,2,0,"{   ""decision"": ""possible_match_insufficient_evidence"",   ""patient_facing_answer"": ""Based on the information provided, you may be a potential candidate for the clinical trial. However, there are some unresolved requirements and missing fact",broad_84,abstain,Other
case_15,handcrafted,cannot_determine,,NCT00738998,mistralai/Mistral-7B-Instruct-v0.3,possible_match_insufficient_evidence,True,22.531,509,2,2,0,"{   ""decision"": ""possible_match_insufficient_evidence"",   ""patient_facing_answer"": ""Based on the information provided, it seems that this study might be relevant for you as an older individual with bone problems. However, the study is speci",broad_84,abstain,MSK_Bone
case_paraphrase_012,paraphrase_trec2022,participation_request,,NCT01207765,mistralai/Mistral-7B-Instruct-v0.3,parse_fail,False,23.863,0,0,0,0,"{   ""decision"": ""possible_match_insufficient_evidence"",   ""patient_facing_answer"": ""Based on the information provided, it seems that you might be a potential candidate for the clinical trial. However, there are some missing facts and unreso",broad_84,abstain,Other
case_10,handcrafted,participation_request,,NCT02432339,mistralai/Mistral-7B-Instruct-v0.3,parse_fail,False,24.111,0,0,0,0,"{   ""decision"": ""possible_match_insufficient_evidence"",   ""patient_facing_answer"": ""This study is likely to take approximately 3 weeks, including a screening visit and two testing weeks. Each testing week involves a 3-day salt-controlled di",broad_84,abstain,Other
case_trec2022_008,trec2022,possible_match_insufficient_evidence,,NCT03197922,mistralai/Mistral-7B-Instruct-v0.3,parse_fail,False,24.271,0,0,0,0,"{   ""decision"": ""possible_match_insufficient_evidence"",   ""patient_facing_answer"": ""Based on the information provided, it seems that the patient's constipation and the medical etiology of his encopresis might align with the clinical trial's",broad_84,abstain,Other
case_paraphrase_025,paraphrase_trec2021,consent_understanding,,NCT02629549,mistralai/Mistral-7B-Instruct-v0.3,parse_fail,False,23.895,0,0,0,0,"{   ""decision"": ""possible_match_insufficient_evidence"",   ""patient_facing_answer"": ""Based on the information provided, it seems that you might be a potential candidate for the clinical trial. However, there are some missing and unresolved f",broad_84,abstain,Metabolic_Endocrine
case_paraphrase_006,paraphrase_trec2021,explanation_request,,NCT02855892,mistralai/Mistral-7B-Instruct-v0.3,parse_fail,False,24.429,0,0,0,0,"{   ""decision"": ""possible_match_insufficient_evidence"",   ""patient_facing_answer"": ""The clinical trial you are considering is for men over 50 with benign prostatic hyperplasia (BPH). While you have type 1 diabetes and are a man, your age an",broad_84,abstain,Metabolic_Endocrine
case_trec2022_032,trec2022,possible_match_insufficient_evidence,,NCT03570359,mistralai/Mistral-7B-Instruct-v0.3,parse_fail,False,24.14,0,0,0,0,"{   ""decision"": ""possible_match_insufficient_evidence"",   ""patient_facing_answer"": ""Based on the information provided, you may be a potential candidate for the clinical trial. However, there are some unresolved requirements and missing fact",broad_84,abstain,Other
case_trec2022_024,trec2022,possible_match_insufficient_evidence,,NCT00135811,mistralai/Mistral-7B-Instruct-v0.3,possible_match_insufficient_evidence,True,22.595,245,1,3,0,"{   ""decision"": ""possible_match_insufficient_evidence"",   ""patient_facing_answer"": ""Based on the information provided, it seems that the 4-year-old boy with oculocutaneous albinism might be a potential candidate for the clinical trial. Howe",broad_84,abstain,Other
case_paraphrase_034,paraphrase_trec2021,cannot_determine,,NCT01634113,mistralai/Mistral-7B-Instruct-v0.3,parse_fail,False,23.862,0,0,0,0,"{   ""decision"": ""cannot_determine"",   ""patient_facing_answer"": ""Based on the information provided, it is difficult to determine if you would be a suitable candidate for this clinical trial. The trial is focused on children aged 1 to 5 years",broad_84,abstain,Oncology
case_trec2021_047,trec2021,possible_match_insufficient_evidence,NCT00004727,NCT02651272,mistralai/Mistral-7B-Instruct-v0.3,parse_fail,False,24.392,0,0,0,0,"{   ""decision"": ""possible_match_insufficient_evidence"",   ""patient_facing_answer"": ""Based on the information provided, it seems that you might be a potential candidate for the clinical trial, but there are some unresolved requirements and m",broad_84,abstain,Neurology_CNS
case_trec2021_061,trec2021,possible_match_insufficient_evidence,NCT00005635,NCT02750826,mistralai/Mistral-7B-Instruct-v0.3,parse_fail,False,24.188,0,0,0,0,"{   ""decision"": ""possible_match_insufficient_evidence"",   ""patient_facing_answer"": ""Based on the information provided, you may be a potential candidate for the clinical trial. However, there are some unresolved requirements and missing fact",broad_84,abstain,Oncology
case_trec2022_016,trec2022,possible_match_insufficient_evidence,,NCT04480190,mistralai/Mistral-7B-Instruct-v0.3,parse_fail,False,23.9,0,0,0,0,"{   ""decision"": ""possible_match_insufficient_evidence"",   ""patient_facing_answer"": ""Based on the information provided, it seems that you might be eligible for the clinical trial, but there are some missing and unresolved requirements that n",broad_84,abstain,Other
case_trec2021_073,trec2021,possible_match_insufficient_evidence,NCT00966719,NCT02471573,mistralai/Mistral-7B-Instruct-v0.3,parse_fail,False,24.616,0,0,0,0,"{   ""decision"": ""possible_match_insufficient_evidence"",   ""patient_facing_answer"": ""Based on the provided information, it seems that you might be a potential candidate for the clinical trial. However, there are some missing facts and unreso",broad_84,abstain,Other
case_trec2022_027,trec2022,possible_match_insufficient_evidence,,NCT01518192,mistralai/Mistral-7B-Instruct-v0.3,parse_fail,False,23.774,0,0,0,0,"{   ""decision"": ""possible_match_insufficient_evidence"",   ""patient_facing_answer"": ""Based on the information provided, it seems that you might be eligible for the clinical trial, but there are some unresolved requirements and missing facts ",broad_84,abstain,Other
case_trec2021_013,trec2021,possible_match_insufficient_evidence,NCT00005985,NCT02591901,mistralai/Mistral-7B-Instruct-v0.3,parse_fail,False,24.389,0,0,0,0,"{   ""decision"": ""possible_match_insufficient_evidence"",   ""patient_facing_answer"": ""Based on the information provided, you may be a potential candidate for the clinical trial. However, there are some factors that need further clarification.",broad_84,abstain,Other
case_trec2022_020,trec2022,possible_match_insufficient_evidence,,NCT03835351,mistralai/Mistral-7B-Instruct-v0.3,parse_fail,False,24.087,0,0,0,0,"{   ""decision"": ""possible_match_insufficient_evidence"",   ""patient_facing_answer"": ""Based on the information provided, it seems that you might be a potential candidate for the clinical trial. However, there are some missing facts and unreso",broad_84,abstain,Other
case_paraphrase_032,paraphrase_trec2021,participation_request,,NCT01634113,mistralai/Mistral-7B-Instruct-v0.3,parse_fail,False,23.857,0,0,0,0,"{   ""decision"": ""possible_match_insufficient_evidence"",   ""patient_facing_answer"": ""Based on the information provided, it seems that you might be eligible for the clinical trial, but there are some uncertainties and missing facts that need ",broad_84,abstain,Oncology
case_paraphrase_027,paraphrase_trec2021,participation_request,,NCT03829631,mistralai/Mistral-7B-Instruct-v0.3,parse_fail,False,24.318,0,0,0,0,"{   ""decision"": ""possible_match_insufficient_evidence"",   ""patient_facing_answer"": ""Based on the information provided, it seems that your current condition might be relevant to the clinical trial you're considering, as it involves low back ",broad_84,abstain,Neurology_CNS
case_paraphrase_001,paraphrase_trec2021,explanation_request,,NCT00413855,mistralai/Mistral-7B-Instruct-v0.3,cannot_determine,True,18.933,350,2,0,0,"{   ""decision"": ""cannot_determine"",   ""patient_facing_answer"": ""Based on the provided information, it is currently unclear if this clinical trial is a match for your condition. The trial you are considering is focused on chronic or recurren",broad_84,abstain,Other
case_trec2022_003,trec2022,possible_match_insufficient_evidence,,NCT00689182,mistralai/Mistral-7B-Instruct-v0.3,possible_match_insufficient_evidence,True,24.315,201,2,2,0,"{   ""decision"": ""possible_match_insufficient_evidence"",   ""patient_facing_answer"": ""Based on the information provided, it seems that you might be a potential candidate for the clinical trial. However, there are some unresolved requirements ",broad_84,abstain,Other
case_paraphrase_031,paraphrase_trec2021,explanation_request,,NCT04322422,mistralai/Mistral-7B-Instruct-v0.3,parse_fail,False,23.839,0,0,0,0,"{   ""decision"": ""cannot_determine"",   ""patient_facing_answer"": ""Based on the provided information, it is currently unclear if this clinical trial is a match for you. The trial is focused on asthma, specifically a subtype called chest tightn",broad_84,abstain,Oncology
case_paraphrase_003,paraphrase_trec2021,risk_request,,NCT00413855,mistralai/Mistral-7B-Instruct-v0.3,parse_fail,False,23.613,0,0,0,0,"{   ""decision"": ""possible_match_insufficient_evidence"",   ""patient_facing_answer"": ""The clinical trial you are considering may be a possible match, but there are some unresolved requirements and missing facts that need to be considered."",  ",broad_84,abstain,Metabolic_Endocrine
case_paraphrase_008,paraphrase_trec2021,risk_request,,NCT02855892,mistralai/Mistral-7B-Instruct-v0.3,parse_fail,False,24.43,0,0,0,0,"{   ""decision"": ""possible_match_insufficient_evidence"",   ""patient_facing_answer"": ""Based on the information provided, it seems that you might be eligible for the clinical trial, but there are some unresolved requirements and missing facts ",broad_84,abstain,Metabolic_Endocrine
case_paraphrase_022,paraphrase_trec2021,participation_request,,NCT00921609,mistralai/Mistral-7B-Instruct-v0.3,parse_fail,False,24.354,0,0,0,0,"{   ""decision"": ""possible_match_insufficient_evidence"",   ""patient_facing_answer"": ""Based on the information provided, it seems that you might be a potential candidate for this clinical trial. However, there are some missing facts and unres",broad_84,abstain,Metabolic_Endocrine
case_trec2022_009,trec2022,possible_match_insufficient_evidence,,NCT04793035,mistralai/Mistral-7B-Instruct-v0.3,parse_fail,False,24.26,0,0,0,0,"{   ""decision"": ""possible_match_insufficient_evidence"",   ""patient_facing_answer"": ""Based on the information provided, it seems that you might be a potential candidate for the clinical trial. However, there are some unresolved requirements ",broad_84,abstain,Other
case_trec2021_031,trec2021,possible_match_insufficient_evidence,NCT00002536,NCT00443313,mistralai/Mistral-7B-Instruct-v0.3,parse_fail,False,24.439,0,0,0,0,"{   ""decision"": ""possible_match_insufficient_evidence"",   ""patient_facing_answer"": ""Based on the information provided, it seems that you might be eligible for the clinical trial, but there are some unresolved requirements and missing facts ",broad_84,abstain,Oncology
case_03,handcrafted,likely_mismatch_or_unlikely_match,,NCT00865358,mistralai/Mistral-7B-Instruct-v0.3,possible_match_insufficient_evidence,True,23.977,189,2,2,0,"{   ""decision"": ""possible_match_insufficient_evidence"",   ""patient_facing_answer"": ""Based on the information provided, it seems that this study might be a potential match for you. However, there are some unresolved requirements and missing ",broad_84,abstain,MSK_Bone
case_trec2022_037,trec2022,possible_match_insufficient_evidence,,NCT01419535,mistralai/Mistral-7B-Instruct-v0.3,parse_fail,False,24.325,0,0,0,0,"{   ""decision"": ""possible_match_insufficient_evidence"",   ""patient_facing_answer"": ""Based on the information provided, it seems that you might be a potential candidate for the clinical trial. However, there are some missing facts and unreso",broad_84,abstain,Metabolic_Endocrine
case_trec2021_001,trec2021,possible_match_insufficient_evidence,NCT00002814,NCT01051557,mistralai/Mistral-7B-Instruct-v0.3,parse_fail,False,24.088,0,0,0,0,"{   ""decision"": ""possible_match_insufficient_evidence"",   ""patient_facing_answer"": ""Based on the information provided, it seems that you might be a potential candidate for the clinical trial. However, there are some unresolved requirements ",broad_84,abstain,Oncology
case_06,handcrafted,possible_match_insufficient_evidence,,NCT02984384,mistralai/Mistral-7B-Instruct-v0.3,parse_fail,False,23.524,0,0,0,0,"{   ""decision"": ""possible_match_insufficient_evidence"",   ""patient_facing_answer"": ""Based on the information provided, it seems that you might be eligible for this study, but there are some uncertainties regarding your current medication (b",broad_84,abstain,MSK_Bone
case_trec2021_015,trec2021,possible_match_insufficient_evidence,NCT00003049,NCT03358576,mistralai/Mistral-7B-Instruct-v0.3,parse_fail,False,24.616,0,0,0,0,"{   ""decision"": ""possible_match_insufficient_evidence"",   ""patient_facing_answer"": ""Based on the information provided, it seems that you might be a potential candidate for the clinical trial. However, there are some missing facts and unreso",broad_84,abstain,Oncology
case_paraphrase_028,paraphrase_trec2021,risk_request,,NCT03829631,mistralai/Mistral-7B-Instruct-v0.3,parse_fail,False,24.317,0,0,0,0,"{   ""decision"": ""possible_match_insufficient_evidence"",   ""patient_facing_answer"": ""The clinical trial you are considering may be a possible match for you, but there are some unresolved requirements and missing facts that need to be conside",broad_84,abstain,Neurology_CNS
case_paraphrase_024,paraphrase_trec2021,cannot_determine,,NCT02629549,mistralai/Mistral-7B-Instruct-v0.3,parse_fail,False,23.896,0,0,0,0,"{   ""decision"": ""possible_match_insufficient_evidence"",   ""patient_facing_answer"": ""Based on the information provided, it seems that you might be a potential candidate for the clinical trial. However, there are some missing facts and unreso",broad_84,abstain,Metabolic_Endocrine
case_trec2021_070,trec2021,possible_match_insufficient_evidence,NCT00042562,NCT00922233,mistralai/Mistral-7B-Instruct-v0.3,parse_fail,False,23.912,0,0,0,0,"{   ""decision"": ""possible_match_insufficient_evidence"",   ""patient_facing_answer"": ""Based on the information provided, it seems that you might be a potential candidate for the clinical trial. However, there are some factors that need furthe",broad_84,abstain,Neurology_CNS
case_paraphrase_004,paraphrase_trec2021,cannot_determine,,NCT03902262,mistralai/Mistral-7B-Instruct-v0.3,parse_fail,False,24.08,0,0,0,0,"{   ""decision"": ""possible_match_insufficient_evidence"",   ""patient_facing_answer"": ""Based on the information provided, it seems that you have some symptoms similar to those of the patients in the clinical trial you mentioned. However, there",broad_84,abstain,Metabolic_Endocrine
case_paraphrase_021,paraphrase_trec2021,explanation_request,,NCT00921609,mistralai/Mistral-7B-Instruct-v0.3,parse_fail,False,24.353,0,0,0,0,"{   ""decision"": ""possible_match_insufficient_evidence"",   ""patient_facing_answer"": ""The clinical trial you are considering seems to be focused on managing acromegaly, a condition characterized by excessive growth hormone secretion. Your sym",broad_84,abstain,Metabolic_Endocrine
case_trec2021_026,trec2021,possible_match_insufficient_evidence,NCT00370344,NCT04030741,mistralai/Mistral-7B-Instruct-v0.3,parse_fail,False,24.188,0,0,0,0,"{   ""decision"": ""possible_match_insufficient_evidence"",   ""patient_facing_answer"": ""Based on the information provided, it seems that you might be a potential candidate for the clinical trial. However, there are some unresolved requirements ",broad_84,abstain,Other
case_trec2022_033,trec2022,possible_match_insufficient_evidence,,NCT03985540,mistralai/Mistral-7B-Instruct-v0.3,parse_fail,False,23.471,0,0,0,0,"{   ""decision"": ""possible_match_insufficient_evidence"",   ""patient_facing_answer"": ""Based on the information provided, it seems that you might be a potential candidate for the clinical trial. However, there are some unresolved requirements ",broad_84,abstain,Cardiovascular
