case_id,source,category,gold_nct,selected_doc,backbone,decision,parse_ok,latency_sec,answer_chars,missing_facts_n,unresolved_reqs_n,cross_trial_leak_n,gen_snippet
case_paraphrase_023,paraphrase_trec2021,risk_request,,NCT02629549,Qwen/Qwen2.5-3B-Instruct,parse_fail,False,12.747,0,0,0,0,"{   ""decision"": ""possible_match_insufficient_evidence"",   ""patient_facing_answer"": ""Based on the information you provided, you seem to meet the general eligibility criteria for the study. However, there are some details we need to confirm b"
case_02,handcrafted,possible_match_insufficient_evidence,,NCT01482130,Qwen/Qwen2.5-3B-Instruct,possible_match_insufficient_evidence,True,8.397,151,3,2,0,"{   ""decision"": ""possible_match_insufficient_evidence"",   ""patient_facing_answer"": ""Based on the information you provided, you seem to meet some of the eligibility criteria for this study, but there are some details we need to confirm."",   "
case_paraphrase_002,paraphrase_trec2021,participation_request,,NCT03902262,Qwen/Qwen2.5-3B-Instruct,possible_match_insufficient_evidence,True,10.844,240,3,2,0,"{   ""decision"": ""possible_match_insufficient_evidence"",   ""patient_facing_answer"": ""Based on your medical history, you may be eligible for this clinical trial. However, we need more information to confirm your eligibility. Please provide de"
case_trec2021_035,trec2021,possible_match_insufficient_evidence,NCT00071786,NCT04698525,Qwen/Qwen2.5-3B-Instruct,parse_fail,False,12.348,0,0,0,0,"{   ""decision"": ""possible_match_insufficient_evidence"",   ""patient_facing_answer"": ""Based on the information you provided, you seem to be eligible for the clinical trial. However, we need more details to confirm your eligibility, such as yo"
case_trec2021_018,trec2021,possible_match_insufficient_evidence,NCT00159406,NCT04529369,Qwen/Qwen2.5-3B-Instruct,possible_match_insufficient_evidence,True,10.516,119,2,2,0,"{   ""decision"": ""possible_match_insufficient_evidence"",   ""patient_facing_answer"": ""Based on the information provided, you may be eligible for the clinical trial, but we need to check a few more details."",   ""supported_patient_facts"": [    "
case_paraphrase_019,paraphrase_trec2022,cannot_determine,,NCT04530149,Qwen/Qwen2.5-3B-Instruct,possible_match_insufficient_evidence,True,10.845,276,6,6,0,"{   ""decision"": ""possible_match_insufficient_evidence"",   ""patient_facing_answer"": ""Based on the information you provided, it seems like your symptoms and medical history might align with the criteria for this clinical trial, but we need mo"
case_trec2021_050,trec2021,possible_match_insufficient_evidence,NCT00026923,NCT04821167,Qwen/Qwen2.5-3B-Instruct,parse_fail,False,12.306,0,0,0,0,"{   ""decision"": ""possible_match_insufficient_evidence"",   ""patient_facing_answer"": ""Based on the information provided, your baby boy might be eligible for the clinical trial if he meets all the inclusion criteria and none of the exclusion c"
case_trec2021_042,trec2021,possible_match_insufficient_evidence,NCT00015613,NCT02411916,Qwen/Qwen2.5-3B-Instruct,possible_match_insufficient_evidence,True,9.261,183,2,2,0,"{   ""decision"": ""possible_match_insufficient_evidence"",   ""patient_facing_answer"": ""Based on the information provided, you seem to meet some eligibility criteria for the study, but there are some details we need to confirm before we can det"
case_08,handcrafted,explanation_request,,NCT01737242,Qwen/Qwen2.5-3B-Instruct,possible_match_insufficient_evidence,True,11.455,170,2,2,0,"{   ""decision"": ""possible_match_insufficient_evidence"",   ""patient_facing_answer"": ""From the information provided, it's not clear what specific parts of joining the study are still unclear. However, there are some aspects that need further "
case_paraphrase_010,paraphrase_trec2021,consent_understanding,,NCT02855892,Qwen/Qwen2.5-3B-Instruct,unlikely_match,True,11.484,342,6,1,0,"{   ""decision"": ""unlikely_match"",   ""patient_facing_answer"": ""Based on the information you provided, it seems you do not meet the eligibility criteria for this clinical trial. The trial is specifically for patients with benign prostatic hyp"
case_trec2022_014,trec2022,possible_match_insufficient_evidence,,NCT04326582,Qwen/Qwen2.5-3B-Instruct,possible_match_insufficient_evidence,True,10.535,197,3,2,0,"{   ""decision"": ""possible_match_insufficient_evidence"",   ""patient_facing_answer"": ""Based on the information provided, you seem to fit the description of a patient with polyarticular joint disease, possibly gouty arthritis, but we need more"
case_trec2022_026,trec2022,possible_match_insufficient_evidence,,NCT01847690,Qwen/Qwen2.5-3B-Instruct,possible_match_insufficient_evidence,True,11.807,118,2,2,0,"{   ""decision"": ""possible_match_insufficient_evidence"",   ""patient_facing_answer"": ""Based on the information provided, you might be eligible for the clinical trial, but we need to confirm a few details."",   ""supported_patient_facts"": [     "
case_trec2022_007,trec2022,possible_match_insufficient_evidence,,NCT04059185,Qwen/Qwen2.5-3B-Instruct,possible_match_insufficient_evidence,True,8.678,181,2,2,0,"{   ""decision"": ""possible_match_insufficient_evidence"",   ""patient_facing_answer"": ""Based on the information provided, you may not be eligible for this clinical trial as it focuses on parenting interventions rather than the specific medical"
case_paraphrase_033,paraphrase_trec2021,risk_request,,NCT01634113,Qwen/Qwen2.5-3B-Instruct,parse_fail,False,12.229,0,0,0,0,"{   ""decision"": ""possible_match_insufficient_evidence"",   ""patient_facing_answer"": ""Based on the information you provided, it seems like you might not be eligible for this specific clinical trial. The trial focuses on evaluating the safety "
case_trec2022_048,trec2022,possible_match_insufficient_evidence,,NCT03003533,Qwen/Qwen2.5-3B-Instruct,parse_fail,False,12.18,0,0,0,0,"{   ""decision"": ""possible_match_insufficient_evidence"",   ""patient_facing_answer"": ""Based on the information you provided, it seems like you might be eligible for the clinical trial. However, there are some details we need to confirm."",   """
case_trec2022_047,trec2022,possible_match_insufficient_evidence,,NCT03529955,Qwen/Qwen2.5-3B-Instruct,possible_match_insufficient_evidence,True,11.855,127,2,2,0,"{   ""decision"": ""possible_match_insufficient_evidence"",   ""patient_facing_answer"": ""Based on the information provided, you might be eligible for the clinical trial, but there are some details we need to confirm."",   ""supported_patient_facts"
case_trec2022_004,trec2022,possible_match_insufficient_evidence,,NCT00726492,Qwen/Qwen2.5-3B-Instruct,parse_fail,False,12.35,0,0,0,0,"{   ""decision"": ""possible_match_insufficient_evidence"",   ""patient_facing_answer"": ""Based on the information you provided, you seem to fit the age range and have X-ray evidence of osteoarthritis in your knees. However, we need more details "
case_paraphrase_026,paraphrase_trec2021,explanation_request,,NCT03829631,Qwen/Qwen2.5-3B-Instruct,parse_fail,False,12.39,0,0,0,0,"{   ""decision"": ""unlikely_match"",   ""patient_facing_answer"": ""It seems that your situation does not align with the clinical trial described in the provided information. The trial focuses on lumbar orthoses for low back pain, not on the cond"
case_trec2022_018,trec2022,possible_match_insufficient_evidence,,NCT02346825,Qwen/Qwen2.5-3B-Instruct,parse_fail,False,12.333,0,0,0,0,"{   ""decision"": ""possible_match_insufficient_evidence"",   ""patient_facing_answer"": ""Based on the information provided, your child might be eligible for the clinical trial, but we need more details to confirm. Please check if he meets the ag"
case_trec2022_030,trec2022,possible_match_insufficient_evidence,,NCT04146649,Qwen/Qwen2.5-3B-Instruct,possible_match_insufficient_evidence,True,11.762,212,4,3,0,"{   ""decision"": ""possible_match_insufficient_evidence"",   ""patient_facing_answer"": ""Based on the information you provided, it seems like you might be eligible for the clinical trial. However, we need more details to confirm. Please provide "
case_trec2021_056,trec2021,possible_match_insufficient_evidence,NCT00001981,NCT02952885,Qwen/Qwen2.5-3B-Instruct,parse_fail,False,12.202,0,0,0,0,"{   ""decision"": ""possible_match_insufficient_evidence"",   ""patient_facing_answer"": ""Based on the information you provided, you seem to meet some of the eligibility criteria for this study, but there are some details we need to confirm."",   "
case_trec2021_057,trec2021,possible_match_insufficient_evidence,NCT00124033,NCT04750044,Qwen/Qwen2.5-3B-Instruct,possible_match_insufficient_evidence,True,10.437,153,2,2,0,"{   ""decision"": ""possible_match_insufficient_evidence"",   ""patient_facing_answer"": ""Based on the information provided, you seem to meet some of the eligibility criteria for the clinical trial, but there are some details that are unclear."", "
case_trec2022_013,trec2022,possible_match_insufficient_evidence,,NCT02414295,Qwen/Qwen2.5-3B-Instruct,parse_fail,False,12.206,0,0,0,0,"{   ""decision"": ""possible_match_insufficient_evidence"",   ""patient_facing_answer"": ""Based on the information you provided, the patient seems to meet some key eligibility criteria for this clinical trial, such as having Klinefelter syndrome "
case_trec2021_058,trec2021,possible_match_insufficient_evidence,NCT00124722,NCT03902262,Qwen/Qwen2.5-3B-Instruct,possible_match_insufficient_evidence,True,10.316,186,2,2,0,"{   ""decision"": ""possible_match_insufficient_evidence"",   ""patient_facing_answer"": ""Based on the information you provided, it seems like you might be eligible for the clinical trial. However, there are some details we need to confirm before"
case_trec2021_009,trec2021,possible_match_insufficient_evidence,NCT00013845,NCT02899611,Qwen/Qwen2.5-3B-Instruct,possible_match_insufficient_evidence,True,11.484,225,2,2,0,"{   ""decision"": ""possible_match_insufficient_evidence"",   ""patient_facing_answer"": ""Based on the information provided, you seem to fit some criteria for the study, but we need more details to confirm your eligibility. Please provide additio"
case_paraphrase_017,paraphrase_trec2022,participation_request,,NCT04530149,Qwen/Qwen2.5-3B-Instruct,possible_match_insufficient_evidence,True,11.232,136,2,2,0,"{   ""decision"": ""possible_match_insufficient_evidence"",   ""patient_facing_answer"": ""Based on the information provided, you may be eligible for the clinical trial, but we need to confirm a few details before you can join."",   ""supported_pati"
case_09,handcrafted,participation_request,,NCT01645904,Qwen/Qwen2.5-3B-Instruct,possible_match_insufficient_evidence,True,9.966,330,2,2,0,"{   ""decision"": ""possible_match_insufficient_evidence"",   ""patient_facing_answer"": ""If you join this study, you will participate in different sessions depending on which group you are assigned to. In each session, you will fill out question"
case_trec2022_023,trec2022,possible_match_insufficient_evidence,,NCT03529955,Qwen/Qwen2.5-3B-Instruct,parse_fail,False,12.429,0,0,0,0,"{   ""decision"": ""possible_match_insufficient_evidence"",   ""patient_facing_answer"": ""Based on the information provided, you might be eligible for the clinical trial if you meet certain criteria. However, there are some details we need to con"
case_trec2021_049,trec2021,possible_match_insufficient_evidence,NCT00001253,NCT01944475,Qwen/Qwen2.5-3B-Instruct,possible_match_insufficient_evidence,True,11.391,386,2,2,0,"{   ""decision"": ""possible_match_insufficient_evidence"",   ""patient_facing_answer"": ""Based on the information you provided, your daughter does not seem to meet the eligibility criteria for this study. The study focuses on girls with prematur"
case_trec2022_006,trec2022,possible_match_insufficient_evidence,,NCT04233359,Qwen/Qwen2.5-3B-Instruct,parse_fail,False,12.213,0,0,0,0,"{   ""decision"": ""possible_match_insufficient_evidence"",   ""patient_facing_answer"": ""Based on the information provided, you seem to fit the criteria for this clinical trial, but we need more details to confirm your eligibility."",   ""supporte"
case_trec2022_021,trec2022,possible_match_insufficient_evidence,,NCT04671472,Qwen/Qwen2.5-3B-Instruct,possible_match_insufficient_evidence,True,11.661,161,4,3,0,"{   ""decision"": ""possible_match_insufficient_evidence"",   ""patient_facing_answer"": ""Based on the information provided, you seem to fit some of the eligibility criteria for this study, but we need more details to fully determine your eligibi"
case_paraphrase_035,paraphrase_trec2021,consent_understanding,,NCT04322422,Qwen/Qwen2.5-3B-Instruct,parse_fail,False,12.282,0,0,0,0,"{   ""decision"": ""possible_match_insufficient_evidence"",   ""patient_facing_answer"": ""Before you can join the clinical trial, the study team will need to check a few things with you. They'll want to make sure your symptoms and medical history"
case_trec2021_048,trec2021,possible_match_insufficient_evidence,NCT00750139,NCT02411734,Qwen/Qwen2.5-3B-Instruct,possible_match_insufficient_evidence,True,10.67,292,2,2,0,"{   ""decision"": ""possible_match_insufficient_evidence"",   ""patient_facing_answer"": ""Based on the information provided, it seems you might not be eligible for this specific clinical trial. You are a 41-year-old professional soccer player wit"
case_paraphrase_009,paraphrase_trec2021,cannot_determine,,NCT02855892,Qwen/Qwen2.5-3B-Instruct,parse_fail,False,12.493,0,0,0,0,"{   ""decision"": ""unlikely_match"",   ""patient_facing_answer"": ""Based on the information you provided, it seems you do not qualify for this clinical trial. The trial is looking for men aged 50 years and older with certain prostate conditions,"
case_11,handcrafted,risk_request,,NCT02830828,Qwen/Qwen2.5-3B-Instruct,possible_match_insufficient_evidence,True,8.512,189,2,2,0,"{   ""decision"": ""possible_match_insufficient_evidence"",   ""patient_facing_answer"": ""Participants in this study might experience some burdens such as attending three follow-up appointments, which could be considered a risk due to the inconve"
case_paraphrase_016,paraphrase_trec2022,explanation_request,,NCT03876652,Qwen/Qwen2.5-3B-Instruct,possible_match_insufficient_evidence,True,9.971,270,2,2,0,"{   ""decision"": ""possible_match_insufficient_evidence"",   ""patient_facing_answer"": ""This study is looking at how a special kind of pacemaker might help people who often faint (syncope) and whose fainting isn't helped by regular medicines. T"
case_trec2022_050,trec2022,possible_match_insufficient_evidence,,NCT01921972,Qwen/Qwen2.5-3B-Instruct,possible_match_insufficient_evidence,True,11.723,157,2,2,0,"{   ""decision"": ""possible_match_insufficient_evidence"",   ""patient_facing_answer"": ""Your situation seems to align with the eligibility criteria for this clinical trial, but we need to check a few details before confirming your participation"
case_trec2021_053,trec2021,possible_match_insufficient_evidence,NCT00395538,NCT02802449,Qwen/Qwen2.5-3B-Instruct,possible_match_insufficient_evidence,True,10.853,147,2,2,0,"{   ""decision"": ""possible_match_insufficient_evidence"",   ""patient_facing_answer"": ""Based on the information provided, you seem to meet some of the eligibility criteria for this study, but there are some details we need to confirm."",   ""sup"
case_paraphrase_018,paraphrase_trec2022,risk_request,,NCT04530149,Qwen/Qwen2.5-3B-Instruct,unlikely_match,True,9.792,0,2,2,0,"{   ""decision"": ""unlikely_match"",   ""patient_facts"": [     ""A 47-year-old man with chronic cough and dyspnea, hypertension, osteoarthritis, smoking history, and a history of asbestos exposure.""   ],   ""missing_patient_facts"": [     ""Specifi"
case_trec2021_034,trec2021,possible_match_insufficient_evidence,NCT00009659,NCT03529955,Qwen/Qwen2.5-3B-Instruct,parse_fail,False,12.504,0,0,0,0,"{   ""decision"": ""possible_match_insufficient_evidence"",   ""patient_facing_answer"": ""Based on the information you provided, you seem to fit the profile of someone who might be eligible for this clinical trial. However, there are some details"
case_trec2022_041,trec2022,possible_match_insufficient_evidence,,NCT00802698,Qwen/Qwen2.5-3B-Instruct,possible_match_insufficient_evidence,True,9.782,148,3,2,0,"{   ""decision"": ""possible_match_insufficient_evidence"",   ""patient_facing_answer"": ""Based on the information provided, you seem to fit the inclusion criteria for the study, but there are some details that need further clarification."",   ""su"
case_trec2021_028,trec2021,possible_match_insufficient_evidence,NCT00000568,NCT04342520,Qwen/Qwen2.5-3B-Instruct,parse_fail,False,12.355,0,0,0,0,"{   ""decision"": ""possible_match_insufficient_evidence"",   ""patient_facing_answer"": ""Based on the information provided, you might be eligible for the clinical trial, but we need to check a few things."",   ""supported_patient_facts"": [     ""Th"
case_paraphrase_007,paraphrase_trec2021,participation_request,,NCT02855892,Qwen/Qwen2.5-3B-Instruct,parse_fail,False,12.524,0,0,0,0,"{   ""decision"": ""unlikely_match"",   ""patient_facing_answer"": ""Based on the information provided, you do not meet the eligibility criteria for this clinical trial. You are a 24-year-old man with type 1 diabetes, and the trial is specifically"
case_07,handcrafted,explanation_request,,NCT04660656,Qwen/Qwen2.5-3B-Instruct,likely_match,True,9.411,213,2,2,0,"{   ""decision"": ""likely_match"",   ""patient_facing_answer"": ""This study is looking at whether a special test called the 5R-STS can help predict how well back surgeries work. It's for people with certain types of back problems like hernias or"
case_trec2021_019,trec2021,possible_match_insufficient_evidence,NCT00000531,NCT00487279,Qwen/Qwen2.5-3B-Instruct,parse_fail,False,12.484,0,0,0,0,"{   ""decision"": ""possible_match_insufficient_evidence"",   ""patient_facing_answer"": ""Based on the information provided, it seems you might be eligible for the clinical trial, but we need more details to confirm. Please check with your health"
case_trec2022_012,trec2022,possible_match_insufficient_evidence,,NCT00188890,Qwen/Qwen2.5-3B-Instruct,possible_match_insufficient_evidence,True,11.373,483,2,2,0,"{   ""decision"": ""possible_match_insufficient_evidence"",   ""patient_facing_answer"": ""Based on the information provided, you seem to meet some of the eligibility criteria for the study, but we need more details to confirm your eligibility. Yo"
case_15,handcrafted,cannot_determine,,NCT00738998,Qwen/Qwen2.5-3B-Instruct,possible_match_insufficient_evidence,True,8.672,165,2,2,0,"{   ""decision"": ""possible_match_insufficient_evidence"",   ""patient_facing_answer"": ""Based on the information provided, you seem to fit the age requirement, but we need more details about your bone problems to determine if you qualify for th"
case_paraphrase_012,paraphrase_trec2022,participation_request,,NCT01207765,Qwen/Qwen2.5-3B-Instruct,parse_fail,False,12.344,0,0,0,0,"{   ""decision"": ""unlikely_match"",   ""patient_facing_answer"": ""Based on the information provided, it does not seem like you would qualify for this specific clinical trial. The trial is for patients with multiple myeloma who have an incomplet"
case_10,handcrafted,participation_request,,NCT02432339,Qwen/Qwen2.5-3B-Instruct,likely_match,True,9.347,167,2,2,0,"{   ""decision"": ""likely_match"",   ""patient_facing_answer"": ""The study is expected to take about 3 weeks, including a screening visit that lasts about 90 minutes, followed by two testing weeks, each lasting approximately 3 days."",   ""support"
case_trec2022_008,trec2022,possible_match_insufficient_evidence,,NCT03197922,Qwen/Qwen2.5-3B-Instruct,possible_match_insufficient_evidence,True,11.792,0,3,7,0,"{   ""decision"": ""possible_match_insufficient_evidence"",   ""patient_facts"": [""The patient is a 7-month-old boy"", ""He has had constipation and discomfort with bowel movements since birth"", ""His symptoms worsened after eating semi-solid foods"""
case_paraphrase_025,paraphrase_trec2021,consent_understanding,,NCT02629549,Qwen/Qwen2.5-3B-Instruct,parse_fail,False,12.353,0,0,0,0,"{   ""decision"": ""possible_match_insufficient_evidence"",   ""patient_facing_answer"": ""Before you can join the clinical trial, the study team will need to confirm several things with you. They will want to make sure your condition matches what"
case_paraphrase_006,paraphrase_trec2021,explanation_request,,NCT02855892,Qwen/Qwen2.5-3B-Instruct,unlikely_match,True,10.723,197,2,2,0,"{   ""decision"": ""unlikely_match"",   ""patient_facing_answer"": ""The clinical trial you're interested in is for a medication to treat benign prostatic hyperplasia, which affects the prostate gland. It's not related to your current situation wi"
case_trec2022_032,trec2022,possible_match_insufficient_evidence,,NCT03570359,Qwen/Qwen2.5-3B-Instruct,possible_match_insufficient_evidence,True,9.271,138,2,2,0,"{   ""decision"": ""possible_match_insufficient_evidence"",   ""patient_facing_answer"": ""Based on the information provided, you may be eligible for the clinical trial, but there are some details that need further clarification."",   ""supported_pa"
case_trec2022_024,trec2022,possible_match_insufficient_evidence,,NCT00135811,Qwen/Qwen2.5-3B-Instruct,possible_match_insufficient_evidence,True,9.727,279,4,4,0,"{   ""decision"": ""possible_match_insufficient_evidence"",   ""patient_facing_answer"": ""Based on the information provided, it seems you might not be eligible for this clinical trial. You need to meet specific criteria like being between the age"
case_paraphrase_034,paraphrase_trec2021,cannot_determine,,NCT01634113,Qwen/Qwen2.5-3B-Instruct,possible_match_insufficient_evidence,True,11.483,336,2,1,0,"{   ""decision"": ""possible_match_insufficient_evidence"",   ""patient_facing_answer"": ""Based on the information you provided, it seems like your case might not fit the criteria for this specific clinical trial. However, we need more details to"
case_trec2021_047,trec2021,possible_match_insufficient_evidence,NCT00004727,NCT02651272,Qwen/Qwen2.5-3B-Instruct,possible_match_insufficient_evidence,True,11.619,330,3,2,0,"{   ""decision"": ""possible_match_insufficient_evidence"",   ""patient_facing_answer"": ""Based on the information provided, you do not seem to meet the eligibility criteria for this clinical trial. The trial is specifically designed for patients"
case_trec2021_061,trec2021,possible_match_insufficient_evidence,NCT00005635,NCT02750826,Qwen/Qwen2.5-3B-Instruct,possible_match_insufficient_evidence,True,11.442,176,2,2,0,"{   ""decision"": ""possible_match_insufficient_evidence"",   ""patient_facing_answer"": ""Based on the information you provided, you seem to fit the general profile of the study participants, but we need to check a few details before we can confi"
case_trec2022_016,trec2022,possible_match_insufficient_evidence,,NCT04480190,Qwen/Qwen2.5-3B-Instruct,possible_match_insufficient_evidence,True,11.502,198,6,3,0,"{   ""decision"": ""possible_match_insufficient_evidence"",   ""patient_facing_answer"": ""Based on the information provided, it seems you may not be eligible for this clinical trial. You need to meet specific medical criteria and conditions that "
case_trec2021_073,trec2021,possible_match_insufficient_evidence,NCT00966719,NCT02471573,Qwen/Qwen2.5-3B-Instruct,possible_match_insufficient_evidence,True,11.267,293,1,1,0,"{   ""decision"": ""possible_match_insufficient_evidence"",   ""patient_facing_answer"": ""Based on the information provided, you do not seem to meet the eligibility criteria for this clinical trial. You are a 3-day-old female infant with neonatal"
case_trec2022_027,trec2022,possible_match_insufficient_evidence,,NCT01518192,Qwen/Qwen2.5-3B-Instruct,possible_match_insufficient_evidence,True,9.638,152,2,2,0,"{   ""decision"": ""possible_match_insufficient_evidence"",   ""patient_facing_answer"": ""Based on the information you provided, it seems you might be eligible for the clinical trial. However, there are some details that need to be confirmed."",  "
case_trec2021_013,trec2021,possible_match_insufficient_evidence,NCT00005985,NCT02591901,Qwen/Qwen2.5-3B-Instruct,parse_fail,False,12.502,0,0,0,0,"{   ""decision"": ""possible_match_insufficient_evidence"",   ""patient_facing_answer"": ""Based on the information provided, you seem to fit the eligibility criteria for this study, but we need more details to confirm your suitability."",   ""suppo"
case_trec2022_020,trec2022,possible_match_insufficient_evidence,,NCT03835351,Qwen/Qwen2.5-3B-Instruct,possible_match_insufficient_evidence,True,9.767,117,2,1,0,"{   ""decision"": ""possible_match_insufficient_evidence"",   ""patient_facing_answer"": ""Based on the information provided, you might be eligible for the clinical trial, but we need more details to confirm."",   ""supported_patient_facts"": [     """
case_paraphrase_032,paraphrase_trec2021,participation_request,,NCT01634113,Qwen/Qwen2.5-3B-Instruct,possible_match_insufficient_evidence,True,12.339,312,3,2,0,"{   ""decision"": ""possible_match_insufficient_evidence"",   ""patient_facing_answer"": ""Based on the information you provided, it seems like you might not be eligible for this specific clinical trial. The trial focuses on evaluating the safety "
case_paraphrase_027,paraphrase_trec2021,participation_request,,NCT03829631,Qwen/Qwen2.5-3B-Instruct,unlikely_match,True,9.958,197,1,1,0,"{   ""decision"": ""unlikely_match"",   ""patient_facing_answer"": ""Based on the information provided, you do not seem to be eligible for this clinical trial. The trial focuses on lumbar orthoses for low back pain, which does not align with your "
case_paraphrase_001,paraphrase_trec2021,explanation_request,,NCT00413855,Qwen/Qwen2.5-3B-Instruct,parse_fail,False,12.286,0,0,0,0,"{   ""decision"": ""possible_match_insufficient_evidence"",   ""patient_facing_answer"": ""This study seems to focus on treating chronic or recurrent abdominal pain, but it doesn't seem to match your case. Your symptoms sound like Wilson disease, "
case_trec2022_003,trec2022,possible_match_insufficient_evidence,,NCT00689182,Qwen/Qwen2.5-3B-Instruct,parse_fail,False,12.495,0,0,0,0,"{   ""decision"": ""possible_match_insufficient_evidence"",   ""patient_facing_answer"": ""Based on the information provided, you seem to fit the profile of someone who might be eligible for this clinical trial. You have hemochromatosis, which is "
case_paraphrase_031,paraphrase_trec2021,explanation_request,,NCT04322422,Qwen/Qwen2.5-3B-Instruct,unlikely_match,True,10.431,274,2,1,0,"{   ""decision"": ""unlikely_match"",   ""patient_facing_answer"": ""It seems like your situation does not align with the eligibility criteria for the clinical trial described. The trial focuses on patients with chest tightness due to asthma, whil"
case_paraphrase_003,paraphrase_trec2021,risk_request,,NCT00413855,Qwen/Qwen2.5-3B-Instruct,unlikely_match,True,8.805,304,3,2,0,"{   ""decision"": ""unlikely_match"",   ""patient_facing_answer"": ""Based on the information provided, you do not seem to meet the eligibility criteria for this clinical trial. The trial focuses on patients with chronic or recurrent right lower a"
case_paraphrase_008,paraphrase_trec2021,risk_request,,NCT02855892,Qwen/Qwen2.5-3B-Instruct,parse_fail,False,12.541,0,0,0,0,"{   ""decision"": ""unlikely_match"",   ""patient_facing_answer"": ""Based on the information provided, you do not seem to meet the eligibility criteria for this clinical trial. The trial is focused on patients with benign prostatic hyperplasia, w"
case_paraphrase_022,paraphrase_trec2021,participation_request,,NCT00921609,Qwen/Qwen2.5-3B-Instruct,parse_fail,False,12.497,0,0,0,0,"{   ""decision"": ""possible_match_insufficient_evidence"",   ""patient_facing_answer"": ""If you decide to join the clinical trial, you will need to provide blood samples, undergo imaging tests like an MRI, and possibly have a glucose tolerance t"
case_trec2022_009,trec2022,possible_match_insufficient_evidence,,NCT04793035,Qwen/Qwen2.5-3B-Instruct,parse_fail,False,12.48,0,0,0,0,"{   ""decision"": ""possible_match_insufficient_evidence"",   ""patient_facing_answer"": ""Based on the information provided, you might be eligible for the clinical trial, but we need to check a few things."",   ""supported_patient_facts"": [     ""Yo"
case_trec2021_031,trec2021,possible_match_insufficient_evidence,NCT00002536,NCT00443313,Qwen/Qwen2.5-3B-Instruct,possible_match_insufficient_evidence,True,9.339,129,2,2,0,"{   ""decision"": ""possible_match_insufficient_evidence"",   ""patient_facing_answer"": ""Based on the information provided, you seem to fit the general eligibility criteria for this study, but some details are unclear."",   ""supported_patient_fac"
case_03,handcrafted,likely_mismatch_or_unlikely_match,,NCT00865358,Qwen/Qwen2.5-3B-Instruct,possible_match_insufficient_evidence,True,9.837,0,2,3,0,"{   ""decision"": ""possible_match_insufficient_evidence"",   ""patient_facts"": [""42-year-old man"", ""back pain lasting >12 weeks"", ""average pain level in the previous week of 4 or more on a scale of 0 to 10"", ""English-speaking minority adult""], "
case_trec2022_037,trec2022,possible_match_insufficient_evidence,,NCT01419535,Qwen/Qwen2.5-3B-Instruct,parse_fail,False,12.488,0,0,0,0,"{   ""decision"": ""possible_match_insufficient_evidence"",   ""patient_facing_answer"": ""Based on the information provided, you seem to fit some of the eligibility criteria for the clinical trial, but we need more details to fully determine your"
case_trec2021_001,trec2021,possible_match_insufficient_evidence,NCT00002814,NCT01051557,Qwen/Qwen2.5-3B-Instruct,parse_fail,False,12.427,0,0,0,0,"{   ""decision"": ""possible_match_insufficient_evidence"",   ""patient_facing_answer"": ""Based on the information provided, it seems you might not be eligible for this clinical trial. The trial focuses on temsirolimus and perifosine in patients "
case_06,handcrafted,possible_match_insufficient_evidence,,NCT02984384,Qwen/Qwen2.5-3B-Instruct,possible_match_insufficient_evidence,True,7.974,198,2,2,0,"{   ""decision"": ""possible_match_insufficient_evidence"",   ""patient_facing_answer"": ""Based on the information provided, you seem to meet the age and fracture requirements. However, we need to check if you're taking long-term blood thinners. "
case_trec2021_015,trec2021,possible_match_insufficient_evidence,NCT00003049,NCT03358576,Qwen/Qwen2.5-3B-Instruct,possible_match_insufficient_evidence,True,10.567,156,2,2,0,"{   ""decision"": ""possible_match_insufficient_evidence"",   ""patient_facing_answer"": ""Based on the information you provided, you seem to meet some eligibility criteria for the study, but we need more details to confirm your eligibility fully."
case_paraphrase_028,paraphrase_trec2021,risk_request,,NCT03829631,Qwen/Qwen2.5-3B-Instruct,unlikely_match,True,11.442,261,4,2,0,"{   ""decision"": ""unlikely_match"",   ""patient_facing_answer"": ""Based on the information provided, you are not eligible for this clinical trial. The study focuses on lumbar orthoses for low back pain, which does not align with your condition "
case_paraphrase_024,paraphrase_trec2021,cannot_determine,,NCT02629549,Qwen/Qwen2.5-3B-Instruct,possible_match_insufficient_evidence,True,12.323,567,3,3,0,"{   ""decision"": ""possible_match_insufficient_evidence"",   ""patient_facing_answer"": ""Based on the information you provided, you seem to meet some of the eligibility criteria for the clinical trial, but there are some details we need to confi"
case_trec2021_070,trec2021,possible_match_insufficient_evidence,NCT00042562,NCT00922233,Qwen/Qwen2.5-3B-Instruct,possible_match_insufficient_evidence,True,9.852,182,2,2,0,"{   ""decision"": ""possible_match_insufficient_evidence"",   ""patient_facing_answer"": ""Based on the information you provided, it seems like you might not be eligible for this specific clinical trial. You can check with the study coordinator to"
case_paraphrase_004,paraphrase_trec2021,cannot_determine,,NCT03902262,Qwen/Qwen2.5-3B-Instruct,parse_fail,False,12.408,0,0,0,0,"{   ""decision"": ""possible_match_insufficient_evidence"",   ""patient_facing_answer"": ""Based on the information you provided, it seems like your symptoms might be related to a condition called Wilson's disease. However, we need more informatio"
case_paraphrase_021,paraphrase_trec2021,explanation_request,,NCT00921609,Qwen/Qwen2.5-3B-Instruct,parse_fail,False,12.496,0,0,0,0,"{   ""decision"": ""possible_match_insufficient_evidence"",   ""patient_facing_answer"": ""This study is focused on treating acromegaly, a condition where the pituitary gland produces too much growth hormone. Your case involves elevated testostero"
case_trec2021_026,trec2021,possible_match_insufficient_evidence,NCT00370344,NCT04030741,Qwen/Qwen2.5-3B-Instruct,possible_match_insufficient_evidence,True,10.651,378,2,2,0,"{   ""decision"": ""possible_match_insufficient_evidence"",   ""patient_facing_answer"": ""Based on the information provided, you do not seem to meet the eligibility criteria for this clinical trial. You have abdominal pain, nausea, and vomiting, "
case_trec2022_033,trec2022,possible_match_insufficient_evidence,,NCT03985540,Qwen/Qwen2.5-3B-Instruct,unlikely_match,True,7.754,311,2,0,0,"{   ""decision"": ""unlikely_match"",   ""patient_facing_answer"": ""Based on the information provided, you do not seem to be eligible for this clinical trial. You mentioned having Marfan syndrome, but the eligibility criteria specifically state t"
case_paraphrase_023,paraphrase_trec2021,risk_request,,NCT02629549,Qwen/Qwen2.5-7B-Instruct,possible_match_insufficient_evidence,True,25.31,172,4,4,0,"{   ""decision"": ""possible_match_insufficient_evidence"",   ""patient_facing_answer"": ""Based on the information you provided, you may be eligible for the clinical trial, but there are some unresolved requirements and missing details that need "
case_02,handcrafted,possible_match_insufficient_evidence,,NCT01482130,Qwen/Qwen2.5-7B-Instruct,possible_match_insufficient_evidence,True,13.63,146,1,1,0,"{   ""decision"": ""possible_match_insufficient_evidence"",   ""patient_facing_answer"": ""Based on the information you've provided, you may be eligible for the study, but there are some unresolved requirements that need to be confirmed."",   ""supp"
case_paraphrase_002,paraphrase_trec2021,participation_request,,NCT03902262,Qwen/Qwen2.5-7B-Instruct,unlikely_match,True,11.073,83,0,1,0,"{   ""decision"": ""unlikely_match"",   ""patient_facing_answer"": ""Based on the information provided, you may not be eligible for this clinical trial."",   ""supported_patient_facts"": [],   ""missing_patient_facts"": [],   ""unresolved_study_requirem"
case_trec2021_035,trec2021,possible_match_insufficient_evidence,NCT00071786,NCT04698525,Qwen/Qwen2.5-7B-Instruct,parse_fail,False,26.707,0,0,0,0,"{   ""decision"": ""possible_match_insufficient_evidence"",   ""patient_facing_answer"": ""Based on the information you provided, it seems like you might be eligible for the clinical trial, but we need more details to make a final determination."","
case_trec2021_018,trec2021,possible_match_insufficient_evidence,NCT00159406,NCT04529369,Qwen/Qwen2.5-7B-Instruct,possible_match_insufficient_evidence,True,24.5,168,5,2,0,"{   ""decision"": ""possible_match_insufficient_evidence"",   ""patient_facing_answer"": ""Based on the information provided, you may be eligible for the clinical trial, but there are some unresolved requirements and missing details that need to b"
case_paraphrase_019,paraphrase_trec2022,cannot_determine,,NCT04530149,Qwen/Qwen2.5-7B-Instruct,unlikely_match,True,18.241,192,2,3,0,"{   ""decision"": ""unlikely_match"",   ""patient_facing_answer"": ""Based on the information you provided, it seems unlikely that you would qualify for this clinical trial. However, we recommend checking with your healthcare provider for a detail"
case_trec2021_050,trec2021,possible_match_insufficient_evidence,NCT00026923,NCT04821167,Qwen/Qwen2.5-7B-Instruct,possible_match_insufficient_evidence,True,26.043,138,2,2,0,"{   ""decision"": ""possible_match_insufficient_evidence"",   ""patient_facing_answer"": ""Based on the information provided, you may be eligible for the clinical trial, but further details are needed to confirm your eligibility."",   ""supported_pa"
case_trec2021_042,trec2021,possible_match_insufficient_evidence,NCT00015613,NCT02411916,Qwen/Qwen2.5-7B-Instruct,possible_match_insufficient_evidence,True,23.944,168,4,2,0,"{   ""decision"": ""possible_match_insufficient_evidence"",   ""patient_facing_answer"": ""Based on the information provided, you may be eligible for the clinical trial, but there are some unresolved requirements and missing details that need to b"
case_08,handcrafted,explanation_request,,NCT01737242,Qwen/Qwen2.5-7B-Instruct,possible_match_insufficient_evidence,True,20.102,150,2,3,0,"{   ""decision"": ""possible_match_insufficient_evidence"",   ""patient_facing_answer"": ""Some parts of joining this study are still unclear based on the available information. Please provide more details so we can clarify your eligibility."",   """
case_paraphrase_010,paraphrase_trec2021,consent_understanding,,NCT02855892,Qwen/Qwen2.5-7B-Instruct,unlikely_match,True,24.28,226,7,5,0,"{   ""decision"": ""unlikely_match"",   ""patient_facing_answer"": ""Based on the information you provided, it seems unlikely that you would be eligible for this clinical trial. However, the study team will need to review your full medical history"
case_trec2022_014,trec2022,possible_match_insufficient_evidence,,NCT04326582,Qwen/Qwen2.5-7B-Instruct,possible_match_insufficient_evidence,True,19.989,141,4,3,0,"{   ""decision"": ""possible_match_insufficient_evidence"",   ""patient_facing_answer"": ""Based on the information you've provided, you might be eligible for the clinical trial, but we need more details to confirm your eligibility."",   ""supported"
case_trec2022_026,trec2022,possible_match_insufficient_evidence,,NCT01847690,Qwen/Qwen2.5-7B-Instruct,possible_match_insufficient_evidence,True,21.748,138,2,3,0,"{   ""decision"": ""possible_match_insufficient_evidence"",   ""patient_facing_answer"": ""Based on the information provided, you may be eligible for the clinical trial, but further details are needed to confirm your eligibility."",   ""supported_pa"
case_trec2022_007,trec2022,possible_match_insufficient_evidence,,NCT04059185,Qwen/Qwen2.5-7B-Instruct,unlikely_match,True,17.824,108,2,1,0,"{   ""decision"": ""unlikely_match"",   ""patient_facing_answer"": ""Based on the information you provided, it seems unlikely that you would be eligible for this clinical trial."",   ""supported_patient_facts"": [""child's age (3 years old)"", ""short s"
case_paraphrase_033,paraphrase_trec2021,risk_request,,NCT01634113,Qwen/Qwen2.5-7B-Instruct,unlikely_match,True,16.508,256,0,0,0,"{   ""decision"": ""unlikely_match"",   ""patient_facing_answer"": ""Based on the information provided, you do not meet the eligibility criteria for this clinical trial. The trial is specifically for patients aged 1 to 5 years old with persistent "
case_trec2022_048,trec2022,possible_match_insufficient_evidence,,NCT03003533,Qwen/Qwen2.5-7B-Instruct,possible_match_insufficient_evidence,True,25.475,166,5,3,0,"{   ""decision"": ""possible_match_insufficient_evidence"",   ""patient_facing_answer"": ""Based on the information provided, you may be eligible for the clinical trial, but there are some unresolved requirements and missing facts that need to be "
case_trec2022_047,trec2022,possible_match_insufficient_evidence,,NCT03529955,Qwen/Qwen2.5-7B-Instruct,unlikely_match,True,14.443,108,2,1,0,"{   ""decision"": ""unlikely_match"",   ""patient_facing_answer"": ""Based on the information you provided, it seems unlikely that you would be eligible for this clinical trial."",   ""supported_patient_facts"": [],   ""missing_patient_facts"": [""Diagn"
case_trec2022_004,trec2022,possible_match_insufficient_evidence,,NCT00726492,Qwen/Qwen2.5-7B-Instruct,parse_fail,False,26.567,0,0,0,0,"{   ""decision"": ""possible_match_insufficient_evidence"",   ""patient_facing_answer"": ""Based on the information provided, you may be eligible for the clinical trial, but we need more details to confirm your eligibility."",   ""supported_patient_"
case_paraphrase_026,paraphrase_trec2021,explanation_request,,NCT03829631,Qwen/Qwen2.5-7B-Instruct,unlikely_match,True,12.654,180,0,0,0,"{   ""decision"": ""unlikely_match"",   ""patient_facing_answer"": ""This clinical trial is focused on people with benign low back pain presenting to the Emergency Department. Your condition does not align with the inclusion criteria for this stud"
case_trec2022_018,trec2022,possible_match_insufficient_evidence,,NCT02346825,Qwen/Qwen2.5-7B-Instruct,unlikely_match,True,15.87,110,0,2,0,"{   ""decision"": ""unlikely_match"",   ""patient_facing_answer"": ""Based on the information provided, you do not appear to meet the eligibility criteria for this clinical trial."",   ""supported_patient_facts"": [""The patient is a 2-year-old boy"", "
case_trec2022_030,trec2022,possible_match_insufficient_evidence,,NCT04146649,Qwen/Qwen2.5-7B-Instruct,possible_match_insufficient_evidence,True,25.246,132,6,1,0,"{   ""decision"": ""possible_match_insufficient_evidence"",   ""patient_facing_answer"": ""Based on the information provided, you may be eligible for the clinical trial, but we need more details to confirm your eligibility."",   ""supported_patient_"
case_trec2021_056,trec2021,possible_match_insufficient_evidence,NCT00001981,NCT02952885,Qwen/Qwen2.5-7B-Instruct,possible_match_insufficient_evidence,True,20.962,168,2,2,0,"{   ""decision"": ""possible_match_insufficient_evidence"",   ""patient_facing_answer"": ""Based on the information provided, you may be eligible for the clinical trial, but there are some unresolved requirements and missing details that need to b"
case_trec2021_057,trec2021,possible_match_insufficient_evidence,NCT00124033,NCT04750044,Qwen/Qwen2.5-7B-Instruct,unlikely_match,True,20.757,83,5,3,0,"{   ""decision"": ""unlikely_match"",   ""patient_facing_answer"": ""Based on the information provided, you may not be eligible for this clinical trial."",   ""supported_patient_facts"": [""41 years old"", ""Obese"", ""Abdominal pain and vomiting"", ""Leuko"
case_trec2022_013,trec2022,possible_match_insufficient_evidence,,NCT02414295,Qwen/Qwen2.5-7B-Instruct,likely_match_|_possible_match_insufficient_evidence,True,16.657,120,1,2,0,"{   ""decision"": ""likely_match | possible_match_insufficient_evidence"",   ""patient_facing_answer"": ""Based on the information provided, you may be eligible for the clinical trial, but further details need to be confirmed."",   ""supported_patie"
case_trec2021_058,trec2021,possible_match_insufficient_evidence,NCT00124722,NCT03902262,Qwen/Qwen2.5-7B-Instruct,unlikely_match,True,12.567,83,0,1,0,"{   ""decision"": ""unlikely_match"",   ""patient_facing_answer"": ""Based on the information provided, you may not be eligible for this clinical trial."",   ""supported_patient_facts"": [],   ""missing_patient_facts"": [],   ""unresolved_study_requirem"
case_trec2021_009,trec2021,possible_match_insufficient_evidence,NCT00013845,NCT02899611,Qwen/Qwen2.5-7B-Instruct,parse_fail,False,26.6,0,0,0,0,"{   ""decision"": ""possible_match_insufficient_evidence"",   ""patient_facing_answer"": ""Based on the information provided, you may be eligible for the clinical trial, but there are some unresolved requirements and missing facts that need to be "
case_paraphrase_017,paraphrase_trec2022,participation_request,,NCT04530149,Qwen/Qwen2.5-7B-Instruct,unlikely_match,True,17.893,108,0,2,0,"{   ""decision"": ""unlikely_match"",   ""patient_facing_answer"": ""Based on the information you provided, it seems unlikely that you would be eligible for this clinical trial."",   ""supported_patient_facts"": [],   ""missing_patient_facts"": [],   """
case_09,handcrafted,participation_request,,NCT01645904,Qwen/Qwen2.5-7B-Instruct,possible_match_insufficient_evidence,True,21.518,314,1,3,0,"{   ""decision"": ""possible_match_insufficient_evidence"",   ""patient_facing_answer"": ""If you join this study, you will be assigned to one of three groups based on when you join. You will participate in a focus group or use the My Family Garde"
case_trec2022_023,trec2022,possible_match_insufficient_evidence,,NCT03529955,Qwen/Qwen2.5-7B-Instruct,unlikely_match,True,13.881,114,0,1,0,"{   ""decision"": ""unlikely_match"",   ""patient_facing_answer"": ""Based on the information provided, you do not seem to meet the primary inclusion criteria for this clinical trial."",   ""supported_patient_facts"": [],   ""missing_patient_facts"": ["
case_trec2021_049,trec2021,possible_match_insufficient_evidence,NCT00001253,NCT01944475,Qwen/Qwen2.5-7B-Instruct,unlikely_match,True,13.254,108,0,1,0,"{   ""decision"": ""unlikely_match"",   ""patient_facing_answer"": ""Based on the information provided, you do not seem to meet the eligibility criteria for this clinical trial."",   ""supported_patient_facts"": [],   ""missing_patient_facts"": [],   """
case_trec2022_006,trec2022,possible_match_insufficient_evidence,,NCT04233359,Qwen/Qwen2.5-7B-Instruct,possible_match_insufficient_evidence,True,18.772,132,5,1,0,"{   ""decision"": ""possible_match_insufficient_evidence"",   ""patient_facing_answer"": ""Based on the information provided, you may be eligible for the clinical trial, but we need more details to confirm your eligibility."",   ""supported_patient_"
case_trec2022_021,trec2022,possible_match_insufficient_evidence,,NCT04671472,Qwen/Qwen2.5-7B-Instruct,parse_fail,False,26.465,0,0,0,0,"{   ""decision"": ""possible_match_insufficient_evidence"",   ""patient_facing_answer"": ""Based on the information provided, you may be eligible for the clinical trial, but we need more details to make a final determination."",   ""supported_patien"
case_paraphrase_035,paraphrase_trec2021,consent_understanding,,NCT04322422,Qwen/Qwen2.5-7B-Instruct,unlikely_match,True,19.038,201,2,3,0,"{   ""decision"": ""unlikely_match"",   ""patient_facing_answer"": ""Based on the information you provided, it seems unlikely that you would be eligible for this clinical trial. However, the study team will need to confirm several details before m"
case_trec2021_048,trec2021,possible_match_insufficient_evidence,NCT00750139,NCT02411734,Qwen/Qwen2.5-7B-Instruct,unlikely_match,True,12.464,103,0,1,0,"{   ""decision"": ""unlikely_match"",   ""patient_facing_answer"": ""Based on the information you provided, you do not seem to be eligible for this specific clinical trial."",   ""supported_patient_facts"": [],   ""missing_patient_facts"": [],   ""unres"
case_paraphrase_009,paraphrase_trec2021,cannot_determine,,NCT02855892,Qwen/Qwen2.5-7B-Instruct,unlikely_match,True,21.199,185,0,3,0,"{   ""decision"": ""unlikely_match"",   ""patient_facing_answer"": ""Based on the information you provided, it seems unlikely that you would qualify for this clinical trial. However, please consult with your healthcare provider for a thorough asse"
case_11,handcrafted,risk_request,,NCT02830828,Qwen/Qwen2.5-7B-Instruct,possible_match_insufficient_evidence,True,21.623,331,2,2,0,"{   ""decision"": ""possible_match_insufficient_evidence"",   ""patient_facing_answer"": ""There are some potential risks and burdens associated with participating in this study, such as the need to attend multiple follow-up appointments and the p"
case_paraphrase_016,paraphrase_trec2022,explanation_request,,NCT03876652,Qwen/Qwen2.5-7B-Instruct,unlikely_match,True,19.761,433,0,2,0,"{   ""decision"": ""unlikely_match"",   ""patient_facing_answer"": ""Based on the information provided, your medical history and current symptoms do not align with the primary inclusion criteria for the clinical trial described. The trial focuses "
case_trec2022_050,trec2022,possible_match_insufficient_evidence,,NCT01921972,Qwen/Qwen2.5-7B-Instruct,possible_match_insufficient_evidence,True,20.835,174,2,2,0,"{   ""decision"": ""possible_match_insufficient_evidence"",   ""patient_facing_answer"": ""Your situation matches some of the inclusion criteria, but there are unresolved requirements and missing information that need to be addressed before determ"
case_trec2021_053,trec2021,possible_match_insufficient_evidence,NCT00395538,NCT02802449,Qwen/Qwen2.5-7B-Instruct,possible_match_insufficient_evidence,True,21.37,153,3,2,0,"{   ""decision"": ""possible_match_insufficient_evidence"",   ""patient_facing_answer"": ""Based on the information you provided, there are some aspects that align with the study criteria, but we need more details to determine your eligibility."", "
case_paraphrase_018,paraphrase_trec2022,risk_request,,NCT04530149,Qwen/Qwen2.5-7B-Instruct,unlikely_match,True,19.032,204,0,1,0,"{   ""decision"": ""unlikely_match"",   ""patient_facing_answer"": ""Based on the information you provided, it seems unlikely that you would be eligible for this clinical trial. However, we recommend discussing your specific case with the study te"
case_trec2021_034,trec2021,possible_match_insufficient_evidence,NCT00009659,NCT03529955,Qwen/Qwen2.5-7B-Instruct,unlikely_match,True,15.909,163,3,1,0,"{   ""decision"": ""unlikely_match"",   ""patient_facing_answer"": ""Based on the information you provided, it seems unlikely that you would be eligible for this clinical trial. However, further details might change this assessment."",   ""supported"
case_trec2022_041,trec2022,possible_match_insufficient_evidence,,NCT00802698,Qwen/Qwen2.5-7B-Instruct,unlikely_match,True,15.034,114,0,0,0,"{   ""decision"": ""unlikely_match"",   ""patient_facing_answer"": ""Based on the information provided, you do not seem to meet the primary inclusion criteria for this clinical trial."",   ""supported_patient_facing_answer"": """",   ""supported_patient"
case_trec2021_028,trec2021,possible_match_insufficient_evidence,NCT00000568,NCT04342520,Qwen/Qwen2.5-7B-Instruct,unlikely_match,True,15.289,110,0,3,0,"{   ""decision"": ""unlikely_match"",   ""patient_facing_answer"": ""Based on the information provided, you do not appear to meet the eligibility criteria for this clinical trial."",   ""supported_patient_facts"": [""60-year-old male"", ""COPD diagnosis"
case_paraphrase_007,paraphrase_trec2021,participation_request,,NCT02855892,Qwen/Qwen2.5-7B-Instruct,unlikely_match,True,23.574,163,7,5,0,"{   ""decision"": ""unlikely_match"",   ""patient_facing_answer"": ""Based on the information you provided, it seems unlikely that you would be eligible for this clinical trial. However, further details might change this assessment."",   ""supported"
case_07,handcrafted,explanation_request,,NCT04660656,Qwen/Qwen2.5-7B-Instruct,possible_match_insufficient_evidence,True,19.788,344,2,2,0,"{   ""decision"": ""possible_match_insufficient_evidence"",   ""patient_facing_answer"": ""This study is about finding out if a specific test called the 5R-STS can help predict how well back surgery will work for people with certain types of back "
case_trec2021_019,trec2021,possible_match_insufficient_evidence,NCT00000531,NCT00487279,Qwen/Qwen2.5-7B-Instruct,possible_match_insufficient_evidence,True,19.088,132,2,1,0,"{   ""decision"": ""possible_match_insufficient_evidence"",   ""patient_facing_answer"": ""Based on the information provided, you may be eligible for the clinical trial, but we need more details to confirm your eligibility."",   ""supported_patient_"
case_trec2022_012,trec2022,possible_match_insufficient_evidence,,NCT00188890,Qwen/Qwen2.5-7B-Instruct,possible_match_insufficient_evidence,True,21.22,132,2,1,0,"{   ""decision"": ""possible_match_insufficient_evidence"",   ""patient_facing_answer"": ""Based on the information provided, you may be eligible for the clinical trial, but we need more details to confirm your eligibility."",   ""supported_patient_"
case_15,handcrafted,cannot_determine,,NCT00738998,Qwen/Qwen2.5-7B-Instruct,possible_match_insufficient_evidence,True,18.445,253,1,3,0,"{   ""decision"": ""possible_match_insufficient_evidence"",   ""patient_facing_answer"": ""Based on the information you provided, it seems like you might be eligible for this study, but we need more details to confirm. Please provide more informat"
case_paraphrase_012,paraphrase_trec2022,participation_request,,NCT01207765,Qwen/Qwen2.5-7B-Instruct,unlikely_match,True,13.633,127,0,1,0,"{   ""decision"": ""unlikely_match"",   ""patient_facing_answer"": ""Based on the information you provided, it does not seem like you meet the primary eligibility criteria for this clinical trial."",   ""supported_patient_facts"": [],   ""missing_pati"
case_10,handcrafted,participation_request,,NCT02432339,Qwen/Qwen2.5-7B-Instruct,possible_match_insufficient_evidence,True,24.635,261,2,2,0,"{   ""decision"": ""possible_match_insufficient_evidence"",   ""patient_facing_answer"": ""The study involves several visits and testing periods over approximately 3 weeks. You will need to attend a screening visit, followed by two testing weeks. "
case_trec2022_008,trec2022,possible_match_insufficient_evidence,,NCT03197922,Qwen/Qwen2.5-7B-Instruct,possible_match_insufficient_evidence,True,23.15,141,4,2,0,"{   ""decision"": ""possible_match_insufficient_evidence"",   ""patient_facing_answer"": ""Your situation matches some aspects of the study criteria, but there are unresolved requirements and missing facts that need to be confirmed."",   ""supported"
case_paraphrase_025,paraphrase_trec2021,consent_understanding,,NCT02629549,Qwen/Qwen2.5-7B-Instruct,possible_match_insufficient_evidence,True,22.762,155,3,3,0,"{   ""decision"": ""possible_match_insufficient_evidence"",   ""patient_facing_answer"": ""The study team will need to confirm your eligibility based on several factors including your medical history, current condition, and specific test results."""
case_paraphrase_006,paraphrase_trec2021,explanation_request,,NCT02855892,Qwen/Qwen2.5-7B-Instruct,unlikely_match,True,19.482,205,0,2,0,"{   ""decision"": ""unlikely_match"",   ""patient_facing_answer"": ""Based on the information provided, it seems unlikely that you would be eligible for this clinical trial. However, we recommend discussing your specific situation with the study t"
case_trec2022_032,trec2022,possible_match_insufficient_evidence,,NCT03570359,Qwen/Qwen2.5-7B-Instruct,unlikely_match,True,19.323,83,7,5,0,"{   ""decision"": ""unlikely_match"",   ""patient_facing_answer"": ""Based on the information provided, you may not be eligible for this clinical trial."",   ""supported_patient_facts"": [],   ""missing_patient_facts"": [""Age"", ""COPD diagnosis"", ""FEV1 "
case_trec2022_024,trec2022,possible_match_insufficient_evidence,,NCT00135811,Qwen/Qwen2.5-7B-Instruct,unlikely_match,True,19.899,106,5,1,0,"{   ""decision"": ""unlikely_match"",   ""patient_facing_answer"": ""Based on the information provided, you do not seem to meet the inclusion criteria for this clinical trial."",   ""supported_patient_facts"": [],   ""missing_patient_facts"": [""Age (wi"
case_paraphrase_034,paraphrase_trec2021,cannot_determine,,NCT01634113,Qwen/Qwen2.5-7B-Instruct,unlikely_match,True,14.466,194,0,0,0,"{   ""decision"": ""unlikely_match"",   ""patient_facing_answer"": ""Based on the information you provided, it does not seem like you would qualify for this clinical trial. However, we recommend checking with your healthcare provider for more deta"
case_trec2021_047,trec2021,possible_match_insufficient_evidence,NCT00004727,NCT02651272,Qwen/Qwen2.5-7B-Instruct,unlikely_match,True,13.897,112,0,1,0,"{   ""decision"": ""unlikely_match"",   ""patient_facing_answer"": ""Based on the information you provided, you do not appear to meet the inclusion criteria for this clinical trial."",   ""supported_patient_facts"": [],   ""missing_patient_facts"": [],"
case_trec2021_061,trec2021,possible_match_insufficient_evidence,NCT00005635,NCT02750826,Qwen/Qwen2.5-7B-Instruct,possible_match_insufficient_evidence,True,20.796,99,3,2,0,"{   ""decision"": ""possible_match_insufficient_evidence"",   ""patient_facing_answer"": ""Your situation matches some key criteria, but we need more information to confirm your eligibility."",   ""supported_patient_facts"": [     ""Postmenopausal sta"
case_trec2022_016,trec2022,possible_match_insufficient_evidence,,NCT04480190,Qwen/Qwen2.5-7B-Instruct,unlikely_match,True,13.88,108,0,1,0,"{   ""decision"": ""unlikely_match"",   ""patient_facing_answer"": ""Based on the information provided, you do not seem to meet the eligibility criteria for this clinical trial."",   ""supported_patient_facts"": [],   ""missing_patient_facts"": [],   """
case_trec2021_073,trec2021,possible_match_insufficient_evidence,NCT00966719,NCT02471573,Qwen/Qwen2.5-7B-Instruct,unlikely_match,True,15.542,110,0,1,0,"{   ""decision"": ""unlikely_match"",   ""patient_facing_answer"": ""Based on the information provided, you do not appear to meet the eligibility criteria for this clinical trial."",   ""supported_patient_facts"": [],   ""missing_patient_facts"": [],  "
case_trec2022_027,trec2022,possible_match_insufficient_evidence,,NCT01518192,Qwen/Qwen2.5-7B-Instruct,unlikely_match,True,14.739,83,0,2,0,"{   ""decision"": ""unlikely_match"",   ""patient_facing_answer"": ""Based on the information provided, you may not be eligible for this clinical trial."",   ""supported_patient_facts"": [""31-year-old woman"", ""diagnosed with Lyme disease"", ""erythema "
case_trec2021_013,trec2021,possible_match_insufficient_evidence,NCT00005985,NCT02591901,Qwen/Qwen2.5-7B-Instruct,parse_fail,False,26.585,0,0,0,0,"{   ""decision"": ""possible_match_insufficient_evidence"",   ""patient_facing_answer"": ""Based on the information you provided, you may be eligible for the clinical trial, but we need more details to confirm your eligibility."",   ""supported_pati"
case_trec2022_020,trec2022,possible_match_insufficient_evidence,,NCT03835351,Qwen/Qwen2.5-7B-Instruct,possible_match_insufficient_evidence,True,17.161,132,2,1,0,"{   ""decision"": ""possible_match_insufficient_evidence"",   ""patient_facing_answer"": ""Based on the information provided, you may be eligible for the clinical trial, but we need more details to confirm your eligibility."",   ""supported_patient_"
case_paraphrase_032,paraphrase_trec2021,participation_request,,NCT01634113,Qwen/Qwen2.5-7B-Instruct,unlikely_match,True,15.535,100,0,0,0,"{   ""decision"": ""unlikely_match"",   ""patient_facing_answer"": ""Based on the information provided, you do not meet the eligibility criteria for this clinical trial."",   ""supported_patient_facts"": [],   ""missing_patient_facts"": [],   ""unresolv"
case_paraphrase_027,paraphrase_trec2021,participation_request,,NCT03829631,Qwen/Qwen2.5-7B-Instruct,unlikely_match,True,17.313,87,2,3,0,"{   ""decision"": ""unlikely_match"",   ""patient_facing_answer"": ""Based on the information you provided, you may not be eligible for this clinical trial."",   ""supported_patient_facts"": [""62-year-old male"", ""African-American"", ""History of hypert"
case_paraphrase_001,paraphrase_trec2021,explanation_request,,NCT00413855,Qwen/Qwen2.5-7B-Instruct,unlikely_match,True,14.662,264,0,0,0,"{   ""decision"": ""unlikely_match"",   ""patient_facing_answer"": ""Based on the information provided, it seems unlikely that you would be eligible for this clinical trial. The trial focuses on patients with chronic or recurrent right lower abdom"
case_trec2022_003,trec2022,possible_match_insufficient_evidence,,NCT00689182,Qwen/Qwen2.5-7B-Instruct,possible_match_insufficient_evidence,True,21.701,149,2,2,0,"{   ""decision"": ""possible_match_insufficient_evidence"",   ""patient_facing_answer"": ""Based on the information you provided, it seems that you might be eligible for the clinical trial, but we need more details to make a final decision."",   ""s"
case_paraphrase_031,paraphrase_trec2021,explanation_request,,NCT04322422,Qwen/Qwen2.5-7B-Instruct,unlikely_match,True,17.574,506,0,0,0,"{   ""decision"": ""unlikely_match"",   ""patient_facing_answer"": ""This clinical trial is focused on understanding and treating a specific type of asthma called chest tightness variant asthma (CTVA). The trial aims to compare the effectiveness o"
case_paraphrase_003,paraphrase_trec2021,risk_request,,NCT00413855,Qwen/Qwen2.5-7B-Instruct,unlikely_match,True,21.543,172,4,4,0,"{   ""decision"": ""unlikely_match"",   ""patient_facing_answer"": ""Based on the information you provided, it seems unlikely that you would be eligible for this particular clinical trial. However, further details may change this assessment."",   """
case_paraphrase_008,paraphrase_trec2021,risk_request,,NCT02855892,Qwen/Qwen2.5-7B-Instruct,unlikely_match,True,20.712,226,1,5,0,"{   ""decision"": ""unlikely_match"",   ""patient_facing_answer"": ""Based on the information you provided, it seems unlikely that you would be eligible for this clinical trial. However, further details and a thorough assessment by the study team "
case_paraphrase_022,paraphrase_trec2021,participation_request,,NCT00921609,Qwen/Qwen2.5-7B-Instruct,possible_match_insufficient_evidence,True,20.408,141,3,2,0,"{   ""decision"": ""possible_match_insufficient_evidence"",   ""patient_facing_answer"": ""Based on the information you provided, you may be eligible for the study, but we need to confirm some details before making a final decision."",   ""supported"
case_trec2022_009,trec2022,possible_match_insufficient_evidence,,NCT04793035,Qwen/Qwen2.5-7B-Instruct,possible_match_insufficient_evidence,True,23.984,138,3,2,0,"{   ""decision"": ""possible_match_insufficient_evidence"",   ""patient_facing_answer"": ""Based on the information you provided, you might be eligible for the clinical trial, but we need more details to confirm your eligibility."",   ""supported_pa"
case_trec2021_031,trec2021,possible_match_insufficient_evidence,NCT00002536,NCT00443313,Qwen/Qwen2.5-7B-Instruct,unlikely_match,True,18.84,83,0,4,0,"{   ""decision"": ""unlikely_match"",   ""patient_facing_answer"": ""Based on the information provided, you may not be eligible for this clinical trial."",   ""supported_patient_facts"": [""37-year-old woman"", ""cervical cancer stage 1B"", ""positive for"
case_03,handcrafted,likely_mismatch_or_unlikely_match,,NCT00865358,Qwen/Qwen2.5-7B-Instruct,possible_match_insufficient_evidence,True,17.691,147,3,2,0,"{   ""decision"": ""possible_match_insufficient_evidence"",   ""patient_facing_answer"": ""Your back pain and low bone density might make you a potential candidate for the study, but there are some uncertainties that need to be clarified."",   ""sup"
case_trec2022_037,trec2022,possible_match_insufficient_evidence,,NCT01419535,Qwen/Qwen2.5-7B-Instruct,possible_match_insufficient_evidence,True,20.836,136,3,2,0,"{   ""decision"": ""possible_match_insufficient_evidence"",   ""patient_facing_answer"": ""Your situation shows some characteristics that might fit the study criteria, but we need more information to determine your eligibility."",   ""supported_pati"
case_trec2021_001,trec2021,possible_match_insufficient_evidence,NCT00002814,NCT01051557,Qwen/Qwen2.5-7B-Instruct,unlikely_match,True,15.746,108,0,2,0,"{   ""decision"": ""unlikely_match"",   ""patient_facing_answer"": ""Based on the information provided, you do not seem to meet the eligibility criteria for this clinical trial."",   ""supported_patient_facts"": [],   ""missing_patient_facts"": [],   """
case_06,handcrafted,possible_match_insufficient_evidence,,NCT02984384,Qwen/Qwen2.5-7B-Instruct,parse_fail,False,26.112,0,0,0,0,"{   ""decision"": ""possible_match_insufficient_evidence"",   ""patient_facing_answer"": ""Based on the information you provided, it seems like you might be eligible for the study, but we need to confirm a few details."",   ""supported_patient_facts"
case_trec2021_015,trec2021,possible_match_insufficient_evidence,NCT00003049,NCT03358576,Qwen/Qwen2.5-7B-Instruct,possible_match_insufficient_evidence,True,22.389,134,3,2,0,"{   ""decision"": ""possible_match_insufficient_evidence"",   ""patient_facing_answer"": ""Based on the information provided, you may be eligible for the clinical trial, but we need more details to make a final determination."",   ""supported_patien"
case_paraphrase_028,paraphrase_trec2021,risk_request,,NCT03829631,Qwen/Qwen2.5-7B-Instruct,unlikely_match,True,13.307,130,0,0,0,"{   ""decision"": ""unlikely_match"",   ""patient_facing_answer"": ""Based on the information you provided, your condition does not align with the inclusion criteria for the clinical trial described."",   ""supported_patient_facts"": [],   ""missing_p"
case_paraphrase_024,paraphrase_trec2021,cannot_determine,,NCT02629549,Qwen/Qwen2.5-7B-Instruct,parse_fail,False,26.289,0,0,0,0,"{   ""decision"": ""possible_match_insufficient_evidence"",   ""patient_facing_answer"": ""Based on the information you provided, there are some aspects that align with the eligibility criteria for the clinical trial, but there are also some unres"
case_trec2021_070,trec2021,possible_match_insufficient_evidence,NCT00042562,NCT00922233,Qwen/Qwen2.5-7B-Instruct,unlikely_match,True,11.743,83,0,1,0,"{   ""decision"": ""unlikely_match"",   ""patient_facing_answer"": ""Based on the information provided, you may not be eligible for this clinical trial."",   ""supported_patient_facts"": [],   ""missing_patient_facts"": [],   ""unresolved_study_requirem"
case_paraphrase_004,paraphrase_trec2021,cannot_determine,,NCT03902262,Qwen/Qwen2.5-7B-Instruct,unlikely_match,True,12.332,117,0,0,0,"{   ""decision"": ""unlikely_match"",   ""patient_facing_answer"": ""Based on the information you provided, it does not seem that you meet the inclusion criteria for this clinical trial."",   ""supported_patient_facts"": [],   ""missing_patient_facts"""
case_paraphrase_021,paraphrase_trec2021,explanation_request,,NCT00921609,Qwen/Qwen2.5-7B-Instruct,possible_match_insufficient_evidence,True,24.097,415,2,2,0,"{   ""decision"": ""possible_match_insufficient_evidence"",   ""patient_facing_answer"": ""This study focuses on managing acromegaly, a condition where the body produces too much growth hormone. Your case involves elevated testosterone levels, acr"
case_trec2021_026,trec2021,possible_match_insufficient_evidence,NCT00370344,NCT04030741,Qwen/Qwen2.5-7B-Instruct,unlikely_match,True,12.945,110,0,1,0,"{   ""decision"": ""unlikely_match"",   ""patient_facing_answer"": ""Based on the information provided, you do not appear to meet the eligibility criteria for this clinical trial."",   ""supported_patient_facts"": [],   ""missing_patient_facts"": [],  "
case_trec2022_033,trec2022,possible_match_insufficient_evidence,,NCT03985540,Qwen/Qwen2.5-7B-Instruct,unlikely_match,True,15.845,108,0,5,0,"{   ""decision"": ""unlikely_match"",   ""patient_facing_answer"": ""Based on the information provided, you do not seem to meet the eligibility criteria for this clinical trial."",   ""supported_patient_facts"": [],   ""missing_patient_facts"": [],   """
case_paraphrase_023,paraphrase_trec2021,risk_request,,NCT02629549,meta-llama/Meta-Llama-3.1-8B-Instruct,parse_fail,False,25.107,0,0,0,0,"{   ""decision"": ""possible_match_insufficient_evidence"",   ""patient_facing_answer"": ""You may be a good candidate for this study, but we need to review some additional information before making a final decision."",   ""supported_patient_facts"":"
case_02,handcrafted,possible_match_insufficient_evidence,,NCT01482130,meta-llama/Meta-Llama-3.1-8B-Instruct,parse_fail,False,25.135,0,0,0,0,"{   ""decision"": ""possible_match_insufficient_evidence"",   ""patient_facing_answer"": ""Based on the information provided, it seems you might be a good candidate for this study, but we need to confirm a few things. We'll need to check your medi"
case_paraphrase_002,paraphrase_trec2021,participation_request,,NCT03902262,meta-llama/Meta-Llama-3.1-8B-Instruct,unlikely_match,True,25.235,270,3,2,0,"{   ""decision"": ""unlikely_match"",   ""patient_facing_answer"": ""Based on the information provided, it seems that this clinical trial may not be a good fit for you. However, we need to discuss some details to confirm. Please note that the tria"
case_trec2021_035,trec2021,possible_match_insufficient_evidence,NCT00071786,NCT04698525,meta-llama/Meta-Llama-3.1-8B-Instruct,likely_match,True,25.163,169,5,2,0,"{   ""decision"": ""likely_match"",   ""patient_facing_answer"": ""Based on the information provided, it seems that you may be a good candidate for the clinical trial. However, a final review is still needed to confirm your eligibility."",   ""suppo"
case_trec2021_018,trec2021,possible_match_insufficient_evidence,NCT00159406,NCT04529369,meta-llama/Meta-Llama-3.1-8B-Instruct,possible_match_insufficient_evidence,True,21.076,283,3,2,0,"{   ""decision"": ""possible_match_insufficient_evidence"",   ""patient_facing_answer"": ""Based on the information provided, it seems that you may be a good candidate for this clinical trial, but we need more information to confirm. Please provid"
case_paraphrase_019,paraphrase_trec2022,cannot_determine,,NCT04530149,meta-llama/Meta-Llama-3.1-8B-Instruct,unlikely_match,True,22.921,235,4,2,0,"{   ""decision"": ""unlikely_match"",   ""patient_facing_answer"": ""Based on the information provided, it seems that this clinical trial may not be a good fit for you. However, it's always best to consult with a healthcare professional to determi"
case_trec2021_050,trec2021,possible_match_insufficient_evidence,NCT00026923,NCT04821167,meta-llama/Meta-Llama-3.1-8B-Instruct,parse_fail,False,25.345,0,0,0,0,"{   ""decision"": ""possible_match_insufficient_evidence"",   ""patient_facing_answer"": ""Based on the information provided, it seems that you might be eligible for the clinical trial, but we need more information to confirm. Please provide the f"
case_trec2021_042,trec2021,possible_match_insufficient_evidence,NCT00015613,NCT02411916,meta-llama/Meta-Llama-3.1-8B-Instruct,parse_fail,False,25.636,0,0,0,0,"{   ""decision"": ""possible_match_insufficient_evidence"",   ""patient_facing_answer"": ""We need more information to determine if you are eligible for this clinical trial. Please provide the following: your current blood pressure reading, your m"
case_08,handcrafted,explanation_request,,NCT01737242,meta-llama/Meta-Llama-3.1-8B-Instruct,possible_match_insufficient_evidence,True,24.328,203,3,2,0,"{   ""decision"": ""possible_match_insufficient_evidence"",   ""patient_facing_answer"": ""We need more information to determine if you are eligible for this study. Please provide the following: age, family history of prostate cancer, and whether "
case_paraphrase_010,paraphrase_trec2021,consent_understanding,,NCT02855892,meta-llama/Meta-Llama-3.1-8B-Instruct,parse_fail,False,25.563,0,0,0,0,"{   ""decision"": ""unlikely_match"",   ""patient_facing_answer"": ""Based on the information provided, it seems that you may not be eligible for this clinical trial. However, we need to confirm a few details before making a final decision."",   ""s"
case_trec2022_014,trec2022,possible_match_insufficient_evidence,,NCT04326582,meta-llama/Meta-Llama-3.1-8B-Instruct,parse_fail,False,25.467,0,0,0,0,"{   ""decision"": ""possible_match_insufficient_evidence"",   ""patient_facing_answer"": ""Based on the information provided, it seems that you may be eligible for the clinical trial, but we need more information to confirm. Please provide the fol"
case_trec2022_026,trec2022,possible_match_insufficient_evidence,,NCT01847690,meta-llama/Meta-Llama-3.1-8B-Instruct,possible_match_insufficient_evidence,True,23.97,86,3,4,0,"{   ""decision"": ""possible_match_insufficient_evidence"",   ""patient_facing_answer"": ""You may be eligible for this study, but we need more information about your situation."",   ""supported_patient_facts"": [     ""You are a 33-year-old woman"",  "
case_trec2022_007,trec2022,possible_match_insufficient_evidence,,NCT04059185,meta-llama/Meta-Llama-3.1-8B-Instruct,parse_fail,False,25.46,0,0,0,0,"{   ""decision"": ""possible_match_insufficient_evidence"",   ""patient_facing_answer"": ""Based on the information provided, it seems that you might be eligible for the study, but we need more information about your situation to be sure. We would"
case_paraphrase_033,paraphrase_trec2021,risk_request,,NCT01634113,meta-llama/Meta-Llama-3.1-8B-Instruct,unlikely_match,True,21.565,386,3,3,0,"{   ""decision"": ""unlikely_match"",   ""patient_facing_answer"": ""Based on the provided information, it appears that you may not be a good match for this clinical trial. The trial is focused on children aged 1 to 5 years with persistent asthma,"
case_trec2022_048,trec2022,possible_match_insufficient_evidence,,NCT03003533,meta-llama/Meta-Llama-3.1-8B-Instruct,parse_fail,False,24.81,0,0,0,0,"{   ""decision"": ""possible_match_insufficient_evidence"",   ""patient_facing_answer"": ""Based on the information provided, it seems you may be eligible for the clinical trial, but we need more information to confirm. Please provide your medical"
case_trec2022_047,trec2022,possible_match_insufficient_evidence,,NCT03529955,meta-llama/Meta-Llama-3.1-8B-Instruct,unlikely_match,True,24.996,578,2,2,0,"{   ""decision"": ""unlikely_match"",   ""patient_facing_answer"": ""Based on the information provided, it seems that this clinical trial may not be a good fit for you. The trial is focused on treating dermatomyositis, a condition that involves th"
case_trec2022_004,trec2022,possible_match_insufficient_evidence,,NCT00726492,meta-llama/Meta-Llama-3.1-8B-Instruct,parse_fail,False,25.337,0,0,0,0,"{   ""decision"": ""possible_match_insufficient_evidence"",   ""patient_facing_answer"": ""Based on the information provided, it seems that you may be a good candidate for this clinical trial. However, we need to confirm a few details before we ca"
case_paraphrase_026,paraphrase_trec2021,explanation_request,,NCT03829631,meta-llama/Meta-Llama-3.1-8B-Instruct,unlikely_match,True,18.189,93,2,1,0,"{   ""decision"": ""unlikely_match"",   ""patient_facing_answer"": ""This clinical trial is about low back pain and does not seem to match your current situation."",   ""supported_patient_facts"": [""You are a 62-year-old man"", ""You have a history of "
case_trec2022_018,trec2022,possible_match_insufficient_evidence,,NCT02346825,meta-llama/Meta-Llama-3.1-8B-Instruct,unlikely_match,True,25.295,252,3,2,0,"{   ""decision"": ""unlikely_match"",   ""patient_facing_answer"": ""Based on the information provided, it seems that this clinical trial is not a good match for you. The trial is focused on children with hemiparetic spastic cerebral palsy, and th"
case_trec2022_030,trec2022,possible_match_insufficient_evidence,,NCT04146649,meta-llama/Meta-Llama-3.1-8B-Instruct,parse_fail,False,25.368,0,0,0,0,"{   ""decision"": ""possible_match_insufficient_evidence"",   ""patient_facing_answer"": ""Based on the information provided, it seems you might be a good candidate for the clinical trial, but we need more information to confirm. Please provide th"
case_trec2021_056,trec2021,possible_match_insufficient_evidence,NCT00001981,NCT02952885,meta-llama/Meta-Llama-3.1-8B-Instruct,parse_fail,False,24.79,0,0,0,0,"{   ""decision"": ""possible_match_insufficient_evidence"",   ""patient_facing_answer"": ""Based on the information provided, it seems you might be eligible for the clinical trial, but we need more information to confirm. Please provide the follow"
case_trec2021_057,trec2021,possible_match_insufficient_evidence,NCT00124033,NCT04750044,meta-llama/Meta-Llama-3.1-8B-Instruct,parse_fail,False,25.354,0,0,0,0,"{   ""decision"": ""possible_match_insufficient_evidence"",   ""patient_facing_answer"": ""Based on the information provided, it seems you may be eligible for the clinical trial, but we need more information to confirm. Please provide the followin"
case_trec2022_013,trec2022,possible_match_insufficient_evidence,,NCT02414295,meta-llama/Meta-Llama-3.1-8B-Instruct,likely_match,True,21.972,156,2,2,0,"{   ""decision"": ""likely_match"",   ""patient_facing_answer"": ""Based on the information provided, you may be a good candidate for this clinical trial. However, a final review is still needed to confirm your eligibility."",   ""supported_patient_"
case_trec2021_058,trec2021,possible_match_insufficient_evidence,NCT00124722,NCT03902262,meta-llama/Meta-Llama-3.1-8B-Instruct,parse_fail,False,25.178,0,0,0,0,"{   ""decision"": ""possible_match_insufficient_evidence"",   ""patient_facing_answer"": ""Based on the information provided, it seems that you may be eligible for the clinical trial, but we need more information to confirm. Please provide the fol"
case_trec2021_009,trec2021,possible_match_insufficient_evidence,NCT00013845,NCT02899611,meta-llama/Meta-Llama-3.1-8B-Instruct,parse_fail,False,25.482,0,0,0,0,"{   ""decision"": ""possible_match_insufficient_evidence"",   ""patient_facing_answer"": ""Based on the information provided, it seems you may be a potential candidate for the clinical trial, but we need more information to confirm. Please provide"
case_paraphrase_017,paraphrase_trec2022,participation_request,,NCT04530149,meta-llama/Meta-Llama-3.1-8B-Instruct,unlikely_match,True,20.19,335,3,3,0,"{   ""decision"": ""unlikely_match"",   ""patient_facing_answer"": ""Based on the information provided, it seems that this clinical trial may not be a good fit for you. The trial is focused on patients with rib fractures, and you have a condition "
case_09,handcrafted,participation_request,,NCT01645904,meta-llama/Meta-Llama-3.1-8B-Instruct,possible_match_insufficient_evidence,True,16.474,170,3,1,0,"{   ""decision"": ""possible_match_insufficient_evidence"",   ""patient_facing_answer"": ""You may be eligible to participate in this study. To confirm, you will need to provide more information about your age, language proficiency, and genetic te"
case_trec2022_023,trec2022,possible_match_insufficient_evidence,,NCT03529955,meta-llama/Meta-Llama-3.1-8B-Instruct,unlikely_match,True,21.899,236,4,2,0,"{   ""decision"": ""unlikely_match"",   ""patient_facing_answer"": ""Based on the information provided, it seems that this clinical trial may not be a good fit for you. However, it's always best to consult with a healthcare professional to determi"
case_trec2021_049,trec2021,possible_match_insufficient_evidence,NCT00001253,NCT01944475,meta-llama/Meta-Llama-3.1-8B-Instruct,parse_fail,False,25.236,0,0,0,0,"{   ""decision"": ""possible_match_insufficient_evidence"",   ""patient_facing_answer"": ""We need more information to determine if you are eligible for this study. Please provide the following: age at diagnosis, current Tanner stage - pubic hair,"
case_trec2022_006,trec2022,possible_match_insufficient_evidence,,NCT04233359,meta-llama/Meta-Llama-3.1-8B-Instruct,parse_fail,False,24.717,0,0,0,0,"{   ""decision"": ""possible_match_insufficient_evidence"",   ""patient_facing_answer"": ""Based on the information provided, it seems you might be a good candidate for this clinical trial, but we need to review some additional details before maki"
case_trec2022_021,trec2022,possible_match_insufficient_evidence,,NCT04671472,meta-llama/Meta-Llama-3.1-8B-Instruct,parse_fail,False,25.316,0,0,0,0,"{   ""decision"": ""possible_match_insufficient_evidence"",   ""patient_facing_answer"": ""Based on the information provided, it seems like you might be a good candidate for the clinical trial, but we need more information to confirm. Please provi"
case_paraphrase_035,paraphrase_trec2021,consent_understanding,,NCT04322422,meta-llama/Meta-Llama-3.1-8B-Instruct,parse_fail,False,25.027,0,0,0,0,"{   ""decision"": ""possible_match_insufficient_evidence"",   ""patient_facing_answer"": ""We need to confirm a few more details about your health before we can determine if you're eligible for the study. We'll need to discuss your recent diagnosi"
case_trec2021_048,trec2021,possible_match_insufficient_evidence,NCT00750139,NCT02411734,meta-llama/Meta-Llama-3.1-8B-Instruct,parse_fail,False,25.444,0,0,0,0,"{   ""decision"": ""unlikely_match"",   ""patient_facing_answer"": ""Based on the information provided, it seems that you may not be eligible for this clinical trial. The trial is focused on rehabilitation for elderly individuals with impaired exe"
case_paraphrase_009,paraphrase_trec2021,cannot_determine,,NCT02855892,meta-llama/Meta-Llama-3.1-8B-Instruct,parse_fail,False,25.565,0,0,0,0,"{   ""decision"": ""unlikely_match"",   ""patient_facing_answer"": ""Based on the information provided, it seems that this clinical trial may not be a good fit for you. However, we need to review your medical history and current situation in more "
case_11,handcrafted,risk_request,,NCT02830828,meta-llama/Meta-Llama-3.1-8B-Instruct,possible_match_insufficient_evidence,True,19.675,213,2,2,0,"{   ""decision"": ""possible_match_insufficient_evidence"",   ""patient_facing_answer"": ""You may be asked to attend three subsequent follow-up appointments, and you will not know the results of your grip tests. The study may add to the time you "
case_paraphrase_016,paraphrase_trec2022,explanation_request,,NCT03876652,meta-llama/Meta-Llama-3.1-8B-Instruct,unlikely_match,True,23.09,369,2,2,0,"{   ""decision"": ""unlikely_match"",   ""patient_facing_answer"": ""This study is about a clinical trial for people who experience frequent fainting spells due to a condition called neurally mediated syncope. The study is looking at the effective"
case_trec2022_050,trec2022,possible_match_insufficient_evidence,,NCT01921972,meta-llama/Meta-Llama-3.1-8B-Instruct,possible_match_insufficient_evidence,True,24.173,291,3,2,0,"{   ""decision"": ""possible_match_insufficient_evidence"",   ""patient_facing_answer"": ""Based on the information provided, it seems that you might be eligible for the clinical trial, but we need more information to confirm. We would like to kno"
case_trec2021_053,trec2021,possible_match_insufficient_evidence,NCT00395538,NCT02802449,meta-llama/Meta-Llama-3.1-8B-Instruct,parse_fail,False,25.524,0,0,0,0,"{   ""decision"": ""possible_match_insufficient_evidence"",   ""patient_facing_answer"": ""Based on the information provided, it seems you might be eligible for the study, but we need more information to confirm. We'll need to review your blood pr"
case_paraphrase_018,paraphrase_trec2022,risk_request,,NCT04530149,meta-llama/Meta-Llama-3.1-8B-Instruct,unlikely_match,True,21.668,349,2,3,0,"{   ""decision"": ""unlikely_match"",   ""patient_facing_answer"": ""Based on the information provided, it seems that this clinical trial may not be a good fit for you. The trial is focused on patients with rib fractures, and your condition is rel"
case_trec2021_034,trec2021,possible_match_insufficient_evidence,NCT00009659,NCT03529955,meta-llama/Meta-Llama-3.1-8B-Instruct,parse_fail,False,25.559,0,0,0,0,"{   ""decision"": ""unlikely_match"",   ""patient_facing_answer"": ""Based on the information provided, it seems that this clinical trial may not be a good fit for you. The trial is focused on treating dermatomyositis, a condition that affects the"
case_trec2022_041,trec2022,possible_match_insufficient_evidence,,NCT00802698,meta-llama/Meta-Llama-3.1-8B-Instruct,parse_fail,False,24.909,0,0,0,0,"{   ""decision"": ""possible_match_insufficient_evidence"",   ""patient_facing_answer"": ""Based on the information provided, it seems that you may be a candidate for this study, but we need more information to confirm. Please note that the study "
case_trec2021_028,trec2021,possible_match_insufficient_evidence,NCT00000568,NCT04342520,meta-llama/Meta-Llama-3.1-8B-Instruct,possible_match_insufficient_evidence,True,23.928,224,3,3,0,"{   ""decision"": ""possible_match_insufficient_evidence"",   ""patient_facing_answer"": ""We need more information to determine if you are eligible for this clinical trial. Please provide the following information: Your MMSE score, whether you ha"
case_paraphrase_007,paraphrase_trec2021,participation_request,,NCT02855892,meta-llama/Meta-Llama-3.1-8B-Instruct,parse_fail,False,25.556,0,0,0,0,"{   ""decision"": ""unlikely_match"",   ""patient_facing_answer"": ""Based on the information provided, it seems that you may not be eligible for this clinical trial. However, we need to review your medical history and current condition in more de"
case_07,handcrafted,explanation_request,,NCT04660656,meta-llama/Meta-Llama-3.1-8B-Instruct,likely_match,True,20.626,195,2,2,0,"{   ""decision"": ""likely_match"",   ""patient_facing_answer"": ""This study is about understanding how well a test called the 5R-STS can predict the outcome of back surgery for people with certain back problems, such as lumbar hernias or lumbar "
case_trec2021_019,trec2021,possible_match_insufficient_evidence,NCT00000531,NCT00487279,meta-llama/Meta-Llama-3.1-8B-Instruct,possible_match_insufficient_evidence,True,22.023,229,3,2,0,"{   ""decision"": ""possible_match_insufficient_evidence"",   ""patient_facing_answer"": ""Based on the information provided, it seems that you may be a candidate for the clinical trial, but we need more information to confirm. We would like to kn"
case_trec2022_012,trec2022,possible_match_insufficient_evidence,,NCT00188890,meta-llama/Meta-Llama-3.1-8B-Instruct,parse_fail,False,25.152,0,0,0,0,"{   ""decision"": ""possible_match_insufficient_evidence"",   ""patient_facing_answer"": ""Based on the information provided, it seems that you may be eligible for this clinical trial. However, we need to confirm a few details before making a fina"
case_15,handcrafted,cannot_determine,,NCT00738998,meta-llama/Meta-Llama-3.1-8B-Instruct,parse_fail,False,25.314,0,0,0,0,"{   ""decision"": ""possible_match_insufficient_evidence"",   ""patient_facing_answer"": ""Based on what you've told me, it seems like you might be a good fit for this study, but we need to know more about your situation to be sure. We'll need to "
case_paraphrase_012,paraphrase_trec2022,participation_request,,NCT01207765,meta-llama/Meta-Llama-3.1-8B-Instruct,parse_fail,False,25.082,0,0,0,0,"{   ""decision"": ""unlikely_match"",   ""patient_facing_answer"": ""Based on the information provided, it seems that this clinical trial may not be a good fit for you. However, we need to gather more information to be sure. Please consult with yo"
case_10,handcrafted,participation_request,,NCT02432339,meta-llama/Meta-Llama-3.1-8B-Instruct,possible_match_insufficient_evidence,True,21.536,169,4,3,0,"{   ""decision"": ""possible_match_insufficient_evidence"",   ""patient_facing_answer"": ""The study will likely take around 3 weeks from start to finish, but this may vary depending on the results of your screening visit and the availability of t"
case_trec2022_008,trec2022,possible_match_insufficient_evidence,,NCT03197922,meta-llama/Meta-Llama-3.1-8B-Instruct,parse_fail,False,25.47,0,0,0,0,"{   ""decision"": ""possible_match_insufficient_evidence"",   ""patient_facing_answer"": ""Based on the information provided, it seems that your child's condition might be a good fit for this clinical trial. However, we need more information to co"
case_paraphrase_025,paraphrase_trec2021,consent_understanding,,NCT02629549,meta-llama/Meta-Llama-3.1-8B-Instruct,parse_fail,False,25.124,0,0,0,0,"{   ""decision"": ""possible_match_insufficient_evidence"",   ""patient_facing_answer"": ""We need to confirm a few more details before we can determine if you're a good fit for this study. We'll need to discuss your medical history, the results o"
case_paraphrase_006,paraphrase_trec2021,explanation_request,,NCT02855892,meta-llama/Meta-Llama-3.1-8B-Instruct,unlikely_match,True,19.287,240,3,3,0,"{   ""decision"": ""unlikely_match"",   ""patient_facing_answer"": ""This clinical trial is not a good match for you. It's designed to study a treatment for benign prostatic hyperplasia, which is a condition that affects the prostate gland. You ha"
case_trec2022_032,trec2022,possible_match_insufficient_evidence,,NCT03570359,meta-llama/Meta-Llama-3.1-8B-Instruct,parse_fail,False,25.336,0,0,0,0,"{   ""decision"": ""possible_match_insufficient_evidence"",   ""patient_facing_answer"": ""Based on the information provided, it seems that you may be eligible for the clinical trial, but we need more information to confirm. Please provide the fol"
case_trec2022_024,trec2022,possible_match_insufficient_evidence,,NCT00135811,meta-llama/Meta-Llama-3.1-8B-Instruct,parse_fail,False,25.371,0,0,0,0,"{   ""decision"": ""unlikely_match"",   ""patient_facing_answer"": ""Based on the information provided, it seems that this clinical trial may not be a good fit for you. However, we need more information to be certain. Please consult with your doct"
case_paraphrase_034,paraphrase_trec2021,cannot_determine,,NCT01634113,meta-llama/Meta-Llama-3.1-8B-Instruct,parse_fail,False,25.087,0,0,0,0,"{   ""decision"": ""unlikely_match"",   ""patient_facing_answer"": ""Based on the provided information, it seems that this clinical trial may not be a good fit for you. The trial is focused on children aged 1 to 5 years old with persistent asthma,"
case_trec2021_047,trec2021,possible_match_insufficient_evidence,NCT00004727,NCT02651272,meta-llama/Meta-Llama-3.1-8B-Instruct,unlikely_match,True,23.171,347,3,3,0,"{   ""decision"": ""unlikely_match"",   ""patient_facing_answer"": ""Based on the provided information, it's unclear if you're eligible for this clinical trial. However, it seems that the trial is focused on pulmonary hypertension in sickle cell d"
case_trec2021_061,trec2021,possible_match_insufficient_evidence,NCT00005635,NCT02750826,meta-llama/Meta-Llama-3.1-8B-Instruct,parse_fail,False,25.37,0,0,0,0,"{   ""decision"": ""possible_match_insufficient_evidence"",   ""patient_facing_answer"": ""Based on the information provided, it seems you may be eligible for this clinical trial, but we need more information to confirm. Please provide the followi"
case_trec2022_016,trec2022,possible_match_insufficient_evidence,,NCT04480190,meta-llama/Meta-Llama-3.1-8B-Instruct,parse_fail,False,25.129,0,0,0,0,"{   ""decision"": ""unlikely_match"",   ""patient_facing_answer"": ""Based on the information provided, it seems that this clinical trial may not be a good fit for you. However, we need to review your medical history and current condition in more "
case_trec2021_073,trec2021,possible_match_insufficient_evidence,NCT00966719,NCT02471573,meta-llama/Meta-Llama-3.1-8B-Instruct,unlikely_match,True,24.73,225,2,2,0,"{   ""decision"": ""unlikely_match"",   ""patient_facing_answer"": ""Based on the information provided, it seems that this clinical trial is not a good match for you. The trial is focused on in vitro fertilization (IVF) and embryo transfer, which "
case_trec2022_027,trec2022,possible_match_insufficient_evidence,,NCT01518192,meta-llama/Meta-Llama-3.1-8B-Instruct,parse_fail,False,25.022,0,0,0,0,"{   ""decision"": ""possible_match_insufficient_evidence"",   ""patient_facing_answer"": ""Based on the information provided, it seems you might be eligible for the clinical trial, but we need more information to confirm. Please provide the follow"
case_trec2021_013,trec2021,possible_match_insufficient_evidence,NCT00005985,NCT02591901,meta-llama/Meta-Llama-3.1-8B-Instruct,parse_fail,False,25.526,0,0,0,0,"{   ""decision"": ""possible_match_insufficient_evidence"",   ""patient_facing_answer"": ""Based on the information provided, it seems that you may be a good candidate for this clinical trial. However, we need to clarify a few more details before "
case_trec2022_020,trec2022,possible_match_insufficient_evidence,,NCT03835351,meta-llama/Meta-Llama-3.1-8B-Instruct,possible_match_insufficient_evidence,True,23.418,254,3,2,0,"{   ""decision"": ""possible_match_insufficient_evidence"",   ""patient_facing_answer"": ""You may be eligible for this clinical trial, but we need more information to confirm. Please answer the following questions: Are you 18 years or older? Are "
case_paraphrase_032,paraphrase_trec2021,participation_request,,NCT01634113,meta-llama/Meta-Llama-3.1-8B-Instruct,parse_fail,False,25.055,0,0,0,0,"{   ""decision"": ""unlikely_match"",   ""patient_facing_answer"": ""Based on the provided information, it seems that this clinical trial may not be a good fit for you. The trial is focused on children aged 1 to 5 years old with persistent asthma,"
case_paraphrase_027,paraphrase_trec2021,participation_request,,NCT03829631,meta-llama/Meta-Llama-3.1-8B-Instruct,unlikely_match,True,21.206,478,2,2,0,"{   ""decision"": ""unlikely_match"",   ""patient_facing_answer"": ""Based on the information provided, it seems that this clinical trial may not be a good fit for you. The trial is focused on low back pain, and your current condition involves lef"
case_paraphrase_001,paraphrase_trec2021,explanation_request,,NCT00413855,meta-llama/Meta-Llama-3.1-8B-Instruct,unlikely_match,True,18.702,225,5,2,0,"{   ""decision"": ""unlikely_match"",   ""patient_facing_answer"": ""This clinical trial is about studying the effectiveness of removing the appendix in reducing pain for people with chronic or recurrent lower abdominal quadrant pain. It's not cle"
case_trec2022_003,trec2022,possible_match_insufficient_evidence,,NCT00689182,meta-llama/Meta-Llama-3.1-8B-Instruct,parse_fail,False,25.481,0,0,0,0,"{   ""decision"": ""possible_match_insufficient_evidence"",   ""patient_facing_answer"": ""Based on the information provided, it seems that you may be a good candidate for this clinical trial, but we need to gather more information about your situ"
case_paraphrase_031,paraphrase_trec2021,explanation_request,,NCT04322422,meta-llama/Meta-Llama-3.1-8B-Instruct,unlikely_match,True,21.743,243,4,3,0,"{   ""decision"": ""unlikely_match"",   ""patient_facing_answer"": ""This clinical trial is focused on a specific type of asthma called chest tightness variant asthma (CTVA). It's not clear if this trial is relevant to your situation, which involv"
case_paraphrase_003,paraphrase_trec2021,risk_request,,NCT00413855,meta-llama/Meta-Llama-3.1-8B-Instruct,unlikely_match,True,17.104,442,2,2,0,"{   ""decision"": ""unlikely_match"",   ""patient_facing_answer"": ""Based on the provided information, it seems that this clinical trial may not be a good match for you. The trial is focused on chronic or recurrent appendicitis, which doesn't see"
case_paraphrase_008,paraphrase_trec2021,risk_request,,NCT02855892,meta-llama/Meta-Llama-3.1-8B-Instruct,parse_fail,False,25.561,0,0,0,0,"{   ""decision"": ""unlikely_match"",   ""patient_facing_answer"": ""Based on the information provided, it seems that you may not be eligible for this clinical trial. However, we need to review your medical history and current condition in more de"
case_paraphrase_022,paraphrase_trec2021,participation_request,,NCT00921609,meta-llama/Meta-Llama-3.1-8B-Instruct,possible_match_insufficient_evidence,True,22.912,184,2,2,0,"{   ""decision"": ""possible_match_insufficient_evidence"",   ""patient_facing_answer"": ""You may be a candidate for this study, but we need more information to confirm. Please provide the following: your current GH and IGF-1 levels, and the resu"
case_trec2022_009,trec2022,possible_match_insufficient_evidence,,NCT04793035,meta-llama/Meta-Llama-3.1-8B-Instruct,parse_fail,False,25.429,0,0,0,0,"{   ""decision"": ""possible_match_insufficient_evidence"",   ""patient_facing_answer"": ""You may be a potential candidate for this clinical trial, but we need more information to confirm. Please provide the following details: Your age, your symp"
case_trec2021_031,trec2021,possible_match_insufficient_evidence,NCT00002536,NCT00443313,meta-llama/Meta-Llama-3.1-8B-Instruct,parse_fail,False,25.573,0,0,0,0,"{   ""decision"": ""possible_match_insufficient_evidence"",   ""patient_facing_answer"": ""We need more information to determine if you are eligible for this clinical trial. Please provide the following: confirmation of your age, whether you are p"
case_03,handcrafted,likely_mismatch_or_unlikely_match,,NCT00865358,meta-llama/Meta-Llama-3.1-8B-Instruct,parse_fail,False,25.249,0,0,0,0,"{   ""decision"": ""possible_match_insufficient_evidence"",   ""patient_facing_answer"": ""You may be a good candidate for this study, but we need more information to confirm. Please answer the following questions: Are you between 18 and 64 years "
case_trec2022_037,trec2022,possible_match_insufficient_evidence,,NCT01419535,meta-llama/Meta-Llama-3.1-8B-Instruct,parse_fail,False,25.425,0,0,0,0,"{   ""decision"": ""possible_match_insufficient_evidence"",   ""patient_facing_answer"": ""Based on the information provided, it seems like you might be a good candidate for this clinical trial, but we need more information to confirm. Please prov"
case_trec2021_001,trec2021,possible_match_insufficient_evidence,NCT00002814,NCT01051557,meta-llama/Meta-Llama-3.1-8B-Instruct,parse_fail,False,25.286,0,0,0,0,"{   ""decision"": ""possible_match_insufficient_evidence"",   ""patient_facing_answer"": ""Based on the information provided, it seems you may be eligible for the clinical trial, but we need more information to confirm. Please provide the followin"
case_06,handcrafted,possible_match_insufficient_evidence,,NCT02984384,meta-llama/Meta-Llama-3.1-8B-Instruct,possible_match_insufficient_evidence,True,15.122,194,1,1,0,"{   ""decision"": ""possible_match_insufficient_evidence"",   ""patient_facing_answer"": ""We need more information to determine if you're eligible for this study. We know you think you meet the age and fracture requirements, but we need to know m"
case_trec2021_015,trec2021,possible_match_insufficient_evidence,NCT00003049,NCT03358576,meta-llama/Meta-Llama-3.1-8B-Instruct,parse_fail,False,25.663,0,0,0,0,"{   ""decision"": ""possible_match_insufficient_evidence"",   ""patient_facing_answer"": ""We need more information to determine your eligibility for the clinical trial. Please provide the missing information and we will review your application ag"
case_paraphrase_028,paraphrase_trec2021,risk_request,,NCT03829631,meta-llama/Meta-Llama-3.1-8B-Instruct,unlikely_match,True,20.321,128,3,3,0,"{   ""decision"": ""unlikely_match"",   ""patient_facing_answer"": ""This clinical trial is not a good match for you. The trial is for people with low back pain, and you have a different condition."",   ""supported_patient_facts"": [""62-year-old Afri"
case_paraphrase_024,paraphrase_trec2021,cannot_determine,,NCT02629549,meta-llama/Meta-Llama-3.1-8B-Instruct,parse_fail,False,25.123,0,0,0,0,"{   ""decision"": ""possible_match_insufficient_evidence"",   ""patient_facing_answer"": ""Based on the information provided, it seems you may be a good candidate for this clinical trial, but we need to gather more information about your situation"
case_trec2021_070,trec2021,possible_match_insufficient_evidence,NCT00042562,NCT00922233,meta-llama/Meta-Llama-3.1-8B-Instruct,parse_fail,False,25.166,0,0,0,0,"{   ""decision"": ""unlikely_match"",   ""patient_facing_answer"": ""Based on the information provided, it seems that this clinical trial may not be a good fit for you. However, we need to review some details to confirm. Please provide more inform"
case_paraphrase_004,paraphrase_trec2021,cannot_determine,,NCT03902262,meta-llama/Meta-Llama-3.1-8B-Instruct,unlikely_match,True,19.674,237,5,3,0,"{   ""decision"": ""unlikely_match"",   ""patient_facing_answer"": ""Based on the information provided, it seems that you may not be a good match for this clinical trial. However, it's always best to consult with a healthcare professional to deter"
case_paraphrase_021,paraphrase_trec2021,explanation_request,,NCT00921609,meta-llama/Meta-Llama-3.1-8B-Instruct,parse_fail,False,25.496,0,0,0,0,"{   ""decision"": ""likely_match"",   ""patient_facing_answer"": ""This study is about a treatment for a rare condition called acromegaly, which is caused by an overproduction of growth hormone. The goal of the study is to find a way to control th"
case_trec2021_026,trec2021,possible_match_insufficient_evidence,NCT00370344,NCT04030741,meta-llama/Meta-Llama-3.1-8B-Instruct,unlikely_match,True,20.58,323,3,2,0,"{   ""decision"": ""unlikely_match"",   ""patient_facing_answer"": ""Based on the provided information, it seems that this clinical trial may not be a good fit for you. The trial is specifically designed for children between 5 and 15 years of age,"
case_trec2022_033,trec2022,possible_match_insufficient_evidence,,NCT03985540,meta-llama/Meta-Llama-3.1-8B-Instruct,parse_fail,False,24.721,0,0,0,0,"{   ""decision"": ""unlikely_match"",   ""patient_facing_answer"": ""Based on the information provided, it seems that this clinical trial may not be a good fit for you. However, we would like to review your application further to confirm."",   ""sup"
case_paraphrase_023,paraphrase_trec2021,risk_request,,NCT02629549,mistralai/Mistral-7B-Instruct-v0.3,parse_fail,False,23.885,0,0,0,0,"{   ""decision"": ""possible_match_insufficient_evidence"",   ""patient_facing_answer"": ""This clinical trial may be relevant for your condition, but there are some unresolved factors that need to be considered. It's important to discuss these wi"
case_02,handcrafted,possible_match_insufficient_evidence,,NCT01482130,mistralai/Mistral-7B-Instruct-v0.3,possible_match_insufficient_evidence,True,23.745,332,2,2,0,"{   ""decision"": ""possible_match_insufficient_evidence"",   ""patient_facing_answer"": ""Based on the information provided, it is possible that you may qualify for the study, but we need more details about your medical history, specifically whet"
case_paraphrase_002,paraphrase_trec2021,participation_request,,NCT03902262,mistralai/Mistral-7B-Instruct-v0.3,parse_fail,False,24.07,0,0,0,0,"{   ""decision"": ""possible_match_insufficient_evidence"",   ""patient_facing_answer"": ""Based on the information provided, it seems that you might be a potential candidate for the clinical trial, but there are some unresolved requirements and m"
case_trec2021_035,trec2021,possible_match_insufficient_evidence,NCT00071786,NCT04698525,mistralai/Mistral-7B-Instruct-v0.3,parse_fail,False,24.395,0,0,0,0,"{   ""decision"": ""possible_match_insufficient_evidence"",   ""patient_facing_answer"": ""Based on the information provided, it seems that you might be a potential candidate for the clinical trial. However, there are some unresolved requirements "
case_trec2021_018,trec2021,possible_match_insufficient_evidence,NCT00159406,NCT04529369,mistralai/Mistral-7B-Instruct-v0.3,parse_fail,False,24.362,0,0,0,0,"{   ""decision"": ""possible_match_insufficient_evidence"",   ""patient_facing_answer"": ""Based on the information provided, it seems that you might be a potential candidate for the clinical trial. However, there are some unresolved requirements "
case_paraphrase_019,paraphrase_trec2022,cannot_determine,,NCT04530149,mistralai/Mistral-7B-Instruct-v0.3,parse_fail,False,24.333,0,0,0,0,"{   ""decision"": ""possible_match_insufficient_evidence"",   ""patient_facing_answer"": ""Based on the information provided, it seems that you might be a potential candidate for the clinical trial, but there are some uncertainties and missing fac"
case_trec2021_050,trec2021,possible_match_insufficient_evidence,NCT00026923,NCT04821167,mistralai/Mistral-7B-Instruct-v0.3,parse_fail,False,24.137,0,0,0,0,"{   ""decision"": ""possible_match_insufficient_evidence"",   ""patient_facing_answer"": ""Based on the information provided, it seems that you might be a potential candidate for the clinical trial. However, there are some missing facts and unreso"
case_trec2021_042,trec2021,possible_match_insufficient_evidence,NCT00015613,NCT02411916,mistralai/Mistral-7B-Instruct-v0.3,parse_fail,False,24.487,0,0,0,0,"{   ""decision"": ""possible_match_insufficient_evidence"",   ""patient_facing_answer"": ""Based on the information provided, you may be a potential candidate for the clinical trial. However, there are some unresolved requirements and missing fact"
case_08,handcrafted,explanation_request,,NCT01737242,mistralai/Mistral-7B-Instruct-v0.3,parse_fail,False,24.034,0,0,0,0,"{   ""decision"": ""possible_match_insufficient_evidence"",   ""patient_facing_answer"": ""There are some parts of this study that are still unclear based on the provided information. Here are the details:"",   ""supported_patient_facts"": [""The stud"
case_paraphrase_010,paraphrase_trec2021,consent_understanding,,NCT02855892,mistralai/Mistral-7B-Instruct-v0.3,parse_fail,False,24.431,0,0,0,0,"{   ""decision"": ""possible_match_insufficient_evidence"",   ""patient_facing_answer"": ""Based on the information provided, it seems that you might be eligible for the clinical trial, but there are some unresolved requirements and missing facts "
case_trec2022_014,trec2022,possible_match_insufficient_evidence,,NCT04326582,mistralai/Mistral-7B-Instruct-v0.3,parse_fail,False,24.346,0,0,0,0,"{   ""decision"": ""possible_match_insufficient_evidence"",   ""patient_facing_answer"": ""Based on the information provided, it seems that you might be a potential candidate for the clinical trial. However, there are some unresolved factors that "
case_trec2022_026,trec2022,possible_match_insufficient_evidence,,NCT01847690,mistralai/Mistral-7B-Instruct-v0.3,parse_fail,False,24.08,0,0,0,0,"{   ""decision"": ""possible_match_insufficient_evidence"",   ""patient_facing_answer"": ""Based on the information provided, it seems that you might be a potential candidate for the clinical trial. However, there are some unresolved requirements "
case_trec2022_007,trec2022,possible_match_insufficient_evidence,,NCT04059185,mistralai/Mistral-7B-Instruct-v0.3,parse_fail,False,24.24,0,0,0,0,"{   ""decision"": ""possible_match_insufficient_evidence"",   ""patient_facing_answer"": ""Based on the information provided, it is possible that your child may be eligible for the clinical trial, but there are some unresolved requirements and mis"
case_paraphrase_033,paraphrase_trec2021,risk_request,,NCT01634113,mistralai/Mistral-7B-Instruct-v0.3,parse_fail,False,23.859,0,0,0,0,"{   ""decision"": ""cannot_determine"",   ""patient_facing_answer"": ""Based on the information provided, it is currently unclear if this clinical trial is a match for your condition. The trial is focused on asthma in children aged 1 to 5 years ol"
case_trec2022_048,trec2022,possible_match_insufficient_evidence,,NCT03003533,mistralai/Mistral-7B-Instruct-v0.3,parse_fail,False,23.616,0,0,0,0,"{   ""decision"": ""possible_match_insufficient_evidence"",   ""patient_facing_answer"": ""Based on the information provided, you may be a potential candidate for the clinical trial. However, there are some missing and unresolved factors that need"
case_trec2022_047,trec2022,possible_match_insufficient_evidence,,NCT03529955,mistralai/Mistral-7B-Instruct-v0.3,parse_fail,False,24.371,0,0,0,0,"{   ""decision"": ""possible_match_insufficient_evidence"",   ""patient_facing_answer"": ""Based on the information provided, it seems that you might be a potential candidate for the clinical trial. However, there are some missing facts and unreso"
case_trec2022_004,trec2022,possible_match_insufficient_evidence,,NCT00726492,mistralai/Mistral-7B-Instruct-v0.3,parse_fail,False,24.158,0,0,0,0,"{   ""decision"": ""possible_match_insufficient_evidence"",   ""patient_facing_answer"": ""Based on the information provided, it seems that you might be a potential candidate for the clinical trial. However, there are some missing facts and unreso"
case_paraphrase_026,paraphrase_trec2021,explanation_request,,NCT03829631,mistralai/Mistral-7B-Instruct-v0.3,parse_fail,False,24.317,0,0,0,0,"{   ""decision"": ""possible_match_insufficient_evidence"",   ""patient_facing_answer"": ""The clinical trial you are considering is about testing the effectiveness of wearing a semi-rigid lumbar brace for 4 weeks following an emergency department"
case_trec2022_018,trec2022,possible_match_insufficient_evidence,,NCT02346825,mistralai/Mistral-7B-Instruct-v0.3,parse_fail,False,24.072,0,0,0,0,"{   ""decision"": ""possible_match_insufficient_evidence"",   ""patient_facing_answer"": ""Based on the information provided, it is possible that your child might be eligible for the clinical trial, but there are some uncertainties and missing fac"
case_trec2022_030,trec2022,possible_match_insufficient_evidence,,NCT04146649,mistralai/Mistral-7B-Instruct-v0.3,parse_fail,False,24.212,0,0,0,0,"{   ""decision"": ""possible_match_insufficient_evidence"",   ""patient_facing_answer"": ""Based on the information provided, it seems you might be a potential candidate for the clinical trial. However, there are some unresolved requirements and m"
case_trec2021_056,trec2021,possible_match_insufficient_evidence,NCT00001981,NCT02952885,mistralai/Mistral-7B-Instruct-v0.3,parse_fail,False,23.512,0,0,0,0,"{   ""decision"": ""possible_match_insufficient_evidence"",   ""patient_facing_answer"": ""Based on the information provided, you may be a potential candidate for the clinical trial. However, there are some unresolved requirements and missing fact"
case_trec2021_057,trec2021,possible_match_insufficient_evidence,NCT00124033,NCT04750044,mistralai/Mistral-7B-Instruct-v0.3,parse_fail,False,24.182,0,0,0,0,"{   ""decision"": ""possible_match_insufficient_evidence"",   ""patient_facing_answer"": ""Based on the information provided, it seems that you might be a potential candidate for the clinical trial. However, there are some unresolved requirements "
case_trec2022_013,trec2022,possible_match_insufficient_evidence,,NCT02414295,mistralai/Mistral-7B-Instruct-v0.3,parse_fail,False,23.482,0,0,0,0,"{   ""decision"": ""possible_match_insufficient_evidence"",   ""patient_facing_answer"": ""Based on the information provided, you may be a potential candidate for the clinical trial. However, there are some missing facts and unresolved requirement"
case_trec2021_058,trec2021,possible_match_insufficient_evidence,NCT00124722,NCT03902262,mistralai/Mistral-7B-Instruct-v0.3,parse_fail,False,24.034,0,0,0,0,"{   ""decision"": ""possible_match_insufficient_evidence"",   ""patient_facing_answer"": ""Based on the information provided, it seems that you might be a potential candidate for the clinical trial. However, there are some unresolved factors that "
case_trec2021_009,trec2021,possible_match_insufficient_evidence,NCT00013845,NCT02899611,mistralai/Mistral-7B-Instruct-v0.3,parse_fail,False,24.318,0,0,0,0,"{   ""decision"": ""possible_match_insufficient_evidence"",   ""patient_facing_answer"": ""Based on the information provided, it seems that you might be a potential candidate for the clinical trial. However, there are some missing facts and unreso"
case_paraphrase_017,paraphrase_trec2022,participation_request,,NCT04530149,mistralai/Mistral-7B-Instruct-v0.3,parse_fail,False,24.335,0,0,0,0,"{   ""decision"": ""possible_match_insufficient_evidence"",   ""patient_facing_answer"": ""Based on the information provided, it seems that you might be a potential candidate for the clinical trial, but there are some uncertainties and missing fac"
case_09,handcrafted,participation_request,,NCT01645904,mistralai/Mistral-7B-Instruct-v0.3,possible_match_insufficient_evidence,True,23.6,463,2,2,0,"{   ""decision"": ""possible_match_insufficient_evidence"",   ""patient_facing_answer"": ""If you join this study, you would likely be asked to participate in a focus group or use a web-based program designed to improve communication about Lynch s"
case_trec2022_023,trec2022,possible_match_insufficient_evidence,,NCT03529955,mistralai/Mistral-7B-Instruct-v0.3,parse_fail,False,24.372,0,0,0,0,"{   ""decision"": ""possible_match_insufficient_evidence"",   ""patient_facing_answer"": ""Based on the information provided, it seems that you might be a potential candidate for the clinical trial. However, there are some unresolved factors that "
case_trec2021_049,trec2021,possible_match_insufficient_evidence,NCT00001253,NCT01944475,mistralai/Mistral-7B-Instruct-v0.3,parse_fail,False,23.991,0,0,0,0,"{   ""decision"": ""possible_match_insufficient_evidence"",   ""patient_facing_answer"": ""Based on the information provided, it seems that the clinical trial you are considering might be relevant for your daughter's condition, Turner syndrome wit"
case_trec2022_006,trec2022,possible_match_insufficient_evidence,,NCT04233359,mistralai/Mistral-7B-Instruct-v0.3,parse_fail,False,23.478,0,0,0,0,"{   ""decision"": ""possible_match_insufficient_evidence"",   ""patient_facing_answer"": ""Based on the information provided, you may be a potential candidate for the clinical trial. However, there are some missing and unresolved factors that need"
case_trec2022_021,trec2022,possible_match_insufficient_evidence,,NCT04671472,mistralai/Mistral-7B-Instruct-v0.3,parse_fail,False,24.112,0,0,0,0,"{   ""decision"": ""possible_match_insufficient_evidence"",   ""patient_facing_answer"": ""Based on the information provided, it seems that you might be a potential candidate for the clinical trial. However, there are some missing facts and unreso"
case_paraphrase_035,paraphrase_trec2021,consent_understanding,,NCT04322422,mistralai/Mistral-7B-Instruct-v0.3,parse_fail,False,23.831,0,0,0,0,"{   ""decision"": ""possible_match_insufficient_evidence"",   ""patient_facing_answer"": ""Based on the information provided, it seems that you might be a potential candidate for the clinical trial. However, there are some uncertainties and missin"
case_trec2021_048,trec2021,possible_match_insufficient_evidence,NCT00750139,NCT02411734,mistralai/Mistral-7B-Instruct-v0.3,parse_fail,False,24.241,0,0,0,0,"{   ""decision"": ""possible_match_insufficient_evidence"",   ""patient_facing_answer"": ""Based on the information provided, it seems that you might be eligible for the clinical trial, but there are some unresolved requirements and missing facts "
case_paraphrase_009,paraphrase_trec2021,cannot_determine,,NCT02855892,mistralai/Mistral-7B-Instruct-v0.3,parse_fail,False,24.427,0,0,0,0,"{   ""decision"": ""possible_match_insufficient_evidence"",   ""patient_facing_answer"": ""Based on the information provided, it seems that you might be eligible for the clinical trial, but there are some unresolved requirements and missing facts "
case_11,handcrafted,risk_request,,NCT02830828,mistralai/Mistral-7B-Instruct-v0.3,parse_fail,False,24.003,0,0,0,0,"{   ""decision"": ""possible_match_insufficient_evidence"",   ""patient_facing_answer"": ""This study may involve risks and burdens for participants, such as attending multiple follow-up appointments, having precision pinch grip tests, and potenti"
case_paraphrase_016,paraphrase_trec2022,explanation_request,,NCT03876652,mistralai/Mistral-7B-Instruct-v0.3,parse_fail,False,24.079,0,0,0,0,"{   ""decision"": ""possible_match_insufficient_evidence"",   ""patient_facing_answer"": ""The clinical trial you are considering seems to focus on syncope, a condition characterized by a temporary loss of consciousness due to cerebral hypoperfusi"
case_trec2022_050,trec2022,possible_match_insufficient_evidence,,NCT01921972,mistralai/Mistral-7B-Instruct-v0.3,parse_fail,False,24.238,0,0,0,0,"{   ""decision"": ""possible_match_insufficient_evidence"",   ""patient_facing_answer"": ""Based on the information provided, it seems that you might be a potential candidate for the clinical trial. However, there are some unresolved requirements "
case_trec2021_053,trec2021,possible_match_insufficient_evidence,NCT00395538,NCT02802449,mistralai/Mistral-7B-Instruct-v0.3,parse_fail,False,24.382,0,0,0,0,"{   ""decision"": ""possible_match_insufficient_evidence"",   ""patient_facing_answer"": ""Based on the information provided, you may be a potential candidate for the clinical trial. However, there are some unresolved requirements and missing fact"
case_paraphrase_018,paraphrase_trec2022,risk_request,,NCT04530149,mistralai/Mistral-7B-Instruct-v0.3,parse_fail,False,24.323,0,0,0,0,"{   ""decision"": ""possible_match_insufficient_evidence"",   ""patient_facing_answer"": ""The clinical trial you are considering may be a possible match, but there are some unresolved requirements and missing patient facts that need to be conside"
case_trec2021_034,trec2021,possible_match_insufficient_evidence,NCT00009659,NCT03529955,mistralai/Mistral-7B-Instruct-v0.3,parse_fail,False,24.402,0,0,0,0,"{   ""decision"": ""possible_match_insufficient_evidence"",   ""patient_facing_answer"": ""Based on the information provided, it seems that you might be a potential candidate for the clinical trial. However, there are some unresolved requirements "
case_trec2022_041,trec2022,possible_match_insufficient_evidence,,NCT00802698,mistralai/Mistral-7B-Instruct-v0.3,parse_fail,False,23.729,0,0,0,0,"{   ""decision"": ""possible_match_insufficient_evidence"",   ""patient_facing_answer"": ""Based on the information provided, it seems that you might be a potential candidate for the clinical trial. However, there are some unresolved requirements "
case_trec2021_028,trec2021,possible_match_insufficient_evidence,NCT00000568,NCT04342520,mistralai/Mistral-7B-Instruct-v0.3,parse_fail,False,23.905,0,0,0,0,"{   ""decision"": ""possible_match_insufficient_evidence"",   ""patient_facing_answer"": ""Based on the information provided, it seems that you might be eligible for this clinical trial, but there are some missing facts and unresolved requirements"
case_paraphrase_007,paraphrase_trec2021,participation_request,,NCT02855892,mistralai/Mistral-7B-Instruct-v0.3,parse_fail,False,24.428,0,0,0,0,"{   ""decision"": ""possible_match_insufficient_evidence"",   ""patient_facing_answer"": ""Based on the information provided, it seems that you might be eligible for the clinical trial, but there are some missing facts and unresolved requirements "
case_07,handcrafted,explanation_request,,NCT04660656,mistralai/Mistral-7B-Instruct-v0.3,parse_fail,False,23.776,0,0,0,0,"{   ""decision"": ""possible_match_insufficient_evidence"",   ""patient_facing_answer"": ""This study is about investigating a test called the Five-repetition Sit-to-stand Test (5R-STS) in patients with lumbar hernias or 1-level lumbar canal steno"
case_trec2021_019,trec2021,possible_match_insufficient_evidence,NCT00000531,NCT00487279,mistralai/Mistral-7B-Instruct-v0.3,possible_match_insufficient_evidence,True,23.295,243,5,2,0,"{   ""decision"": ""possible_match_insufficient_evidence"",   ""patient_facing_answer"": ""Based on the information provided, it seems that you might be a potential candidate for the clinical trial. However, there are some missing facts and unreso"
case_trec2022_012,trec2022,possible_match_insufficient_evidence,,NCT00188890,mistralai/Mistral-7B-Instruct-v0.3,possible_match_insufficient_evidence,True,23.87,185,2,2,0,"{   ""decision"": ""possible_match_insufficient_evidence"",   ""patient_facing_answer"": ""Based on the information provided, you may be a potential candidate for the clinical trial. However, there are some unresolved requirements and missing fact"
case_15,handcrafted,cannot_determine,,NCT00738998,mistralai/Mistral-7B-Instruct-v0.3,possible_match_insufficient_evidence,True,22.531,509,2,2,0,"{   ""decision"": ""possible_match_insufficient_evidence"",   ""patient_facing_answer"": ""Based on the information provided, it seems that this study might be relevant for you as an older individual with bone problems. However, the study is speci"
case_paraphrase_012,paraphrase_trec2022,participation_request,,NCT01207765,mistralai/Mistral-7B-Instruct-v0.3,parse_fail,False,23.863,0,0,0,0,"{   ""decision"": ""possible_match_insufficient_evidence"",   ""patient_facing_answer"": ""Based on the information provided, it seems that you might be a potential candidate for the clinical trial. However, there are some missing facts and unreso"
case_10,handcrafted,participation_request,,NCT02432339,mistralai/Mistral-7B-Instruct-v0.3,parse_fail,False,24.111,0,0,0,0,"{   ""decision"": ""possible_match_insufficient_evidence"",   ""patient_facing_answer"": ""This study is likely to take approximately 3 weeks, including a screening visit and two testing weeks. Each testing week involves a 3-day salt-controlled di"
case_trec2022_008,trec2022,possible_match_insufficient_evidence,,NCT03197922,mistralai/Mistral-7B-Instruct-v0.3,parse_fail,False,24.271,0,0,0,0,"{   ""decision"": ""possible_match_insufficient_evidence"",   ""patient_facing_answer"": ""Based on the information provided, it seems that the patient's constipation and the medical etiology of his encopresis might align with the clinical trial's"
case_paraphrase_025,paraphrase_trec2021,consent_understanding,,NCT02629549,mistralai/Mistral-7B-Instruct-v0.3,parse_fail,False,23.895,0,0,0,0,"{   ""decision"": ""possible_match_insufficient_evidence"",   ""patient_facing_answer"": ""Based on the information provided, it seems that you might be a potential candidate for the clinical trial. However, there are some missing and unresolved f"
case_paraphrase_006,paraphrase_trec2021,explanation_request,,NCT02855892,mistralai/Mistral-7B-Instruct-v0.3,parse_fail,False,24.429,0,0,0,0,"{   ""decision"": ""possible_match_insufficient_evidence"",   ""patient_facing_answer"": ""The clinical trial you are considering is for men over 50 with benign prostatic hyperplasia (BPH). While you have type 1 diabetes and are a man, your age an"
case_trec2022_032,trec2022,possible_match_insufficient_evidence,,NCT03570359,mistralai/Mistral-7B-Instruct-v0.3,parse_fail,False,24.14,0,0,0,0,"{   ""decision"": ""possible_match_insufficient_evidence"",   ""patient_facing_answer"": ""Based on the information provided, you may be a potential candidate for the clinical trial. However, there are some unresolved requirements and missing fact"
case_trec2022_024,trec2022,possible_match_insufficient_evidence,,NCT00135811,mistralai/Mistral-7B-Instruct-v0.3,possible_match_insufficient_evidence,True,22.595,245,1,3,0,"{   ""decision"": ""possible_match_insufficient_evidence"",   ""patient_facing_answer"": ""Based on the information provided, it seems that the 4-year-old boy with oculocutaneous albinism might be a potential candidate for the clinical trial. Howe"
case_paraphrase_034,paraphrase_trec2021,cannot_determine,,NCT01634113,mistralai/Mistral-7B-Instruct-v0.3,parse_fail,False,23.862,0,0,0,0,"{   ""decision"": ""cannot_determine"",   ""patient_facing_answer"": ""Based on the information provided, it is difficult to determine if you would be a suitable candidate for this clinical trial. The trial is focused on children aged 1 to 5 years"
case_trec2021_047,trec2021,possible_match_insufficient_evidence,NCT00004727,NCT02651272,mistralai/Mistral-7B-Instruct-v0.3,parse_fail,False,24.392,0,0,0,0,"{   ""decision"": ""possible_match_insufficient_evidence"",   ""patient_facing_answer"": ""Based on the information provided, it seems that you might be a potential candidate for the clinical trial, but there are some unresolved requirements and m"
case_trec2021_061,trec2021,possible_match_insufficient_evidence,NCT00005635,NCT02750826,mistralai/Mistral-7B-Instruct-v0.3,parse_fail,False,24.188,0,0,0,0,"{   ""decision"": ""possible_match_insufficient_evidence"",   ""patient_facing_answer"": ""Based on the information provided, you may be a potential candidate for the clinical trial. However, there are some unresolved requirements and missing fact"
case_trec2022_016,trec2022,possible_match_insufficient_evidence,,NCT04480190,mistralai/Mistral-7B-Instruct-v0.3,parse_fail,False,23.9,0,0,0,0,"{   ""decision"": ""possible_match_insufficient_evidence"",   ""patient_facing_answer"": ""Based on the information provided, it seems that you might be eligible for the clinical trial, but there are some missing and unresolved requirements that n"
case_trec2021_073,trec2021,possible_match_insufficient_evidence,NCT00966719,NCT02471573,mistralai/Mistral-7B-Instruct-v0.3,parse_fail,False,24.616,0,0,0,0,"{   ""decision"": ""possible_match_insufficient_evidence"",   ""patient_facing_answer"": ""Based on the provided information, it seems that you might be a potential candidate for the clinical trial. However, there are some missing facts and unreso"
case_trec2022_027,trec2022,possible_match_insufficient_evidence,,NCT01518192,mistralai/Mistral-7B-Instruct-v0.3,parse_fail,False,23.774,0,0,0,0,"{   ""decision"": ""possible_match_insufficient_evidence"",   ""patient_facing_answer"": ""Based on the information provided, it seems that you might be eligible for the clinical trial, but there are some unresolved requirements and missing facts "
case_trec2021_013,trec2021,possible_match_insufficient_evidence,NCT00005985,NCT02591901,mistralai/Mistral-7B-Instruct-v0.3,parse_fail,False,24.389,0,0,0,0,"{   ""decision"": ""possible_match_insufficient_evidence"",   ""patient_facing_answer"": ""Based on the information provided, you may be a potential candidate for the clinical trial. However, there are some factors that need further clarification."
case_trec2022_020,trec2022,possible_match_insufficient_evidence,,NCT03835351,mistralai/Mistral-7B-Instruct-v0.3,parse_fail,False,24.087,0,0,0,0,"{   ""decision"": ""possible_match_insufficient_evidence"",   ""patient_facing_answer"": ""Based on the information provided, it seems that you might be a potential candidate for the clinical trial. However, there are some missing facts and unreso"
case_paraphrase_032,paraphrase_trec2021,participation_request,,NCT01634113,mistralai/Mistral-7B-Instruct-v0.3,parse_fail,False,23.857,0,0,0,0,"{   ""decision"": ""possible_match_insufficient_evidence"",   ""patient_facing_answer"": ""Based on the information provided, it seems that you might be eligible for the clinical trial, but there are some uncertainties and missing facts that need "
case_paraphrase_027,paraphrase_trec2021,participation_request,,NCT03829631,mistralai/Mistral-7B-Instruct-v0.3,parse_fail,False,24.318,0,0,0,0,"{   ""decision"": ""possible_match_insufficient_evidence"",   ""patient_facing_answer"": ""Based on the information provided, it seems that your current condition might be relevant to the clinical trial you're considering, as it involves low back "
case_paraphrase_001,paraphrase_trec2021,explanation_request,,NCT00413855,mistralai/Mistral-7B-Instruct-v0.3,cannot_determine,True,18.933,350,2,0,0,"{   ""decision"": ""cannot_determine"",   ""patient_facing_answer"": ""Based on the provided information, it is currently unclear if this clinical trial is a match for your condition. The trial you are considering is focused on chronic or recurren"
case_trec2022_003,trec2022,possible_match_insufficient_evidence,,NCT00689182,mistralai/Mistral-7B-Instruct-v0.3,possible_match_insufficient_evidence,True,24.315,201,2,2,0,"{   ""decision"": ""possible_match_insufficient_evidence"",   ""patient_facing_answer"": ""Based on the information provided, it seems that you might be a potential candidate for the clinical trial. However, there are some unresolved requirements "
case_paraphrase_031,paraphrase_trec2021,explanation_request,,NCT04322422,mistralai/Mistral-7B-Instruct-v0.3,parse_fail,False,23.839,0,0,0,0,"{   ""decision"": ""cannot_determine"",   ""patient_facing_answer"": ""Based on the provided information, it is currently unclear if this clinical trial is a match for you. The trial is focused on asthma, specifically a subtype called chest tightn"
case_paraphrase_003,paraphrase_trec2021,risk_request,,NCT00413855,mistralai/Mistral-7B-Instruct-v0.3,parse_fail,False,23.613,0,0,0,0,"{   ""decision"": ""possible_match_insufficient_evidence"",   ""patient_facing_answer"": ""The clinical trial you are considering may be a possible match, but there are some unresolved requirements and missing facts that need to be considered."",  "
case_paraphrase_008,paraphrase_trec2021,risk_request,,NCT02855892,mistralai/Mistral-7B-Instruct-v0.3,parse_fail,False,24.43,0,0,0,0,"{   ""decision"": ""possible_match_insufficient_evidence"",   ""patient_facing_answer"": ""Based on the information provided, it seems that you might be eligible for the clinical trial, but there are some unresolved requirements and missing facts "
case_paraphrase_022,paraphrase_trec2021,participation_request,,NCT00921609,mistralai/Mistral-7B-Instruct-v0.3,parse_fail,False,24.354,0,0,0,0,"{   ""decision"": ""possible_match_insufficient_evidence"",   ""patient_facing_answer"": ""Based on the information provided, it seems that you might be a potential candidate for this clinical trial. However, there are some missing facts and unres"
case_trec2022_009,trec2022,possible_match_insufficient_evidence,,NCT04793035,mistralai/Mistral-7B-Instruct-v0.3,parse_fail,False,24.26,0,0,0,0,"{   ""decision"": ""possible_match_insufficient_evidence"",   ""patient_facing_answer"": ""Based on the information provided, it seems that you might be a potential candidate for the clinical trial. However, there are some unresolved requirements "
case_trec2021_031,trec2021,possible_match_insufficient_evidence,NCT00002536,NCT00443313,mistralai/Mistral-7B-Instruct-v0.3,parse_fail,False,24.439,0,0,0,0,"{   ""decision"": ""possible_match_insufficient_evidence"",   ""patient_facing_answer"": ""Based on the information provided, it seems that you might be eligible for the clinical trial, but there are some unresolved requirements and missing facts "
case_03,handcrafted,likely_mismatch_or_unlikely_match,,NCT00865358,mistralai/Mistral-7B-Instruct-v0.3,possible_match_insufficient_evidence,True,23.977,189,2,2,0,"{   ""decision"": ""possible_match_insufficient_evidence"",   ""patient_facing_answer"": ""Based on the information provided, it seems that this study might be a potential match for you. However, there are some unresolved requirements and missing "
case_trec2022_037,trec2022,possible_match_insufficient_evidence,,NCT01419535,mistralai/Mistral-7B-Instruct-v0.3,parse_fail,False,24.325,0,0,0,0,"{   ""decision"": ""possible_match_insufficient_evidence"",   ""patient_facing_answer"": ""Based on the information provided, it seems that you might be a potential candidate for the clinical trial. However, there are some missing facts and unreso"
case_trec2021_001,trec2021,possible_match_insufficient_evidence,NCT00002814,NCT01051557,mistralai/Mistral-7B-Instruct-v0.3,parse_fail,False,24.088,0,0,0,0,"{   ""decision"": ""possible_match_insufficient_evidence"",   ""patient_facing_answer"": ""Based on the information provided, it seems that you might be a potential candidate for the clinical trial. However, there are some unresolved requirements "
case_06,handcrafted,possible_match_insufficient_evidence,,NCT02984384,mistralai/Mistral-7B-Instruct-v0.3,parse_fail,False,23.524,0,0,0,0,"{   ""decision"": ""possible_match_insufficient_evidence"",   ""patient_facing_answer"": ""Based on the information provided, it seems that you might be eligible for this study, but there are some uncertainties regarding your current medication (b"
case_trec2021_015,trec2021,possible_match_insufficient_evidence,NCT00003049,NCT03358576,mistralai/Mistral-7B-Instruct-v0.3,parse_fail,False,24.616,0,0,0,0,"{   ""decision"": ""possible_match_insufficient_evidence"",   ""patient_facing_answer"": ""Based on the information provided, it seems that you might be a potential candidate for the clinical trial. However, there are some missing facts and unreso"
case_paraphrase_028,paraphrase_trec2021,risk_request,,NCT03829631,mistralai/Mistral-7B-Instruct-v0.3,parse_fail,False,24.317,0,0,0,0,"{   ""decision"": ""possible_match_insufficient_evidence"",   ""patient_facing_answer"": ""The clinical trial you are considering may be a possible match for you, but there are some unresolved requirements and missing facts that need to be conside"
case_paraphrase_024,paraphrase_trec2021,cannot_determine,,NCT02629549,mistralai/Mistral-7B-Instruct-v0.3,parse_fail,False,23.896,0,0,0,0,"{   ""decision"": ""possible_match_insufficient_evidence"",   ""patient_facing_answer"": ""Based on the information provided, it seems that you might be a potential candidate for the clinical trial. However, there are some missing facts and unreso"
case_trec2021_070,trec2021,possible_match_insufficient_evidence,NCT00042562,NCT00922233,mistralai/Mistral-7B-Instruct-v0.3,parse_fail,False,23.912,0,0,0,0,"{   ""decision"": ""possible_match_insufficient_evidence"",   ""patient_facing_answer"": ""Based on the information provided, it seems that you might be a potential candidate for the clinical trial. However, there are some factors that need furthe"
case_paraphrase_004,paraphrase_trec2021,cannot_determine,,NCT03902262,mistralai/Mistral-7B-Instruct-v0.3,parse_fail,False,24.08,0,0,0,0,"{   ""decision"": ""possible_match_insufficient_evidence"",   ""patient_facing_answer"": ""Based on the information provided, it seems that you have some symptoms similar to those of the patients in the clinical trial you mentioned. However, there"
case_paraphrase_021,paraphrase_trec2021,explanation_request,,NCT00921609,mistralai/Mistral-7B-Instruct-v0.3,parse_fail,False,24.353,0,0,0,0,"{   ""decision"": ""possible_match_insufficient_evidence"",   ""patient_facing_answer"": ""The clinical trial you are considering seems to be focused on managing acromegaly, a condition characterized by excessive growth hormone secretion. Your sym"
case_trec2021_026,trec2021,possible_match_insufficient_evidence,NCT00370344,NCT04030741,mistralai/Mistral-7B-Instruct-v0.3,parse_fail,False,24.188,0,0,0,0,"{   ""decision"": ""possible_match_insufficient_evidence"",   ""patient_facing_answer"": ""Based on the information provided, it seems that you might be a potential candidate for the clinical trial. However, there are some unresolved requirements "
case_trec2022_033,trec2022,possible_match_insufficient_evidence,,NCT03985540,mistralai/Mistral-7B-Instruct-v0.3,parse_fail,False,23.471,0,0,0,0,"{   ""decision"": ""possible_match_insufficient_evidence"",   ""patient_facing_answer"": ""Based on the information provided, it seems that you might be a potential candidate for the clinical trial. However, there are some unresolved requirements "
